event_id,asset,weeks_before,control_release_utc,status,reason
FOMC_2023_02_01,EURUSD,1,2023-01-25 19:00:00+00:00,selected,
FOMC_2023_02_01,EURUSD,2,2023-01-18 19:00:00+00:00,selected,
FOMC_2023_02_01,EURUSD,3,2023-01-11 19:00:00+00:00,selected,
FOMC_2023_02_01,EURUSD,4,2023-01-04 19:00:00+00:00,selected,
FOMC_2023_02_01,EURUSD,5,2022-12-28 19:00:00+00:00,rejected,missing exact quote boundary
FOMC_2023_02_01,EURUSD,6,2022-12-21 19:00:00+00:00,rejected,missing exact quote boundary
FOMC_2023_02_01,EURUSD,7,2022-12-14 19:00:00+00:00,rejected,missing exact quote boundary
FOMC_2023_02_01,EURUSD,8,2022-12-07 19:00:00+00:00,rejected,missing exact quote boundary
FOMC_2023_02_01,EURUSD,9,2022-11-30 19:00:00+00:00,rejected,missing exact quote boundary
FOMC_2023_02_01,EURUSD,10,2022-11-23 19:00:00+00:00,rejected,missing exact quote boundary
FOMC_2023_02_01,EURUSD,11,2022-11-16 19:00:00+00:00,rejected,missing exact quote boundary
FOMC_2023_02_01,EURUSD,12,2022-11-09 19:00:00+00:00,rejected,missing exact quote boundary
FOMC_2023_02_01,GBPUSD,1,2023-01-25 19:00:00+00:00,selected,
FOMC_2023_02_01,GBPUSD,2,2023-01-18 19:00:00+00:00,selected,
FOMC_2023_02_01,GBPUSD,3,2023-01-11 19:00:00+00:00,selected,
FOMC_2023_02_01,GBPUSD,4,2023-01-04 19:00:00+00:00,selected,
FOMC_2023_02_01,GBPUSD,5,2022-12-28 19:00:00+00:00,rejected,missing exact quote boundary
FOMC_2023_02_01,GBPUSD,6,2022-12-21 19:00:00+00:00,rejected,missing exact quote boundary
FOMC_2023_02_01,GBPUSD,7,2022-12-14 19:00:00+00:00,rejected,missing exact quote boundary
FOMC_2023_02_01,GBPUSD,8,2022-12-07 19:00:00+00:00,rejected,missing exact quote boundary
FOMC_2023_02_01,GBPUSD,9,2022-11-30 19:00:00+00:00,rejected,missing exact quote boundary
FOMC_2023_02_01,GBPUSD,10,2022-11-23 19:00:00+00:00,rejected,missing exact quote boundary
FOMC_2023_02_01,GBPUSD,11,2022-11-16 19:00:00+00:00,rejected,missing exact quote boundary
FOMC_2023_02_01,GBPUSD,12,2022-11-09 19:00:00+00:00,rejected,missing exact quote boundary
FOMC_2023_02_01,AUDUSD,1,2023-01-25 19:00:00+00:00,selected,
FOMC_2023_02_01,AUDUSD,2,2023-01-18 19:00:00+00:00,selected,
FOMC_2023_02_01,AUDUSD,3,2023-01-11 19:00:00+00:00,selected,
FOMC_2023_02_01,AUDUSD,4,2023-01-04 19:00:00+00:00,selected,
FOMC_2023_02_01,AUDUSD,5,2022-12-28 19:00:00+00:00,rejected,missing exact quote boundary
FOMC_2023_02_01,AUDUSD,6,2022-12-21 19:00:00+00:00,rejected,missing exact quote boundary
FOMC_2023_02_01,AUDUSD,7,2022-12-14 19:00:00+00:00,rejected,missing exact quote boundary
FOMC_2023_02_01,AUDUSD,8,2022-12-07 19:00:00+00:00,rejected,missing exact quote boundary
FOMC_2023_02_01,AUDUSD,9,2022-11-30 19:00:00+00:00,rejected,missing exact quote boundary
FOMC_2023_02_01,AUDUSD,10,2022-11-23 19:00:00+00:00,rejected,missing exact quote boundary
FOMC_2023_02_01,AUDUSD,11,2022-11-16 19:00:00+00:00,rejected,missing exact quote boundary
FOMC_2023_02_01,AUDUSD,12,2022-11-09 19:00:00+00:00,rejected,missing exact quote boundary
FOMC_2023_02_01,NZDUSD,1,2023-01-25 19:00:00+00:00,selected,
FOMC_2023_02_01,NZDUSD,2,2023-01-18 19:00:00+00:00,selected,
FOMC_2023_02_01,NZDUSD,3,2023-01-11 19:00:00+00:00,selected,
FOMC_2023_02_01,NZDUSD,4,2023-01-04 19:00:00+00:00,selected,
FOMC_2023_02_01,NZDUSD,5,2022-12-28 19:00:00+00:00,rejected,missing exact quote boundary
FOMC_2023_02_01,NZDUSD,6,2022-12-21 19:00:00+00:00,rejected,missing exact quote boundary
FOMC_2023_02_01,NZDUSD,7,2022-12-14 19:00:00+00:00,rejected,missing exact quote boundary
FOMC_2023_02_01,NZDUSD,8,2022-12-07 19:00:00+00:00,rejected,missing exact quote boundary
FOMC_2023_02_01,NZDUSD,9,2022-11-30 19:00:00+00:00,rejected,missing exact quote boundary
FOMC_2023_02_01,NZDUSD,10,2022-11-23 19:00:00+00:00,rejected,missing exact quote boundary
FOMC_2023_02_01,NZDUSD,11,2022-11-16 19:00:00+00:00,rejected,missing exact quote boundary
FOMC_2023_02_01,NZDUSD,12,2022-11-09 19:00:00+00:00,rejected,missing exact quote boundary
FOMC_2023_02_01,USDJPY,1,2023-01-25 19:00:00+00:00,selected,
FOMC_2023_02_01,USDJPY,2,2023-01-18 19:00:00+00:00,selected,
FOMC_2023_02_01,USDJPY,3,2023-01-11 19:00:00+00:00,selected,
FOMC_2023_02_01,USDJPY,4,2023-01-04 19:00:00+00:00,selected,
FOMC_2023_02_01,USDJPY,5,2022-12-28 19:00:00+00:00,rejected,missing exact quote boundary
FOMC_2023_02_01,USDJPY,6,2022-12-21 19:00:00+00:00,rejected,missing exact quote boundary
FOMC_2023_02_01,USDJPY,7,2022-12-14 19:00:00+00:00,rejected,missing exact quote boundary
FOMC_2023_02_01,USDJPY,8,2022-12-07 19:00:00+00:00,rejected,missing exact quote boundary
FOMC_2023_02_01,USDJPY,9,2022-11-30 19:00:00+00:00,rejected,missing exact quote boundary
FOMC_2023_02_01,USDJPY,10,2022-11-23 19:00:00+00:00,rejected,missing exact quote boundary
FOMC_2023_02_01,USDJPY,11,2022-11-16 19:00:00+00:00,rejected,missing exact quote boundary
FOMC_2023_02_01,USDJPY,12,2022-11-09 19:00:00+00:00,rejected,missing exact quote boundary
FOMC_2023_02_01,USDCHF,1,2023-01-25 19:00:00+00:00,selected,
FOMC_2023_02_01,USDCHF,2,2023-01-18 19:00:00+00:00,selected,
FOMC_2023_02_01,USDCHF,3,2023-01-11 19:00:00+00:00,selected,
FOMC_2023_02_01,USDCHF,4,2023-01-04 19:00:00+00:00,selected,
FOMC_2023_02_01,USDCHF,5,2022-12-28 19:00:00+00:00,rejected,missing exact quote boundary
FOMC_2023_02_01,USDCHF,6,2022-12-21 19:00:00+00:00,rejected,missing exact quote boundary
FOMC_2023_02_01,USDCHF,7,2022-12-14 19:00:00+00:00,rejected,missing exact quote boundary
FOMC_2023_02_01,USDCHF,8,2022-12-07 19:00:00+00:00,rejected,missing exact quote boundary
FOMC_2023_02_01,USDCHF,9,2022-11-30 19:00:00+00:00,rejected,missing exact quote boundary
FOMC_2023_02_01,USDCHF,10,2022-11-23 19:00:00+00:00,rejected,missing exact quote boundary
FOMC_2023_02_01,USDCHF,11,2022-11-16 19:00:00+00:00,rejected,missing exact quote boundary
FOMC_2023_02_01,USDCHF,12,2022-11-09 19:00:00+00:00,rejected,missing exact quote boundary
FOMC_2023_02_01,USDCAD,1,2023-01-25 19:00:00+00:00,selected,
FOMC_2023_02_01,USDCAD,2,2023-01-18 19:00:00+00:00,selected,
FOMC_2023_02_01,USDCAD,3,2023-01-11 19:00:00+00:00,selected,
FOMC_2023_02_01,USDCAD,4,2023-01-04 19:00:00+00:00,selected,
FOMC_2023_02_01,USDCAD,5,2022-12-28 19:00:00+00:00,rejected,missing exact quote boundary
FOMC_2023_02_01,USDCAD,6,2022-12-21 19:00:00+00:00,rejected,missing exact quote boundary
FOMC_2023_02_01,USDCAD,7,2022-12-14 19:00:00+00:00,rejected,missing exact quote boundary
FOMC_2023_02_01,USDCAD,8,2022-12-07 19:00:00+00:00,rejected,missing exact quote boundary
FOMC_2023_02_01,USDCAD,9,2022-11-30 19:00:00+00:00,rejected,missing exact quote boundary
FOMC_2023_02_01,USDCAD,10,2022-11-23 19:00:00+00:00,rejected,missing exact quote boundary
FOMC_2023_02_01,USDCAD,11,2022-11-16 19:00:00+00:00,rejected,missing exact quote boundary
FOMC_2023_02_01,USDCAD,12,2022-11-09 19:00:00+00:00,rejected,missing exact quote boundary
FOMC_2023_02_01,EURJPY,1,2023-01-25 19:00:00+00:00,selected,
FOMC_2023_02_01,EURJPY,2,2023-01-18 19:00:00+00:00,selected,
FOMC_2023_02_01,EURJPY,3,2023-01-11 19:00:00+00:00,selected,
FOMC_2023_02_01,EURJPY,4,2023-01-04 19:00:00+00:00,selected,
FOMC_2023_02_01,EURJPY,5,2022-12-28 19:00:00+00:00,rejected,missing exact quote boundary
FOMC_2023_02_01,EURJPY,6,2022-12-21 19:00:00+00:00,rejected,missing exact quote boundary
FOMC_2023_02_01,EURJPY,7,2022-12-14 19:00:00+00:00,rejected,missing exact quote boundary
FOMC_2023_02_01,EURJPY,8,2022-12-07 19:00:00+00:00,rejected,missing exact quote boundary
FOMC_2023_02_01,EURJPY,9,2022-11-30 19:00:00+00:00,rejected,missing exact quote boundary
FOMC_2023_02_01,EURJPY,10,2022-11-23 19:00:00+00:00,rejected,missing exact quote boundary
FOMC_2023_02_01,EURJPY,11,2022-11-16 19:00:00+00:00,rejected,missing exact quote boundary
FOMC_2023_02_01,EURJPY,12,2022-11-09 19:00:00+00:00,rejected,missing exact quote boundary
FOMC_2023_02_01,XAUUSD,1,2023-01-25 19:00:00+00:00,selected,
FOMC_2023_02_01,XAUUSD,2,2023-01-18 19:00:00+00:00,selected,
FOMC_2023_02_01,XAUUSD,3,2023-01-11 19:00:00+00:00,selected,
FOMC_2023_02_01,XAUUSD,4,2023-01-04 19:00:00+00:00,selected,
FOMC_2023_02_01,XAUUSD,5,2022-12-28 19:00:00+00:00,rejected,missing exact quote boundary
FOMC_2023_02_01,XAUUSD,6,2022-12-21 19:00:00+00:00,rejected,missing exact quote boundary
FOMC_2023_02_01,XAUUSD,7,2022-12-14 19:00:00+00:00,rejected,missing exact quote boundary
FOMC_2023_02_01,XAUUSD,8,2022-12-07 19:00:00+00:00,rejected,missing exact quote boundary
FOMC_2023_02_01,XAUUSD,9,2022-11-30 19:00:00+00:00,rejected,missing exact quote boundary
FOMC_2023_02_01,XAUUSD,10,2022-11-23 19:00:00+00:00,rejected,missing exact quote boundary
FOMC_2023_02_01,XAUUSD,11,2022-11-16 19:00:00+00:00,rejected,missing exact quote boundary
FOMC_2023_02_01,XAUUSD,12,2022-11-09 19:00:00+00:00,rejected,missing exact quote boundary
FOMC_2023_02_01,XAGUSD,1,2023-01-25 19:00:00+00:00,selected,
FOMC_2023_02_01,XAGUSD,2,2023-01-18 19:00:00+00:00,selected,
FOMC_2023_02_01,XAGUSD,3,2023-01-11 19:00:00+00:00,selected,
FOMC_2023_02_01,XAGUSD,4,2023-01-04 19:00:00+00:00,selected,
FOMC_2023_02_01,XAGUSD,5,2022-12-28 19:00:00+00:00,rejected,missing exact quote boundary
FOMC_2023_02_01,XAGUSD,6,2022-12-21 19:00:00+00:00,rejected,missing exact quote boundary
FOMC_2023_02_01,XAGUSD,7,2022-12-14 19:00:00+00:00,rejected,missing exact quote boundary
FOMC_2023_02_01,XAGUSD,8,2022-12-07 19:00:00+00:00,rejected,missing exact quote boundary
FOMC_2023_02_01,XAGUSD,9,2022-11-30 19:00:00+00:00,rejected,missing exact quote boundary
FOMC_2023_02_01,XAGUSD,10,2022-11-23 19:00:00+00:00,rejected,missing exact quote boundary
FOMC_2023_02_01,XAGUSD,11,2022-11-16 19:00:00+00:00,rejected,missing exact quote boundary
FOMC_2023_02_01,XAGUSD,12,2022-11-09 19:00:00+00:00,rejected,missing exact quote boundary
FOMC_2023_02_01,SPXUSD,1,2023-01-25 19:00:00+00:00,selected,
FOMC_2023_02_01,SPXUSD,2,2023-01-18 19:00:00+00:00,selected,
FOMC_2023_02_01,SPXUSD,3,2023-01-11 19:00:00+00:00,selected,
FOMC_2023_02_01,SPXUSD,4,2023-01-04 19:00:00+00:00,selected,
FOMC_2023_02_01,SPXUSD,5,2022-12-28 19:00:00+00:00,rejected,missing exact quote boundary
FOMC_2023_02_01,SPXUSD,6,2022-12-21 19:00:00+00:00,rejected,missing exact quote boundary
FOMC_2023_02_01,SPXUSD,7,2022-12-14 19:00:00+00:00,rejected,missing exact quote boundary
FOMC_2023_02_01,SPXUSD,8,2022-12-07 19:00:00+00:00,rejected,missing exact quote boundary
FOMC_2023_02_01,SPXUSD,9,2022-11-30 19:00:00+00:00,rejected,missing exact quote boundary
FOMC_2023_02_01,SPXUSD,10,2022-11-23 19:00:00+00:00,rejected,missing exact quote boundary
FOMC_2023_02_01,SPXUSD,11,2022-11-16 19:00:00+00:00,rejected,missing exact quote boundary
FOMC_2023_02_01,SPXUSD,12,2022-11-09 19:00:00+00:00,rejected,missing exact quote boundary
FOMC_2023_02_01,NSXUSD,1,2023-01-25 19:00:00+00:00,selected,
FOMC_2023_02_01,NSXUSD,2,2023-01-18 19:00:00+00:00,selected,
FOMC_2023_02_01,NSXUSD,3,2023-01-11 19:00:00+00:00,selected,
FOMC_2023_02_01,NSXUSD,4,2023-01-04 19:00:00+00:00,selected,
FOMC_2023_02_01,NSXUSD,5,2022-12-28 19:00:00+00:00,rejected,missing exact quote boundary
FOMC_2023_02_01,NSXUSD,6,2022-12-21 19:00:00+00:00,rejected,missing exact quote boundary
FOMC_2023_02_01,NSXUSD,7,2022-12-14 19:00:00+00:00,rejected,missing exact quote boundary
FOMC_2023_02_01,NSXUSD,8,2022-12-07 19:00:00+00:00,rejected,missing exact quote boundary
FOMC_2023_02_01,NSXUSD,9,2022-11-30 19:00:00+00:00,rejected,missing exact quote boundary
FOMC_2023_02_01,NSXUSD,10,2022-11-23 19:00:00+00:00,rejected,missing exact quote boundary
FOMC_2023_02_01,NSXUSD,11,2022-11-16 19:00:00+00:00,rejected,missing exact quote boundary
FOMC_2023_02_01,NSXUSD,12,2022-11-09 19:00:00+00:00,rejected,missing exact quote boundary
FOMC_2023_03_22,EURUSD,1,2023-03-15 18:00:00+00:00,rejected,missing/nonpositive observed quote
FOMC_2023_03_22,EURUSD,2,2023-03-08 19:00:00+00:00,rejected,missing/nonpositive observed quote
FOMC_2023_03_22,EURUSD,3,2023-03-01 19:00:00+00:00,rejected,missing/nonpositive observed quote
FOMC_2023_03_22,EURUSD,4,2023-02-22 19:00:00+00:00,rejected,missing/nonpositive observed quote
FOMC_2023_03_22,EURUSD,5,2023-02-15 19:00:00+00:00,selected,
FOMC_2023_03_22,EURUSD,6,2023-02-08 19:00:00+00:00,selected,
FOMC_2023_03_22,EURUSD,7,2023-02-01 19:00:00+00:00,rejected,FOMC date
FOMC_2023_03_22,EURUSD,8,2023-01-25 19:00:00+00:00,selected,
FOMC_2023_03_22,EURUSD,9,2023-01-18 19:00:00+00:00,selected,
FOMC_2023_03_22,EURUSD,10,2023-01-11 19:00:00+00:00,valid_not_selected,
FOMC_2023_03_22,EURUSD,11,2023-01-04 19:00:00+00:00,valid_not_selected,
FOMC_2023_03_22,EURUSD,12,2022-12-28 19:00:00+00:00,rejected,missing exact quote boundary
FOMC_2023_03_22,EURUSD,0,2023-03-22 18:00:00+00:00,event_rejected,missing/nonpositive observed quote
FOMC_2023_03_22,GBPUSD,1,2023-03-15 18:00:00+00:00,rejected,missing/nonpositive observed quote
FOMC_2023_03_22,GBPUSD,2,2023-03-08 19:00:00+00:00,rejected,missing/nonpositive observed quote
FOMC_2023_03_22,GBPUSD,3,2023-03-01 19:00:00+00:00,rejected,missing/nonpositive observed quote
FOMC_2023_03_22,GBPUSD,4,2023-02-22 19:00:00+00:00,rejected,missing/nonpositive observed quote
FOMC_2023_03_22,GBPUSD,5,2023-02-15 19:00:00+00:00,selected,
FOMC_2023_03_22,GBPUSD,6,2023-02-08 19:00:00+00:00,selected,
FOMC_2023_03_22,GBPUSD,7,2023-02-01 19:00:00+00:00,rejected,FOMC date
FOMC_2023_03_22,GBPUSD,8,2023-01-25 19:00:00+00:00,selected,
FOMC_2023_03_22,GBPUSD,9,2023-01-18 19:00:00+00:00,selected,
FOMC_2023_03_22,GBPUSD,10,2023-01-11 19:00:00+00:00,valid_not_selected,
FOMC_2023_03_22,GBPUSD,11,2023-01-04 19:00:00+00:00,valid_not_selected,
FOMC_2023_03_22,GBPUSD,12,2022-12-28 19:00:00+00:00,rejected,missing exact quote boundary
FOMC_2023_03_22,GBPUSD,0,2023-03-22 18:00:00+00:00,event_rejected,missing/nonpositive observed quote
FOMC_2023_03_22,AUDUSD,1,2023-03-15 18:00:00+00:00,rejected,missing/nonpositive observed quote
FOMC_2023_03_22,AUDUSD,2,2023-03-08 19:00:00+00:00,rejected,missing/nonpositive observed quote
FOMC_2023_03_22,AUDUSD,3,2023-03-01 19:00:00+00:00,rejected,missing/nonpositive observed quote
FOMC_2023_03_22,AUDUSD,4,2023-02-22 19:00:00+00:00,rejected,missing/nonpositive observed quote
FOMC_2023_03_22,AUDUSD,5,2023-02-15 19:00:00+00:00,selected,
FOMC_2023_03_22,AUDUSD,6,2023-02-08 19:00:00+00:00,selected,
FOMC_2023_03_22,AUDUSD,7,2023-02-01 19:00:00+00:00,rejected,FOMC date
FOMC_2023_03_22,AUDUSD,8,2023-01-25 19:00:00+00:00,selected,
FOMC_2023_03_22,AUDUSD,9,2023-01-18 19:00:00+00:00,selected,
FOMC_2023_03_22,AUDUSD,10,2023-01-11 19:00:00+00:00,valid_not_selected,
FOMC_2023_03_22,AUDUSD,11,2023-01-04 19:00:00+00:00,valid_not_selected,
FOMC_2023_03_22,AUDUSD,12,2022-12-28 19:00:00+00:00,rejected,missing exact quote boundary
FOMC_2023_03_22,AUDUSD,0,2023-03-22 18:00:00+00:00,event_rejected,missing/nonpositive observed quote
FOMC_2023_03_22,NZDUSD,1,2023-03-15 18:00:00+00:00,rejected,missing/nonpositive observed quote
FOMC_2023_03_22,NZDUSD,2,2023-03-08 19:00:00+00:00,rejected,missing/nonpositive observed quote
FOMC_2023_03_22,NZDUSD,3,2023-03-01 19:00:00+00:00,rejected,missing/nonpositive observed quote
FOMC_2023_03_22,NZDUSD,4,2023-02-22 19:00:00+00:00,rejected,missing/nonpositive observed quote
FOMC_2023_03_22,NZDUSD,5,2023-02-15 19:00:00+00:00,selected,
FOMC_2023_03_22,NZDUSD,6,2023-02-08 19:00:00+00:00,selected,
FOMC_2023_03_22,NZDUSD,7,2023-02-01 19:00:00+00:00,rejected,FOMC date
FOMC_2023_03_22,NZDUSD,8,2023-01-25 19:00:00+00:00,selected,
FOMC_2023_03_22,NZDUSD,9,2023-01-18 19:00:00+00:00,selected,
FOMC_2023_03_22,NZDUSD,10,2023-01-11 19:00:00+00:00,valid_not_selected,
FOMC_2023_03_22,NZDUSD,11,2023-01-04 19:00:00+00:00,valid_not_selected,
FOMC_2023_03_22,NZDUSD,12,2022-12-28 19:00:00+00:00,rejected,missing exact quote boundary
FOMC_2023_03_22,NZDUSD,0,2023-03-22 18:00:00+00:00,event_rejected,missing/nonpositive observed quote
FOMC_2023_03_22,USDJPY,1,2023-03-15 18:00:00+00:00,rejected,missing/nonpositive observed quote
FOMC_2023_03_22,USDJPY,2,2023-03-08 19:00:00+00:00,rejected,missing/nonpositive observed quote
FOMC_2023_03_22,USDJPY,3,2023-03-01 19:00:00+00:00,rejected,missing/nonpositive observed quote
FOMC_2023_03_22,USDJPY,4,2023-02-22 19:00:00+00:00,rejected,missing/nonpositive observed quote
FOMC_2023_03_22,USDJPY,5,2023-02-15 19:00:00+00:00,selected,
FOMC_2023_03_22,USDJPY,6,2023-02-08 19:00:00+00:00,selected,
FOMC_2023_03_22,USDJPY,7,2023-02-01 19:00:00+00:00,rejected,FOMC date
FOMC_2023_03_22,USDJPY,8,2023-01-25 19:00:00+00:00,selected,
FOMC_2023_03_22,USDJPY,9,2023-01-18 19:00:00+00:00,selected,
FOMC_2023_03_22,USDJPY,10,2023-01-11 19:00:00+00:00,valid_not_selected,
FOMC_2023_03_22,USDJPY,11,2023-01-04 19:00:00+00:00,valid_not_selected,
FOMC_2023_03_22,USDJPY,12,2022-12-28 19:00:00+00:00,rejected,missing exact quote boundary
FOMC_2023_03_22,USDJPY,0,2023-03-22 18:00:00+00:00,event_rejected,missing/nonpositive observed quote
FOMC_2023_03_22,USDCHF,1,2023-03-15 18:00:00+00:00,rejected,missing/nonpositive observed quote
FOMC_2023_03_22,USDCHF,2,2023-03-08 19:00:00+00:00,rejected,missing/nonpositive observed quote
FOMC_2023_03_22,USDCHF,3,2023-03-01 19:00:00+00:00,rejected,missing/nonpositive observed quote
FOMC_2023_03_22,USDCHF,4,2023-02-22 19:00:00+00:00,rejected,missing/nonpositive observed quote
FOMC_2023_03_22,USDCHF,5,2023-02-15 19:00:00+00:00,selected,
FOMC_2023_03_22,USDCHF,6,2023-02-08 19:00:00+00:00,selected,
FOMC_2023_03_22,USDCHF,7,2023-02-01 19:00:00+00:00,rejected,FOMC date
FOMC_2023_03_22,USDCHF,8,2023-01-25 19:00:00+00:00,selected,
FOMC_2023_03_22,USDCHF,9,2023-01-18 19:00:00+00:00,selected,
FOMC_2023_03_22,USDCHF,10,2023-01-11 19:00:00+00:00,valid_not_selected,
FOMC_2023_03_22,USDCHF,11,2023-01-04 19:00:00+00:00,valid_not_selected,
FOMC_2023_03_22,USDCHF,12,2022-12-28 19:00:00+00:00,rejected,missing exact quote boundary
FOMC_2023_03_22,USDCHF,0,2023-03-22 18:00:00+00:00,event_rejected,missing/nonpositive observed quote
FOMC_2023_03_22,USDCAD,1,2023-03-15 18:00:00+00:00,rejected,missing/nonpositive observed quote
FOMC_2023_03_22,USDCAD,2,2023-03-08 19:00:00+00:00,rejected,missing/nonpositive observed quote
FOMC_2023_03_22,USDCAD,3,2023-03-01 19:00:00+00:00,rejected,missing/nonpositive observed quote
FOMC_2023_03_22,USDCAD,4,2023-02-22 19:00:00+00:00,rejected,missing/nonpositive observed quote
FOMC_2023_03_22,USDCAD,5,2023-02-15 19:00:00+00:00,selected,
FOMC_2023_03_22,USDCAD,6,2023-02-08 19:00:00+00:00,selected,
FOMC_2023_03_22,USDCAD,7,2023-02-01 19:00:00+00:00,rejected,FOMC date
FOMC_2023_03_22,USDCAD,8,2023-01-25 19:00:00+00:00,selected,
FOMC_2023_03_22,USDCAD,9,2023-01-18 19:00:00+00:00,selected,
FOMC_2023_03_22,USDCAD,10,2023-01-11 19:00:00+00:00,valid_not_selected,
FOMC_2023_03_22,USDCAD,11,2023-01-04 19:00:00+00:00,valid_not_selected,
FOMC_2023_03_22,USDCAD,12,2022-12-28 19:00:00+00:00,rejected,missing exact quote boundary
FOMC_2023_03_22,USDCAD,0,2023-03-22 18:00:00+00:00,event_rejected,missing/nonpositive observed quote
FOMC_2023_03_22,EURJPY,1,2023-03-15 18:00:00+00:00,rejected,missing/nonpositive observed quote
FOMC_2023_03_22,EURJPY,2,2023-03-08 19:00:00+00:00,rejected,missing/nonpositive observed quote
FOMC_2023_03_22,EURJPY,3,2023-03-01 19:00:00+00:00,rejected,missing/nonpositive observed quote
FOMC_2023_03_22,EURJPY,4,2023-02-22 19:00:00+00:00,rejected,missing/nonpositive observed quote
FOMC_2023_03_22,EURJPY,5,2023-02-15 19:00:00+00:00,selected,
FOMC_2023_03_22,EURJPY,6,2023-02-08 19:00:00+00:00,selected,
FOMC_2023_03_22,EURJPY,7,2023-02-01 19:00:00+00:00,rejected,FOMC date
FOMC_2023_03_22,EURJPY,8,2023-01-25 19:00:00+00:00,selected,
FOMC_2023_03_22,EURJPY,9,2023-01-18 19:00:00+00:00,selected,
FOMC_2023_03_22,EURJPY,10,2023-01-11 19:00:00+00:00,valid_not_selected,
FOMC_2023_03_22,EURJPY,11,2023-01-04 19:00:00+00:00,valid_not_selected,
FOMC_2023_03_22,EURJPY,12,2022-12-28 19:00:00+00:00,rejected,missing exact quote boundary
FOMC_2023_03_22,EURJPY,0,2023-03-22 18:00:00+00:00,event_rejected,missing/nonpositive observed quote
FOMC_2023_03_22,XAUUSD,1,2023-03-15 18:00:00+00:00,rejected,missing/nonpositive observed quote
FOMC_2023_03_22,XAUUSD,2,2023-03-08 19:00:00+00:00,selected,
FOMC_2023_03_22,XAUUSD,3,2023-03-01 19:00:00+00:00,rejected,missing/nonpositive observed quote
FOMC_2023_03_22,XAUUSD,4,2023-02-22 19:00:00+00:00,rejected,missing/nonpositive observed quote
FOMC_2023_03_22,XAUUSD,5,2023-02-15 19:00:00+00:00,selected,
FOMC_2023_03_22,XAUUSD,6,2023-02-08 19:00:00+00:00,selected,
FOMC_2023_03_22,XAUUSD,7,2023-02-01 19:00:00+00:00,rejected,FOMC date
FOMC_2023_03_22,XAUUSD,8,2023-01-25 19:00:00+00:00,selected,
FOMC_2023_03_22,XAUUSD,9,2023-01-18 19:00:00+00:00,valid_not_selected,
FOMC_2023_03_22,XAUUSD,10,2023-01-11 19:00:00+00:00,valid_not_selected,
FOMC_2023_03_22,XAUUSD,11,2023-01-04 19:00:00+00:00,valid_not_selected,
FOMC_2023_03_22,XAUUSD,12,2022-12-28 19:00:00+00:00,rejected,missing exact quote boundary
FOMC_2023_03_22,XAUUSD,0,2023-03-22 18:00:00+00:00,event_rejected,missing/nonpositive observed quote
FOMC_2023_03_22,XAGUSD,1,2023-03-15 18:00:00+00:00,rejected,missing/nonpositive observed quote
FOMC_2023_03_22,XAGUSD,2,2023-03-08 19:00:00+00:00,rejected,missing/nonpositive observed quote
FOMC_2023_03_22,XAGUSD,3,2023-03-01 19:00:00+00:00,rejected,missing/nonpositive observed quote
FOMC_2023_03_22,XAGUSD,4,2023-02-22 19:00:00+00:00,rejected,missing/nonpositive observed quote
FOMC_2023_03_22,XAGUSD,5,2023-02-15 19:00:00+00:00,selected,
FOMC_2023_03_22,XAGUSD,6,2023-02-08 19:00:00+00:00,selected,
FOMC_2023_03_22,XAGUSD,7,2023-02-01 19:00:00+00:00,rejected,FOMC date
FOMC_2023_03_22,XAGUSD,8,2023-01-25 19:00:00+00:00,selected,
FOMC_2023_03_22,XAGUSD,9,2023-01-18 19:00:00+00:00,selected,
FOMC_2023_03_22,XAGUSD,10,2023-01-11 19:00:00+00:00,valid_not_selected,
FOMC_2023_03_22,XAGUSD,11,2023-01-04 19:00:00+00:00,valid_not_selected,
FOMC_2023_03_22,XAGUSD,12,2022-12-28 19:00:00+00:00,rejected,missing exact quote boundary
FOMC_2023_03_22,XAGUSD,0,2023-03-22 18:00:00+00:00,event_rejected,missing/nonpositive observed quote
FOMC_2023_03_22,SPXUSD,1,2023-03-15 18:00:00+00:00,rejected,missing/nonpositive observed quote
FOMC_2023_03_22,SPXUSD,2,2023-03-08 19:00:00+00:00,rejected,missing/nonpositive observed quote
FOMC_2023_03_22,SPXUSD,3,2023-03-01 19:00:00+00:00,rejected,missing/nonpositive observed quote
FOMC_2023_03_22,SPXUSD,4,2023-02-22 19:00:00+00:00,rejected,missing/nonpositive observed quote
FOMC_2023_03_22,SPXUSD,5,2023-02-15 19:00:00+00:00,selected,
FOMC_2023_03_22,SPXUSD,6,2023-02-08 19:00:00+00:00,selected,
FOMC_2023_03_22,SPXUSD,7,2023-02-01 19:00:00+00:00,rejected,FOMC date
FOMC_2023_03_22,SPXUSD,8,2023-01-25 19:00:00+00:00,selected,
FOMC_2023_03_22,SPXUSD,9,2023-01-18 19:00:00+00:00,selected,
FOMC_2023_03_22,SPXUSD,10,2023-01-11 19:00:00+00:00,valid_not_selected,
FOMC_2023_03_22,SPXUSD,11,2023-01-04 19:00:00+00:00,valid_not_selected,
FOMC_2023_03_22,SPXUSD,12,2022-12-28 19:00:00+00:00,rejected,missing exact quote boundary
FOMC_2023_03_22,SPXUSD,0,2023-03-22 18:00:00+00:00,event_rejected,missing/nonpositive observed quote
FOMC_2023_03_22,NSXUSD,1,2023-03-15 18:00:00+00:00,rejected,missing/nonpositive observed quote
FOMC_2023_03_22,NSXUSD,2,2023-03-08 19:00:00+00:00,rejected,missing/nonpositive observed quote
FOMC_2023_03_22,NSXUSD,3,2023-03-01 19:00:00+00:00,rejected,missing/nonpositive observed quote
FOMC_2023_03_22,NSXUSD,4,2023-02-22 19:00:00+00:00,rejected,missing/nonpositive observed quote
FOMC_2023_03_22,NSXUSD,5,2023-02-15 19:00:00+00:00,selected,
FOMC_2023_03_22,NSXUSD,6,2023-02-08 19:00:00+00:00,selected,
FOMC_2023_03_22,NSXUSD,7,2023-02-01 19:00:00+00:00,rejected,FOMC date
FOMC_2023_03_22,NSXUSD,8,2023-01-25 19:00:00+00:00,selected,
FOMC_2023_03_22,NSXUSD,9,2023-01-18 19:00:00+00:00,selected,
FOMC_2023_03_22,NSXUSD,10,2023-01-11 19:00:00+00:00,valid_not_selected,
FOMC_2023_03_22,NSXUSD,11,2023-01-04 19:00:00+00:00,valid_not_selected,
FOMC_2023_03_22,NSXUSD,12,2022-12-28 19:00:00+00:00,rejected,missing exact quote boundary
FOMC_2023_03_22,NSXUSD,0,2023-03-22 18:00:00+00:00,event_rejected,missing/nonpositive observed quote
FOMC_2023_05_03,EURUSD,1,2023-04-26 18:00:00+00:00,rejected,missing/nonpositive observed quote
FOMC_2023_05_03,EURUSD,2,2023-04-19 18:00:00+00:00,rejected,missing/nonpositive observed quote
FOMC_2023_05_03,EURUSD,3,2023-04-12 18:00:00+00:00,rejected,missing/nonpositive observed quote
FOMC_2023_05_03,EURUSD,4,2023-04-05 18:00:00+00:00,rejected,missing/nonpositive observed quote
FOMC_2023_05_03,EURUSD,5,2023-03-29 18:00:00+00:00,rejected,missing/nonpositive observed quote
FOMC_2023_05_03,EURUSD,6,2023-03-22 18:00:00+00:00,rejected,FOMC date
FOMC_2023_05_03,EURUSD,7,2023-03-15 18:00:00+00:00,rejected,missing/nonpositive observed quote
FOMC_2023_05_03,EURUSD,8,2023-03-08 19:00:00+00:00,rejected,missing/nonpositive observed quote
FOMC_2023_05_03,EURUSD,9,2023-03-01 19:00:00+00:00,rejected,missing/nonpositive observed quote
FOMC_2023_05_03,EURUSD,10,2023-02-22 19:00:00+00:00,rejected,missing/nonpositive observed quote
FOMC_2023_05_03,EURUSD,11,2023-02-15 19:00:00+00:00,selected,
FOMC_2023_05_03,EURUSD,12,2023-02-08 19:00:00+00:00,selected,
FOMC_2023_05_03,EURUSD,0,2023-05-03 18:00:00+00:00,event_rejected,missing/nonpositive observed quote
FOMC_2023_05_03,GBPUSD,1,2023-04-26 18:00:00+00:00,rejected,missing/nonpositive observed quote
FOMC_2023_05_03,GBPUSD,2,2023-04-19 18:00:00+00:00,rejected,missing/nonpositive observed quote
FOMC_2023_05_03,GBPUSD,3,2023-04-12 18:00:00+00:00,rejected,missing/nonpositive observed quote
FOMC_2023_05_03,GBPUSD,4,2023-04-05 18:00:00+00:00,rejected,missing/nonpositive observed quote
FOMC_2023_05_03,GBPUSD,5,2023-03-29 18:00:00+00:00,rejected,missing/nonpositive observed quote
FOMC_2023_05_03,GBPUSD,6,2023-03-22 18:00:00+00:00,rejected,FOMC date
FOMC_2023_05_03,GBPUSD,7,2023-03-15 18:00:00+00:00,rejected,missing/nonpositive observed quote
FOMC_2023_05_03,GBPUSD,8,2023-03-08 19:00:00+00:00,rejected,missing/nonpositive observed quote
FOMC_2023_05_03,GBPUSD,9,2023-03-01 19:00:00+00:00,rejected,missing/nonpositive observed quote
FOMC_2023_05_03,GBPUSD,10,2023-02-22 19:00:00+00:00,rejected,missing/nonpositive observed quote
FOMC_2023_05_03,GBPUSD,11,2023-02-15 19:00:00+00:00,selected,
FOMC_2023_05_03,GBPUSD,12,2023-02-08 19:00:00+00:00,selected,
FOMC_2023_05_03,GBPUSD,0,2023-05-03 18:00:00+00:00,event_rejected,missing/nonpositive observed quote
FOMC_2023_05_03,AUDUSD,1,2023-04-26 18:00:00+00:00,rejected,missing/nonpositive observed quote
FOMC_2023_05_03,AUDUSD,2,2023-04-19 18:00:00+00:00,rejected,missing/nonpositive observed quote
FOMC_2023_05_03,AUDUSD,3,2023-04-12 18:00:00+00:00,rejected,missing/nonpositive observed quote
FOMC_2023_05_03,AUDUSD,4,2023-04-05 18:00:00+00:00,rejected,missing/nonpositive observed quote
FOMC_2023_05_03,AUDUSD,5,2023-03-29 18:00:00+00:00,rejected,missing/nonpositive observed quote
FOMC_2023_05_03,AUDUSD,6,2023-03-22 18:00:00+00:00,rejected,FOMC date
FOMC_2023_05_03,AUDUSD,7,2023-03-15 18:00:00+00:00,rejected,missing/nonpositive observed quote
FOMC_2023_05_03,AUDUSD,8,2023-03-08 19:00:00+00:00,rejected,missing/nonpositive observed quote
FOMC_2023_05_03,AUDUSD,9,2023-03-01 19:00:00+00:00,rejected,missing/nonpositive observed quote
FOMC_2023_05_03,AUDUSD,10,2023-02-22 19:00:00+00:00,rejected,missing/nonpositive observed quote
FOMC_2023_05_03,AUDUSD,11,2023-02-15 19:00:00+00:00,selected,
FOMC_2023_05_03,AUDUSD,12,2023-02-08 19:00:00+00:00,selected,
FOMC_2023_05_03,AUDUSD,0,2023-05-03 18:00:00+00:00,event_rejected,missing/nonpositive observed quote
FOMC_2023_05_03,NZDUSD,1,2023-04-26 18:00:00+00:00,rejected,missing/nonpositive observed quote
FOMC_2023_05_03,NZDUSD,2,2023-04-19 18:00:00+00:00,rejected,missing/nonpositive observed quote
FOMC_2023_05_03,NZDUSD,3,2023-04-12 18:00:00+00:00,rejected,missing/nonpositive observed quote
FOMC_2023_05_03,NZDUSD,4,2023-04-05 18:00:00+00:00,rejected,missing/nonpositive observed quote
FOMC_2023_05_03,NZDUSD,5,2023-03-29 18:00:00+00:00,rejected,missing/nonpositive observed quote
FOMC_2023_05_03,NZDUSD,6,2023-03-22 18:00:00+00:00,rejected,FOMC date
FOMC_2023_05_03,NZDUSD,7,2023-03-15 18:00:00+00:00,rejected,missing/nonpositive observed quote
FOMC_2023_05_03,NZDUSD,8,2023-03-08 19:00:00+00:00,rejected,missing/nonpositive observed quote
FOMC_2023_05_03,NZDUSD,9,2023-03-01 19:00:00+00:00,rejected,missing/nonpositive observed quote
FOMC_2023_05_03,NZDUSD,10,2023-02-22 19:00:00+00:00,rejected,missing/nonpositive observed quote
FOMC_2023_05_03,NZDUSD,11,2023-02-15 19:00:00+00:00,selected,
FOMC_2023_05_03,NZDUSD,12,2023-02-08 19:00:00+00:00,selected,
FOMC_2023_05_03,NZDUSD,0,2023-05-03 18:00:00+00:00,event_rejected,missing/nonpositive observed quote
FOMC_2023_05_03,USDJPY,1,2023-04-26 18:00:00+00:00,rejected,missing/nonpositive observed quote
FOMC_2023_05_03,USDJPY,2,2023-04-19 18:00:00+00:00,rejected,missing/nonpositive observed quote
FOMC_2023_05_03,USDJPY,3,2023-04-12 18:00:00+00:00,rejected,missing/nonpositive observed quote
FOMC_2023_05_03,USDJPY,4,2023-04-05 18:00:00+00:00,rejected,missing/nonpositive observed quote
FOMC_2023_05_03,USDJPY,5,2023-03-29 18:00:00+00:00,rejected,missing/nonpositive observed quote
FOMC_2023_05_03,USDJPY,6,2023-03-22 18:00:00+00:00,rejected,FOMC date
FOMC_2023_05_03,USDJPY,7,2023-03-15 18:00:00+00:00,rejected,missing/nonpositive observed quote
FOMC_2023_05_03,USDJPY,8,2023-03-08 19:00:00+00:00,rejected,missing/nonpositive observed quote
FOMC_2023_05_03,USDJPY,9,2023-03-01 19:00:00+00:00,rejected,missing/nonpositive observed quote
FOMC_2023_05_03,USDJPY,10,2023-02-22 19:00:00+00:00,rejected,missing/nonpositive observed quote
FOMC_2023_05_03,USDJPY,11,2023-02-15 19:00:00+00:00,selected,
FOMC_2023_05_03,USDJPY,12,2023-02-08 19:00:00+00:00,selected,
FOMC_2023_05_03,USDJPY,0,2023-05-03 18:00:00+00:00,event_rejected,missing/nonpositive observed quote
FOMC_2023_05_03,USDCHF,1,2023-04-26 18:00:00+00:00,rejected,missing/nonpositive observed quote
FOMC_2023_05_03,USDCHF,2,2023-04-19 18:00:00+00:00,rejected,missing/nonpositive observed quote
FOMC_2023_05_03,USDCHF,3,2023-04-12 18:00:00+00:00,rejected,missing/nonpositive observed quote
FOMC_2023_05_03,USDCHF,4,2023-04-05 18:00:00+00:00,rejected,missing/nonpositive observed quote
FOMC_2023_05_03,USDCHF,5,2023-03-29 18:00:00+00:00,rejected,missing/nonpositive observed quote
FOMC_2023_05_03,USDCHF,6,2023-03-22 18:00:00+00:00,rejected,FOMC date
FOMC_2023_05_03,USDCHF,7,2023-03-15 18:00:00+00:00,rejected,missing/nonpositive observed quote
FOMC_2023_05_03,USDCHF,8,2023-03-08 19:00:00+00:00,rejected,missing/nonpositive observed quote
FOMC_2023_05_03,USDCHF,9,2023-03-01 19:00:00+00:00,rejected,missing/nonpositive observed quote
FOMC_2023_05_03,USDCHF,10,2023-02-22 19:00:00+00:00,rejected,missing/nonpositive observed quote
FOMC_2023_05_03,USDCHF,11,2023-02-15 19:00:00+00:00,selected,
FOMC_2023_05_03,USDCHF,12,2023-02-08 19:00:00+00:00,selected,
FOMC_2023_05_03,USDCHF,0,2023-05-03 18:00:00+00:00,event_rejected,missing/nonpositive observed quote
FOMC_2023_05_03,USDCAD,1,2023-04-26 18:00:00+00:00,rejected,missing/nonpositive observed quote
FOMC_2023_05_03,USDCAD,2,2023-04-19 18:00:00+00:00,rejected,missing/nonpositive observed quote
FOMC_2023_05_03,USDCAD,3,2023-04-12 18:00:00+00:00,rejected,missing/nonpositive observed quote
FOMC_2023_05_03,USDCAD,4,2023-04-05 18:00:00+00:00,rejected,missing/nonpositive observed quote
FOMC_2023_05_03,USDCAD,5,2023-03-29 18:00:00+00:00,rejected,missing/nonpositive observed quote
FOMC_2023_05_03,USDCAD,6,2023-03-22 18:00:00+00:00,rejected,FOMC date
FOMC_2023_05_03,USDCAD,7,2023-03-15 18:00:00+00:00,rejected,missing/nonpositive observed quote
FOMC_2023_05_03,USDCAD,8,2023-03-08 19:00:00+00:00,rejected,missing/nonpositive observed quote
FOMC_2023_05_03,USDCAD,9,2023-03-01 19:00:00+00:00,rejected,missing/nonpositive observed quote
FOMC_2023_05_03,USDCAD,10,2023-02-22 19:00:00+00:00,rejected,missing/nonpositive observed quote
FOMC_2023_05_03,USDCAD,11,2023-02-15 19:00:00+00:00,selected,
FOMC_2023_05_03,USDCAD,12,2023-02-08 19:00:00+00:00,selected,
FOMC_2023_05_03,USDCAD,0,2023-05-03 18:00:00+00:00,event_rejected,missing/nonpositive observed quote
FOMC_2023_05_03,EURJPY,1,2023-04-26 18:00:00+00:00,rejected,missing/nonpositive observed quote
FOMC_2023_05_03,EURJPY,2,2023-04-19 18:00:00+00:00,rejected,missing/nonpositive observed quote
FOMC_2023_05_03,EURJPY,3,2023-04-12 18:00:00+00:00,rejected,missing/nonpositive observed quote
FOMC_2023_05_03,EURJPY,4,2023-04-05 18:00:00+00:00,rejected,missing/nonpositive observed quote
FOMC_2023_05_03,EURJPY,5,2023-03-29 18:00:00+00:00,selected,
FOMC_2023_05_03,EURJPY,6,2023-03-22 18:00:00+00:00,rejected,FOMC date
FOMC_2023_05_03,EURJPY,7,2023-03-15 18:00:00+00:00,rejected,missing/nonpositive observed quote
FOMC_2023_05_03,EURJPY,8,2023-03-08 19:00:00+00:00,rejected,missing/nonpositive observed quote
FOMC_2023_05_03,EURJPY,9,2023-03-01 19:00:00+00:00,rejected,missing/nonpositive observed quote
FOMC_2023_05_03,EURJPY,10,2023-02-22 19:00:00+00:00,rejected,missing/nonpositive observed quote
FOMC_2023_05_03,EURJPY,11,2023-02-15 19:00:00+00:00,selected,
FOMC_2023_05_03,EURJPY,12,2023-02-08 19:00:00+00:00,selected,
FOMC_2023_05_03,EURJPY,0,2023-05-03 18:00:00+00:00,event_rejected,missing/nonpositive observed quote
FOMC_2023_05_03,XAUUSD,1,2023-04-26 18:00:00+00:00,rejected,missing/nonpositive observed quote
FOMC_2023_05_03,XAUUSD,2,2023-04-19 18:00:00+00:00,rejected,missing/nonpositive observed quote
FOMC_2023_05_03,XAUUSD,3,2023-04-12 18:00:00+00:00,rejected,missing/nonpositive observed quote
FOMC_2023_05_03,XAUUSD,4,2023-04-05 18:00:00+00:00,rejected,missing/nonpositive observed quote
FOMC_2023_05_03,XAUUSD,5,2023-03-29 18:00:00+00:00,rejected,missing/nonpositive observed quote
FOMC_2023_05_03,XAUUSD,6,2023-03-22 18:00:00+00:00,rejected,FOMC date
FOMC_2023_05_03,XAUUSD,7,2023-03-15 18:00:00+00:00,rejected,missing/nonpositive observed quote
FOMC_2023_05_03,XAUUSD,8,2023-03-08 19:00:00+00:00,selected,
FOMC_2023_05_03,XAUUSD,9,2023-03-01 19:00:00+00:00,rejected,missing/nonpositive observed quote
FOMC_2023_05_03,XAUUSD,10,2023-02-22 19:00:00+00:00,rejected,missing/nonpositive observed quote
FOMC_2023_05_03,XAUUSD,11,2023-02-15 19:00:00+00:00,selected,
FOMC_2023_05_03,XAUUSD,12,2023-02-08 19:00:00+00:00,selected,
FOMC_2023_05_03,XAUUSD,0,2023-05-03 18:00:00+00:00,event_rejected,missing/nonpositive observed quote
FOMC_2023_05_03,XAGUSD,1,2023-04-26 18:00:00+00:00,rejected,missing/nonpositive observed quote
FOMC_2023_05_03,XAGUSD,2,2023-04-19 18:00:00+00:00,rejected,missing/nonpositive observed quote
FOMC_2023_05_03,XAGUSD,3,2023-04-12 18:00:00+00:00,rejected,missing/nonpositive observed quote
FOMC_2023_05_03,XAGUSD,4,2023-04-05 18:00:00+00:00,rejected,missing/nonpositive observed quote
FOMC_2023_05_03,XAGUSD,5,2023-03-29 18:00:00+00:00,rejected,missing/nonpositive observed quote
FOMC_2023_05_03,XAGUSD,6,2023-03-22 18:00:00+00:00,rejected,FOMC date
FOMC_2023_05_03,XAGUSD,7,2023-03-15 18:00:00+00:00,rejected,missing/nonpositive observed quote
FOMC_2023_05_03,XAGUSD,8,2023-03-08 19:00:00+00:00,rejected,missing/nonpositive observed quote
FOMC_2023_05_03,XAGUSD,9,2023-03-01 19:00:00+00:00,rejected,missing/nonpositive observed quote
FOMC_2023_05_03,XAGUSD,10,2023-02-22 19:00:00+00:00,rejected,missing/nonpositive observed quote
FOMC_2023_05_03,XAGUSD,11,2023-02-15 19:00:00+00:00,selected,
FOMC_2023_05_03,XAGUSD,12,2023-02-08 19:00:00+00:00,selected,
FOMC_2023_05_03,XAGUSD,0,2023-05-03 18:00:00+00:00,event_rejected,missing/nonpositive observed quote
FOMC_2023_05_03,SPXUSD,1,2023-04-26 18:00:00+00:00,rejected,missing/nonpositive observed quote
FOMC_2023_05_03,SPXUSD,2,2023-04-19 18:00:00+00:00,rejected,missing/nonpositive observed quote
FOMC_2023_05_03,SPXUSD,3,2023-04-12 18:00:00+00:00,rejected,missing/nonpositive observed quote
FOMC_2023_05_03,SPXUSD,4,2023-04-05 18:00:00+00:00,rejected,missing/nonpositive observed quote
FOMC_2023_05_03,SPXUSD,5,2023-03-29 18:00:00+00:00,rejected,missing/nonpositive observed quote
FOMC_2023_05_03,SPXUSD,6,2023-03-22 18:00:00+00:00,rejected,FOMC date
FOMC_2023_05_03,SPXUSD,7,2023-03-15 18:00:00+00:00,rejected,missing/nonpositive observed quote
FOMC_2023_05_03,SPXUSD,8,2023-03-08 19:00:00+00:00,rejected,missing/nonpositive observed quote
FOMC_2023_05_03,SPXUSD,9,2023-03-01 19:00:00+00:00,rejected,missing/nonpositive observed quote
FOMC_2023_05_03,SPXUSD,10,2023-02-22 19:00:00+00:00,rejected,missing/nonpositive observed quote
FOMC_2023_05_03,SPXUSD,11,2023-02-15 19:00:00+00:00,selected,
FOMC_2023_05_03,SPXUSD,12,2023-02-08 19:00:00+00:00,selected,
FOMC_2023_05_03,SPXUSD,0,2023-05-03 18:00:00+00:00,event_rejected,missing/nonpositive observed quote
FOMC_2023_05_03,NSXUSD,1,2023-04-26 18:00:00+00:00,rejected,missing/nonpositive observed quote
FOMC_2023_05_03,NSXUSD,2,2023-04-19 18:00:00+00:00,rejected,missing/nonpositive observed quote
FOMC_2023_05_03,NSXUSD,3,2023-04-12 18:00:00+00:00,rejected,missing/nonpositive observed quote
FOMC_2023_05_03,NSXUSD,4,2023-04-05 18:00:00+00:00,rejected,missing/nonpositive observed quote
FOMC_2023_05_03,NSXUSD,5,2023-03-29 18:00:00+00:00,rejected,missing/nonpositive observed quote
FOMC_2023_05_03,NSXUSD,6,2023-03-22 18:00:00+00:00,rejected,FOMC date
FOMC_2023_05_03,NSXUSD,7,2023-03-15 18:00:00+00:00,rejected,missing/nonpositive observed quote
FOMC_2023_05_03,NSXUSD,8,2023-03-08 19:00:00+00:00,rejected,missing/nonpositive observed quote
FOMC_2023_05_03,NSXUSD,9,2023-03-01 19:00:00+00:00,rejected,missing/nonpositive observed quote
FOMC_2023_05_03,NSXUSD,10,2023-02-22 19:00:00+00:00,rejected,missing/nonpositive observed quote
FOMC_2023_05_03,NSXUSD,11,2023-02-15 19:00:00+00:00,selected,
FOMC_2023_05_03,NSXUSD,12,2023-02-08 19:00:00+00:00,selected,
FOMC_2023_05_03,NSXUSD,0,2023-05-03 18:00:00+00:00,event_rejected,missing/nonpositive observed quote
FOMC_2023_06_14,EURUSD,1,2023-06-07 18:00:00+00:00,rejected,missing/nonpositive observed quote
FOMC_2023_06_14,EURUSD,2,2023-05-31 18:00:00+00:00,rejected,missing/nonpositive observed quote
FOMC_2023_06_14,EURUSD,3,2023-05-24 18:00:00+00:00,rejected,missing/nonpositive observed quote
FOMC_2023_06_14,EURUSD,4,2023-05-17 18:00:00+00:00,rejected,missing/nonpositive observed quote
FOMC_2023_06_14,EURUSD,5,2023-05-10 18:00:00+00:00,rejected,missing/nonpositive observed quote
FOMC_2023_06_14,EURUSD,6,2023-05-03 18:00:00+00:00,rejected,FOMC date
FOMC_2023_06_14,EURUSD,7,2023-04-26 18:00:00+00:00,rejected,missing/nonpositive observed quote
FOMC_2023_06_14,EURUSD,8,2023-04-19 18:00:00+00:00,rejected,missing/nonpositive observed quote
FOMC_2023_06_14,EURUSD,9,2023-04-12 18:00:00+00:00,rejected,missing/nonpositive observed quote
FOMC_2023_06_14,EURUSD,10,2023-04-05 18:00:00+00:00,rejected,missing/nonpositive observed quote
FOMC_2023_06_14,EURUSD,11,2023-03-29 18:00:00+00:00,rejected,missing/nonpositive observed quote
FOMC_2023_06_14,EURUSD,12,2023-03-22 18:00:00+00:00,rejected,FOMC date
FOMC_2023_06_14,EURUSD,0,2023-06-14 18:00:00+00:00,event_rejected,missing/nonpositive observed quote
FOMC_2023_06_14,GBPUSD,1,2023-06-07 18:00:00+00:00,rejected,missing/nonpositive observed quote
FOMC_2023_06_14,GBPUSD,2,2023-05-31 18:00:00+00:00,selected,
FOMC_2023_06_14,GBPUSD,3,2023-05-24 18:00:00+00:00,rejected,missing/nonpositive observed quote
FOMC_2023_06_14,GBPUSD,4,2023-05-17 18:00:00+00:00,rejected,missing/nonpositive observed quote
FOMC_2023_06_14,GBPUSD,5,2023-05-10 18:00:00+00:00,rejected,missing/nonpositive observed quote
FOMC_2023_06_14,GBPUSD,6,2023-05-03 18:00:00+00:00,rejected,FOMC date
FOMC_2023_06_14,GBPUSD,7,2023-04-26 18:00:00+00:00,rejected,missing/nonpositive observed quote
FOMC_2023_06_14,GBPUSD,8,2023-04-19 18:00:00+00:00,rejected,missing/nonpositive observed quote
FOMC_2023_06_14,GBPUSD,9,2023-04-12 18:00:00+00:00,rejected,missing/nonpositive observed quote
FOMC_2023_06_14,GBPUSD,10,2023-04-05 18:00:00+00:00,rejected,missing/nonpositive observed quote
FOMC_2023_06_14,GBPUSD,11,2023-03-29 18:00:00+00:00,rejected,missing/nonpositive observed quote
FOMC_2023_06_14,GBPUSD,12,2023-03-22 18:00:00+00:00,rejected,FOMC date
FOMC_2023_06_14,GBPUSD,0,2023-06-14 18:00:00+00:00,event_rejected,missing/nonpositive observed quote
FOMC_2023_06_14,AUDUSD,1,2023-06-07 18:00:00+00:00,rejected,missing/nonpositive observed quote
FOMC_2023_06_14,AUDUSD,2,2023-05-31 18:00:00+00:00,rejected,missing/nonpositive observed quote
FOMC_2023_06_14,AUDUSD,3,2023-05-24 18:00:00+00:00,rejected,missing/nonpositive observed quote
FOMC_2023_06_14,AUDUSD,4,2023-05-17 18:00:00+00:00,rejected,missing/nonpositive observed quote
FOMC_2023_06_14,AUDUSD,5,2023-05-10 18:00:00+00:00,rejected,missing/nonpositive observed quote
FOMC_2023_06_14,AUDUSD,6,2023-05-03 18:00:00+00:00,rejected,FOMC date
FOMC_2023_06_14,AUDUSD,7,2023-04-26 18:00:00+00:00,rejected,missing/nonpositive observed quote
FOMC_2023_06_14,AUDUSD,8,2023-04-19 18:00:00+00:00,rejected,missing/nonpositive observed quote
FOMC_2023_06_14,AUDUSD,9,2023-04-12 18:00:00+00:00,rejected,missing/nonpositive observed quote
FOMC_2023_06_14,AUDUSD,10,2023-04-05 18:00:00+00:00,rejected,missing/nonpositive observed quote
FOMC_2023_06_14,AUDUSD,11,2023-03-29 18:00:00+00:00,rejected,missing/nonpositive observed quote
FOMC_2023_06_14,AUDUSD,12,2023-03-22 18:00:00+00:00,rejected,FOMC date
FOMC_2023_06_14,AUDUSD,0,2023-06-14 18:00:00+00:00,event_rejected,missing/nonpositive observed quote
FOMC_2023_06_14,NZDUSD,1,2023-06-07 18:00:00+00:00,rejected,missing/nonpositive observed quote
FOMC_2023_06_14,NZDUSD,2,2023-05-31 18:00:00+00:00,rejected,missing/nonpositive observed quote
FOMC_2023_06_14,NZDUSD,3,2023-05-24 18:00:00+00:00,rejected,missing/nonpositive observed quote
FOMC_2023_06_14,NZDUSD,4,2023-05-17 18:00:00+00:00,rejected,missing/nonpositive observed quote
FOMC_2023_06_14,NZDUSD,5,2023-05-10 18:00:00+00:00,rejected,missing/nonpositive observed quote
FOMC_2023_06_14,NZDUSD,6,2023-05-03 18:00:00+00:00,rejected,FOMC date
FOMC_2023_06_14,NZDUSD,7,2023-04-26 18:00:00+00:00,rejected,missing/nonpositive observed quote
FOMC_2023_06_14,NZDUSD,8,2023-04-19 18:00:00+00:00,rejected,missing/nonpositive observed quote
FOMC_2023_06_14,NZDUSD,9,2023-04-12 18:00:00+00:00,rejected,missing/nonpositive observed quote
FOMC_2023_06_14,NZDUSD,10,2023-04-05 18:00:00+00:00,rejected,missing/nonpositive observed quote
FOMC_2023_06_14,NZDUSD,11,2023-03-29 18:00:00+00:00,rejected,missing/nonpositive observed quote
FOMC_2023_06_14,NZDUSD,12,2023-03-22 18:00:00+00:00,rejected,FOMC date
FOMC_2023_06_14,NZDUSD,0,2023-06-14 18:00:00+00:00,event_rejected,missing/nonpositive observed quote
FOMC_2023_06_14,USDJPY,1,2023-06-07 18:00:00+00:00,rejected,missing/nonpositive observed quote
FOMC_2023_06_14,USDJPY,2,2023-05-31 18:00:00+00:00,rejected,missing/nonpositive observed quote
FOMC_2023_06_14,USDJPY,3,2023-05-24 18:00:00+00:00,rejected,missing/nonpositive observed quote
FOMC_2023_06_14,USDJPY,4,2023-05-17 18:00:00+00:00,rejected,missing/nonpositive observed quote
FOMC_2023_06_14,USDJPY,5,2023-05-10 18:00:00+00:00,rejected,missing/nonpositive observed quote
FOMC_2023_06_14,USDJPY,6,2023-05-03 18:00:00+00:00,rejected,FOMC date
FOMC_2023_06_14,USDJPY,7,2023-04-26 18:00:00+00:00,rejected,missing/nonpositive observed quote
FOMC_2023_06_14,USDJPY,8,2023-04-19 18:00:00+00:00,rejected,missing/nonpositive observed quote
FOMC_2023_06_14,USDJPY,9,2023-04-12 18:00:00+00:00,rejected,missing/nonpositive observed quote
FOMC_2023_06_14,USDJPY,10,2023-04-05 18:00:00+00:00,rejected,missing/nonpositive observed quote
FOMC_2023_06_14,USDJPY,11,2023-03-29 18:00:00+00:00,rejected,missing/nonpositive observed quote
FOMC_2023_06_14,USDJPY,12,2023-03-22 18:00:00+00:00,rejected,FOMC date
FOMC_2023_06_14,USDJPY,0,2023-06-14 18:00:00+00:00,event_rejected,missing/nonpositive observed quote
FOMC_2023_06_14,USDCHF,1,2023-06-07 18:00:00+00:00,rejected,missing/nonpositive observed quote
FOMC_2023_06_14,USDCHF,2,2023-05-31 18:00:00+00:00,rejected,missing/nonpositive observed quote
FOMC_2023_06_14,USDCHF,3,2023-05-24 18:00:00+00:00,rejected,missing/nonpositive observed quote
FOMC_2023_06_14,USDCHF,4,2023-05-17 18:00:00+00:00,rejected,missing/nonpositive observed quote
FOMC_2023_06_14,USDCHF,5,2023-05-10 18:00:00+00:00,rejected,missing/nonpositive observed quote
FOMC_2023_06_14,USDCHF,6,2023-05-03 18:00:00+00:00,rejected,FOMC date
FOMC_2023_06_14,USDCHF,7,2023-04-26 18:00:00+00:00,rejected,missing/nonpositive observed quote
FOMC_2023_06_14,USDCHF,8,2023-04-19 18:00:00+00:00,rejected,missing/nonpositive observed quote
FOMC_2023_06_14,USDCHF,9,2023-04-12 18:00:00+00:00,rejected,missing/nonpositive observed quote
FOMC_2023_06_14,USDCHF,10,2023-04-05 18:00:00+00:00,rejected,missing/nonpositive observed quote
FOMC_2023_06_14,USDCHF,11,2023-03-29 18:00:00+00:00,rejected,missing/nonpositive observed quote
FOMC_2023_06_14,USDCHF,12,2023-03-22 18:00:00+00:00,rejected,FOMC date
FOMC_2023_06_14,USDCHF,0,2023-06-14 18:00:00+00:00,event_rejected,missing/nonpositive observed quote
FOMC_2023_06_14,USDCAD,1,2023-06-07 18:00:00+00:00,rejected,missing/nonpositive observed quote
FOMC_2023_06_14,USDCAD,2,2023-05-31 18:00:00+00:00,rejected,missing/nonpositive observed quote
FOMC_2023_06_14,USDCAD,3,2023-05-24 18:00:00+00:00,rejected,missing/nonpositive observed quote
FOMC_2023_06_14,USDCAD,4,2023-05-17 18:00:00+00:00,rejected,missing/nonpositive observed quote
FOMC_2023_06_14,USDCAD,5,2023-05-10 18:00:00+00:00,rejected,missing/nonpositive observed quote
FOMC_2023_06_14,USDCAD,6,2023-05-03 18:00:00+00:00,rejected,FOMC date
FOMC_2023_06_14,USDCAD,7,2023-04-26 18:00:00+00:00,rejected,missing/nonpositive observed quote
FOMC_2023_06_14,USDCAD,8,2023-04-19 18:00:00+00:00,rejected,missing/nonpositive observed quote
FOMC_2023_06_14,USDCAD,9,2023-04-12 18:00:00+00:00,rejected,missing/nonpositive observed quote
FOMC_2023_06_14,USDCAD,10,2023-04-05 18:00:00+00:00,rejected,missing/nonpositive observed quote
FOMC_2023_06_14,USDCAD,11,2023-03-29 18:00:00+00:00,rejected,missing/nonpositive observed quote
FOMC_2023_06_14,USDCAD,12,2023-03-22 18:00:00+00:00,rejected,FOMC date
FOMC_2023_06_14,USDCAD,0,2023-06-14 18:00:00+00:00,event_rejected,missing/nonpositive observed quote
FOMC_2023_06_14,EURJPY,1,2023-06-07 18:00:00+00:00,rejected,missing/nonpositive observed quote
FOMC_2023_06_14,EURJPY,2,2023-05-31 18:00:00+00:00,rejected,missing/nonpositive observed quote
FOMC_2023_06_14,EURJPY,3,2023-05-24 18:00:00+00:00,rejected,missing/nonpositive observed quote
FOMC_2023_06_14,EURJPY,4,2023-05-17 18:00:00+00:00,rejected,missing/nonpositive observed quote
FOMC_2023_06_14,EURJPY,5,2023-05-10 18:00:00+00:00,rejected,missing/nonpositive observed quote
FOMC_2023_06_14,EURJPY,6,2023-05-03 18:00:00+00:00,rejected,FOMC date
FOMC_2023_06_14,EURJPY,7,2023-04-26 18:00:00+00:00,rejected,missing/nonpositive observed quote
FOMC_2023_06_14,EURJPY,8,2023-04-19 18:00:00+00:00,rejected,missing/nonpositive observed quote
FOMC_2023_06_14,EURJPY,9,2023-04-12 18:00:00+00:00,rejected,missing/nonpositive observed quote
FOMC_2023_06_14,EURJPY,10,2023-04-05 18:00:00+00:00,rejected,missing/nonpositive observed quote
FOMC_2023_06_14,EURJPY,11,2023-03-29 18:00:00+00:00,selected,
FOMC_2023_06_14,EURJPY,12,2023-03-22 18:00:00+00:00,rejected,FOMC date
FOMC_2023_06_14,EURJPY,0,2023-06-14 18:00:00+00:00,event_rejected,missing/nonpositive observed quote
FOMC_2023_06_14,XAUUSD,1,2023-06-07 18:00:00+00:00,rejected,missing/nonpositive observed quote
FOMC_2023_06_14,XAUUSD,2,2023-05-31 18:00:00+00:00,rejected,missing/nonpositive observed quote
FOMC_2023_06_14,XAUUSD,3,2023-05-24 18:00:00+00:00,rejected,missing/nonpositive observed quote
FOMC_2023_06_14,XAUUSD,4,2023-05-17 18:00:00+00:00,rejected,missing/nonpositive observed quote
FOMC_2023_06_14,XAUUSD,5,2023-05-10 18:00:00+00:00,rejected,missing/nonpositive observed quote
FOMC_2023_06_14,XAUUSD,6,2023-05-03 18:00:00+00:00,rejected,FOMC date
FOMC_2023_06_14,XAUUSD,7,2023-04-26 18:00:00+00:00,rejected,missing/nonpositive observed quote
FOMC_2023_06_14,XAUUSD,8,2023-04-19 18:00:00+00:00,rejected,missing/nonpositive observed quote
FOMC_2023_06_14,XAUUSD,9,2023-04-12 18:00:00+00:00,rejected,missing/nonpositive observed quote
FOMC_2023_06_14,XAUUSD,10,2023-04-05 18:00:00+00:00,rejected,missing/nonpositive observed quote
FOMC_2023_06_14,XAUUSD,11,2023-03-29 18:00:00+00:00,rejected,missing/nonpositive observed quote
FOMC_2023_06_14,XAUUSD,12,2023-03-22 18:00:00+00:00,rejected,FOMC date
FOMC_2023_06_14,XAUUSD,0,2023-06-14 18:00:00+00:00,event_rejected,missing/nonpositive observed quote
FOMC_2023_06_14,XAGUSD,1,2023-06-07 18:00:00+00:00,rejected,missing/nonpositive observed quote
FOMC_2023_06_14,XAGUSD,2,2023-05-31 18:00:00+00:00,rejected,missing/nonpositive observed quote
FOMC_2023_06_14,XAGUSD,3,2023-05-24 18:00:00+00:00,rejected,missing/nonpositive observed quote
FOMC_2023_06_14,XAGUSD,4,2023-05-17 18:00:00+00:00,rejected,missing/nonpositive observed quote
FOMC_2023_06_14,XAGUSD,5,2023-05-10 18:00:00+00:00,rejected,missing/nonpositive observed quote
FOMC_2023_06_14,XAGUSD,6,2023-05-03 18:00:00+00:00,rejected,FOMC date
FOMC_2023_06_14,XAGUSD,7,2023-04-26 18:00:00+00:00,rejected,missing/nonpositive observed quote
FOMC_2023_06_14,XAGUSD,8,2023-04-19 18:00:00+00:00,rejected,missing/nonpositive observed quote
FOMC_2023_06_14,XAGUSD,9,2023-04-12 18:00:00+00:00,rejected,missing/nonpositive observed quote
FOMC_2023_06_14,XAGUSD,10,2023-04-05 18:00:00+00:00,rejected,missing/nonpositive observed quote
FOMC_2023_06_14,XAGUSD,11,2023-03-29 18:00:00+00:00,rejected,missing/nonpositive observed quote
FOMC_2023_06_14,XAGUSD,12,2023-03-22 18:00:00+00:00,rejected,FOMC date
FOMC_2023_06_14,XAGUSD,0,2023-06-14 18:00:00+00:00,event_rejected,missing/nonpositive observed quote
FOMC_2023_06_14,SPXUSD,1,2023-06-07 18:00:00+00:00,rejected,missing/nonpositive observed quote
FOMC_2023_06_14,SPXUSD,2,2023-05-31 18:00:00+00:00,rejected,missing/nonpositive observed quote
FOMC_2023_06_14,SPXUSD,3,2023-05-24 18:00:00+00:00,rejected,missing/nonpositive observed quote
FOMC_2023_06_14,SPXUSD,4,2023-05-17 18:00:00+00:00,rejected,missing/nonpositive observed quote
FOMC_2023_06_14,SPXUSD,5,2023-05-10 18:00:00+00:00,rejected,missing/nonpositive observed quote
FOMC_2023_06_14,SPXUSD,6,2023-05-03 18:00:00+00:00,rejected,FOMC date
FOMC_2023_06_14,SPXUSD,7,2023-04-26 18:00:00+00:00,rejected,missing/nonpositive observed quote
FOMC_2023_06_14,SPXUSD,8,2023-04-19 18:00:00+00:00,rejected,missing/nonpositive observed quote
FOMC_2023_06_14,SPXUSD,9,2023-04-12 18:00:00+00:00,rejected,missing/nonpositive observed quote
FOMC_2023_06_14,SPXUSD,10,2023-04-05 18:00:00+00:00,rejected,missing/nonpositive observed quote
FOMC_2023_06_14,SPXUSD,11,2023-03-29 18:00:00+00:00,rejected,missing/nonpositive observed quote
FOMC_2023_06_14,SPXUSD,12,2023-03-22 18:00:00+00:00,rejected,FOMC date
FOMC_2023_06_14,SPXUSD,0,2023-06-14 18:00:00+00:00,event_rejected,missing/nonpositive observed quote
FOMC_2023_06_14,NSXUSD,1,2023-06-07 18:00:00+00:00,rejected,missing/nonpositive observed quote
FOMC_2023_06_14,NSXUSD,2,2023-05-31 18:00:00+00:00,rejected,missing/nonpositive observed quote
FOMC_2023_06_14,NSXUSD,3,2023-05-24 18:00:00+00:00,rejected,missing/nonpositive observed quote
FOMC_2023_06_14,NSXUSD,4,2023-05-17 18:00:00+00:00,rejected,missing/nonpositive observed quote
FOMC_2023_06_14,NSXUSD,5,2023-05-10 18:00:00+00:00,rejected,missing/nonpositive observed quote
FOMC_2023_06_14,NSXUSD,6,2023-05-03 18:00:00+00:00,rejected,FOMC date
FOMC_2023_06_14,NSXUSD,7,2023-04-26 18:00:00+00:00,rejected,missing/nonpositive observed quote
FOMC_2023_06_14,NSXUSD,8,2023-04-19 18:00:00+00:00,rejected,missing/nonpositive observed quote
FOMC_2023_06_14,NSXUSD,9,2023-04-12 18:00:00+00:00,rejected,missing/nonpositive observed quote
FOMC_2023_06_14,NSXUSD,10,2023-04-05 18:00:00+00:00,rejected,missing/nonpositive observed quote
FOMC_2023_06_14,NSXUSD,11,2023-03-29 18:00:00+00:00,rejected,missing/nonpositive observed quote
FOMC_2023_06_14,NSXUSD,12,2023-03-22 18:00:00+00:00,rejected,FOMC date
FOMC_2023_06_14,NSXUSD,0,2023-06-14 18:00:00+00:00,event_rejected,missing/nonpositive observed quote
FOMC_2023_07_26,EURUSD,1,2023-07-19 18:00:00+00:00,rejected,missing/nonpositive observed quote
FOMC_2023_07_26,EURUSD,2,2023-07-12 18:00:00+00:00,rejected,missing/nonpositive observed quote
FOMC_2023_07_26,EURUSD,3,2023-07-05 18:00:00+00:00,rejected,missing/nonpositive observed quote
FOMC_2023_07_26,EURUSD,4,2023-06-28 18:00:00+00:00,rejected,missing/nonpositive observed quote
FOMC_2023_07_26,EURUSD,5,2023-06-21 18:00:00+00:00,rejected,missing/nonpositive observed quote
FOMC_2023_07_26,EURUSD,6,2023-06-14 18:00:00+00:00,rejected,FOMC date
FOMC_2023_07_26,EURUSD,7,2023-06-07 18:00:00+00:00,rejected,missing/nonpositive observed quote
FOMC_2023_07_26,EURUSD,8,2023-05-31 18:00:00+00:00,rejected,missing/nonpositive observed quote
FOMC_2023_07_26,EURUSD,9,2023-05-24 18:00:00+00:00,rejected,missing/nonpositive observed quote
FOMC_2023_07_26,EURUSD,10,2023-05-17 18:00:00+00:00,rejected,missing/nonpositive observed quote
FOMC_2023_07_26,EURUSD,11,2023-05-10 18:00:00+00:00,rejected,missing/nonpositive observed quote
FOMC_2023_07_26,EURUSD,12,2023-05-03 18:00:00+00:00,rejected,FOMC date
FOMC_2023_07_26,EURUSD,0,2023-07-26 18:00:00+00:00,event_rejected,missing/nonpositive observed quote
FOMC_2023_07_26,GBPUSD,1,2023-07-19 18:00:00+00:00,rejected,missing/nonpositive observed quote
FOMC_2023_07_26,GBPUSD,2,2023-07-12 18:00:00+00:00,rejected,missing/nonpositive observed quote
FOMC_2023_07_26,GBPUSD,3,2023-07-05 18:00:00+00:00,rejected,missing/nonpositive observed quote
FOMC_2023_07_26,GBPUSD,4,2023-06-28 18:00:00+00:00,rejected,missing/nonpositive observed quote
FOMC_2023_07_26,GBPUSD,5,2023-06-21 18:00:00+00:00,rejected,missing/nonpositive observed quote
FOMC_2023_07_26,GBPUSD,6,2023-06-14 18:00:00+00:00,rejected,FOMC date
FOMC_2023_07_26,GBPUSD,7,2023-06-07 18:00:00+00:00,rejected,missing/nonpositive observed quote
FOMC_2023_07_26,GBPUSD,8,2023-05-31 18:00:00+00:00,selected,
FOMC_2023_07_26,GBPUSD,9,2023-05-24 18:00:00+00:00,rejected,missing/nonpositive observed quote
FOMC_2023_07_26,GBPUSD,10,2023-05-17 18:00:00+00:00,rejected,missing/nonpositive observed quote
FOMC_2023_07_26,GBPUSD,11,2023-05-10 18:00:00+00:00,rejected,missing/nonpositive observed quote
FOMC_2023_07_26,GBPUSD,12,2023-05-03 18:00:00+00:00,rejected,FOMC date
FOMC_2023_07_26,GBPUSD,0,2023-07-26 18:00:00+00:00,event_rejected,missing/nonpositive observed quote
FOMC_2023_07_26,AUDUSD,1,2023-07-19 18:00:00+00:00,rejected,missing/nonpositive observed quote
FOMC_2023_07_26,AUDUSD,2,2023-07-12 18:00:00+00:00,rejected,missing/nonpositive observed quote
FOMC_2023_07_26,AUDUSD,3,2023-07-05 18:00:00+00:00,rejected,missing/nonpositive observed quote
FOMC_2023_07_26,AUDUSD,4,2023-06-28 18:00:00+00:00,rejected,missing/nonpositive observed quote
FOMC_2023_07_26,AUDUSD,5,2023-06-21 18:00:00+00:00,rejected,missing/nonpositive observed quote
FOMC_2023_07_26,AUDUSD,6,2023-06-14 18:00:00+00:00,rejected,FOMC date
FOMC_2023_07_26,AUDUSD,7,2023-06-07 18:00:00+00:00,rejected,missing/nonpositive observed quote
FOMC_2023_07_26,AUDUSD,8,2023-05-31 18:00:00+00:00,rejected,missing/nonpositive observed quote
FOMC_2023_07_26,AUDUSD,9,2023-05-24 18:00:00+00:00,rejected,missing/nonpositive observed quote
FOMC_2023_07_26,AUDUSD,10,2023-05-17 18:00:00+00:00,rejected,missing/nonpositive observed quote
FOMC_2023_07_26,AUDUSD,11,2023-05-10 18:00:00+00:00,rejected,missing/nonpositive observed quote
FOMC_2023_07_26,AUDUSD,12,2023-05-03 18:00:00+00:00,rejected,FOMC date
FOMC_2023_07_26,AUDUSD,0,2023-07-26 18:00:00+00:00,event_rejected,missing/nonpositive observed quote
FOMC_2023_07_26,NZDUSD,1,2023-07-19 18:00:00+00:00,selected,
FOMC_2023_07_26,NZDUSD,2,2023-07-12 18:00:00+00:00,rejected,missing/nonpositive observed quote
FOMC_2023_07_26,NZDUSD,3,2023-07-05 18:00:00+00:00,rejected,missing/nonpositive observed quote
FOMC_2023_07_26,NZDUSD,4,2023-06-28 18:00:00+00:00,rejected,missing/nonpositive observed quote
FOMC_2023_07_26,NZDUSD,5,2023-06-21 18:00:00+00:00,rejected,missing/nonpositive observed quote
FOMC_2023_07_26,NZDUSD,6,2023-06-14 18:00:00+00:00,rejected,FOMC date
FOMC_2023_07_26,NZDUSD,7,2023-06-07 18:00:00+00:00,rejected,missing/nonpositive observed quote
FOMC_2023_07_26,NZDUSD,8,2023-05-31 18:00:00+00:00,rejected,missing/nonpositive observed quote
FOMC_2023_07_26,NZDUSD,9,2023-05-24 18:00:00+00:00,rejected,missing/nonpositive observed quote
FOMC_2023_07_26,NZDUSD,10,2023-05-17 18:00:00+00:00,rejected,missing/nonpositive observed quote
FOMC_2023_07_26,NZDUSD,11,2023-05-10 18:00:00+00:00,rejected,missing/nonpositive observed quote
FOMC_2023_07_26,NZDUSD,12,2023-05-03 18:00:00+00:00,rejected,FOMC date
FOMC_2023_07_26,NZDUSD,0,2023-07-26 18:00:00+00:00,event_rejected,missing/nonpositive observed quote
FOMC_2023_07_26,USDJPY,1,2023-07-19 18:00:00+00:00,rejected,missing/nonpositive observed quote
FOMC_2023_07_26,USDJPY,2,2023-07-12 18:00:00+00:00,rejected,missing/nonpositive observed quote
FOMC_2023_07_26,USDJPY,3,2023-07-05 18:00:00+00:00,rejected,missing/nonpositive observed quote
FOMC_2023_07_26,USDJPY,4,2023-06-28 18:00:00+00:00,rejected,missing/nonpositive observed quote
FOMC_2023_07_26,USDJPY,5,2023-06-21 18:00:00+00:00,rejected,missing/nonpositive observed quote
FOMC_2023_07_26,USDJPY,6,2023-06-14 18:00:00+00:00,rejected,FOMC date
FOMC_2023_07_26,USDJPY,7,2023-06-07 18:00:00+00:00,rejected,missing/nonpositive observed quote
FOMC_2023_07_26,USDJPY,8,2023-05-31 18:00:00+00:00,rejected,missing/nonpositive observed quote
FOMC_2023_07_26,USDJPY,9,2023-05-24 18:00:00+00:00,rejected,missing/nonpositive observed quote
FOMC_2023_07_26,USDJPY,10,2023-05-17 18:00:00+00:00,rejected,missing/nonpositive observed quote
FOMC_2023_07_26,USDJPY,11,2023-05-10 18:00:00+00:00,rejected,missing/nonpositive observed quote
FOMC_2023_07_26,USDJPY,12,2023-05-03 18:00:00+00:00,rejected,FOMC date
FOMC_2023_07_26,USDJPY,0,2023-07-26 18:00:00+00:00,event_rejected,missing/nonpositive observed quote
FOMC_2023_07_26,USDCHF,1,2023-07-19 18:00:00+00:00,rejected,missing/nonpositive observed quote
FOMC_2023_07_26,USDCHF,2,2023-07-12 18:00:00+00:00,rejected,missing/nonpositive observed quote
FOMC_2023_07_26,USDCHF,3,2023-07-05 18:00:00+00:00,rejected,missing/nonpositive observed quote
FOMC_2023_07_26,USDCHF,4,2023-06-28 18:00:00+00:00,rejected,missing/nonpositive observed quote
FOMC_2023_07_26,USDCHF,5,2023-06-21 18:00:00+00:00,rejected,missing/nonpositive observed quote
FOMC_2023_07_26,USDCHF,6,2023-06-14 18:00:00+00:00,rejected,FOMC date
FOMC_2023_07_26,USDCHF,7,2023-06-07 18:00:00+00:00,rejected,missing/nonpositive observed quote
FOMC_2023_07_26,USDCHF,8,2023-05-31 18:00:00+00:00,rejected,missing/nonpositive observed quote
FOMC_2023_07_26,USDCHF,9,2023-05-24 18:00:00+00:00,rejected,missing/nonpositive observed quote
FOMC_2023_07_26,USDCHF,10,2023-05-17 18:00:00+00:00,rejected,missing/nonpositive observed quote
FOMC_2023_07_26,USDCHF,11,2023-05-10 18:00:00+00:00,rejected,missing/nonpositive observed quote
FOMC_2023_07_26,USDCHF,12,2023-05-03 18:00:00+00:00,rejected,FOMC date
FOMC_2023_07_26,USDCHF,0,2023-07-26 18:00:00+00:00,event_rejected,missing/nonpositive observed quote
FOMC_2023_07_26,USDCAD,1,2023-07-19 18:00:00+00:00,rejected,missing/nonpositive observed quote
FOMC_2023_07_26,USDCAD,2,2023-07-12 18:00:00+00:00,rejected,missing/nonpositive observed quote
FOMC_2023_07_26,USDCAD,3,2023-07-05 18:00:00+00:00,rejected,missing/nonpositive observed quote
FOMC_2023_07_26,USDCAD,4,2023-06-28 18:00:00+00:00,rejected,missing/nonpositive observed quote
FOMC_2023_07_26,USDCAD,5,2023-06-21 18:00:00+00:00,rejected,missing/nonpositive observed quote
FOMC_2023_07_26,USDCAD,6,2023-06-14 18:00:00+00:00,rejected,FOMC date
FOMC_2023_07_26,USDCAD,7,2023-06-07 18:00:00+00:00,rejected,missing/nonpositive observed quote
FOMC_2023_07_26,USDCAD,8,2023-05-31 18:00:00+00:00,rejected,missing/nonpositive observed quote
FOMC_2023_07_26,USDCAD,9,2023-05-24 18:00:00+00:00,rejected,missing/nonpositive observed quote
FOMC_2023_07_26,USDCAD,10,2023-05-17 18:00:00+00:00,rejected,missing/nonpositive observed quote
FOMC_2023_07_26,USDCAD,11,2023-05-10 18:00:00+00:00,rejected,missing/nonpositive observed quote
FOMC_2023_07_26,USDCAD,12,2023-05-03 18:00:00+00:00,rejected,FOMC date
FOMC_2023_07_26,USDCAD,0,2023-07-26 18:00:00+00:00,event_rejected,missing/nonpositive observed quote
FOMC_2023_07_26,EURJPY,1,2023-07-19 18:00:00+00:00,rejected,missing/nonpositive observed quote
FOMC_2023_07_26,EURJPY,2,2023-07-12 18:00:00+00:00,rejected,missing/nonpositive observed quote
FOMC_2023_07_26,EURJPY,3,2023-07-05 18:00:00+00:00,rejected,missing/nonpositive observed quote
FOMC_2023_07_26,EURJPY,4,2023-06-28 18:00:00+00:00,rejected,missing/nonpositive observed quote
FOMC_2023_07_26,EURJPY,5,2023-06-21 18:00:00+00:00,rejected,missing/nonpositive observed quote
FOMC_2023_07_26,EURJPY,6,2023-06-14 18:00:00+00:00,rejected,FOMC date
FOMC_2023_07_26,EURJPY,7,2023-06-07 18:00:00+00:00,rejected,missing/nonpositive observed quote
FOMC_2023_07_26,EURJPY,8,2023-05-31 18:00:00+00:00,rejected,missing/nonpositive observed quote
FOMC_2023_07_26,EURJPY,9,2023-05-24 18:00:00+00:00,rejected,missing/nonpositive observed quote
FOMC_2023_07_26,EURJPY,10,2023-05-17 18:00:00+00:00,rejected,missing/nonpositive observed quote
FOMC_2023_07_26,EURJPY,11,2023-05-10 18:00:00+00:00,rejected,missing/nonpositive observed quote
FOMC_2023_07_26,EURJPY,12,2023-05-03 18:00:00+00:00,rejected,FOMC date
FOMC_2023_07_26,EURJPY,0,2023-07-26 18:00:00+00:00,event_rejected,missing/nonpositive observed quote
FOMC_2023_07_26,XAUUSD,1,2023-07-19 18:00:00+00:00,rejected,missing/nonpositive observed quote
FOMC_2023_07_26,XAUUSD,2,2023-07-12 18:00:00+00:00,rejected,missing/nonpositive observed quote
FOMC_2023_07_26,XAUUSD,3,2023-07-05 18:00:00+00:00,rejected,missing/nonpositive observed quote
FOMC_2023_07_26,XAUUSD,4,2023-06-28 18:00:00+00:00,rejected,missing/nonpositive observed quote
FOMC_2023_07_26,XAUUSD,5,2023-06-21 18:00:00+00:00,rejected,missing/nonpositive observed quote
FOMC_2023_07_26,XAUUSD,6,2023-06-14 18:00:00+00:00,rejected,FOMC date
FOMC_2023_07_26,XAUUSD,7,2023-06-07 18:00:00+00:00,rejected,missing/nonpositive observed quote
FOMC_2023_07_26,XAUUSD,8,2023-05-31 18:00:00+00:00,rejected,missing/nonpositive observed quote
FOMC_2023_07_26,XAUUSD,9,2023-05-24 18:00:00+00:00,rejected,missing/nonpositive observed quote
FOMC_2023_07_26,XAUUSD,10,2023-05-17 18:00:00+00:00,rejected,missing/nonpositive observed quote
FOMC_2023_07_26,XAUUSD,11,2023-05-10 18:00:00+00:00,rejected,missing/nonpositive observed quote
FOMC_2023_07_26,XAUUSD,12,2023-05-03 18:00:00+00:00,rejected,FOMC date
FOMC_2023_07_26,XAUUSD,0,2023-07-26 18:00:00+00:00,event_rejected,missing/nonpositive observed quote
FOMC_2023_07_26,XAGUSD,1,2023-07-19 18:00:00+00:00,rejected,missing/nonpositive observed quote
FOMC_2023_07_26,XAGUSD,2,2023-07-12 18:00:00+00:00,rejected,missing/nonpositive observed quote
FOMC_2023_07_26,XAGUSD,3,2023-07-05 18:00:00+00:00,rejected,missing/nonpositive observed quote
FOMC_2023_07_26,XAGUSD,4,2023-06-28 18:00:00+00:00,rejected,missing/nonpositive observed quote
FOMC_2023_07_26,XAGUSD,5,2023-06-21 18:00:00+00:00,rejected,missing/nonpositive observed quote
FOMC_2023_07_26,XAGUSD,6,2023-06-14 18:00:00+00:00,rejected,FOMC date
FOMC_2023_07_26,XAGUSD,7,2023-06-07 18:00:00+00:00,rejected,missing/nonpositive observed quote
FOMC_2023_07_26,XAGUSD,8,2023-05-31 18:00:00+00:00,rejected,missing/nonpositive observed quote
FOMC_2023_07_26,XAGUSD,9,2023-05-24 18:00:00+00:00,rejected,missing/nonpositive observed quote
FOMC_2023_07_26,XAGUSD,10,2023-05-17 18:00:00+00:00,rejected,missing/nonpositive observed quote
FOMC_2023_07_26,XAGUSD,11,2023-05-10 18:00:00+00:00,rejected,missing/nonpositive observed quote
FOMC_2023_07_26,XAGUSD,12,2023-05-03 18:00:00+00:00,rejected,FOMC date
FOMC_2023_07_26,XAGUSD,0,2023-07-26 18:00:00+00:00,event_rejected,missing/nonpositive observed quote
FOMC_2023_07_26,SPXUSD,1,2023-07-19 18:00:00+00:00,rejected,missing/nonpositive observed quote
FOMC_2023_07_26,SPXUSD,2,2023-07-12 18:00:00+00:00,rejected,missing/nonpositive observed quote
FOMC_2023_07_26,SPXUSD,3,2023-07-05 18:00:00+00:00,rejected,missing/nonpositive observed quote
FOMC_2023_07_26,SPXUSD,4,2023-06-28 18:00:00+00:00,rejected,missing/nonpositive observed quote
FOMC_2023_07_26,SPXUSD,5,2023-06-21 18:00:00+00:00,rejected,missing/nonpositive observed quote
FOMC_2023_07_26,SPXUSD,6,2023-06-14 18:00:00+00:00,rejected,FOMC date
FOMC_2023_07_26,SPXUSD,7,2023-06-07 18:00:00+00:00,rejected,missing/nonpositive observed quote
FOMC_2023_07_26,SPXUSD,8,2023-05-31 18:00:00+00:00,rejected,missing/nonpositive observed quote
FOMC_2023_07_26,SPXUSD,9,2023-05-24 18:00:00+00:00,rejected,missing/nonpositive observed quote
FOMC_2023_07_26,SPXUSD,10,2023-05-17 18:00:00+00:00,rejected,missing/nonpositive observed quote
FOMC_2023_07_26,SPXUSD,11,2023-05-10 18:00:00+00:00,rejected,missing/nonpositive observed quote
FOMC_2023_07_26,SPXUSD,12,2023-05-03 18:00:00+00:00,rejected,FOMC date
FOMC_2023_07_26,SPXUSD,0,2023-07-26 18:00:00+00:00,event_rejected,missing/nonpositive observed quote
FOMC_2023_07_26,NSXUSD,1,2023-07-19 18:00:00+00:00,rejected,missing/nonpositive observed quote
FOMC_2023_07_26,NSXUSD,2,2023-07-12 18:00:00+00:00,rejected,missing/nonpositive observed quote
FOMC_2023_07_26,NSXUSD,3,2023-07-05 18:00:00+00:00,rejected,missing/nonpositive observed quote
FOMC_2023_07_26,NSXUSD,4,2023-06-28 18:00:00+00:00,rejected,missing/nonpositive observed quote
FOMC_2023_07_26,NSXUSD,5,2023-06-21 18:00:00+00:00,rejected,missing/nonpositive observed quote
FOMC_2023_07_26,NSXUSD,6,2023-06-14 18:00:00+00:00,rejected,FOMC date
FOMC_2023_07_26,NSXUSD,7,2023-06-07 18:00:00+00:00,rejected,missing/nonpositive observed quote
FOMC_2023_07_26,NSXUSD,8,2023-05-31 18:00:00+00:00,rejected,missing/nonpositive observed quote
FOMC_2023_07_26,NSXUSD,9,2023-05-24 18:00:00+00:00,rejected,missing/nonpositive observed quote
FOMC_2023_07_26,NSXUSD,10,2023-05-17 18:00:00+00:00,rejected,missing/nonpositive observed quote
FOMC_2023_07_26,NSXUSD,11,2023-05-10 18:00:00+00:00,rejected,missing/nonpositive observed quote
FOMC_2023_07_26,NSXUSD,12,2023-05-03 18:00:00+00:00,rejected,FOMC date
FOMC_2023_07_26,NSXUSD,0,2023-07-26 18:00:00+00:00,event_rejected,missing/nonpositive observed quote
FOMC_2023_09_20,EURUSD,1,2023-09-13 18:00:00+00:00,selected,
FOMC_2023_09_20,EURUSD,2,2023-09-06 18:00:00+00:00,selected,
FOMC_2023_09_20,EURUSD,3,2023-08-30 18:00:00+00:00,selected,
FOMC_2023_09_20,EURUSD,4,2023-08-23 18:00:00+00:00,selected,
FOMC_2023_09_20,EURUSD,5,2023-08-16 18:00:00+00:00,valid_not_selected,
FOMC_2023_09_20,EURUSD,6,2023-08-09 18:00:00+00:00,valid_not_selected,
FOMC_2023_09_20,EURUSD,7,2023-08-02 18:00:00+00:00,valid_not_selected,
FOMC_2023_09_20,EURUSD,8,2023-07-26 18:00:00+00:00,rejected,FOMC date
FOMC_2023_09_20,EURUSD,9,2023-07-19 18:00:00+00:00,rejected,missing/nonpositive observed quote
FOMC_2023_09_20,EURUSD,10,2023-07-12 18:00:00+00:00,rejected,missing/nonpositive observed quote
FOMC_2023_09_20,EURUSD,11,2023-07-05 18:00:00+00:00,rejected,missing/nonpositive observed quote
FOMC_2023_09_20,EURUSD,12,2023-06-28 18:00:00+00:00,rejected,missing/nonpositive observed quote
FOMC_2023_09_20,GBPUSD,1,2023-09-13 18:00:00+00:00,selected,
FOMC_2023_09_20,GBPUSD,2,2023-09-06 18:00:00+00:00,selected,
FOMC_2023_09_20,GBPUSD,3,2023-08-30 18:00:00+00:00,selected,
FOMC_2023_09_20,GBPUSD,4,2023-08-23 18:00:00+00:00,selected,
FOMC_2023_09_20,GBPUSD,5,2023-08-16 18:00:00+00:00,valid_not_selected,
FOMC_2023_09_20,GBPUSD,6,2023-08-09 18:00:00+00:00,valid_not_selected,
FOMC_2023_09_20,GBPUSD,7,2023-08-02 18:00:00+00:00,valid_not_selected,
FOMC_2023_09_20,GBPUSD,8,2023-07-26 18:00:00+00:00,rejected,FOMC date
FOMC_2023_09_20,GBPUSD,9,2023-07-19 18:00:00+00:00,rejected,missing/nonpositive observed quote
FOMC_2023_09_20,GBPUSD,10,2023-07-12 18:00:00+00:00,rejected,missing/nonpositive observed quote
FOMC_2023_09_20,GBPUSD,11,2023-07-05 18:00:00+00:00,rejected,missing/nonpositive observed quote
FOMC_2023_09_20,GBPUSD,12,2023-06-28 18:00:00+00:00,rejected,missing/nonpositive observed quote
FOMC_2023_09_20,AUDUSD,1,2023-09-13 18:00:00+00:00,selected,
FOMC_2023_09_20,AUDUSD,2,2023-09-06 18:00:00+00:00,selected,
FOMC_2023_09_20,AUDUSD,3,2023-08-30 18:00:00+00:00,selected,
FOMC_2023_09_20,AUDUSD,4,2023-08-23 18:00:00+00:00,selected,
FOMC_2023_09_20,AUDUSD,5,2023-08-16 18:00:00+00:00,valid_not_selected,
FOMC_2023_09_20,AUDUSD,6,2023-08-09 18:00:00+00:00,valid_not_selected,
FOMC_2023_09_20,AUDUSD,7,2023-08-02 18:00:00+00:00,valid_not_selected,
FOMC_2023_09_20,AUDUSD,8,2023-07-26 18:00:00+00:00,rejected,FOMC date
FOMC_2023_09_20,AUDUSD,9,2023-07-19 18:00:00+00:00,rejected,missing/nonpositive observed quote
FOMC_2023_09_20,AUDUSD,10,2023-07-12 18:00:00+00:00,rejected,missing/nonpositive observed quote
FOMC_2023_09_20,AUDUSD,11,2023-07-05 18:00:00+00:00,rejected,missing/nonpositive observed quote
FOMC_2023_09_20,AUDUSD,12,2023-06-28 18:00:00+00:00,rejected,missing/nonpositive observed quote
FOMC_2023_09_20,NZDUSD,1,2023-09-13 18:00:00+00:00,selected,
FOMC_2023_09_20,NZDUSD,2,2023-09-06 18:00:00+00:00,selected,
FOMC_2023_09_20,NZDUSD,3,2023-08-30 18:00:00+00:00,selected,
FOMC_2023_09_20,NZDUSD,4,2023-08-23 18:00:00+00:00,selected,
FOMC_2023_09_20,NZDUSD,5,2023-08-16 18:00:00+00:00,valid_not_selected,
FOMC_2023_09_20,NZDUSD,6,2023-08-09 18:00:00+00:00,valid_not_selected,
FOMC_2023_09_20,NZDUSD,7,2023-08-02 18:00:00+00:00,valid_not_selected,
FOMC_2023_09_20,NZDUSD,8,2023-07-26 18:00:00+00:00,rejected,FOMC date
FOMC_2023_09_20,NZDUSD,9,2023-07-19 18:00:00+00:00,valid_not_selected,
FOMC_2023_09_20,NZDUSD,10,2023-07-12 18:00:00+00:00,rejected,missing/nonpositive observed quote
FOMC_2023_09_20,NZDUSD,11,2023-07-05 18:00:00+00:00,rejected,missing/nonpositive observed quote
FOMC_2023_09_20,NZDUSD,12,2023-06-28 18:00:00+00:00,rejected,missing/nonpositive observed quote
FOMC_2023_09_20,USDJPY,1,2023-09-13 18:00:00+00:00,selected,
FOMC_2023_09_20,USDJPY,2,2023-09-06 18:00:00+00:00,selected,
FOMC_2023_09_20,USDJPY,3,2023-08-30 18:00:00+00:00,selected,
FOMC_2023_09_20,USDJPY,4,2023-08-23 18:00:00+00:00,selected,
FOMC_2023_09_20,USDJPY,5,2023-08-16 18:00:00+00:00,valid_not_selected,
FOMC_2023_09_20,USDJPY,6,2023-08-09 18:00:00+00:00,valid_not_selected,
FOMC_2023_09_20,USDJPY,7,2023-08-02 18:00:00+00:00,valid_not_selected,
FOMC_2023_09_20,USDJPY,8,2023-07-26 18:00:00+00:00,rejected,FOMC date
FOMC_2023_09_20,USDJPY,9,2023-07-19 18:00:00+00:00,rejected,missing/nonpositive observed quote
FOMC_2023_09_20,USDJPY,10,2023-07-12 18:00:00+00:00,rejected,missing/nonpositive observed quote
FOMC_2023_09_20,USDJPY,11,2023-07-05 18:00:00+00:00,rejected,missing/nonpositive observed quote
FOMC_2023_09_20,USDJPY,12,2023-06-28 18:00:00+00:00,rejected,missing/nonpositive observed quote
FOMC_2023_09_20,USDCHF,1,2023-09-13 18:00:00+00:00,selected,
FOMC_2023_09_20,USDCHF,2,2023-09-06 18:00:00+00:00,selected,
FOMC_2023_09_20,USDCHF,3,2023-08-30 18:00:00+00:00,selected,
FOMC_2023_09_20,USDCHF,4,2023-08-23 18:00:00+00:00,selected,
FOMC_2023_09_20,USDCHF,5,2023-08-16 18:00:00+00:00,valid_not_selected,
FOMC_2023_09_20,USDCHF,6,2023-08-09 18:00:00+00:00,valid_not_selected,
FOMC_2023_09_20,USDCHF,7,2023-08-02 18:00:00+00:00,valid_not_selected,
FOMC_2023_09_20,USDCHF,8,2023-07-26 18:00:00+00:00,rejected,FOMC date
FOMC_2023_09_20,USDCHF,9,2023-07-19 18:00:00+00:00,rejected,missing/nonpositive observed quote
FOMC_2023_09_20,USDCHF,10,2023-07-12 18:00:00+00:00,rejected,missing/nonpositive observed quote
FOMC_2023_09_20,USDCHF,11,2023-07-05 18:00:00+00:00,rejected,missing/nonpositive observed quote
FOMC_2023_09_20,USDCHF,12,2023-06-28 18:00:00+00:00,rejected,missing/nonpositive observed quote
FOMC_2023_09_20,USDCAD,1,2023-09-13 18:00:00+00:00,selected,
FOMC_2023_09_20,USDCAD,2,2023-09-06 18:00:00+00:00,selected,
FOMC_2023_09_20,USDCAD,3,2023-08-30 18:00:00+00:00,selected,
FOMC_2023_09_20,USDCAD,4,2023-08-23 18:00:00+00:00,selected,
FOMC_2023_09_20,USDCAD,5,2023-08-16 18:00:00+00:00,valid_not_selected,
FOMC_2023_09_20,USDCAD,6,2023-08-09 18:00:00+00:00,valid_not_selected,
FOMC_2023_09_20,USDCAD,7,2023-08-02 18:00:00+00:00,valid_not_selected,
FOMC_2023_09_20,USDCAD,8,2023-07-26 18:00:00+00:00,rejected,FOMC date
FOMC_2023_09_20,USDCAD,9,2023-07-19 18:00:00+00:00,rejected,missing/nonpositive observed quote
FOMC_2023_09_20,USDCAD,10,2023-07-12 18:00:00+00:00,rejected,missing/nonpositive observed quote
FOMC_2023_09_20,USDCAD,11,2023-07-05 18:00:00+00:00,rejected,missing/nonpositive observed quote
FOMC_2023_09_20,USDCAD,12,2023-06-28 18:00:00+00:00,rejected,missing/nonpositive observed quote
FOMC_2023_09_20,EURJPY,1,2023-09-13 18:00:00+00:00,selected,
FOMC_2023_09_20,EURJPY,2,2023-09-06 18:00:00+00:00,selected,
FOMC_2023_09_20,EURJPY,3,2023-08-30 18:00:00+00:00,selected,
FOMC_2023_09_20,EURJPY,4,2023-08-23 18:00:00+00:00,selected,
FOMC_2023_09_20,EURJPY,5,2023-08-16 18:00:00+00:00,valid_not_selected,
FOMC_2023_09_20,EURJPY,6,2023-08-09 18:00:00+00:00,valid_not_selected,
FOMC_2023_09_20,EURJPY,7,2023-08-02 18:00:00+00:00,valid_not_selected,
FOMC_2023_09_20,EURJPY,8,2023-07-26 18:00:00+00:00,rejected,FOMC date
FOMC_2023_09_20,EURJPY,9,2023-07-19 18:00:00+00:00,rejected,missing/nonpositive observed quote
FOMC_2023_09_20,EURJPY,10,2023-07-12 18:00:00+00:00,rejected,missing/nonpositive observed quote
FOMC_2023_09_20,EURJPY,11,2023-07-05 18:00:00+00:00,rejected,missing/nonpositive observed quote
FOMC_2023_09_20,EURJPY,12,2023-06-28 18:00:00+00:00,rejected,missing/nonpositive observed quote
FOMC_2023_09_20,XAUUSD,1,2023-09-13 18:00:00+00:00,selected,
FOMC_2023_09_20,XAUUSD,2,2023-09-06 18:00:00+00:00,selected,
FOMC_2023_09_20,XAUUSD,3,2023-08-30 18:00:00+00:00,selected,
FOMC_2023_09_20,XAUUSD,4,2023-08-23 18:00:00+00:00,selected,
FOMC_2023_09_20,XAUUSD,5,2023-08-16 18:00:00+00:00,valid_not_selected,
FOMC_2023_09_20,XAUUSD,6,2023-08-09 18:00:00+00:00,valid_not_selected,
FOMC_2023_09_20,XAUUSD,7,2023-08-02 18:00:00+00:00,valid_not_selected,
FOMC_2023_09_20,XAUUSD,8,2023-07-26 18:00:00+00:00,rejected,FOMC date
FOMC_2023_09_20,XAUUSD,9,2023-07-19 18:00:00+00:00,rejected,missing/nonpositive observed quote
FOMC_2023_09_20,XAUUSD,10,2023-07-12 18:00:00+00:00,rejected,missing/nonpositive observed quote
FOMC_2023_09_20,XAUUSD,11,2023-07-05 18:00:00+00:00,rejected,missing/nonpositive observed quote
FOMC_2023_09_20,XAUUSD,12,2023-06-28 18:00:00+00:00,rejected,missing/nonpositive observed quote
FOMC_2023_09_20,XAGUSD,1,2023-09-13 18:00:00+00:00,selected,
FOMC_2023_09_20,XAGUSD,2,2023-09-06 18:00:00+00:00,selected,
FOMC_2023_09_20,XAGUSD,3,2023-08-30 18:00:00+00:00,selected,
FOMC_2023_09_20,XAGUSD,4,2023-08-23 18:00:00+00:00,selected,
FOMC_2023_09_20,XAGUSD,5,2023-08-16 18:00:00+00:00,valid_not_selected,
FOMC_2023_09_20,XAGUSD,6,2023-08-09 18:00:00+00:00,valid_not_selected,
FOMC_2023_09_20,XAGUSD,7,2023-08-02 18:00:00+00:00,valid_not_selected,
FOMC_2023_09_20,XAGUSD,8,2023-07-26 18:00:00+00:00,rejected,FOMC date
FOMC_2023_09_20,XAGUSD,9,2023-07-19 18:00:00+00:00,rejected,missing/nonpositive observed quote
FOMC_2023_09_20,XAGUSD,10,2023-07-12 18:00:00+00:00,rejected,missing/nonpositive observed quote
FOMC_2023_09_20,XAGUSD,11,2023-07-05 18:00:00+00:00,rejected,missing/nonpositive observed quote
FOMC_2023_09_20,XAGUSD,12,2023-06-28 18:00:00+00:00,rejected,missing/nonpositive observed quote
FOMC_2023_09_20,SPXUSD,1,2023-09-13 18:00:00+00:00,selected,
FOMC_2023_09_20,SPXUSD,2,2023-09-06 18:00:00+00:00,selected,
FOMC_2023_09_20,SPXUSD,3,2023-08-30 18:00:00+00:00,selected,
FOMC_2023_09_20,SPXUSD,4,2023-08-23 18:00:00+00:00,selected,
FOMC_2023_09_20,SPXUSD,5,2023-08-16 18:00:00+00:00,valid_not_selected,
FOMC_2023_09_20,SPXUSD,6,2023-08-09 18:00:00+00:00,valid_not_selected,
FOMC_2023_09_20,SPXUSD,7,2023-08-02 18:00:00+00:00,valid_not_selected,
FOMC_2023_09_20,SPXUSD,8,2023-07-26 18:00:00+00:00,rejected,FOMC date
FOMC_2023_09_20,SPXUSD,9,2023-07-19 18:00:00+00:00,rejected,missing/nonpositive observed quote
FOMC_2023_09_20,SPXUSD,10,2023-07-12 18:00:00+00:00,rejected,missing/nonpositive observed quote
FOMC_2023_09_20,SPXUSD,11,2023-07-05 18:00:00+00:00,rejected,missing/nonpositive observed quote
FOMC_2023_09_20,SPXUSD,12,2023-06-28 18:00:00+00:00,rejected,missing/nonpositive observed quote
FOMC_2023_09_20,NSXUSD,1,2023-09-13 18:00:00+00:00,selected,
FOMC_2023_09_20,NSXUSD,2,2023-09-06 18:00:00+00:00,selected,
FOMC_2023_09_20,NSXUSD,3,2023-08-30 18:00:00+00:00,selected,
FOMC_2023_09_20,NSXUSD,4,2023-08-23 18:00:00+00:00,selected,
FOMC_2023_09_20,NSXUSD,5,2023-08-16 18:00:00+00:00,valid_not_selected,
FOMC_2023_09_20,NSXUSD,6,2023-08-09 18:00:00+00:00,valid_not_selected,
FOMC_2023_09_20,NSXUSD,7,2023-08-02 18:00:00+00:00,valid_not_selected,
FOMC_2023_09_20,NSXUSD,8,2023-07-26 18:00:00+00:00,rejected,FOMC date
FOMC_2023_09_20,NSXUSD,9,2023-07-19 18:00:00+00:00,rejected,missing/nonpositive observed quote
FOMC_2023_09_20,NSXUSD,10,2023-07-12 18:00:00+00:00,rejected,missing/nonpositive observed quote
FOMC_2023_09_20,NSXUSD,11,2023-07-05 18:00:00+00:00,rejected,missing/nonpositive observed quote
FOMC_2023_09_20,NSXUSD,12,2023-06-28 18:00:00+00:00,rejected,missing/nonpositive observed quote
FOMC_2023_11_01,EURUSD,1,2023-10-25 18:00:00+00:00,selected,
FOMC_2023_11_01,EURUSD,2,2023-10-18 18:00:00+00:00,selected,
FOMC_2023_11_01,EURUSD,3,2023-10-11 18:00:00+00:00,selected,
FOMC_2023_11_01,EURUSD,4,2023-10-04 18:00:00+00:00,selected,
FOMC_2023_11_01,EURUSD,5,2023-09-27 18:00:00+00:00,valid_not_selected,
FOMC_2023_11_01,EURUSD,6,2023-09-20 18:00:00+00:00,rejected,FOMC date
FOMC_2023_11_01,EURUSD,7,2023-09-13 18:00:00+00:00,valid_not_selected,
FOMC_2023_11_01,EURUSD,8,2023-09-06 18:00:00+00:00,valid_not_selected,
FOMC_2023_11_01,EURUSD,9,2023-08-30 18:00:00+00:00,valid_not_selected,
FOMC_2023_11_01,EURUSD,10,2023-08-23 18:00:00+00:00,valid_not_selected,
FOMC_2023_11_01,EURUSD,11,2023-08-16 18:00:00+00:00,valid_not_selected,
FOMC_2023_11_01,EURUSD,12,2023-08-09 18:00:00+00:00,valid_not_selected,
FOMC_2023_11_01,GBPUSD,1,2023-10-25 18:00:00+00:00,selected,
FOMC_2023_11_01,GBPUSD,2,2023-10-18 18:00:00+00:00,selected,
FOMC_2023_11_01,GBPUSD,3,2023-10-11 18:00:00+00:00,selected,
FOMC_2023_11_01,GBPUSD,4,2023-10-04 18:00:00+00:00,selected,
FOMC_2023_11_01,GBPUSD,5,2023-09-27 18:00:00+00:00,valid_not_selected,
FOMC_2023_11_01,GBPUSD,6,2023-09-20 18:00:00+00:00,rejected,FOMC date
FOMC_2023_11_01,GBPUSD,7,2023-09-13 18:00:00+00:00,valid_not_selected,
FOMC_2023_11_01,GBPUSD,8,2023-09-06 18:00:00+00:00,valid_not_selected,
FOMC_2023_11_01,GBPUSD,9,2023-08-30 18:00:00+00:00,valid_not_selected,
FOMC_2023_11_01,GBPUSD,10,2023-08-23 18:00:00+00:00,valid_not_selected,
FOMC_2023_11_01,GBPUSD,11,2023-08-16 18:00:00+00:00,valid_not_selected,
FOMC_2023_11_01,GBPUSD,12,2023-08-09 18:00:00+00:00,valid_not_selected,
FOMC_2023_11_01,AUDUSD,1,2023-10-25 18:00:00+00:00,selected,
FOMC_2023_11_01,AUDUSD,2,2023-10-18 18:00:00+00:00,selected,
FOMC_2023_11_01,AUDUSD,3,2023-10-11 18:00:00+00:00,selected,
FOMC_2023_11_01,AUDUSD,4,2023-10-04 18:00:00+00:00,selected,
FOMC_2023_11_01,AUDUSD,5,2023-09-27 18:00:00+00:00,valid_not_selected,
FOMC_2023_11_01,AUDUSD,6,2023-09-20 18:00:00+00:00,rejected,FOMC date
FOMC_2023_11_01,AUDUSD,7,2023-09-13 18:00:00+00:00,valid_not_selected,
FOMC_2023_11_01,AUDUSD,8,2023-09-06 18:00:00+00:00,valid_not_selected,
FOMC_2023_11_01,AUDUSD,9,2023-08-30 18:00:00+00:00,valid_not_selected,
FOMC_2023_11_01,AUDUSD,10,2023-08-23 18:00:00+00:00,valid_not_selected,
FOMC_2023_11_01,AUDUSD,11,2023-08-16 18:00:00+00:00,valid_not_selected,
FOMC_2023_11_01,AUDUSD,12,2023-08-09 18:00:00+00:00,valid_not_selected,
FOMC_2023_11_01,NZDUSD,1,2023-10-25 18:00:00+00:00,selected,
FOMC_2023_11_01,NZDUSD,2,2023-10-18 18:00:00+00:00,selected,
FOMC_2023_11_01,NZDUSD,3,2023-10-11 18:00:00+00:00,selected,
FOMC_2023_11_01,NZDUSD,4,2023-10-04 18:00:00+00:00,selected,
FOMC_2023_11_01,NZDUSD,5,2023-09-27 18:00:00+00:00,valid_not_selected,
FOMC_2023_11_01,NZDUSD,6,2023-09-20 18:00:00+00:00,rejected,FOMC date
FOMC_2023_11_01,NZDUSD,7,2023-09-13 18:00:00+00:00,valid_not_selected,
FOMC_2023_11_01,NZDUSD,8,2023-09-06 18:00:00+00:00,valid_not_selected,
FOMC_2023_11_01,NZDUSD,9,2023-08-30 18:00:00+00:00,valid_not_selected,
FOMC_2023_11_01,NZDUSD,10,2023-08-23 18:00:00+00:00,valid_not_selected,
FOMC_2023_11_01,NZDUSD,11,2023-08-16 18:00:00+00:00,valid_not_selected,
FOMC_2023_11_01,NZDUSD,12,2023-08-09 18:00:00+00:00,valid_not_selected,
FOMC_2023_11_01,USDJPY,1,2023-10-25 18:00:00+00:00,selected,
FOMC_2023_11_01,USDJPY,2,2023-10-18 18:00:00+00:00,selected,
FOMC_2023_11_01,USDJPY,3,2023-10-11 18:00:00+00:00,selected,
FOMC_2023_11_01,USDJPY,4,2023-10-04 18:00:00+00:00,selected,
FOMC_2023_11_01,USDJPY,5,2023-09-27 18:00:00+00:00,valid_not_selected,
FOMC_2023_11_01,USDJPY,6,2023-09-20 18:00:00+00:00,rejected,FOMC date
FOMC_2023_11_01,USDJPY,7,2023-09-13 18:00:00+00:00,valid_not_selected,
FOMC_2023_11_01,USDJPY,8,2023-09-06 18:00:00+00:00,valid_not_selected,
FOMC_2023_11_01,USDJPY,9,2023-08-30 18:00:00+00:00,valid_not_selected,
FOMC_2023_11_01,USDJPY,10,2023-08-23 18:00:00+00:00,valid_not_selected,
FOMC_2023_11_01,USDJPY,11,2023-08-16 18:00:00+00:00,valid_not_selected,
FOMC_2023_11_01,USDJPY,12,2023-08-09 18:00:00+00:00,valid_not_selected,
FOMC_2023_11_01,USDCHF,1,2023-10-25 18:00:00+00:00,selected,
FOMC_2023_11_01,USDCHF,2,2023-10-18 18:00:00+00:00,selected,
FOMC_2023_11_01,USDCHF,3,2023-10-11 18:00:00+00:00,selected,
FOMC_2023_11_01,USDCHF,4,2023-10-04 18:00:00+00:00,selected,
FOMC_2023_11_01,USDCHF,5,2023-09-27 18:00:00+00:00,valid_not_selected,
FOMC_2023_11_01,USDCHF,6,2023-09-20 18:00:00+00:00,rejected,FOMC date
FOMC_2023_11_01,USDCHF,7,2023-09-13 18:00:00+00:00,valid_not_selected,
FOMC_2023_11_01,USDCHF,8,2023-09-06 18:00:00+00:00,valid_not_selected,
FOMC_2023_11_01,USDCHF,9,2023-08-30 18:00:00+00:00,valid_not_selected,
FOMC_2023_11_01,USDCHF,10,2023-08-23 18:00:00+00:00,valid_not_selected,
FOMC_2023_11_01,USDCHF,11,2023-08-16 18:00:00+00:00,valid_not_selected,
FOMC_2023_11_01,USDCHF,12,2023-08-09 18:00:00+00:00,valid_not_selected,
FOMC_2023_11_01,USDCAD,1,2023-10-25 18:00:00+00:00,selected,
FOMC_2023_11_01,USDCAD,2,2023-10-18 18:00:00+00:00,selected,
FOMC_2023_11_01,USDCAD,3,2023-10-11 18:00:00+00:00,selected,
FOMC_2023_11_01,USDCAD,4,2023-10-04 18:00:00+00:00,selected,
FOMC_2023_11_01,USDCAD,5,2023-09-27 18:00:00+00:00,valid_not_selected,
FOMC_2023_11_01,USDCAD,6,2023-09-20 18:00:00+00:00,rejected,FOMC date
FOMC_2023_11_01,USDCAD,7,2023-09-13 18:00:00+00:00,valid_not_selected,
FOMC_2023_11_01,USDCAD,8,2023-09-06 18:00:00+00:00,valid_not_selected,
FOMC_2023_11_01,USDCAD,9,2023-08-30 18:00:00+00:00,valid_not_selected,
FOMC_2023_11_01,USDCAD,10,2023-08-23 18:00:00+00:00,valid_not_selected,
FOMC_2023_11_01,USDCAD,11,2023-08-16 18:00:00+00:00,valid_not_selected,
FOMC_2023_11_01,USDCAD,12,2023-08-09 18:00:00+00:00,valid_not_selected,
FOMC_2023_11_01,EURJPY,1,2023-10-25 18:00:00+00:00,selected,
FOMC_2023_11_01,EURJPY,2,2023-10-18 18:00:00+00:00,selected,
FOMC_2023_11_01,EURJPY,3,2023-10-11 18:00:00+00:00,selected,
FOMC_2023_11_01,EURJPY,4,2023-10-04 18:00:00+00:00,selected,
FOMC_2023_11_01,EURJPY,5,2023-09-27 18:00:00+00:00,valid_not_selected,
FOMC_2023_11_01,EURJPY,6,2023-09-20 18:00:00+00:00,rejected,FOMC date
FOMC_2023_11_01,EURJPY,7,2023-09-13 18:00:00+00:00,valid_not_selected,
FOMC_2023_11_01,EURJPY,8,2023-09-06 18:00:00+00:00,valid_not_selected,
FOMC_2023_11_01,EURJPY,9,2023-08-30 18:00:00+00:00,valid_not_selected,
FOMC_2023_11_01,EURJPY,10,2023-08-23 18:00:00+00:00,valid_not_selected,
FOMC_2023_11_01,EURJPY,11,2023-08-16 18:00:00+00:00,valid_not_selected,
FOMC_2023_11_01,EURJPY,12,2023-08-09 18:00:00+00:00,valid_not_selected,
FOMC_2023_11_01,XAUUSD,1,2023-10-25 18:00:00+00:00,selected,
FOMC_2023_11_01,XAUUSD,2,2023-10-18 18:00:00+00:00,selected,
FOMC_2023_11_01,XAUUSD,3,2023-10-11 18:00:00+00:00,selected,
FOMC_2023_11_01,XAUUSD,4,2023-10-04 18:00:00+00:00,selected,
FOMC_2023_11_01,XAUUSD,5,2023-09-27 18:00:00+00:00,valid_not_selected,
FOMC_2023_11_01,XAUUSD,6,2023-09-20 18:00:00+00:00,rejected,FOMC date
FOMC_2023_11_01,XAUUSD,7,2023-09-13 18:00:00+00:00,valid_not_selected,
FOMC_2023_11_01,XAUUSD,8,2023-09-06 18:00:00+00:00,valid_not_selected,
FOMC_2023_11_01,XAUUSD,9,2023-08-30 18:00:00+00:00,valid_not_selected,
FOMC_2023_11_01,XAUUSD,10,2023-08-23 18:00:00+00:00,valid_not_selected,
FOMC_2023_11_01,XAUUSD,11,2023-08-16 18:00:00+00:00,valid_not_selected,
FOMC_2023_11_01,XAUUSD,12,2023-08-09 18:00:00+00:00,valid_not_selected,
FOMC_2023_11_01,XAGUSD,1,2023-10-25 18:00:00+00:00,selected,
FOMC_2023_11_01,XAGUSD,2,2023-10-18 18:00:00+00:00,selected,
FOMC_2023_11_01,XAGUSD,3,2023-10-11 18:00:00+00:00,selected,
FOMC_2023_11_01,XAGUSD,4,2023-10-04 18:00:00+00:00,selected,
FOMC_2023_11_01,XAGUSD,5,2023-09-27 18:00:00+00:00,valid_not_selected,
FOMC_2023_11_01,XAGUSD,6,2023-09-20 18:00:00+00:00,rejected,FOMC date
FOMC_2023_11_01,XAGUSD,7,2023-09-13 18:00:00+00:00,valid_not_selected,
FOMC_2023_11_01,XAGUSD,8,2023-09-06 18:00:00+00:00,valid_not_selected,
FOMC_2023_11_01,XAGUSD,9,2023-08-30 18:00:00+00:00,valid_not_selected,
FOMC_2023_11_01,XAGUSD,10,2023-08-23 18:00:00+00:00,valid_not_selected,
FOMC_2023_11_01,XAGUSD,11,2023-08-16 18:00:00+00:00,valid_not_selected,
FOMC_2023_11_01,XAGUSD,12,2023-08-09 18:00:00+00:00,valid_not_selected,
FOMC_2023_11_01,SPXUSD,1,2023-10-25 18:00:00+00:00,selected,
FOMC_2023_11_01,SPXUSD,2,2023-10-18 18:00:00+00:00,selected,
FOMC_2023_11_01,SPXUSD,3,2023-10-11 18:00:00+00:00,selected,
FOMC_2023_11_01,SPXUSD,4,2023-10-04 18:00:00+00:00,selected,
FOMC_2023_11_01,SPXUSD,5,2023-09-27 18:00:00+00:00,valid_not_selected,
FOMC_2023_11_01,SPXUSD,6,2023-09-20 18:00:00+00:00,rejected,FOMC date
FOMC_2023_11_01,SPXUSD,7,2023-09-13 18:00:00+00:00,valid_not_selected,
FOMC_2023_11_01,SPXUSD,8,2023-09-06 18:00:00+00:00,valid_not_selected,
FOMC_2023_11_01,SPXUSD,9,2023-08-30 18:00:00+00:00,valid_not_selected,
FOMC_2023_11_01,SPXUSD,10,2023-08-23 18:00:00+00:00,valid_not_selected,
FOMC_2023_11_01,SPXUSD,11,2023-08-16 18:00:00+00:00,valid_not_selected,
FOMC_2023_11_01,SPXUSD,12,2023-08-09 18:00:00+00:00,valid_not_selected,
FOMC_2023_11_01,NSXUSD,1,2023-10-25 18:00:00+00:00,selected,
FOMC_2023_11_01,NSXUSD,2,2023-10-18 18:00:00+00:00,selected,
FOMC_2023_11_01,NSXUSD,3,2023-10-11 18:00:00+00:00,selected,
FOMC_2023_11_01,NSXUSD,4,2023-10-04 18:00:00+00:00,selected,
FOMC_2023_11_01,NSXUSD,5,2023-09-27 18:00:00+00:00,valid_not_selected,
FOMC_2023_11_01,NSXUSD,6,2023-09-20 18:00:00+00:00,rejected,FOMC date
FOMC_2023_11_01,NSXUSD,7,2023-09-13 18:00:00+00:00,valid_not_selected,
FOMC_2023_11_01,NSXUSD,8,2023-09-06 18:00:00+00:00,valid_not_selected,
FOMC_2023_11_01,NSXUSD,9,2023-08-30 18:00:00+00:00,valid_not_selected,
FOMC_2023_11_01,NSXUSD,10,2023-08-23 18:00:00+00:00,valid_not_selected,
FOMC_2023_11_01,NSXUSD,11,2023-08-16 18:00:00+00:00,valid_not_selected,
FOMC_2023_11_01,NSXUSD,12,2023-08-09 18:00:00+00:00,valid_not_selected,
FOMC_2023_12_13,EURUSD,1,2023-12-06 19:00:00+00:00,selected,
FOMC_2023_12_13,EURUSD,2,2023-11-29 19:00:00+00:00,selected,
FOMC_2023_12_13,EURUSD,3,2023-11-22 19:00:00+00:00,selected,
FOMC_2023_12_13,EURUSD,4,2023-11-15 19:00:00+00:00,selected,
FOMC_2023_12_13,EURUSD,5,2023-11-08 19:00:00+00:00,valid_not_selected,
FOMC_2023_12_13,EURUSD,6,2023-11-01 18:00:00+00:00,rejected,FOMC date
FOMC_2023_12_13,EURUSD,7,2023-10-25 18:00:00+00:00,valid_not_selected,
FOMC_2023_12_13,EURUSD,8,2023-10-18 18:00:00+00:00,valid_not_selected,
FOMC_2023_12_13,EURUSD,9,2023-10-11 18:00:00+00:00,valid_not_selected,
FOMC_2023_12_13,EURUSD,10,2023-10-04 18:00:00+00:00,valid_not_selected,
FOMC_2023_12_13,EURUSD,11,2023-09-27 18:00:00+00:00,valid_not_selected,
FOMC_2023_12_13,EURUSD,12,2023-09-20 18:00:00+00:00,rejected,FOMC date
FOMC_2023_12_13,GBPUSD,1,2023-12-06 19:00:00+00:00,selected,
FOMC_2023_12_13,GBPUSD,2,2023-11-29 19:00:00+00:00,selected,
FOMC_2023_12_13,GBPUSD,3,2023-11-22 19:00:00+00:00,selected,
FOMC_2023_12_13,GBPUSD,4,2023-11-15 19:00:00+00:00,selected,
FOMC_2023_12_13,GBPUSD,5,2023-11-08 19:00:00+00:00,valid_not_selected,
FOMC_2023_12_13,GBPUSD,6,2023-11-01 18:00:00+00:00,rejected,FOMC date
FOMC_2023_12_13,GBPUSD,7,2023-10-25 18:00:00+00:00,valid_not_selected,
FOMC_2023_12_13,GBPUSD,8,2023-10-18 18:00:00+00:00,valid_not_selected,
FOMC_2023_12_13,GBPUSD,9,2023-10-11 18:00:00+00:00,valid_not_selected,
FOMC_2023_12_13,GBPUSD,10,2023-10-04 18:00:00+00:00,valid_not_selected,
FOMC_2023_12_13,GBPUSD,11,2023-09-27 18:00:00+00:00,valid_not_selected,
FOMC_2023_12_13,GBPUSD,12,2023-09-20 18:00:00+00:00,rejected,FOMC date
FOMC_2023_12_13,AUDUSD,1,2023-12-06 19:00:00+00:00,selected,
FOMC_2023_12_13,AUDUSD,2,2023-11-29 19:00:00+00:00,selected,
FOMC_2023_12_13,AUDUSD,3,2023-11-22 19:00:00+00:00,selected,
FOMC_2023_12_13,AUDUSD,4,2023-11-15 19:00:00+00:00,selected,
FOMC_2023_12_13,AUDUSD,5,2023-11-08 19:00:00+00:00,valid_not_selected,
FOMC_2023_12_13,AUDUSD,6,2023-11-01 18:00:00+00:00,rejected,FOMC date
FOMC_2023_12_13,AUDUSD,7,2023-10-25 18:00:00+00:00,valid_not_selected,
FOMC_2023_12_13,AUDUSD,8,2023-10-18 18:00:00+00:00,valid_not_selected,
FOMC_2023_12_13,AUDUSD,9,2023-10-11 18:00:00+00:00,valid_not_selected,
FOMC_2023_12_13,AUDUSD,10,2023-10-04 18:00:00+00:00,valid_not_selected,
FOMC_2023_12_13,AUDUSD,11,2023-09-27 18:00:00+00:00,valid_not_selected,
FOMC_2023_12_13,AUDUSD,12,2023-09-20 18:00:00+00:00,rejected,FOMC date
FOMC_2023_12_13,NZDUSD,1,2023-12-06 19:00:00+00:00,selected,
FOMC_2023_12_13,NZDUSD,2,2023-11-29 19:00:00+00:00,selected,
FOMC_2023_12_13,NZDUSD,3,2023-11-22 19:00:00+00:00,selected,
FOMC_2023_12_13,NZDUSD,4,2023-11-15 19:00:00+00:00,selected,
FOMC_2023_12_13,NZDUSD,5,2023-11-08 19:00:00+00:00,valid_not_selected,
FOMC_2023_12_13,NZDUSD,6,2023-11-01 18:00:00+00:00,rejected,FOMC date
FOMC_2023_12_13,NZDUSD,7,2023-10-25 18:00:00+00:00,valid_not_selected,
FOMC_2023_12_13,NZDUSD,8,2023-10-18 18:00:00+00:00,valid_not_selected,
FOMC_2023_12_13,NZDUSD,9,2023-10-11 18:00:00+00:00,valid_not_selected,
FOMC_2023_12_13,NZDUSD,10,2023-10-04 18:00:00+00:00,valid_not_selected,
FOMC_2023_12_13,NZDUSD,11,2023-09-27 18:00:00+00:00,valid_not_selected,
FOMC_2023_12_13,NZDUSD,12,2023-09-20 18:00:00+00:00,rejected,FOMC date
FOMC_2023_12_13,USDJPY,1,2023-12-06 19:00:00+00:00,selected,
FOMC_2023_12_13,USDJPY,2,2023-11-29 19:00:00+00:00,selected,
FOMC_2023_12_13,USDJPY,3,2023-11-22 19:00:00+00:00,selected,
FOMC_2023_12_13,USDJPY,4,2023-11-15 19:00:00+00:00,selected,
FOMC_2023_12_13,USDJPY,5,2023-11-08 19:00:00+00:00,valid_not_selected,
FOMC_2023_12_13,USDJPY,6,2023-11-01 18:00:00+00:00,rejected,FOMC date
FOMC_2023_12_13,USDJPY,7,2023-10-25 18:00:00+00:00,valid_not_selected,
FOMC_2023_12_13,USDJPY,8,2023-10-18 18:00:00+00:00,valid_not_selected,
FOMC_2023_12_13,USDJPY,9,2023-10-11 18:00:00+00:00,valid_not_selected,
FOMC_2023_12_13,USDJPY,10,2023-10-04 18:00:00+00:00,valid_not_selected,
FOMC_2023_12_13,USDJPY,11,2023-09-27 18:00:00+00:00,valid_not_selected,
FOMC_2023_12_13,USDJPY,12,2023-09-20 18:00:00+00:00,rejected,FOMC date
FOMC_2023_12_13,USDCHF,1,2023-12-06 19:00:00+00:00,selected,
FOMC_2023_12_13,USDCHF,2,2023-11-29 19:00:00+00:00,selected,
FOMC_2023_12_13,USDCHF,3,2023-11-22 19:00:00+00:00,selected,
FOMC_2023_12_13,USDCHF,4,2023-11-15 19:00:00+00:00,selected,
FOMC_2023_12_13,USDCHF,5,2023-11-08 19:00:00+00:00,valid_not_selected,
FOMC_2023_12_13,USDCHF,6,2023-11-01 18:00:00+00:00,rejected,FOMC date
FOMC_2023_12_13,USDCHF,7,2023-10-25 18:00:00+00:00,valid_not_selected,
FOMC_2023_12_13,USDCHF,8,2023-10-18 18:00:00+00:00,valid_not_selected,
FOMC_2023_12_13,USDCHF,9,2023-10-11 18:00:00+00:00,valid_not_selected,
FOMC_2023_12_13,USDCHF,10,2023-10-04 18:00:00+00:00,valid_not_selected,
FOMC_2023_12_13,USDCHF,11,2023-09-27 18:00:00+00:00,valid_not_selected,
FOMC_2023_12_13,USDCHF,12,2023-09-20 18:00:00+00:00,rejected,FOMC date
FOMC_2023_12_13,USDCAD,1,2023-12-06 19:00:00+00:00,selected,
FOMC_2023_12_13,USDCAD,2,2023-11-29 19:00:00+00:00,selected,
FOMC_2023_12_13,USDCAD,3,2023-11-22 19:00:00+00:00,selected,
FOMC_2023_12_13,USDCAD,4,2023-11-15 19:00:00+00:00,selected,
FOMC_2023_12_13,USDCAD,5,2023-11-08 19:00:00+00:00,valid_not_selected,
FOMC_2023_12_13,USDCAD,6,2023-11-01 18:00:00+00:00,rejected,FOMC date
FOMC_2023_12_13,USDCAD,7,2023-10-25 18:00:00+00:00,valid_not_selected,
FOMC_2023_12_13,USDCAD,8,2023-10-18 18:00:00+00:00,valid_not_selected,
FOMC_2023_12_13,USDCAD,9,2023-10-11 18:00:00+00:00,valid_not_selected,
FOMC_2023_12_13,USDCAD,10,2023-10-04 18:00:00+00:00,valid_not_selected,
FOMC_2023_12_13,USDCAD,11,2023-09-27 18:00:00+00:00,valid_not_selected,
FOMC_2023_12_13,USDCAD,12,2023-09-20 18:00:00+00:00,rejected,FOMC date
FOMC_2023_12_13,EURJPY,1,2023-12-06 19:00:00+00:00,selected,
FOMC_2023_12_13,EURJPY,2,2023-11-29 19:00:00+00:00,selected,
FOMC_2023_12_13,EURJPY,3,2023-11-22 19:00:00+00:00,selected,
FOMC_2023_12_13,EURJPY,4,2023-11-15 19:00:00+00:00,selected,
FOMC_2023_12_13,EURJPY,5,2023-11-08 19:00:00+00:00,valid_not_selected,
FOMC_2023_12_13,EURJPY,6,2023-11-01 18:00:00+00:00,rejected,FOMC date
FOMC_2023_12_13,EURJPY,7,2023-10-25 18:00:00+00:00,valid_not_selected,
FOMC_2023_12_13,EURJPY,8,2023-10-18 18:00:00+00:00,valid_not_selected,
FOMC_2023_12_13,EURJPY,9,2023-10-11 18:00:00+00:00,valid_not_selected,
FOMC_2023_12_13,EURJPY,10,2023-10-04 18:00:00+00:00,valid_not_selected,
FOMC_2023_12_13,EURJPY,11,2023-09-27 18:00:00+00:00,valid_not_selected,
FOMC_2023_12_13,EURJPY,12,2023-09-20 18:00:00+00:00,rejected,FOMC date
FOMC_2023_12_13,XAUUSD,1,2023-12-06 19:00:00+00:00,selected,
FOMC_2023_12_13,XAUUSD,2,2023-11-29 19:00:00+00:00,selected,
FOMC_2023_12_13,XAUUSD,3,2023-11-22 19:00:00+00:00,selected,
FOMC_2023_12_13,XAUUSD,4,2023-11-15 19:00:00+00:00,selected,
FOMC_2023_12_13,XAUUSD,5,2023-11-08 19:00:00+00:00,valid_not_selected,
FOMC_2023_12_13,XAUUSD,6,2023-11-01 18:00:00+00:00,rejected,FOMC date
FOMC_2023_12_13,XAUUSD,7,2023-10-25 18:00:00+00:00,valid_not_selected,
FOMC_2023_12_13,XAUUSD,8,2023-10-18 18:00:00+00:00,valid_not_selected,
FOMC_2023_12_13,XAUUSD,9,2023-10-11 18:00:00+00:00,valid_not_selected,
FOMC_2023_12_13,XAUUSD,10,2023-10-04 18:00:00+00:00,valid_not_selected,
FOMC_2023_12_13,XAUUSD,11,2023-09-27 18:00:00+00:00,valid_not_selected,
FOMC_2023_12_13,XAUUSD,12,2023-09-20 18:00:00+00:00,rejected,FOMC date
FOMC_2023_12_13,XAGUSD,1,2023-12-06 19:00:00+00:00,selected,
FOMC_2023_12_13,XAGUSD,2,2023-11-29 19:00:00+00:00,selected,
FOMC_2023_12_13,XAGUSD,3,2023-11-22 19:00:00+00:00,selected,
FOMC_2023_12_13,XAGUSD,4,2023-11-15 19:00:00+00:00,selected,
FOMC_2023_12_13,XAGUSD,5,2023-11-08 19:00:00+00:00,valid_not_selected,
FOMC_2023_12_13,XAGUSD,6,2023-11-01 18:00:00+00:00,rejected,FOMC date
FOMC_2023_12_13,XAGUSD,7,2023-10-25 18:00:00+00:00,valid_not_selected,
FOMC_2023_12_13,XAGUSD,8,2023-10-18 18:00:00+00:00,valid_not_selected,
FOMC_2023_12_13,XAGUSD,9,2023-10-11 18:00:00+00:00,valid_not_selected,
FOMC_2023_12_13,XAGUSD,10,2023-10-04 18:00:00+00:00,valid_not_selected,
FOMC_2023_12_13,XAGUSD,11,2023-09-27 18:00:00+00:00,valid_not_selected,
FOMC_2023_12_13,XAGUSD,12,2023-09-20 18:00:00+00:00,rejected,FOMC date
FOMC_2023_12_13,SPXUSD,1,2023-12-06 19:00:00+00:00,selected,
FOMC_2023_12_13,SPXUSD,2,2023-11-29 19:00:00+00:00,selected,
FOMC_2023_12_13,SPXUSD,3,2023-11-22 19:00:00+00:00,selected,
FOMC_2023_12_13,SPXUSD,4,2023-11-15 19:00:00+00:00,selected,
FOMC_2023_12_13,SPXUSD,5,2023-11-08 19:00:00+00:00,valid_not_selected,
FOMC_2023_12_13,SPXUSD,6,2023-11-01 18:00:00+00:00,rejected,FOMC date
FOMC_2023_12_13,SPXUSD,7,2023-10-25 18:00:00+00:00,valid_not_selected,
FOMC_2023_12_13,SPXUSD,8,2023-10-18 18:00:00+00:00,valid_not_selected,
FOMC_2023_12_13,SPXUSD,9,2023-10-11 18:00:00+00:00,valid_not_selected,
FOMC_2023_12_13,SPXUSD,10,2023-10-04 18:00:00+00:00,valid_not_selected,
FOMC_2023_12_13,SPXUSD,11,2023-09-27 18:00:00+00:00,valid_not_selected,
FOMC_2023_12_13,SPXUSD,12,2023-09-20 18:00:00+00:00,rejected,FOMC date
FOMC_2023_12_13,NSXUSD,1,2023-12-06 19:00:00+00:00,selected,
FOMC_2023_12_13,NSXUSD,2,2023-11-29 19:00:00+00:00,selected,
FOMC_2023_12_13,NSXUSD,3,2023-11-22 19:00:00+00:00,selected,
FOMC_2023_12_13,NSXUSD,4,2023-11-15 19:00:00+00:00,selected,
FOMC_2023_12_13,NSXUSD,5,2023-11-08 19:00:00+00:00,valid_not_selected,
FOMC_2023_12_13,NSXUSD,6,2023-11-01 18:00:00+00:00,rejected,FOMC date
FOMC_2023_12_13,NSXUSD,7,2023-10-25 18:00:00+00:00,valid_not_selected,
FOMC_2023_12_13,NSXUSD,8,2023-10-18 18:00:00+00:00,valid_not_selected,
FOMC_2023_12_13,NSXUSD,9,2023-10-11 18:00:00+00:00,valid_not_selected,
FOMC_2023_12_13,NSXUSD,10,2023-10-04 18:00:00+00:00,valid_not_selected,
FOMC_2023_12_13,NSXUSD,11,2023-09-27 18:00:00+00:00,valid_not_selected,
FOMC_2023_12_13,NSXUSD,12,2023-09-20 18:00:00+00:00,rejected,FOMC date
FOMC_2024_01_31,EURUSD,1,2024-01-24 19:00:00+00:00,selected,
FOMC_2024_01_31,EURUSD,2,2024-01-17 19:00:00+00:00,selected,
FOMC_2024_01_31,EURUSD,3,2024-01-10 19:00:00+00:00,selected,
FOMC_2024_01_31,EURUSD,4,2024-01-03 19:00:00+00:00,selected,
FOMC_2024_01_31,EURUSD,5,2023-12-27 19:00:00+00:00,valid_not_selected,
FOMC_2024_01_31,EURUSD,6,2023-12-20 19:00:00+00:00,valid_not_selected,
FOMC_2024_01_31,EURUSD,7,2023-12-13 19:00:00+00:00,rejected,FOMC date
FOMC_2024_01_31,EURUSD,8,2023-12-06 19:00:00+00:00,valid_not_selected,
FOMC_2024_01_31,EURUSD,9,2023-11-29 19:00:00+00:00,valid_not_selected,
FOMC_2024_01_31,EURUSD,10,2023-11-22 19:00:00+00:00,valid_not_selected,
FOMC_2024_01_31,EURUSD,11,2023-11-15 19:00:00+00:00,valid_not_selected,
FOMC_2024_01_31,EURUSD,12,2023-11-08 19:00:00+00:00,valid_not_selected,
FOMC_2024_01_31,GBPUSD,1,2024-01-24 19:00:00+00:00,selected,
FOMC_2024_01_31,GBPUSD,2,2024-01-17 19:00:00+00:00,selected,
FOMC_2024_01_31,GBPUSD,3,2024-01-10 19:00:00+00:00,selected,
FOMC_2024_01_31,GBPUSD,4,2024-01-03 19:00:00+00:00,selected,
FOMC_2024_01_31,GBPUSD,5,2023-12-27 19:00:00+00:00,valid_not_selected,
FOMC_2024_01_31,GBPUSD,6,2023-12-20 19:00:00+00:00,valid_not_selected,
FOMC_2024_01_31,GBPUSD,7,2023-12-13 19:00:00+00:00,rejected,FOMC date
FOMC_2024_01_31,GBPUSD,8,2023-12-06 19:00:00+00:00,valid_not_selected,
FOMC_2024_01_31,GBPUSD,9,2023-11-29 19:00:00+00:00,valid_not_selected,
FOMC_2024_01_31,GBPUSD,10,2023-11-22 19:00:00+00:00,valid_not_selected,
FOMC_2024_01_31,GBPUSD,11,2023-11-15 19:00:00+00:00,valid_not_selected,
FOMC_2024_01_31,GBPUSD,12,2023-11-08 19:00:00+00:00,valid_not_selected,
FOMC_2024_01_31,AUDUSD,1,2024-01-24 19:00:00+00:00,selected,
FOMC_2024_01_31,AUDUSD,2,2024-01-17 19:00:00+00:00,selected,
FOMC_2024_01_31,AUDUSD,3,2024-01-10 19:00:00+00:00,selected,
FOMC_2024_01_31,AUDUSD,4,2024-01-03 19:00:00+00:00,selected,
FOMC_2024_01_31,AUDUSD,5,2023-12-27 19:00:00+00:00,valid_not_selected,
FOMC_2024_01_31,AUDUSD,6,2023-12-20 19:00:00+00:00,valid_not_selected,
FOMC_2024_01_31,AUDUSD,7,2023-12-13 19:00:00+00:00,rejected,FOMC date
FOMC_2024_01_31,AUDUSD,8,2023-12-06 19:00:00+00:00,valid_not_selected,
FOMC_2024_01_31,AUDUSD,9,2023-11-29 19:00:00+00:00,valid_not_selected,
FOMC_2024_01_31,AUDUSD,10,2023-11-22 19:00:00+00:00,valid_not_selected,
FOMC_2024_01_31,AUDUSD,11,2023-11-15 19:00:00+00:00,valid_not_selected,
FOMC_2024_01_31,AUDUSD,12,2023-11-08 19:00:00+00:00,valid_not_selected,
FOMC_2024_01_31,NZDUSD,1,2024-01-24 19:00:00+00:00,selected,
FOMC_2024_01_31,NZDUSD,2,2024-01-17 19:00:00+00:00,selected,
FOMC_2024_01_31,NZDUSD,3,2024-01-10 19:00:00+00:00,selected,
FOMC_2024_01_31,NZDUSD,4,2024-01-03 19:00:00+00:00,selected,
FOMC_2024_01_31,NZDUSD,5,2023-12-27 19:00:00+00:00,valid_not_selected,
FOMC_2024_01_31,NZDUSD,6,2023-12-20 19:00:00+00:00,valid_not_selected,
FOMC_2024_01_31,NZDUSD,7,2023-12-13 19:00:00+00:00,rejected,FOMC date
FOMC_2024_01_31,NZDUSD,8,2023-12-06 19:00:00+00:00,valid_not_selected,
FOMC_2024_01_31,NZDUSD,9,2023-11-29 19:00:00+00:00,valid_not_selected,
FOMC_2024_01_31,NZDUSD,10,2023-11-22 19:00:00+00:00,valid_not_selected,
FOMC_2024_01_31,NZDUSD,11,2023-11-15 19:00:00+00:00,valid_not_selected,
FOMC_2024_01_31,NZDUSD,12,2023-11-08 19:00:00+00:00,valid_not_selected,
FOMC_2024_01_31,USDJPY,1,2024-01-24 19:00:00+00:00,selected,
FOMC_2024_01_31,USDJPY,2,2024-01-17 19:00:00+00:00,selected,
FOMC_2024_01_31,USDJPY,3,2024-01-10 19:00:00+00:00,selected,
FOMC_2024_01_31,USDJPY,4,2024-01-03 19:00:00+00:00,selected,
FOMC_2024_01_31,USDJPY,5,2023-12-27 19:00:00+00:00,valid_not_selected,
FOMC_2024_01_31,USDJPY,6,2023-12-20 19:00:00+00:00,valid_not_selected,
FOMC_2024_01_31,USDJPY,7,2023-12-13 19:00:00+00:00,rejected,FOMC date
FOMC_2024_01_31,USDJPY,8,2023-12-06 19:00:00+00:00,valid_not_selected,
FOMC_2024_01_31,USDJPY,9,2023-11-29 19:00:00+00:00,valid_not_selected,
FOMC_2024_01_31,USDJPY,10,2023-11-22 19:00:00+00:00,valid_not_selected,
FOMC_2024_01_31,USDJPY,11,2023-11-15 19:00:00+00:00,valid_not_selected,
FOMC_2024_01_31,USDJPY,12,2023-11-08 19:00:00+00:00,valid_not_selected,
FOMC_2024_01_31,USDCHF,1,2024-01-24 19:00:00+00:00,selected,
FOMC_2024_01_31,USDCHF,2,2024-01-17 19:00:00+00:00,selected,
FOMC_2024_01_31,USDCHF,3,2024-01-10 19:00:00+00:00,selected,
FOMC_2024_01_31,USDCHF,4,2024-01-03 19:00:00+00:00,selected,
FOMC_2024_01_31,USDCHF,5,2023-12-27 19:00:00+00:00,valid_not_selected,
FOMC_2024_01_31,USDCHF,6,2023-12-20 19:00:00+00:00,valid_not_selected,
FOMC_2024_01_31,USDCHF,7,2023-12-13 19:00:00+00:00,rejected,FOMC date
FOMC_2024_01_31,USDCHF,8,2023-12-06 19:00:00+00:00,valid_not_selected,
FOMC_2024_01_31,USDCHF,9,2023-11-29 19:00:00+00:00,valid_not_selected,
FOMC_2024_01_31,USDCHF,10,2023-11-22 19:00:00+00:00,valid_not_selected,
FOMC_2024_01_31,USDCHF,11,2023-11-15 19:00:00+00:00,valid_not_selected,
FOMC_2024_01_31,USDCHF,12,2023-11-08 19:00:00+00:00,valid_not_selected,
FOMC_2024_01_31,USDCAD,1,2024-01-24 19:00:00+00:00,selected,
FOMC_2024_01_31,USDCAD,2,2024-01-17 19:00:00+00:00,selected,
FOMC_2024_01_31,USDCAD,3,2024-01-10 19:00:00+00:00,selected,
FOMC_2024_01_31,USDCAD,4,2024-01-03 19:00:00+00:00,selected,
FOMC_2024_01_31,USDCAD,5,2023-12-27 19:00:00+00:00,valid_not_selected,
FOMC_2024_01_31,USDCAD,6,2023-12-20 19:00:00+00:00,valid_not_selected,
FOMC_2024_01_31,USDCAD,7,2023-12-13 19:00:00+00:00,rejected,FOMC date
FOMC_2024_01_31,USDCAD,8,2023-12-06 19:00:00+00:00,valid_not_selected,
FOMC_2024_01_31,USDCAD,9,2023-11-29 19:00:00+00:00,valid_not_selected,
FOMC_2024_01_31,USDCAD,10,2023-11-22 19:00:00+00:00,valid_not_selected,
FOMC_2024_01_31,USDCAD,11,2023-11-15 19:00:00+00:00,valid_not_selected,
FOMC_2024_01_31,USDCAD,12,2023-11-08 19:00:00+00:00,valid_not_selected,
FOMC_2024_01_31,EURJPY,1,2024-01-24 19:00:00+00:00,selected,
FOMC_2024_01_31,EURJPY,2,2024-01-17 19:00:00+00:00,selected,
FOMC_2024_01_31,EURJPY,3,2024-01-10 19:00:00+00:00,selected,
FOMC_2024_01_31,EURJPY,4,2024-01-03 19:00:00+00:00,selected,
FOMC_2024_01_31,EURJPY,5,2023-12-27 19:00:00+00:00,valid_not_selected,
FOMC_2024_01_31,EURJPY,6,2023-12-20 19:00:00+00:00,valid_not_selected,
FOMC_2024_01_31,EURJPY,7,2023-12-13 19:00:00+00:00,rejected,FOMC date
FOMC_2024_01_31,EURJPY,8,2023-12-06 19:00:00+00:00,valid_not_selected,
FOMC_2024_01_31,EURJPY,9,2023-11-29 19:00:00+00:00,valid_not_selected,
FOMC_2024_01_31,EURJPY,10,2023-11-22 19:00:00+00:00,valid_not_selected,
FOMC_2024_01_31,EURJPY,11,2023-11-15 19:00:00+00:00,valid_not_selected,
FOMC_2024_01_31,EURJPY,12,2023-11-08 19:00:00+00:00,valid_not_selected,
FOMC_2024_01_31,XAUUSD,1,2024-01-24 19:00:00+00:00,selected,
FOMC_2024_01_31,XAUUSD,2,2024-01-17 19:00:00+00:00,selected,
FOMC_2024_01_31,XAUUSD,3,2024-01-10 19:00:00+00:00,selected,
FOMC_2024_01_31,XAUUSD,4,2024-01-03 19:00:00+00:00,selected,
FOMC_2024_01_31,XAUUSD,5,2023-12-27 19:00:00+00:00,valid_not_selected,
FOMC_2024_01_31,XAUUSD,6,2023-12-20 19:00:00+00:00,valid_not_selected,
FOMC_2024_01_31,XAUUSD,7,2023-12-13 19:00:00+00:00,rejected,FOMC date
FOMC_2024_01_31,XAUUSD,8,2023-12-06 19:00:00+00:00,valid_not_selected,
FOMC_2024_01_31,XAUUSD,9,2023-11-29 19:00:00+00:00,valid_not_selected,
FOMC_2024_01_31,XAUUSD,10,2023-11-22 19:00:00+00:00,valid_not_selected,
FOMC_2024_01_31,XAUUSD,11,2023-11-15 19:00:00+00:00,valid_not_selected,
FOMC_2024_01_31,XAUUSD,12,2023-11-08 19:00:00+00:00,valid_not_selected,
FOMC_2024_01_31,XAGUSD,1,2024-01-24 19:00:00+00:00,selected,
FOMC_2024_01_31,XAGUSD,2,2024-01-17 19:00:00+00:00,selected,
FOMC_2024_01_31,XAGUSD,3,2024-01-10 19:00:00+00:00,selected,
FOMC_2024_01_31,XAGUSD,4,2024-01-03 19:00:00+00:00,selected,
FOMC_2024_01_31,XAGUSD,5,2023-12-27 19:00:00+00:00,valid_not_selected,
FOMC_2024_01_31,XAGUSD,6,2023-12-20 19:00:00+00:00,valid_not_selected,
FOMC_2024_01_31,XAGUSD,7,2023-12-13 19:00:00+00:00,rejected,FOMC date
FOMC_2024_01_31,XAGUSD,8,2023-12-06 19:00:00+00:00,valid_not_selected,
FOMC_2024_01_31,XAGUSD,9,2023-11-29 19:00:00+00:00,valid_not_selected,
FOMC_2024_01_31,XAGUSD,10,2023-11-22 19:00:00+00:00,valid_not_selected,
FOMC_2024_01_31,XAGUSD,11,2023-11-15 19:00:00+00:00,valid_not_selected,
FOMC_2024_01_31,XAGUSD,12,2023-11-08 19:00:00+00:00,valid_not_selected,
FOMC_2024_01_31,SPXUSD,1,2024-01-24 19:00:00+00:00,selected,
FOMC_2024_01_31,SPXUSD,2,2024-01-17 19:00:00+00:00,selected,
FOMC_2024_01_31,SPXUSD,3,2024-01-10 19:00:00+00:00,selected,
FOMC_2024_01_31,SPXUSD,4,2024-01-03 19:00:00+00:00,selected,
FOMC_2024_01_31,SPXUSD,5,2023-12-27 19:00:00+00:00,valid_not_selected,
FOMC_2024_01_31,SPXUSD,6,2023-12-20 19:00:00+00:00,valid_not_selected,
FOMC_2024_01_31,SPXUSD,7,2023-12-13 19:00:00+00:00,rejected,FOMC date
FOMC_2024_01_31,SPXUSD,8,2023-12-06 19:00:00+00:00,valid_not_selected,
FOMC_2024_01_31,SPXUSD,9,2023-11-29 19:00:00+00:00,valid_not_selected,
FOMC_2024_01_31,SPXUSD,10,2023-11-22 19:00:00+00:00,valid_not_selected,
FOMC_2024_01_31,SPXUSD,11,2023-11-15 19:00:00+00:00,valid_not_selected,
FOMC_2024_01_31,SPXUSD,12,2023-11-08 19:00:00+00:00,valid_not_selected,
FOMC_2024_01_31,NSXUSD,1,2024-01-24 19:00:00+00:00,selected,
FOMC_2024_01_31,NSXUSD,2,2024-01-17 19:00:00+00:00,selected,
FOMC_2024_01_31,NSXUSD,3,2024-01-10 19:00:00+00:00,selected,
FOMC_2024_01_31,NSXUSD,4,2024-01-03 19:00:00+00:00,selected,
FOMC_2024_01_31,NSXUSD,5,2023-12-27 19:00:00+00:00,valid_not_selected,
FOMC_2024_01_31,NSXUSD,6,2023-12-20 19:00:00+00:00,valid_not_selected,
FOMC_2024_01_31,NSXUSD,7,2023-12-13 19:00:00+00:00,rejected,FOMC date
FOMC_2024_01_31,NSXUSD,8,2023-12-06 19:00:00+00:00,valid_not_selected,
FOMC_2024_01_31,NSXUSD,9,2023-11-29 19:00:00+00:00,valid_not_selected,
FOMC_2024_01_31,NSXUSD,10,2023-11-22 19:00:00+00:00,valid_not_selected,
FOMC_2024_01_31,NSXUSD,11,2023-11-15 19:00:00+00:00,valid_not_selected,
FOMC_2024_01_31,NSXUSD,12,2023-11-08 19:00:00+00:00,valid_not_selected,
FOMC_2024_03_20,EURUSD,1,2024-03-13 18:00:00+00:00,selected,
FOMC_2024_03_20,EURUSD,2,2024-03-06 19:00:00+00:00,selected,
FOMC_2024_03_20,EURUSD,3,2024-02-28 19:00:00+00:00,selected,
FOMC_2024_03_20,EURUSD,4,2024-02-21 19:00:00+00:00,selected,
FOMC_2024_03_20,EURUSD,5,2024-02-14 19:00:00+00:00,valid_not_selected,
FOMC_2024_03_20,EURUSD,6,2024-02-07 19:00:00+00:00,valid_not_selected,
FOMC_2024_03_20,EURUSD,7,2024-01-31 19:00:00+00:00,rejected,FOMC date
FOMC_2024_03_20,EURUSD,8,2024-01-24 19:00:00+00:00,valid_not_selected,
FOMC_2024_03_20,EURUSD,9,2024-01-17 19:00:00+00:00,valid_not_selected,
FOMC_2024_03_20,EURUSD,10,2024-01-10 19:00:00+00:00,valid_not_selected,
FOMC_2024_03_20,EURUSD,11,2024-01-03 19:00:00+00:00,valid_not_selected,
FOMC_2024_03_20,EURUSD,12,2023-12-27 19:00:00+00:00,valid_not_selected,
FOMC_2024_03_20,GBPUSD,1,2024-03-13 18:00:00+00:00,selected,
FOMC_2024_03_20,GBPUSD,2,2024-03-06 19:00:00+00:00,selected,
FOMC_2024_03_20,GBPUSD,3,2024-02-28 19:00:00+00:00,selected,
FOMC_2024_03_20,GBPUSD,4,2024-02-21 19:00:00+00:00,selected,
FOMC_2024_03_20,GBPUSD,5,2024-02-14 19:00:00+00:00,valid_not_selected,
FOMC_2024_03_20,GBPUSD,6,2024-02-07 19:00:00+00:00,valid_not_selected,
FOMC_2024_03_20,GBPUSD,7,2024-01-31 19:00:00+00:00,rejected,FOMC date
FOMC_2024_03_20,GBPUSD,8,2024-01-24 19:00:00+00:00,valid_not_selected,
FOMC_2024_03_20,GBPUSD,9,2024-01-17 19:00:00+00:00,valid_not_selected,
FOMC_2024_03_20,GBPUSD,10,2024-01-10 19:00:00+00:00,valid_not_selected,
FOMC_2024_03_20,GBPUSD,11,2024-01-03 19:00:00+00:00,valid_not_selected,
FOMC_2024_03_20,GBPUSD,12,2023-12-27 19:00:00+00:00,valid_not_selected,
FOMC_2024_03_20,AUDUSD,1,2024-03-13 18:00:00+00:00,selected,
FOMC_2024_03_20,AUDUSD,2,2024-03-06 19:00:00+00:00,selected,
FOMC_2024_03_20,AUDUSD,3,2024-02-28 19:00:00+00:00,selected,
FOMC_2024_03_20,AUDUSD,4,2024-02-21 19:00:00+00:00,selected,
FOMC_2024_03_20,AUDUSD,5,2024-02-14 19:00:00+00:00,valid_not_selected,
FOMC_2024_03_20,AUDUSD,6,2024-02-07 19:00:00+00:00,valid_not_selected,
FOMC_2024_03_20,AUDUSD,7,2024-01-31 19:00:00+00:00,rejected,FOMC date
FOMC_2024_03_20,AUDUSD,8,2024-01-24 19:00:00+00:00,valid_not_selected,
FOMC_2024_03_20,AUDUSD,9,2024-01-17 19:00:00+00:00,valid_not_selected,
FOMC_2024_03_20,AUDUSD,10,2024-01-10 19:00:00+00:00,valid_not_selected,
FOMC_2024_03_20,AUDUSD,11,2024-01-03 19:00:00+00:00,valid_not_selected,
FOMC_2024_03_20,AUDUSD,12,2023-12-27 19:00:00+00:00,valid_not_selected,
FOMC_2024_03_20,NZDUSD,1,2024-03-13 18:00:00+00:00,selected,
FOMC_2024_03_20,NZDUSD,2,2024-03-06 19:00:00+00:00,selected,
FOMC_2024_03_20,NZDUSD,3,2024-02-28 19:00:00+00:00,selected,
FOMC_2024_03_20,NZDUSD,4,2024-02-21 19:00:00+00:00,selected,
FOMC_2024_03_20,NZDUSD,5,2024-02-14 19:00:00+00:00,valid_not_selected,
FOMC_2024_03_20,NZDUSD,6,2024-02-07 19:00:00+00:00,valid_not_selected,
FOMC_2024_03_20,NZDUSD,7,2024-01-31 19:00:00+00:00,rejected,FOMC date
FOMC_2024_03_20,NZDUSD,8,2024-01-24 19:00:00+00:00,valid_not_selected,
FOMC_2024_03_20,NZDUSD,9,2024-01-17 19:00:00+00:00,valid_not_selected,
FOMC_2024_03_20,NZDUSD,10,2024-01-10 19:00:00+00:00,valid_not_selected,
FOMC_2024_03_20,NZDUSD,11,2024-01-03 19:00:00+00:00,valid_not_selected,
FOMC_2024_03_20,NZDUSD,12,2023-12-27 19:00:00+00:00,valid_not_selected,
FOMC_2024_03_20,USDJPY,1,2024-03-13 18:00:00+00:00,selected,
FOMC_2024_03_20,USDJPY,2,2024-03-06 19:00:00+00:00,selected,
FOMC_2024_03_20,USDJPY,3,2024-02-28 19:00:00+00:00,selected,
FOMC_2024_03_20,USDJPY,4,2024-02-21 19:00:00+00:00,selected,
FOMC_2024_03_20,USDJPY,5,2024-02-14 19:00:00+00:00,valid_not_selected,
FOMC_2024_03_20,USDJPY,6,2024-02-07 19:00:00+00:00,valid_not_selected,
FOMC_2024_03_20,USDJPY,7,2024-01-31 19:00:00+00:00,rejected,FOMC date
FOMC_2024_03_20,USDJPY,8,2024-01-24 19:00:00+00:00,valid_not_selected,
FOMC_2024_03_20,USDJPY,9,2024-01-17 19:00:00+00:00,valid_not_selected,
FOMC_2024_03_20,USDJPY,10,2024-01-10 19:00:00+00:00,valid_not_selected,
FOMC_2024_03_20,USDJPY,11,2024-01-03 19:00:00+00:00,valid_not_selected,
FOMC_2024_03_20,USDJPY,12,2023-12-27 19:00:00+00:00,valid_not_selected,
FOMC_2024_03_20,USDCHF,1,2024-03-13 18:00:00+00:00,selected,
FOMC_2024_03_20,USDCHF,2,2024-03-06 19:00:00+00:00,selected,
FOMC_2024_03_20,USDCHF,3,2024-02-28 19:00:00+00:00,selected,
FOMC_2024_03_20,USDCHF,4,2024-02-21 19:00:00+00:00,selected,
FOMC_2024_03_20,USDCHF,5,2024-02-14 19:00:00+00:00,valid_not_selected,
FOMC_2024_03_20,USDCHF,6,2024-02-07 19:00:00+00:00,valid_not_selected,
FOMC_2024_03_20,USDCHF,7,2024-01-31 19:00:00+00:00,rejected,FOMC date
FOMC_2024_03_20,USDCHF,8,2024-01-24 19:00:00+00:00,valid_not_selected,
FOMC_2024_03_20,USDCHF,9,2024-01-17 19:00:00+00:00,valid_not_selected,
FOMC_2024_03_20,USDCHF,10,2024-01-10 19:00:00+00:00,valid_not_selected,
FOMC_2024_03_20,USDCHF,11,2024-01-03 19:00:00+00:00,valid_not_selected,
FOMC_2024_03_20,USDCHF,12,2023-12-27 19:00:00+00:00,valid_not_selected,
FOMC_2024_03_20,USDCAD,1,2024-03-13 18:00:00+00:00,selected,
FOMC_2024_03_20,USDCAD,2,2024-03-06 19:00:00+00:00,selected,
FOMC_2024_03_20,USDCAD,3,2024-02-28 19:00:00+00:00,selected,
FOMC_2024_03_20,USDCAD,4,2024-02-21 19:00:00+00:00,selected,
FOMC_2024_03_20,USDCAD,5,2024-02-14 19:00:00+00:00,valid_not_selected,
FOMC_2024_03_20,USDCAD,6,2024-02-07 19:00:00+00:00,valid_not_selected,
FOMC_2024_03_20,USDCAD,7,2024-01-31 19:00:00+00:00,rejected,FOMC date
FOMC_2024_03_20,USDCAD,8,2024-01-24 19:00:00+00:00,valid_not_selected,
FOMC_2024_03_20,USDCAD,9,2024-01-17 19:00:00+00:00,valid_not_selected,
FOMC_2024_03_20,USDCAD,10,2024-01-10 19:00:00+00:00,valid_not_selected,
FOMC_2024_03_20,USDCAD,11,2024-01-03 19:00:00+00:00,valid_not_selected,
FOMC_2024_03_20,USDCAD,12,2023-12-27 19:00:00+00:00,valid_not_selected,
FOMC_2024_03_20,EURJPY,1,2024-03-13 18:00:00+00:00,selected,
FOMC_2024_03_20,EURJPY,2,2024-03-06 19:00:00+00:00,selected,
FOMC_2024_03_20,EURJPY,3,2024-02-28 19:00:00+00:00,selected,
FOMC_2024_03_20,EURJPY,4,2024-02-21 19:00:00+00:00,selected,
FOMC_2024_03_20,EURJPY,5,2024-02-14 19:00:00+00:00,valid_not_selected,
FOMC_2024_03_20,EURJPY,6,2024-02-07 19:00:00+00:00,valid_not_selected,
FOMC_2024_03_20,EURJPY,7,2024-01-31 19:00:00+00:00,rejected,FOMC date
FOMC_2024_03_20,EURJPY,8,2024-01-24 19:00:00+00:00,valid_not_selected,
FOMC_2024_03_20,EURJPY,9,2024-01-17 19:00:00+00:00,valid_not_selected,
FOMC_2024_03_20,EURJPY,10,2024-01-10 19:00:00+00:00,valid_not_selected,
FOMC_2024_03_20,EURJPY,11,2024-01-03 19:00:00+00:00,valid_not_selected,
FOMC_2024_03_20,EURJPY,12,2023-12-27 19:00:00+00:00,valid_not_selected,
FOMC_2024_03_20,XAUUSD,1,2024-03-13 18:00:00+00:00,selected,
FOMC_2024_03_20,XAUUSD,2,2024-03-06 19:00:00+00:00,selected,
FOMC_2024_03_20,XAUUSD,3,2024-02-28 19:00:00+00:00,selected,
FOMC_2024_03_20,XAUUSD,4,2024-02-21 19:00:00+00:00,selected,
FOMC_2024_03_20,XAUUSD,5,2024-02-14 19:00:00+00:00,valid_not_selected,
FOMC_2024_03_20,XAUUSD,6,2024-02-07 19:00:00+00:00,valid_not_selected,
FOMC_2024_03_20,XAUUSD,7,2024-01-31 19:00:00+00:00,rejected,FOMC date
FOMC_2024_03_20,XAUUSD,8,2024-01-24 19:00:00+00:00,valid_not_selected,
FOMC_2024_03_20,XAUUSD,9,2024-01-17 19:00:00+00:00,valid_not_selected,
FOMC_2024_03_20,XAUUSD,10,2024-01-10 19:00:00+00:00,valid_not_selected,
FOMC_2024_03_20,XAUUSD,11,2024-01-03 19:00:00+00:00,valid_not_selected,
FOMC_2024_03_20,XAUUSD,12,2023-12-27 19:00:00+00:00,valid_not_selected,
FOMC_2024_03_20,XAGUSD,1,2024-03-13 18:00:00+00:00,selected,
FOMC_2024_03_20,XAGUSD,2,2024-03-06 19:00:00+00:00,selected,
FOMC_2024_03_20,XAGUSD,3,2024-02-28 19:00:00+00:00,selected,
FOMC_2024_03_20,XAGUSD,4,2024-02-21 19:00:00+00:00,selected,
FOMC_2024_03_20,XAGUSD,5,2024-02-14 19:00:00+00:00,valid_not_selected,
FOMC_2024_03_20,XAGUSD,6,2024-02-07 19:00:00+00:00,valid_not_selected,
FOMC_2024_03_20,XAGUSD,7,2024-01-31 19:00:00+00:00,rejected,FOMC date
FOMC_2024_03_20,XAGUSD,8,2024-01-24 19:00:00+00:00,valid_not_selected,
FOMC_2024_03_20,XAGUSD,9,2024-01-17 19:00:00+00:00,valid_not_selected,
FOMC_2024_03_20,XAGUSD,10,2024-01-10 19:00:00+00:00,valid_not_selected,
FOMC_2024_03_20,XAGUSD,11,2024-01-03 19:00:00+00:00,valid_not_selected,
FOMC_2024_03_20,XAGUSD,12,2023-12-27 19:00:00+00:00,valid_not_selected,
FOMC_2024_03_20,SPXUSD,1,2024-03-13 18:00:00+00:00,selected,
FOMC_2024_03_20,SPXUSD,2,2024-03-06 19:00:00+00:00,selected,
FOMC_2024_03_20,SPXUSD,3,2024-02-28 19:00:00+00:00,selected,
FOMC_2024_03_20,SPXUSD,4,2024-02-21 19:00:00+00:00,selected,
FOMC_2024_03_20,SPXUSD,5,2024-02-14 19:00:00+00:00,valid_not_selected,
FOMC_2024_03_20,SPXUSD,6,2024-02-07 19:00:00+00:00,valid_not_selected,
FOMC_2024_03_20,SPXUSD,7,2024-01-31 19:00:00+00:00,rejected,FOMC date
FOMC_2024_03_20,SPXUSD,8,2024-01-24 19:00:00+00:00,valid_not_selected,
FOMC_2024_03_20,SPXUSD,9,2024-01-17 19:00:00+00:00,valid_not_selected,
FOMC_2024_03_20,SPXUSD,10,2024-01-10 19:00:00+00:00,valid_not_selected,
FOMC_2024_03_20,SPXUSD,11,2024-01-03 19:00:00+00:00,valid_not_selected,
FOMC_2024_03_20,SPXUSD,12,2023-12-27 19:00:00+00:00,valid_not_selected,
FOMC_2024_03_20,NSXUSD,1,2024-03-13 18:00:00+00:00,selected,
FOMC_2024_03_20,NSXUSD,2,2024-03-06 19:00:00+00:00,selected,
FOMC_2024_03_20,NSXUSD,3,2024-02-28 19:00:00+00:00,selected,
FOMC_2024_03_20,NSXUSD,4,2024-02-21 19:00:00+00:00,selected,
FOMC_2024_03_20,NSXUSD,5,2024-02-14 19:00:00+00:00,valid_not_selected,
FOMC_2024_03_20,NSXUSD,6,2024-02-07 19:00:00+00:00,valid_not_selected,
FOMC_2024_03_20,NSXUSD,7,2024-01-31 19:00:00+00:00,rejected,FOMC date
FOMC_2024_03_20,NSXUSD,8,2024-01-24 19:00:00+00:00,valid_not_selected,
FOMC_2024_03_20,NSXUSD,9,2024-01-17 19:00:00+00:00,valid_not_selected,
FOMC_2024_03_20,NSXUSD,10,2024-01-10 19:00:00+00:00,valid_not_selected,
FOMC_2024_03_20,NSXUSD,11,2024-01-03 19:00:00+00:00,valid_not_selected,
FOMC_2024_03_20,NSXUSD,12,2023-12-27 19:00:00+00:00,valid_not_selected,
FOMC_2024_05_01,EURUSD,1,2024-04-24 18:00:00+00:00,selected,
FOMC_2024_05_01,EURUSD,2,2024-04-17 18:00:00+00:00,selected,
FOMC_2024_05_01,EURUSD,3,2024-04-10 18:00:00+00:00,selected,
FOMC_2024_05_01,EURUSD,4,2024-04-03 18:00:00+00:00,selected,
FOMC_2024_05_01,EURUSD,5,2024-03-27 18:00:00+00:00,valid_not_selected,
FOMC_2024_05_01,EURUSD,6,2024-03-20 18:00:00+00:00,rejected,FOMC date
FOMC_2024_05_01,EURUSD,7,2024-03-13 18:00:00+00:00,valid_not_selected,
FOMC_2024_05_01,EURUSD,8,2024-03-06 19:00:00+00:00,valid_not_selected,
FOMC_2024_05_01,EURUSD,9,2024-02-28 19:00:00+00:00,valid_not_selected,
FOMC_2024_05_01,EURUSD,10,2024-02-21 19:00:00+00:00,valid_not_selected,
FOMC_2024_05_01,EURUSD,11,2024-02-14 19:00:00+00:00,valid_not_selected,
FOMC_2024_05_01,EURUSD,12,2024-02-07 19:00:00+00:00,valid_not_selected,
FOMC_2024_05_01,GBPUSD,1,2024-04-24 18:00:00+00:00,selected,
FOMC_2024_05_01,GBPUSD,2,2024-04-17 18:00:00+00:00,selected,
FOMC_2024_05_01,GBPUSD,3,2024-04-10 18:00:00+00:00,selected,
FOMC_2024_05_01,GBPUSD,4,2024-04-03 18:00:00+00:00,selected,
FOMC_2024_05_01,GBPUSD,5,2024-03-27 18:00:00+00:00,valid_not_selected,
FOMC_2024_05_01,GBPUSD,6,2024-03-20 18:00:00+00:00,rejected,FOMC date
FOMC_2024_05_01,GBPUSD,7,2024-03-13 18:00:00+00:00,valid_not_selected,
FOMC_2024_05_01,GBPUSD,8,2024-03-06 19:00:00+00:00,valid_not_selected,
FOMC_2024_05_01,GBPUSD,9,2024-02-28 19:00:00+00:00,valid_not_selected,
FOMC_2024_05_01,GBPUSD,10,2024-02-21 19:00:00+00:00,valid_not_selected,
FOMC_2024_05_01,GBPUSD,11,2024-02-14 19:00:00+00:00,valid_not_selected,
FOMC_2024_05_01,GBPUSD,12,2024-02-07 19:00:00+00:00,valid_not_selected,
FOMC_2024_05_01,AUDUSD,1,2024-04-24 18:00:00+00:00,selected,
FOMC_2024_05_01,AUDUSD,2,2024-04-17 18:00:00+00:00,selected,
FOMC_2024_05_01,AUDUSD,3,2024-04-10 18:00:00+00:00,selected,
FOMC_2024_05_01,AUDUSD,4,2024-04-03 18:00:00+00:00,selected,
FOMC_2024_05_01,AUDUSD,5,2024-03-27 18:00:00+00:00,valid_not_selected,
FOMC_2024_05_01,AUDUSD,6,2024-03-20 18:00:00+00:00,rejected,FOMC date
FOMC_2024_05_01,AUDUSD,7,2024-03-13 18:00:00+00:00,valid_not_selected,
FOMC_2024_05_01,AUDUSD,8,2024-03-06 19:00:00+00:00,valid_not_selected,
FOMC_2024_05_01,AUDUSD,9,2024-02-28 19:00:00+00:00,valid_not_selected,
FOMC_2024_05_01,AUDUSD,10,2024-02-21 19:00:00+00:00,valid_not_selected,
FOMC_2024_05_01,AUDUSD,11,2024-02-14 19:00:00+00:00,valid_not_selected,
FOMC_2024_05_01,AUDUSD,12,2024-02-07 19:00:00+00:00,valid_not_selected,
FOMC_2024_05_01,NZDUSD,1,2024-04-24 18:00:00+00:00,selected,
FOMC_2024_05_01,NZDUSD,2,2024-04-17 18:00:00+00:00,selected,
FOMC_2024_05_01,NZDUSD,3,2024-04-10 18:00:00+00:00,selected,
FOMC_2024_05_01,NZDUSD,4,2024-04-03 18:00:00+00:00,selected,
FOMC_2024_05_01,NZDUSD,5,2024-03-27 18:00:00+00:00,valid_not_selected,
FOMC_2024_05_01,NZDUSD,6,2024-03-20 18:00:00+00:00,rejected,FOMC date
FOMC_2024_05_01,NZDUSD,7,2024-03-13 18:00:00+00:00,valid_not_selected,
FOMC_2024_05_01,NZDUSD,8,2024-03-06 19:00:00+00:00,valid_not_selected,
FOMC_2024_05_01,NZDUSD,9,2024-02-28 19:00:00+00:00,valid_not_selected,
FOMC_2024_05_01,NZDUSD,10,2024-02-21 19:00:00+00:00,valid_not_selected,
FOMC_2024_05_01,NZDUSD,11,2024-02-14 19:00:00+00:00,valid_not_selected,
FOMC_2024_05_01,NZDUSD,12,2024-02-07 19:00:00+00:00,valid_not_selected,
FOMC_2024_05_01,USDJPY,1,2024-04-24 18:00:00+00:00,selected,
FOMC_2024_05_01,USDJPY,2,2024-04-17 18:00:00+00:00,selected,
FOMC_2024_05_01,USDJPY,3,2024-04-10 18:00:00+00:00,selected,
FOMC_2024_05_01,USDJPY,4,2024-04-03 18:00:00+00:00,selected,
FOMC_2024_05_01,USDJPY,5,2024-03-27 18:00:00+00:00,valid_not_selected,
FOMC_2024_05_01,USDJPY,6,2024-03-20 18:00:00+00:00,rejected,FOMC date
FOMC_2024_05_01,USDJPY,7,2024-03-13 18:00:00+00:00,valid_not_selected,
FOMC_2024_05_01,USDJPY,8,2024-03-06 19:00:00+00:00,valid_not_selected,
FOMC_2024_05_01,USDJPY,9,2024-02-28 19:00:00+00:00,valid_not_selected,
FOMC_2024_05_01,USDJPY,10,2024-02-21 19:00:00+00:00,valid_not_selected,
FOMC_2024_05_01,USDJPY,11,2024-02-14 19:00:00+00:00,valid_not_selected,
FOMC_2024_05_01,USDJPY,12,2024-02-07 19:00:00+00:00,valid_not_selected,
FOMC_2024_05_01,USDCHF,1,2024-04-24 18:00:00+00:00,selected,
FOMC_2024_05_01,USDCHF,2,2024-04-17 18:00:00+00:00,selected,
FOMC_2024_05_01,USDCHF,3,2024-04-10 18:00:00+00:00,selected,
FOMC_2024_05_01,USDCHF,4,2024-04-03 18:00:00+00:00,selected,
FOMC_2024_05_01,USDCHF,5,2024-03-27 18:00:00+00:00,valid_not_selected,
FOMC_2024_05_01,USDCHF,6,2024-03-20 18:00:00+00:00,rejected,FOMC date
FOMC_2024_05_01,USDCHF,7,2024-03-13 18:00:00+00:00,valid_not_selected,
FOMC_2024_05_01,USDCHF,8,2024-03-06 19:00:00+00:00,valid_not_selected,
FOMC_2024_05_01,USDCHF,9,2024-02-28 19:00:00+00:00,valid_not_selected,
FOMC_2024_05_01,USDCHF,10,2024-02-21 19:00:00+00:00,valid_not_selected,
FOMC_2024_05_01,USDCHF,11,2024-02-14 19:00:00+00:00,valid_not_selected,
FOMC_2024_05_01,USDCHF,12,2024-02-07 19:00:00+00:00,valid_not_selected,
FOMC_2024_05_01,USDCAD,1,2024-04-24 18:00:00+00:00,selected,
FOMC_2024_05_01,USDCAD,2,2024-04-17 18:00:00+00:00,selected,
FOMC_2024_05_01,USDCAD,3,2024-04-10 18:00:00+00:00,selected,
FOMC_2024_05_01,USDCAD,4,2024-04-03 18:00:00+00:00,selected,
FOMC_2024_05_01,USDCAD,5,2024-03-27 18:00:00+00:00,valid_not_selected,
FOMC_2024_05_01,USDCAD,6,2024-03-20 18:00:00+00:00,rejected,FOMC date
FOMC_2024_05_01,USDCAD,7,2024-03-13 18:00:00+00:00,valid_not_selected,
FOMC_2024_05_01,USDCAD,8,2024-03-06 19:00:00+00:00,valid_not_selected,
FOMC_2024_05_01,USDCAD,9,2024-02-28 19:00:00+00:00,valid_not_selected,
FOMC_2024_05_01,USDCAD,10,2024-02-21 19:00:00+00:00,valid_not_selected,
FOMC_2024_05_01,USDCAD,11,2024-02-14 19:00:00+00:00,valid_not_selected,
FOMC_2024_05_01,USDCAD,12,2024-02-07 19:00:00+00:00,valid_not_selected,
FOMC_2024_05_01,EURJPY,1,2024-04-24 18:00:00+00:00,selected,
FOMC_2024_05_01,EURJPY,2,2024-04-17 18:00:00+00:00,selected,
FOMC_2024_05_01,EURJPY,3,2024-04-10 18:00:00+00:00,selected,
FOMC_2024_05_01,EURJPY,4,2024-04-03 18:00:00+00:00,selected,
FOMC_2024_05_01,EURJPY,5,2024-03-27 18:00:00+00:00,valid_not_selected,
FOMC_2024_05_01,EURJPY,6,2024-03-20 18:00:00+00:00,rejected,FOMC date
FOMC_2024_05_01,EURJPY,7,2024-03-13 18:00:00+00:00,valid_not_selected,
FOMC_2024_05_01,EURJPY,8,2024-03-06 19:00:00+00:00,valid_not_selected,
FOMC_2024_05_01,EURJPY,9,2024-02-28 19:00:00+00:00,valid_not_selected,
FOMC_2024_05_01,EURJPY,10,2024-02-21 19:00:00+00:00,valid_not_selected,
FOMC_2024_05_01,EURJPY,11,2024-02-14 19:00:00+00:00,valid_not_selected,
FOMC_2024_05_01,EURJPY,12,2024-02-07 19:00:00+00:00,valid_not_selected,
FOMC_2024_05_01,XAUUSD,1,2024-04-24 18:00:00+00:00,selected,
FOMC_2024_05_01,XAUUSD,2,2024-04-17 18:00:00+00:00,selected,
FOMC_2024_05_01,XAUUSD,3,2024-04-10 18:00:00+00:00,selected,
FOMC_2024_05_01,XAUUSD,4,2024-04-03 18:00:00+00:00,selected,
FOMC_2024_05_01,XAUUSD,5,2024-03-27 18:00:00+00:00,valid_not_selected,
FOMC_2024_05_01,XAUUSD,6,2024-03-20 18:00:00+00:00,rejected,FOMC date
FOMC_2024_05_01,XAUUSD,7,2024-03-13 18:00:00+00:00,valid_not_selected,
FOMC_2024_05_01,XAUUSD,8,2024-03-06 19:00:00+00:00,valid_not_selected,
FOMC_2024_05_01,XAUUSD,9,2024-02-28 19:00:00+00:00,valid_not_selected,
FOMC_2024_05_01,XAUUSD,10,2024-02-21 19:00:00+00:00,valid_not_selected,
FOMC_2024_05_01,XAUUSD,11,2024-02-14 19:00:00+00:00,valid_not_selected,
FOMC_2024_05_01,XAUUSD,12,2024-02-07 19:00:00+00:00,valid_not_selected,
FOMC_2024_05_01,XAGUSD,1,2024-04-24 18:00:00+00:00,selected,
FOMC_2024_05_01,XAGUSD,2,2024-04-17 18:00:00+00:00,selected,
FOMC_2024_05_01,XAGUSD,3,2024-04-10 18:00:00+00:00,selected,
FOMC_2024_05_01,XAGUSD,4,2024-04-03 18:00:00+00:00,selected,
FOMC_2024_05_01,XAGUSD,5,2024-03-27 18:00:00+00:00,valid_not_selected,
FOMC_2024_05_01,XAGUSD,6,2024-03-20 18:00:00+00:00,rejected,FOMC date
FOMC_2024_05_01,XAGUSD,7,2024-03-13 18:00:00+00:00,valid_not_selected,
FOMC_2024_05_01,XAGUSD,8,2024-03-06 19:00:00+00:00,valid_not_selected,
FOMC_2024_05_01,XAGUSD,9,2024-02-28 19:00:00+00:00,valid_not_selected,
FOMC_2024_05_01,XAGUSD,10,2024-02-21 19:00:00+00:00,valid_not_selected,
FOMC_2024_05_01,XAGUSD,11,2024-02-14 19:00:00+00:00,valid_not_selected,
FOMC_2024_05_01,XAGUSD,12,2024-02-07 19:00:00+00:00,valid_not_selected,
FOMC_2024_05_01,SPXUSD,1,2024-04-24 18:00:00+00:00,selected,
FOMC_2024_05_01,SPXUSD,2,2024-04-17 18:00:00+00:00,selected,
FOMC_2024_05_01,SPXUSD,3,2024-04-10 18:00:00+00:00,selected,
FOMC_2024_05_01,SPXUSD,4,2024-04-03 18:00:00+00:00,selected,
FOMC_2024_05_01,SPXUSD,5,2024-03-27 18:00:00+00:00,valid_not_selected,
FOMC_2024_05_01,SPXUSD,6,2024-03-20 18:00:00+00:00,rejected,FOMC date
FOMC_2024_05_01,SPXUSD,7,2024-03-13 18:00:00+00:00,valid_not_selected,
FOMC_2024_05_01,SPXUSD,8,2024-03-06 19:00:00+00:00,valid_not_selected,
FOMC_2024_05_01,SPXUSD,9,2024-02-28 19:00:00+00:00,valid_not_selected,
FOMC_2024_05_01,SPXUSD,10,2024-02-21 19:00:00+00:00,valid_not_selected,
FOMC_2024_05_01,SPXUSD,11,2024-02-14 19:00:00+00:00,valid_not_selected,
FOMC_2024_05_01,SPXUSD,12,2024-02-07 19:00:00+00:00,valid_not_selected,
FOMC_2024_05_01,NSXUSD,1,2024-04-24 18:00:00+00:00,selected,
FOMC_2024_05_01,NSXUSD,2,2024-04-17 18:00:00+00:00,selected,
FOMC_2024_05_01,NSXUSD,3,2024-04-10 18:00:00+00:00,selected,
FOMC_2024_05_01,NSXUSD,4,2024-04-03 18:00:00+00:00,selected,
FOMC_2024_05_01,NSXUSD,5,2024-03-27 18:00:00+00:00,valid_not_selected,
FOMC_2024_05_01,NSXUSD,6,2024-03-20 18:00:00+00:00,rejected,FOMC date
FOMC_2024_05_01,NSXUSD,7,2024-03-13 18:00:00+00:00,valid_not_selected,
FOMC_2024_05_01,NSXUSD,8,2024-03-06 19:00:00+00:00,valid_not_selected,
FOMC_2024_05_01,NSXUSD,9,2024-02-28 19:00:00+00:00,valid_not_selected,
FOMC_2024_05_01,NSXUSD,10,2024-02-21 19:00:00+00:00,valid_not_selected,
FOMC_2024_05_01,NSXUSD,11,2024-02-14 19:00:00+00:00,valid_not_selected,
FOMC_2024_05_01,NSXUSD,12,2024-02-07 19:00:00+00:00,valid_not_selected,
FOMC_2024_06_12,EURUSD,1,2024-06-05 18:00:00+00:00,selected,
FOMC_2024_06_12,EURUSD,2,2024-05-29 18:00:00+00:00,selected,
FOMC_2024_06_12,EURUSD,3,2024-05-22 18:00:00+00:00,selected,
FOMC_2024_06_12,EURUSD,4,2024-05-15 18:00:00+00:00,selected,
FOMC_2024_06_12,EURUSD,5,2024-05-08 18:00:00+00:00,valid_not_selected,
FOMC_2024_06_12,EURUSD,6,2024-05-01 18:00:00+00:00,rejected,FOMC date
FOMC_2024_06_12,EURUSD,7,2024-04-24 18:00:00+00:00,valid_not_selected,
FOMC_2024_06_12,EURUSD,8,2024-04-17 18:00:00+00:00,valid_not_selected,
FOMC_2024_06_12,EURUSD,9,2024-04-10 18:00:00+00:00,valid_not_selected,
FOMC_2024_06_12,EURUSD,10,2024-04-03 18:00:00+00:00,valid_not_selected,
FOMC_2024_06_12,EURUSD,11,2024-03-27 18:00:00+00:00,valid_not_selected,
FOMC_2024_06_12,EURUSD,12,2024-03-20 18:00:00+00:00,rejected,FOMC date
FOMC_2024_06_12,GBPUSD,1,2024-06-05 18:00:00+00:00,selected,
FOMC_2024_06_12,GBPUSD,2,2024-05-29 18:00:00+00:00,selected,
FOMC_2024_06_12,GBPUSD,3,2024-05-22 18:00:00+00:00,selected,
FOMC_2024_06_12,GBPUSD,4,2024-05-15 18:00:00+00:00,selected,
FOMC_2024_06_12,GBPUSD,5,2024-05-08 18:00:00+00:00,valid_not_selected,
FOMC_2024_06_12,GBPUSD,6,2024-05-01 18:00:00+00:00,rejected,FOMC date
FOMC_2024_06_12,GBPUSD,7,2024-04-24 18:00:00+00:00,valid_not_selected,
FOMC_2024_06_12,GBPUSD,8,2024-04-17 18:00:00+00:00,valid_not_selected,
FOMC_2024_06_12,GBPUSD,9,2024-04-10 18:00:00+00:00,valid_not_selected,
FOMC_2024_06_12,GBPUSD,10,2024-04-03 18:00:00+00:00,valid_not_selected,
FOMC_2024_06_12,GBPUSD,11,2024-03-27 18:00:00+00:00,valid_not_selected,
FOMC_2024_06_12,GBPUSD,12,2024-03-20 18:00:00+00:00,rejected,FOMC date
FOMC_2024_06_12,AUDUSD,1,2024-06-05 18:00:00+00:00,selected,
FOMC_2024_06_12,AUDUSD,2,2024-05-29 18:00:00+00:00,selected,
FOMC_2024_06_12,AUDUSD,3,2024-05-22 18:00:00+00:00,selected,
FOMC_2024_06_12,AUDUSD,4,2024-05-15 18:00:00+00:00,selected,
FOMC_2024_06_12,AUDUSD,5,2024-05-08 18:00:00+00:00,valid_not_selected,
FOMC_2024_06_12,AUDUSD,6,2024-05-01 18:00:00+00:00,rejected,FOMC date
FOMC_2024_06_12,AUDUSD,7,2024-04-24 18:00:00+00:00,valid_not_selected,
FOMC_2024_06_12,AUDUSD,8,2024-04-17 18:00:00+00:00,valid_not_selected,
FOMC_2024_06_12,AUDUSD,9,2024-04-10 18:00:00+00:00,valid_not_selected,
FOMC_2024_06_12,AUDUSD,10,2024-04-03 18:00:00+00:00,valid_not_selected,
FOMC_2024_06_12,AUDUSD,11,2024-03-27 18:00:00+00:00,valid_not_selected,
FOMC_2024_06_12,AUDUSD,12,2024-03-20 18:00:00+00:00,rejected,FOMC date
FOMC_2024_06_12,NZDUSD,1,2024-06-05 18:00:00+00:00,selected,
FOMC_2024_06_12,NZDUSD,2,2024-05-29 18:00:00+00:00,selected,
FOMC_2024_06_12,NZDUSD,3,2024-05-22 18:00:00+00:00,selected,
FOMC_2024_06_12,NZDUSD,4,2024-05-15 18:00:00+00:00,selected,
FOMC_2024_06_12,NZDUSD,5,2024-05-08 18:00:00+00:00,valid_not_selected,
FOMC_2024_06_12,NZDUSD,6,2024-05-01 18:00:00+00:00,rejected,FOMC date
FOMC_2024_06_12,NZDUSD,7,2024-04-24 18:00:00+00:00,valid_not_selected,
FOMC_2024_06_12,NZDUSD,8,2024-04-17 18:00:00+00:00,valid_not_selected,
FOMC_2024_06_12,NZDUSD,9,2024-04-10 18:00:00+00:00,valid_not_selected,
FOMC_2024_06_12,NZDUSD,10,2024-04-03 18:00:00+00:00,valid_not_selected,
FOMC_2024_06_12,NZDUSD,11,2024-03-27 18:00:00+00:00,valid_not_selected,
FOMC_2024_06_12,NZDUSD,12,2024-03-20 18:00:00+00:00,rejected,FOMC date
FOMC_2024_06_12,USDJPY,1,2024-06-05 18:00:00+00:00,selected,
FOMC_2024_06_12,USDJPY,2,2024-05-29 18:00:00+00:00,selected,
FOMC_2024_06_12,USDJPY,3,2024-05-22 18:00:00+00:00,selected,
FOMC_2024_06_12,USDJPY,4,2024-05-15 18:00:00+00:00,selected,
FOMC_2024_06_12,USDJPY,5,2024-05-08 18:00:00+00:00,valid_not_selected,
FOMC_2024_06_12,USDJPY,6,2024-05-01 18:00:00+00:00,rejected,FOMC date
FOMC_2024_06_12,USDJPY,7,2024-04-24 18:00:00+00:00,valid_not_selected,
FOMC_2024_06_12,USDJPY,8,2024-04-17 18:00:00+00:00,valid_not_selected,
FOMC_2024_06_12,USDJPY,9,2024-04-10 18:00:00+00:00,valid_not_selected,
FOMC_2024_06_12,USDJPY,10,2024-04-03 18:00:00+00:00,valid_not_selected,
FOMC_2024_06_12,USDJPY,11,2024-03-27 18:00:00+00:00,valid_not_selected,
FOMC_2024_06_12,USDJPY,12,2024-03-20 18:00:00+00:00,rejected,FOMC date
FOMC_2024_06_12,USDCHF,1,2024-06-05 18:00:00+00:00,selected,
FOMC_2024_06_12,USDCHF,2,2024-05-29 18:00:00+00:00,selected,
FOMC_2024_06_12,USDCHF,3,2024-05-22 18:00:00+00:00,selected,
FOMC_2024_06_12,USDCHF,4,2024-05-15 18:00:00+00:00,selected,
FOMC_2024_06_12,USDCHF,5,2024-05-08 18:00:00+00:00,valid_not_selected,
FOMC_2024_06_12,USDCHF,6,2024-05-01 18:00:00+00:00,rejected,FOMC date
FOMC_2024_06_12,USDCHF,7,2024-04-24 18:00:00+00:00,valid_not_selected,
FOMC_2024_06_12,USDCHF,8,2024-04-17 18:00:00+00:00,valid_not_selected,
FOMC_2024_06_12,USDCHF,9,2024-04-10 18:00:00+00:00,valid_not_selected,
FOMC_2024_06_12,USDCHF,10,2024-04-03 18:00:00+00:00,valid_not_selected,
FOMC_2024_06_12,USDCHF,11,2024-03-27 18:00:00+00:00,valid_not_selected,
FOMC_2024_06_12,USDCHF,12,2024-03-20 18:00:00+00:00,rejected,FOMC date
FOMC_2024_06_12,USDCAD,1,2024-06-05 18:00:00+00:00,selected,
FOMC_2024_06_12,USDCAD,2,2024-05-29 18:00:00+00:00,selected,
FOMC_2024_06_12,USDCAD,3,2024-05-22 18:00:00+00:00,selected,
FOMC_2024_06_12,USDCAD,4,2024-05-15 18:00:00+00:00,selected,
FOMC_2024_06_12,USDCAD,5,2024-05-08 18:00:00+00:00,valid_not_selected,
FOMC_2024_06_12,USDCAD,6,2024-05-01 18:00:00+00:00,rejected,FOMC date
FOMC_2024_06_12,USDCAD,7,2024-04-24 18:00:00+00:00,valid_not_selected,
FOMC_2024_06_12,USDCAD,8,2024-04-17 18:00:00+00:00,valid_not_selected,
FOMC_2024_06_12,USDCAD,9,2024-04-10 18:00:00+00:00,valid_not_selected,
FOMC_2024_06_12,USDCAD,10,2024-04-03 18:00:00+00:00,valid_not_selected,
FOMC_2024_06_12,USDCAD,11,2024-03-27 18:00:00+00:00,valid_not_selected,
FOMC_2024_06_12,USDCAD,12,2024-03-20 18:00:00+00:00,rejected,FOMC date
FOMC_2024_06_12,EURJPY,1,2024-06-05 18:00:00+00:00,selected,
FOMC_2024_06_12,EURJPY,2,2024-05-29 18:00:00+00:00,selected,
FOMC_2024_06_12,EURJPY,3,2024-05-22 18:00:00+00:00,selected,
FOMC_2024_06_12,EURJPY,4,2024-05-15 18:00:00+00:00,selected,
FOMC_2024_06_12,EURJPY,5,2024-05-08 18:00:00+00:00,valid_not_selected,
FOMC_2024_06_12,EURJPY,6,2024-05-01 18:00:00+00:00,rejected,FOMC date
FOMC_2024_06_12,EURJPY,7,2024-04-24 18:00:00+00:00,valid_not_selected,
FOMC_2024_06_12,EURJPY,8,2024-04-17 18:00:00+00:00,valid_not_selected,
FOMC_2024_06_12,EURJPY,9,2024-04-10 18:00:00+00:00,valid_not_selected,
FOMC_2024_06_12,EURJPY,10,2024-04-03 18:00:00+00:00,valid_not_selected,
FOMC_2024_06_12,EURJPY,11,2024-03-27 18:00:00+00:00,valid_not_selected,
FOMC_2024_06_12,EURJPY,12,2024-03-20 18:00:00+00:00,rejected,FOMC date
FOMC_2024_06_12,XAUUSD,1,2024-06-05 18:00:00+00:00,selected,
FOMC_2024_06_12,XAUUSD,2,2024-05-29 18:00:00+00:00,selected,
FOMC_2024_06_12,XAUUSD,3,2024-05-22 18:00:00+00:00,selected,
FOMC_2024_06_12,XAUUSD,4,2024-05-15 18:00:00+00:00,selected,
FOMC_2024_06_12,XAUUSD,5,2024-05-08 18:00:00+00:00,valid_not_selected,
FOMC_2024_06_12,XAUUSD,6,2024-05-01 18:00:00+00:00,rejected,FOMC date
FOMC_2024_06_12,XAUUSD,7,2024-04-24 18:00:00+00:00,valid_not_selected,
FOMC_2024_06_12,XAUUSD,8,2024-04-17 18:00:00+00:00,valid_not_selected,
FOMC_2024_06_12,XAUUSD,9,2024-04-10 18:00:00+00:00,valid_not_selected,
FOMC_2024_06_12,XAUUSD,10,2024-04-03 18:00:00+00:00,valid_not_selected,
FOMC_2024_06_12,XAUUSD,11,2024-03-27 18:00:00+00:00,valid_not_selected,
FOMC_2024_06_12,XAUUSD,12,2024-03-20 18:00:00+00:00,rejected,FOMC date
FOMC_2024_06_12,XAGUSD,1,2024-06-05 18:00:00+00:00,selected,
FOMC_2024_06_12,XAGUSD,2,2024-05-29 18:00:00+00:00,selected,
FOMC_2024_06_12,XAGUSD,3,2024-05-22 18:00:00+00:00,selected,
FOMC_2024_06_12,XAGUSD,4,2024-05-15 18:00:00+00:00,selected,
FOMC_2024_06_12,XAGUSD,5,2024-05-08 18:00:00+00:00,valid_not_selected,
FOMC_2024_06_12,XAGUSD,6,2024-05-01 18:00:00+00:00,rejected,FOMC date
FOMC_2024_06_12,XAGUSD,7,2024-04-24 18:00:00+00:00,valid_not_selected,
FOMC_2024_06_12,XAGUSD,8,2024-04-17 18:00:00+00:00,valid_not_selected,
FOMC_2024_06_12,XAGUSD,9,2024-04-10 18:00:00+00:00,valid_not_selected,
FOMC_2024_06_12,XAGUSD,10,2024-04-03 18:00:00+00:00,valid_not_selected,
FOMC_2024_06_12,XAGUSD,11,2024-03-27 18:00:00+00:00,valid_not_selected,
FOMC_2024_06_12,XAGUSD,12,2024-03-20 18:00:00+00:00,rejected,FOMC date
FOMC_2024_06_12,SPXUSD,1,2024-06-05 18:00:00+00:00,selected,
FOMC_2024_06_12,SPXUSD,2,2024-05-29 18:00:00+00:00,selected,
FOMC_2024_06_12,SPXUSD,3,2024-05-22 18:00:00+00:00,selected,
FOMC_2024_06_12,SPXUSD,4,2024-05-15 18:00:00+00:00,selected,
FOMC_2024_06_12,SPXUSD,5,2024-05-08 18:00:00+00:00,valid_not_selected,
FOMC_2024_06_12,SPXUSD,6,2024-05-01 18:00:00+00:00,rejected,FOMC date
FOMC_2024_06_12,SPXUSD,7,2024-04-24 18:00:00+00:00,valid_not_selected,
FOMC_2024_06_12,SPXUSD,8,2024-04-17 18:00:00+00:00,valid_not_selected,
FOMC_2024_06_12,SPXUSD,9,2024-04-10 18:00:00+00:00,valid_not_selected,
FOMC_2024_06_12,SPXUSD,10,2024-04-03 18:00:00+00:00,valid_not_selected,
FOMC_2024_06_12,SPXUSD,11,2024-03-27 18:00:00+00:00,valid_not_selected,
FOMC_2024_06_12,SPXUSD,12,2024-03-20 18:00:00+00:00,rejected,FOMC date
FOMC_2024_06_12,NSXUSD,1,2024-06-05 18:00:00+00:00,selected,
FOMC_2024_06_12,NSXUSD,2,2024-05-29 18:00:00+00:00,selected,
FOMC_2024_06_12,NSXUSD,3,2024-05-22 18:00:00+00:00,selected,
FOMC_2024_06_12,NSXUSD,4,2024-05-15 18:00:00+00:00,selected,
FOMC_2024_06_12,NSXUSD,5,2024-05-08 18:00:00+00:00,valid_not_selected,
FOMC_2024_06_12,NSXUSD,6,2024-05-01 18:00:00+00:00,rejected,FOMC date
FOMC_2024_06_12,NSXUSD,7,2024-04-24 18:00:00+00:00,valid_not_selected,
FOMC_2024_06_12,NSXUSD,8,2024-04-17 18:00:00+00:00,valid_not_selected,
FOMC_2024_06_12,NSXUSD,9,2024-04-10 18:00:00+00:00,valid_not_selected,
FOMC_2024_06_12,NSXUSD,10,2024-04-03 18:00:00+00:00,valid_not_selected,
FOMC_2024_06_12,NSXUSD,11,2024-03-27 18:00:00+00:00,valid_not_selected,
FOMC_2024_06_12,NSXUSD,12,2024-03-20 18:00:00+00:00,rejected,FOMC date
FOMC_2024_07_31,EURUSD,1,2024-07-24 18:00:00+00:00,selected,
FOMC_2024_07_31,EURUSD,2,2024-07-17 18:00:00+00:00,selected,
FOMC_2024_07_31,EURUSD,3,2024-07-10 18:00:00+00:00,selected,
FOMC_2024_07_31,EURUSD,4,2024-07-03 18:00:00+00:00,selected,
FOMC_2024_07_31,EURUSD,5,2024-06-26 18:00:00+00:00,valid_not_selected,
FOMC_2024_07_31,EURUSD,6,2024-06-19 18:00:00+00:00,valid_not_selected,
FOMC_2024_07_31,EURUSD,7,2024-06-12 18:00:00+00:00,rejected,FOMC date
FOMC_2024_07_31,EURUSD,8,2024-06-05 18:00:00+00:00,valid_not_selected,
FOMC_2024_07_31,EURUSD,9,2024-05-29 18:00:00+00:00,valid_not_selected,
FOMC_2024_07_31,EURUSD,10,2024-05-22 18:00:00+00:00,valid_not_selected,
FOMC_2024_07_31,EURUSD,11,2024-05-15 18:00:00+00:00,valid_not_selected,
FOMC_2024_07_31,EURUSD,12,2024-05-08 18:00:00+00:00,valid_not_selected,
FOMC_2024_07_31,GBPUSD,1,2024-07-24 18:00:00+00:00,selected,
FOMC_2024_07_31,GBPUSD,2,2024-07-17 18:00:00+00:00,selected,
FOMC_2024_07_31,GBPUSD,3,2024-07-10 18:00:00+00:00,selected,
FOMC_2024_07_31,GBPUSD,4,2024-07-03 18:00:00+00:00,selected,
FOMC_2024_07_31,GBPUSD,5,2024-06-26 18:00:00+00:00,valid_not_selected,
FOMC_2024_07_31,GBPUSD,6,2024-06-19 18:00:00+00:00,valid_not_selected,
FOMC_2024_07_31,GBPUSD,7,2024-06-12 18:00:00+00:00,rejected,FOMC date
FOMC_2024_07_31,GBPUSD,8,2024-06-05 18:00:00+00:00,valid_not_selected,
FOMC_2024_07_31,GBPUSD,9,2024-05-29 18:00:00+00:00,valid_not_selected,
FOMC_2024_07_31,GBPUSD,10,2024-05-22 18:00:00+00:00,valid_not_selected,
FOMC_2024_07_31,GBPUSD,11,2024-05-15 18:00:00+00:00,valid_not_selected,
FOMC_2024_07_31,GBPUSD,12,2024-05-08 18:00:00+00:00,valid_not_selected,
FOMC_2024_07_31,AUDUSD,1,2024-07-24 18:00:00+00:00,selected,
FOMC_2024_07_31,AUDUSD,2,2024-07-17 18:00:00+00:00,selected,
FOMC_2024_07_31,AUDUSD,3,2024-07-10 18:00:00+00:00,selected,
FOMC_2024_07_31,AUDUSD,4,2024-07-03 18:00:00+00:00,selected,
FOMC_2024_07_31,AUDUSD,5,2024-06-26 18:00:00+00:00,valid_not_selected,
FOMC_2024_07_31,AUDUSD,6,2024-06-19 18:00:00+00:00,valid_not_selected,
FOMC_2024_07_31,AUDUSD,7,2024-06-12 18:00:00+00:00,rejected,FOMC date
FOMC_2024_07_31,AUDUSD,8,2024-06-05 18:00:00+00:00,valid_not_selected,
FOMC_2024_07_31,AUDUSD,9,2024-05-29 18:00:00+00:00,valid_not_selected,
FOMC_2024_07_31,AUDUSD,10,2024-05-22 18:00:00+00:00,valid_not_selected,
FOMC_2024_07_31,AUDUSD,11,2024-05-15 18:00:00+00:00,valid_not_selected,
FOMC_2024_07_31,AUDUSD,12,2024-05-08 18:00:00+00:00,valid_not_selected,
FOMC_2024_07_31,NZDUSD,1,2024-07-24 18:00:00+00:00,selected,
FOMC_2024_07_31,NZDUSD,2,2024-07-17 18:00:00+00:00,selected,
FOMC_2024_07_31,NZDUSD,3,2024-07-10 18:00:00+00:00,selected,
FOMC_2024_07_31,NZDUSD,4,2024-07-03 18:00:00+00:00,selected,
FOMC_2024_07_31,NZDUSD,5,2024-06-26 18:00:00+00:00,valid_not_selected,
FOMC_2024_07_31,NZDUSD,6,2024-06-19 18:00:00+00:00,valid_not_selected,
FOMC_2024_07_31,NZDUSD,7,2024-06-12 18:00:00+00:00,rejected,FOMC date
FOMC_2024_07_31,NZDUSD,8,2024-06-05 18:00:00+00:00,valid_not_selected,
FOMC_2024_07_31,NZDUSD,9,2024-05-29 18:00:00+00:00,valid_not_selected,
FOMC_2024_07_31,NZDUSD,10,2024-05-22 18:00:00+00:00,valid_not_selected,
FOMC_2024_07_31,NZDUSD,11,2024-05-15 18:00:00+00:00,valid_not_selected,
FOMC_2024_07_31,NZDUSD,12,2024-05-08 18:00:00+00:00,valid_not_selected,
FOMC_2024_07_31,USDJPY,1,2024-07-24 18:00:00+00:00,selected,
FOMC_2024_07_31,USDJPY,2,2024-07-17 18:00:00+00:00,selected,
FOMC_2024_07_31,USDJPY,3,2024-07-10 18:00:00+00:00,selected,
FOMC_2024_07_31,USDJPY,4,2024-07-03 18:00:00+00:00,selected,
FOMC_2024_07_31,USDJPY,5,2024-06-26 18:00:00+00:00,valid_not_selected,
FOMC_2024_07_31,USDJPY,6,2024-06-19 18:00:00+00:00,valid_not_selected,
FOMC_2024_07_31,USDJPY,7,2024-06-12 18:00:00+00:00,rejected,FOMC date
FOMC_2024_07_31,USDJPY,8,2024-06-05 18:00:00+00:00,valid_not_selected,
FOMC_2024_07_31,USDJPY,9,2024-05-29 18:00:00+00:00,valid_not_selected,
FOMC_2024_07_31,USDJPY,10,2024-05-22 18:00:00+00:00,valid_not_selected,
FOMC_2024_07_31,USDJPY,11,2024-05-15 18:00:00+00:00,valid_not_selected,
FOMC_2024_07_31,USDJPY,12,2024-05-08 18:00:00+00:00,valid_not_selected,
FOMC_2024_07_31,USDCHF,1,2024-07-24 18:00:00+00:00,selected,
FOMC_2024_07_31,USDCHF,2,2024-07-17 18:00:00+00:00,selected,
FOMC_2024_07_31,USDCHF,3,2024-07-10 18:00:00+00:00,selected,
FOMC_2024_07_31,USDCHF,4,2024-07-03 18:00:00+00:00,selected,
FOMC_2024_07_31,USDCHF,5,2024-06-26 18:00:00+00:00,valid_not_selected,
FOMC_2024_07_31,USDCHF,6,2024-06-19 18:00:00+00:00,valid_not_selected,
FOMC_2024_07_31,USDCHF,7,2024-06-12 18:00:00+00:00,rejected,FOMC date
FOMC_2024_07_31,USDCHF,8,2024-06-05 18:00:00+00:00,valid_not_selected,
FOMC_2024_07_31,USDCHF,9,2024-05-29 18:00:00+00:00,valid_not_selected,
FOMC_2024_07_31,USDCHF,10,2024-05-22 18:00:00+00:00,valid_not_selected,
FOMC_2024_07_31,USDCHF,11,2024-05-15 18:00:00+00:00,valid_not_selected,
FOMC_2024_07_31,USDCHF,12,2024-05-08 18:00:00+00:00,valid_not_selected,
FOMC_2024_07_31,USDCAD,1,2024-07-24 18:00:00+00:00,selected,
FOMC_2024_07_31,USDCAD,2,2024-07-17 18:00:00+00:00,selected,
FOMC_2024_07_31,USDCAD,3,2024-07-10 18:00:00+00:00,selected,
FOMC_2024_07_31,USDCAD,4,2024-07-03 18:00:00+00:00,selected,
FOMC_2024_07_31,USDCAD,5,2024-06-26 18:00:00+00:00,valid_not_selected,
FOMC_2024_07_31,USDCAD,6,2024-06-19 18:00:00+00:00,valid_not_selected,
FOMC_2024_07_31,USDCAD,7,2024-06-12 18:00:00+00:00,rejected,FOMC date
FOMC_2024_07_31,USDCAD,8,2024-06-05 18:00:00+00:00,valid_not_selected,
FOMC_2024_07_31,USDCAD,9,2024-05-29 18:00:00+00:00,valid_not_selected,
FOMC_2024_07_31,USDCAD,10,2024-05-22 18:00:00+00:00,valid_not_selected,
FOMC_2024_07_31,USDCAD,11,2024-05-15 18:00:00+00:00,valid_not_selected,
FOMC_2024_07_31,USDCAD,12,2024-05-08 18:00:00+00:00,valid_not_selected,
FOMC_2024_07_31,EURJPY,1,2024-07-24 18:00:00+00:00,selected,
FOMC_2024_07_31,EURJPY,2,2024-07-17 18:00:00+00:00,selected,
FOMC_2024_07_31,EURJPY,3,2024-07-10 18:00:00+00:00,selected,
FOMC_2024_07_31,EURJPY,4,2024-07-03 18:00:00+00:00,selected,
FOMC_2024_07_31,EURJPY,5,2024-06-26 18:00:00+00:00,valid_not_selected,
FOMC_2024_07_31,EURJPY,6,2024-06-19 18:00:00+00:00,valid_not_selected,
FOMC_2024_07_31,EURJPY,7,2024-06-12 18:00:00+00:00,rejected,FOMC date
FOMC_2024_07_31,EURJPY,8,2024-06-05 18:00:00+00:00,valid_not_selected,
FOMC_2024_07_31,EURJPY,9,2024-05-29 18:00:00+00:00,valid_not_selected,
FOMC_2024_07_31,EURJPY,10,2024-05-22 18:00:00+00:00,valid_not_selected,
FOMC_2024_07_31,EURJPY,11,2024-05-15 18:00:00+00:00,valid_not_selected,
FOMC_2024_07_31,EURJPY,12,2024-05-08 18:00:00+00:00,valid_not_selected,
FOMC_2024_07_31,XAUUSD,1,2024-07-24 18:00:00+00:00,selected,
FOMC_2024_07_31,XAUUSD,2,2024-07-17 18:00:00+00:00,selected,
FOMC_2024_07_31,XAUUSD,3,2024-07-10 18:00:00+00:00,selected,
FOMC_2024_07_31,XAUUSD,4,2024-07-03 18:00:00+00:00,selected,
FOMC_2024_07_31,XAUUSD,5,2024-06-26 18:00:00+00:00,valid_not_selected,
FOMC_2024_07_31,XAUUSD,6,2024-06-19 18:00:00+00:00,valid_not_selected,
FOMC_2024_07_31,XAUUSD,7,2024-06-12 18:00:00+00:00,rejected,FOMC date
FOMC_2024_07_31,XAUUSD,8,2024-06-05 18:00:00+00:00,valid_not_selected,
FOMC_2024_07_31,XAUUSD,9,2024-05-29 18:00:00+00:00,valid_not_selected,
FOMC_2024_07_31,XAUUSD,10,2024-05-22 18:00:00+00:00,valid_not_selected,
FOMC_2024_07_31,XAUUSD,11,2024-05-15 18:00:00+00:00,valid_not_selected,
FOMC_2024_07_31,XAUUSD,12,2024-05-08 18:00:00+00:00,valid_not_selected,
FOMC_2024_07_31,XAGUSD,1,2024-07-24 18:00:00+00:00,selected,
FOMC_2024_07_31,XAGUSD,2,2024-07-17 18:00:00+00:00,selected,
FOMC_2024_07_31,XAGUSD,3,2024-07-10 18:00:00+00:00,selected,
FOMC_2024_07_31,XAGUSD,4,2024-07-03 18:00:00+00:00,selected,
FOMC_2024_07_31,XAGUSD,5,2024-06-26 18:00:00+00:00,valid_not_selected,
FOMC_2024_07_31,XAGUSD,6,2024-06-19 18:00:00+00:00,valid_not_selected,
FOMC_2024_07_31,XAGUSD,7,2024-06-12 18:00:00+00:00,rejected,FOMC date
FOMC_2024_07_31,XAGUSD,8,2024-06-05 18:00:00+00:00,valid_not_selected,
FOMC_2024_07_31,XAGUSD,9,2024-05-29 18:00:00+00:00,valid_not_selected,
FOMC_2024_07_31,XAGUSD,10,2024-05-22 18:00:00+00:00,valid_not_selected,
FOMC_2024_07_31,XAGUSD,11,2024-05-15 18:00:00+00:00,valid_not_selected,
FOMC_2024_07_31,XAGUSD,12,2024-05-08 18:00:00+00:00,valid_not_selected,
FOMC_2024_07_31,SPXUSD,1,2024-07-24 18:00:00+00:00,selected,
FOMC_2024_07_31,SPXUSD,2,2024-07-17 18:00:00+00:00,selected,
FOMC_2024_07_31,SPXUSD,3,2024-07-10 18:00:00+00:00,selected,
FOMC_2024_07_31,SPXUSD,4,2024-07-03 18:00:00+00:00,selected,
FOMC_2024_07_31,SPXUSD,5,2024-06-26 18:00:00+00:00,valid_not_selected,
FOMC_2024_07_31,SPXUSD,6,2024-06-19 18:00:00+00:00,rejected,missing/nonpositive observed quote
FOMC_2024_07_31,SPXUSD,7,2024-06-12 18:00:00+00:00,rejected,FOMC date
FOMC_2024_07_31,SPXUSD,8,2024-06-05 18:00:00+00:00,valid_not_selected,
FOMC_2024_07_31,SPXUSD,9,2024-05-29 18:00:00+00:00,valid_not_selected,
FOMC_2024_07_31,SPXUSD,10,2024-05-22 18:00:00+00:00,valid_not_selected,
FOMC_2024_07_31,SPXUSD,11,2024-05-15 18:00:00+00:00,valid_not_selected,
FOMC_2024_07_31,SPXUSD,12,2024-05-08 18:00:00+00:00,valid_not_selected,
FOMC_2024_07_31,NSXUSD,1,2024-07-24 18:00:00+00:00,selected,
FOMC_2024_07_31,NSXUSD,2,2024-07-17 18:00:00+00:00,selected,
FOMC_2024_07_31,NSXUSD,3,2024-07-10 18:00:00+00:00,selected,
FOMC_2024_07_31,NSXUSD,4,2024-07-03 18:00:00+00:00,selected,
FOMC_2024_07_31,NSXUSD,5,2024-06-26 18:00:00+00:00,valid_not_selected,
FOMC_2024_07_31,NSXUSD,6,2024-06-19 18:00:00+00:00,rejected,missing/nonpositive observed quote
FOMC_2024_07_31,NSXUSD,7,2024-06-12 18:00:00+00:00,rejected,FOMC date
FOMC_2024_07_31,NSXUSD,8,2024-06-05 18:00:00+00:00,valid_not_selected,
FOMC_2024_07_31,NSXUSD,9,2024-05-29 18:00:00+00:00,valid_not_selected,
FOMC_2024_07_31,NSXUSD,10,2024-05-22 18:00:00+00:00,valid_not_selected,
FOMC_2024_07_31,NSXUSD,11,2024-05-15 18:00:00+00:00,valid_not_selected,
FOMC_2024_07_31,NSXUSD,12,2024-05-08 18:00:00+00:00,valid_not_selected,
FOMC_2024_09_18,EURUSD,1,2024-09-11 18:00:00+00:00,selected,
FOMC_2024_09_18,EURUSD,2,2024-09-04 18:00:00+00:00,selected,
FOMC_2024_09_18,EURUSD,3,2024-08-28 18:00:00+00:00,selected,
FOMC_2024_09_18,EURUSD,4,2024-08-21 18:00:00+00:00,selected,
FOMC_2024_09_18,EURUSD,5,2024-08-14 18:00:00+00:00,valid_not_selected,
FOMC_2024_09_18,EURUSD,6,2024-08-07 18:00:00+00:00,valid_not_selected,
FOMC_2024_09_18,EURUSD,7,2024-07-31 18:00:00+00:00,rejected,FOMC date
FOMC_2024_09_18,EURUSD,8,2024-07-24 18:00:00+00:00,valid_not_selected,
FOMC_2024_09_18,EURUSD,9,2024-07-17 18:00:00+00:00,valid_not_selected,
FOMC_2024_09_18,EURUSD,10,2024-07-10 18:00:00+00:00,valid_not_selected,
FOMC_2024_09_18,EURUSD,11,2024-07-03 18:00:00+00:00,valid_not_selected,
FOMC_2024_09_18,EURUSD,12,2024-06-26 18:00:00+00:00,valid_not_selected,
FOMC_2024_09_18,GBPUSD,1,2024-09-11 18:00:00+00:00,selected,
FOMC_2024_09_18,GBPUSD,2,2024-09-04 18:00:00+00:00,selected,
FOMC_2024_09_18,GBPUSD,3,2024-08-28 18:00:00+00:00,selected,
FOMC_2024_09_18,GBPUSD,4,2024-08-21 18:00:00+00:00,selected,
FOMC_2024_09_18,GBPUSD,5,2024-08-14 18:00:00+00:00,valid_not_selected,
FOMC_2024_09_18,GBPUSD,6,2024-08-07 18:00:00+00:00,valid_not_selected,
FOMC_2024_09_18,GBPUSD,7,2024-07-31 18:00:00+00:00,rejected,FOMC date
FOMC_2024_09_18,GBPUSD,8,2024-07-24 18:00:00+00:00,valid_not_selected,
FOMC_2024_09_18,GBPUSD,9,2024-07-17 18:00:00+00:00,valid_not_selected,
FOMC_2024_09_18,GBPUSD,10,2024-07-10 18:00:00+00:00,valid_not_selected,
FOMC_2024_09_18,GBPUSD,11,2024-07-03 18:00:00+00:00,valid_not_selected,
FOMC_2024_09_18,GBPUSD,12,2024-06-26 18:00:00+00:00,valid_not_selected,
FOMC_2024_09_18,AUDUSD,1,2024-09-11 18:00:00+00:00,selected,
FOMC_2024_09_18,AUDUSD,2,2024-09-04 18:00:00+00:00,selected,
FOMC_2024_09_18,AUDUSD,3,2024-08-28 18:00:00+00:00,selected,
FOMC_2024_09_18,AUDUSD,4,2024-08-21 18:00:00+00:00,selected,
FOMC_2024_09_18,AUDUSD,5,2024-08-14 18:00:00+00:00,valid_not_selected,
FOMC_2024_09_18,AUDUSD,6,2024-08-07 18:00:00+00:00,valid_not_selected,
FOMC_2024_09_18,AUDUSD,7,2024-07-31 18:00:00+00:00,rejected,FOMC date
FOMC_2024_09_18,AUDUSD,8,2024-07-24 18:00:00+00:00,valid_not_selected,
FOMC_2024_09_18,AUDUSD,9,2024-07-17 18:00:00+00:00,valid_not_selected,
FOMC_2024_09_18,AUDUSD,10,2024-07-10 18:00:00+00:00,valid_not_selected,
FOMC_2024_09_18,AUDUSD,11,2024-07-03 18:00:00+00:00,valid_not_selected,
FOMC_2024_09_18,AUDUSD,12,2024-06-26 18:00:00+00:00,valid_not_selected,
FOMC_2024_09_18,NZDUSD,1,2024-09-11 18:00:00+00:00,selected,
FOMC_2024_09_18,NZDUSD,2,2024-09-04 18:00:00+00:00,selected,
FOMC_2024_09_18,NZDUSD,3,2024-08-28 18:00:00+00:00,selected,
FOMC_2024_09_18,NZDUSD,4,2024-08-21 18:00:00+00:00,selected,
FOMC_2024_09_18,NZDUSD,5,2024-08-14 18:00:00+00:00,valid_not_selected,
FOMC_2024_09_18,NZDUSD,6,2024-08-07 18:00:00+00:00,valid_not_selected,
FOMC_2024_09_18,NZDUSD,7,2024-07-31 18:00:00+00:00,rejected,FOMC date
FOMC_2024_09_18,NZDUSD,8,2024-07-24 18:00:00+00:00,valid_not_selected,
FOMC_2024_09_18,NZDUSD,9,2024-07-17 18:00:00+00:00,valid_not_selected,
FOMC_2024_09_18,NZDUSD,10,2024-07-10 18:00:00+00:00,valid_not_selected,
FOMC_2024_09_18,NZDUSD,11,2024-07-03 18:00:00+00:00,valid_not_selected,
FOMC_2024_09_18,NZDUSD,12,2024-06-26 18:00:00+00:00,valid_not_selected,
FOMC_2024_09_18,USDJPY,1,2024-09-11 18:00:00+00:00,selected,
FOMC_2024_09_18,USDJPY,2,2024-09-04 18:00:00+00:00,selected,
FOMC_2024_09_18,USDJPY,3,2024-08-28 18:00:00+00:00,selected,
FOMC_2024_09_18,USDJPY,4,2024-08-21 18:00:00+00:00,selected,
FOMC_2024_09_18,USDJPY,5,2024-08-14 18:00:00+00:00,valid_not_selected,
FOMC_2024_09_18,USDJPY,6,2024-08-07 18:00:00+00:00,valid_not_selected,
FOMC_2024_09_18,USDJPY,7,2024-07-31 18:00:00+00:00,rejected,FOMC date
FOMC_2024_09_18,USDJPY,8,2024-07-24 18:00:00+00:00,valid_not_selected,
FOMC_2024_09_18,USDJPY,9,2024-07-17 18:00:00+00:00,valid_not_selected,
FOMC_2024_09_18,USDJPY,10,2024-07-10 18:00:00+00:00,valid_not_selected,
FOMC_2024_09_18,USDJPY,11,2024-07-03 18:00:00+00:00,valid_not_selected,
FOMC_2024_09_18,USDJPY,12,2024-06-26 18:00:00+00:00,valid_not_selected,
FOMC_2024_09_18,USDCHF,1,2024-09-11 18:00:00+00:00,selected,
FOMC_2024_09_18,USDCHF,2,2024-09-04 18:00:00+00:00,selected,
FOMC_2024_09_18,USDCHF,3,2024-08-28 18:00:00+00:00,selected,
FOMC_2024_09_18,USDCHF,4,2024-08-21 18:00:00+00:00,selected,
FOMC_2024_09_18,USDCHF,5,2024-08-14 18:00:00+00:00,valid_not_selected,
FOMC_2024_09_18,USDCHF,6,2024-08-07 18:00:00+00:00,valid_not_selected,
FOMC_2024_09_18,USDCHF,7,2024-07-31 18:00:00+00:00,rejected,FOMC date
FOMC_2024_09_18,USDCHF,8,2024-07-24 18:00:00+00:00,valid_not_selected,
FOMC_2024_09_18,USDCHF,9,2024-07-17 18:00:00+00:00,valid_not_selected,
FOMC_2024_09_18,USDCHF,10,2024-07-10 18:00:00+00:00,valid_not_selected,
FOMC_2024_09_18,USDCHF,11,2024-07-03 18:00:00+00:00,valid_not_selected,
FOMC_2024_09_18,USDCHF,12,2024-06-26 18:00:00+00:00,valid_not_selected,
FOMC_2024_09_18,USDCAD,1,2024-09-11 18:00:00+00:00,selected,
FOMC_2024_09_18,USDCAD,2,2024-09-04 18:00:00+00:00,selected,
FOMC_2024_09_18,USDCAD,3,2024-08-28 18:00:00+00:00,selected,
FOMC_2024_09_18,USDCAD,4,2024-08-21 18:00:00+00:00,selected,
FOMC_2024_09_18,USDCAD,5,2024-08-14 18:00:00+00:00,valid_not_selected,
FOMC_2024_09_18,USDCAD,6,2024-08-07 18:00:00+00:00,valid_not_selected,
FOMC_2024_09_18,USDCAD,7,2024-07-31 18:00:00+00:00,rejected,FOMC date
FOMC_2024_09_18,USDCAD,8,2024-07-24 18:00:00+00:00,valid_not_selected,
FOMC_2024_09_18,USDCAD,9,2024-07-17 18:00:00+00:00,valid_not_selected,
FOMC_2024_09_18,USDCAD,10,2024-07-10 18:00:00+00:00,valid_not_selected,
FOMC_2024_09_18,USDCAD,11,2024-07-03 18:00:00+00:00,valid_not_selected,
FOMC_2024_09_18,USDCAD,12,2024-06-26 18:00:00+00:00,valid_not_selected,
FOMC_2024_09_18,EURJPY,1,2024-09-11 18:00:00+00:00,selected,
FOMC_2024_09_18,EURJPY,2,2024-09-04 18:00:00+00:00,selected,
FOMC_2024_09_18,EURJPY,3,2024-08-28 18:00:00+00:00,selected,
FOMC_2024_09_18,EURJPY,4,2024-08-21 18:00:00+00:00,selected,
FOMC_2024_09_18,EURJPY,5,2024-08-14 18:00:00+00:00,valid_not_selected,
FOMC_2024_09_18,EURJPY,6,2024-08-07 18:00:00+00:00,valid_not_selected,
FOMC_2024_09_18,EURJPY,7,2024-07-31 18:00:00+00:00,rejected,FOMC date
FOMC_2024_09_18,EURJPY,8,2024-07-24 18:00:00+00:00,valid_not_selected,
FOMC_2024_09_18,EURJPY,9,2024-07-17 18:00:00+00:00,valid_not_selected,
FOMC_2024_09_18,EURJPY,10,2024-07-10 18:00:00+00:00,valid_not_selected,
FOMC_2024_09_18,EURJPY,11,2024-07-03 18:00:00+00:00,valid_not_selected,
FOMC_2024_09_18,EURJPY,12,2024-06-26 18:00:00+00:00,valid_not_selected,
FOMC_2024_09_18,XAUUSD,1,2024-09-11 18:00:00+00:00,selected,
FOMC_2024_09_18,XAUUSD,2,2024-09-04 18:00:00+00:00,selected,
FOMC_2024_09_18,XAUUSD,3,2024-08-28 18:00:00+00:00,selected,
FOMC_2024_09_18,XAUUSD,4,2024-08-21 18:00:00+00:00,selected,
FOMC_2024_09_18,XAUUSD,5,2024-08-14 18:00:00+00:00,valid_not_selected,
FOMC_2024_09_18,XAUUSD,6,2024-08-07 18:00:00+00:00,valid_not_selected,
FOMC_2024_09_18,XAUUSD,7,2024-07-31 18:00:00+00:00,rejected,FOMC date
FOMC_2024_09_18,XAUUSD,8,2024-07-24 18:00:00+00:00,valid_not_selected,
FOMC_2024_09_18,XAUUSD,9,2024-07-17 18:00:00+00:00,valid_not_selected,
FOMC_2024_09_18,XAUUSD,10,2024-07-10 18:00:00+00:00,valid_not_selected,
FOMC_2024_09_18,XAUUSD,11,2024-07-03 18:00:00+00:00,valid_not_selected,
FOMC_2024_09_18,XAUUSD,12,2024-06-26 18:00:00+00:00,valid_not_selected,
FOMC_2024_09_18,XAGUSD,1,2024-09-11 18:00:00+00:00,selected,
FOMC_2024_09_18,XAGUSD,2,2024-09-04 18:00:00+00:00,selected,
FOMC_2024_09_18,XAGUSD,3,2024-08-28 18:00:00+00:00,selected,
FOMC_2024_09_18,XAGUSD,4,2024-08-21 18:00:00+00:00,selected,
FOMC_2024_09_18,XAGUSD,5,2024-08-14 18:00:00+00:00,valid_not_selected,
FOMC_2024_09_18,XAGUSD,6,2024-08-07 18:00:00+00:00,valid_not_selected,
FOMC_2024_09_18,XAGUSD,7,2024-07-31 18:00:00+00:00,rejected,FOMC date
FOMC_2024_09_18,XAGUSD,8,2024-07-24 18:00:00+00:00,valid_not_selected,
FOMC_2024_09_18,XAGUSD,9,2024-07-17 18:00:00+00:00,valid_not_selected,
FOMC_2024_09_18,XAGUSD,10,2024-07-10 18:00:00+00:00,valid_not_selected,
FOMC_2024_09_18,XAGUSD,11,2024-07-03 18:00:00+00:00,valid_not_selected,
FOMC_2024_09_18,XAGUSD,12,2024-06-26 18:00:00+00:00,valid_not_selected,
FOMC_2024_09_18,SPXUSD,1,2024-09-11 18:00:00+00:00,selected,
FOMC_2024_09_18,SPXUSD,2,2024-09-04 18:00:00+00:00,selected,
FOMC_2024_09_18,SPXUSD,3,2024-08-28 18:00:00+00:00,selected,
FOMC_2024_09_18,SPXUSD,4,2024-08-21 18:00:00+00:00,selected,
FOMC_2024_09_18,SPXUSD,5,2024-08-14 18:00:00+00:00,valid_not_selected,
FOMC_2024_09_18,SPXUSD,6,2024-08-07 18:00:00+00:00,valid_not_selected,
FOMC_2024_09_18,SPXUSD,7,2024-07-31 18:00:00+00:00,rejected,FOMC date
FOMC_2024_09_18,SPXUSD,8,2024-07-24 18:00:00+00:00,valid_not_selected,
FOMC_2024_09_18,SPXUSD,9,2024-07-17 18:00:00+00:00,valid_not_selected,
FOMC_2024_09_18,SPXUSD,10,2024-07-10 18:00:00+00:00,valid_not_selected,
FOMC_2024_09_18,SPXUSD,11,2024-07-03 18:00:00+00:00,valid_not_selected,
FOMC_2024_09_18,SPXUSD,12,2024-06-26 18:00:00+00:00,valid_not_selected,
FOMC_2024_09_18,NSXUSD,1,2024-09-11 18:00:00+00:00,selected,
FOMC_2024_09_18,NSXUSD,2,2024-09-04 18:00:00+00:00,selected,
FOMC_2024_09_18,NSXUSD,3,2024-08-28 18:00:00+00:00,selected,
FOMC_2024_09_18,NSXUSD,4,2024-08-21 18:00:00+00:00,selected,
FOMC_2024_09_18,NSXUSD,5,2024-08-14 18:00:00+00:00,valid_not_selected,
FOMC_2024_09_18,NSXUSD,6,2024-08-07 18:00:00+00:00,valid_not_selected,
FOMC_2024_09_18,NSXUSD,7,2024-07-31 18:00:00+00:00,rejected,FOMC date
FOMC_2024_09_18,NSXUSD,8,2024-07-24 18:00:00+00:00,valid_not_selected,
FOMC_2024_09_18,NSXUSD,9,2024-07-17 18:00:00+00:00,valid_not_selected,
FOMC_2024_09_18,NSXUSD,10,2024-07-10 18:00:00+00:00,valid_not_selected,
FOMC_2024_09_18,NSXUSD,11,2024-07-03 18:00:00+00:00,valid_not_selected,
FOMC_2024_09_18,NSXUSD,12,2024-06-26 18:00:00+00:00,valid_not_selected,
FOMC_2024_11_07,EURUSD,1,2024-10-31 18:00:00+00:00,selected,
FOMC_2024_11_07,EURUSD,2,2024-10-24 18:00:00+00:00,selected,
FOMC_2024_11_07,EURUSD,3,2024-10-17 18:00:00+00:00,selected,
FOMC_2024_11_07,EURUSD,4,2024-10-10 18:00:00+00:00,selected,
FOMC_2024_11_07,EURUSD,5,2024-10-03 18:00:00+00:00,valid_not_selected,
FOMC_2024_11_07,EURUSD,6,2024-09-26 18:00:00+00:00,valid_not_selected,
FOMC_2024_11_07,EURUSD,7,2024-09-19 18:00:00+00:00,valid_not_selected,
FOMC_2024_11_07,EURUSD,8,2024-09-12 18:00:00+00:00,valid_not_selected,
FOMC_2024_11_07,EURUSD,9,2024-09-05 18:00:00+00:00,valid_not_selected,
FOMC_2024_11_07,EURUSD,10,2024-08-29 18:00:00+00:00,valid_not_selected,
FOMC_2024_11_07,EURUSD,11,2024-08-22 18:00:00+00:00,valid_not_selected,
FOMC_2024_11_07,EURUSD,12,2024-08-15 18:00:00+00:00,valid_not_selected,
FOMC_2024_11_07,GBPUSD,1,2024-10-31 18:00:00+00:00,selected,
FOMC_2024_11_07,GBPUSD,2,2024-10-24 18:00:00+00:00,selected,
FOMC_2024_11_07,GBPUSD,3,2024-10-17 18:00:00+00:00,selected,
FOMC_2024_11_07,GBPUSD,4,2024-10-10 18:00:00+00:00,selected,
FOMC_2024_11_07,GBPUSD,5,2024-10-03 18:00:00+00:00,valid_not_selected,
FOMC_2024_11_07,GBPUSD,6,2024-09-26 18:00:00+00:00,valid_not_selected,
FOMC_2024_11_07,GBPUSD,7,2024-09-19 18:00:00+00:00,valid_not_selected,
FOMC_2024_11_07,GBPUSD,8,2024-09-12 18:00:00+00:00,valid_not_selected,
FOMC_2024_11_07,GBPUSD,9,2024-09-05 18:00:00+00:00,valid_not_selected,
FOMC_2024_11_07,GBPUSD,10,2024-08-29 18:00:00+00:00,valid_not_selected,
FOMC_2024_11_07,GBPUSD,11,2024-08-22 18:00:00+00:00,valid_not_selected,
FOMC_2024_11_07,GBPUSD,12,2024-08-15 18:00:00+00:00,valid_not_selected,
FOMC_2024_11_07,GBPUSD,0,2024-11-07 19:00:00+00:00,event_rejected,missing/nonpositive observed quote
FOMC_2024_11_07,AUDUSD,1,2024-10-31 18:00:00+00:00,selected,
FOMC_2024_11_07,AUDUSD,2,2024-10-24 18:00:00+00:00,rejected,missing/nonpositive observed quote
FOMC_2024_11_07,AUDUSD,3,2024-10-17 18:00:00+00:00,selected,
FOMC_2024_11_07,AUDUSD,4,2024-10-10 18:00:00+00:00,selected,
FOMC_2024_11_07,AUDUSD,5,2024-10-03 18:00:00+00:00,selected,
FOMC_2024_11_07,AUDUSD,6,2024-09-26 18:00:00+00:00,valid_not_selected,
FOMC_2024_11_07,AUDUSD,7,2024-09-19 18:00:00+00:00,valid_not_selected,
FOMC_2024_11_07,AUDUSD,8,2024-09-12 18:00:00+00:00,valid_not_selected,
FOMC_2024_11_07,AUDUSD,9,2024-09-05 18:00:00+00:00,valid_not_selected,
FOMC_2024_11_07,AUDUSD,10,2024-08-29 18:00:00+00:00,valid_not_selected,
FOMC_2024_11_07,AUDUSD,11,2024-08-22 18:00:00+00:00,valid_not_selected,
FOMC_2024_11_07,AUDUSD,12,2024-08-15 18:00:00+00:00,valid_not_selected,
FOMC_2024_11_07,NZDUSD,1,2024-10-31 18:00:00+00:00,selected,
FOMC_2024_11_07,NZDUSD,2,2024-10-24 18:00:00+00:00,selected,
FOMC_2024_11_07,NZDUSD,3,2024-10-17 18:00:00+00:00,selected,
FOMC_2024_11_07,NZDUSD,4,2024-10-10 18:00:00+00:00,selected,
FOMC_2024_11_07,NZDUSD,5,2024-10-03 18:00:00+00:00,valid_not_selected,
FOMC_2024_11_07,NZDUSD,6,2024-09-26 18:00:00+00:00,valid_not_selected,
FOMC_2024_11_07,NZDUSD,7,2024-09-19 18:00:00+00:00,valid_not_selected,
FOMC_2024_11_07,NZDUSD,8,2024-09-12 18:00:00+00:00,valid_not_selected,
FOMC_2024_11_07,NZDUSD,9,2024-09-05 18:00:00+00:00,valid_not_selected,
FOMC_2024_11_07,NZDUSD,10,2024-08-29 18:00:00+00:00,valid_not_selected,
FOMC_2024_11_07,NZDUSD,11,2024-08-22 18:00:00+00:00,valid_not_selected,
FOMC_2024_11_07,NZDUSD,12,2024-08-15 18:00:00+00:00,valid_not_selected,
FOMC_2024_11_07,USDJPY,1,2024-10-31 18:00:00+00:00,rejected,missing/nonpositive observed quote
FOMC_2024_11_07,USDJPY,2,2024-10-24 18:00:00+00:00,selected,
FOMC_2024_11_07,USDJPY,3,2024-10-17 18:00:00+00:00,selected,
FOMC_2024_11_07,USDJPY,4,2024-10-10 18:00:00+00:00,selected,
FOMC_2024_11_07,USDJPY,5,2024-10-03 18:00:00+00:00,selected,
FOMC_2024_11_07,USDJPY,6,2024-09-26 18:00:00+00:00,valid_not_selected,
FOMC_2024_11_07,USDJPY,7,2024-09-19 18:00:00+00:00,valid_not_selected,
FOMC_2024_11_07,USDJPY,8,2024-09-12 18:00:00+00:00,valid_not_selected,
FOMC_2024_11_07,USDJPY,9,2024-09-05 18:00:00+00:00,valid_not_selected,
FOMC_2024_11_07,USDJPY,10,2024-08-29 18:00:00+00:00,valid_not_selected,
FOMC_2024_11_07,USDJPY,11,2024-08-22 18:00:00+00:00,valid_not_selected,
FOMC_2024_11_07,USDJPY,12,2024-08-15 18:00:00+00:00,valid_not_selected,
FOMC_2024_11_07,USDCHF,1,2024-10-31 18:00:00+00:00,selected,
FOMC_2024_11_07,USDCHF,2,2024-10-24 18:00:00+00:00,selected,
FOMC_2024_11_07,USDCHF,3,2024-10-17 18:00:00+00:00,selected,
FOMC_2024_11_07,USDCHF,4,2024-10-10 18:00:00+00:00,selected,
FOMC_2024_11_07,USDCHF,5,2024-10-03 18:00:00+00:00,valid_not_selected,
FOMC_2024_11_07,USDCHF,6,2024-09-26 18:00:00+00:00,valid_not_selected,
FOMC_2024_11_07,USDCHF,7,2024-09-19 18:00:00+00:00,valid_not_selected,
FOMC_2024_11_07,USDCHF,8,2024-09-12 18:00:00+00:00,valid_not_selected,
FOMC_2024_11_07,USDCHF,9,2024-09-05 18:00:00+00:00,valid_not_selected,
FOMC_2024_11_07,USDCHF,10,2024-08-29 18:00:00+00:00,valid_not_selected,
FOMC_2024_11_07,USDCHF,11,2024-08-22 18:00:00+00:00,valid_not_selected,
FOMC_2024_11_07,USDCHF,12,2024-08-15 18:00:00+00:00,valid_not_selected,
FOMC_2024_11_07,USDCAD,1,2024-10-31 18:00:00+00:00,selected,
FOMC_2024_11_07,USDCAD,2,2024-10-24 18:00:00+00:00,selected,
FOMC_2024_11_07,USDCAD,3,2024-10-17 18:00:00+00:00,selected,
FOMC_2024_11_07,USDCAD,4,2024-10-10 18:00:00+00:00,selected,
FOMC_2024_11_07,USDCAD,5,2024-10-03 18:00:00+00:00,valid_not_selected,
FOMC_2024_11_07,USDCAD,6,2024-09-26 18:00:00+00:00,valid_not_selected,
FOMC_2024_11_07,USDCAD,7,2024-09-19 18:00:00+00:00,valid_not_selected,
FOMC_2024_11_07,USDCAD,8,2024-09-12 18:00:00+00:00,valid_not_selected,
FOMC_2024_11_07,USDCAD,9,2024-09-05 18:00:00+00:00,valid_not_selected,
FOMC_2024_11_07,USDCAD,10,2024-08-29 18:00:00+00:00,valid_not_selected,
FOMC_2024_11_07,USDCAD,11,2024-08-22 18:00:00+00:00,valid_not_selected,
FOMC_2024_11_07,USDCAD,12,2024-08-15 18:00:00+00:00,valid_not_selected,
FOMC_2024_11_07,EURJPY,1,2024-10-31 18:00:00+00:00,selected,
FOMC_2024_11_07,EURJPY,2,2024-10-24 18:00:00+00:00,selected,
FOMC_2024_11_07,EURJPY,3,2024-10-17 18:00:00+00:00,selected,
FOMC_2024_11_07,EURJPY,4,2024-10-10 18:00:00+00:00,selected,
FOMC_2024_11_07,EURJPY,5,2024-10-03 18:00:00+00:00,valid_not_selected,
FOMC_2024_11_07,EURJPY,6,2024-09-26 18:00:00+00:00,valid_not_selected,
FOMC_2024_11_07,EURJPY,7,2024-09-19 18:00:00+00:00,valid_not_selected,
FOMC_2024_11_07,EURJPY,8,2024-09-12 18:00:00+00:00,valid_not_selected,
FOMC_2024_11_07,EURJPY,9,2024-09-05 18:00:00+00:00,valid_not_selected,
FOMC_2024_11_07,EURJPY,10,2024-08-29 18:00:00+00:00,valid_not_selected,
FOMC_2024_11_07,EURJPY,11,2024-08-22 18:00:00+00:00,valid_not_selected,
FOMC_2024_11_07,EURJPY,12,2024-08-15 18:00:00+00:00,valid_not_selected,
FOMC_2024_11_07,EURJPY,0,2024-11-07 19:00:00+00:00,event_rejected,missing/nonpositive observed quote
FOMC_2024_11_07,XAUUSD,1,2024-10-31 18:00:00+00:00,selected,
FOMC_2024_11_07,XAUUSD,2,2024-10-24 18:00:00+00:00,selected,
FOMC_2024_11_07,XAUUSD,3,2024-10-17 18:00:00+00:00,selected,
FOMC_2024_11_07,XAUUSD,4,2024-10-10 18:00:00+00:00,selected,
FOMC_2024_11_07,XAUUSD,5,2024-10-03 18:00:00+00:00,valid_not_selected,
FOMC_2024_11_07,XAUUSD,6,2024-09-26 18:00:00+00:00,valid_not_selected,
FOMC_2024_11_07,XAUUSD,7,2024-09-19 18:00:00+00:00,valid_not_selected,
FOMC_2024_11_07,XAUUSD,8,2024-09-12 18:00:00+00:00,valid_not_selected,
FOMC_2024_11_07,XAUUSD,9,2024-09-05 18:00:00+00:00,valid_not_selected,
FOMC_2024_11_07,XAUUSD,10,2024-08-29 18:00:00+00:00,valid_not_selected,
FOMC_2024_11_07,XAUUSD,11,2024-08-22 18:00:00+00:00,valid_not_selected,
FOMC_2024_11_07,XAUUSD,12,2024-08-15 18:00:00+00:00,valid_not_selected,
FOMC_2024_11_07,XAGUSD,1,2024-10-31 18:00:00+00:00,selected,
FOMC_2024_11_07,XAGUSD,2,2024-10-24 18:00:00+00:00,rejected,missing/nonpositive observed quote
FOMC_2024_11_07,XAGUSD,3,2024-10-17 18:00:00+00:00,selected,
FOMC_2024_11_07,XAGUSD,4,2024-10-10 18:00:00+00:00,selected,
FOMC_2024_11_07,XAGUSD,5,2024-10-03 18:00:00+00:00,selected,
FOMC_2024_11_07,XAGUSD,6,2024-09-26 18:00:00+00:00,valid_not_selected,
FOMC_2024_11_07,XAGUSD,7,2024-09-19 18:00:00+00:00,valid_not_selected,
FOMC_2024_11_07,XAGUSD,8,2024-09-12 18:00:00+00:00,valid_not_selected,
FOMC_2024_11_07,XAGUSD,9,2024-09-05 18:00:00+00:00,valid_not_selected,
FOMC_2024_11_07,XAGUSD,10,2024-08-29 18:00:00+00:00,valid_not_selected,
FOMC_2024_11_07,XAGUSD,11,2024-08-22 18:00:00+00:00,valid_not_selected,
FOMC_2024_11_07,XAGUSD,12,2024-08-15 18:00:00+00:00,valid_not_selected,
FOMC_2024_11_07,SPXUSD,1,2024-10-31 18:00:00+00:00,selected,
FOMC_2024_11_07,SPXUSD,2,2024-10-24 18:00:00+00:00,selected,
FOMC_2024_11_07,SPXUSD,3,2024-10-17 18:00:00+00:00,selected,
FOMC_2024_11_07,SPXUSD,4,2024-10-10 18:00:00+00:00,selected,
FOMC_2024_11_07,SPXUSD,5,2024-10-03 18:00:00+00:00,valid_not_selected,
FOMC_2024_11_07,SPXUSD,6,2024-09-26 18:00:00+00:00,valid_not_selected,
FOMC_2024_11_07,SPXUSD,7,2024-09-19 18:00:00+00:00,valid_not_selected,
FOMC_2024_11_07,SPXUSD,8,2024-09-12 18:00:00+00:00,valid_not_selected,
FOMC_2024_11_07,SPXUSD,9,2024-09-05 18:00:00+00:00,valid_not_selected,
FOMC_2024_11_07,SPXUSD,10,2024-08-29 18:00:00+00:00,valid_not_selected,
FOMC_2024_11_07,SPXUSD,11,2024-08-22 18:00:00+00:00,valid_not_selected,
FOMC_2024_11_07,SPXUSD,12,2024-08-15 18:00:00+00:00,valid_not_selected,
FOMC_2024_11_07,NSXUSD,1,2024-10-31 18:00:00+00:00,selected,
FOMC_2024_11_07,NSXUSD,2,2024-10-24 18:00:00+00:00,rejected,missing/nonpositive observed quote
FOMC_2024_11_07,NSXUSD,3,2024-10-17 18:00:00+00:00,selected,
FOMC_2024_11_07,NSXUSD,4,2024-10-10 18:00:00+00:00,selected,
FOMC_2024_11_07,NSXUSD,5,2024-10-03 18:00:00+00:00,selected,
FOMC_2024_11_07,NSXUSD,6,2024-09-26 18:00:00+00:00,valid_not_selected,
FOMC_2024_11_07,NSXUSD,7,2024-09-19 18:00:00+00:00,valid_not_selected,
FOMC_2024_11_07,NSXUSD,8,2024-09-12 18:00:00+00:00,valid_not_selected,
FOMC_2024_11_07,NSXUSD,9,2024-09-05 18:00:00+00:00,valid_not_selected,
FOMC_2024_11_07,NSXUSD,10,2024-08-29 18:00:00+00:00,valid_not_selected,
FOMC_2024_11_07,NSXUSD,11,2024-08-22 18:00:00+00:00,valid_not_selected,
FOMC_2024_11_07,NSXUSD,12,2024-08-15 18:00:00+00:00,valid_not_selected,
FOMC_2024_12_18,EURUSD,1,2024-12-11 19:00:00+00:00,selected,
FOMC_2024_12_18,EURUSD,2,2024-12-04 19:00:00+00:00,selected,
FOMC_2024_12_18,EURUSD,3,2024-11-27 19:00:00+00:00,selected,
FOMC_2024_12_18,EURUSD,4,2024-11-20 19:00:00+00:00,selected,
FOMC_2024_12_18,EURUSD,5,2024-11-13 19:00:00+00:00,valid_not_selected,
FOMC_2024_12_18,EURUSD,6,2024-11-06 19:00:00+00:00,valid_not_selected,
FOMC_2024_12_18,EURUSD,7,2024-10-30 18:00:00+00:00,valid_not_selected,
FOMC_2024_12_18,EURUSD,8,2024-10-23 18:00:00+00:00,valid_not_selected,
FOMC_2024_12_18,EURUSD,9,2024-10-16 18:00:00+00:00,valid_not_selected,
FOMC_2024_12_18,EURUSD,10,2024-10-09 18:00:00+00:00,valid_not_selected,
FOMC_2024_12_18,EURUSD,11,2024-10-02 18:00:00+00:00,valid_not_selected,
FOMC_2024_12_18,EURUSD,12,2024-09-25 18:00:00+00:00,valid_not_selected,
FOMC_2024_12_18,GBPUSD,1,2024-12-11 19:00:00+00:00,selected,
FOMC_2024_12_18,GBPUSD,2,2024-12-04 19:00:00+00:00,selected,
FOMC_2024_12_18,GBPUSD,3,2024-11-27 19:00:00+00:00,selected,
FOMC_2024_12_18,GBPUSD,4,2024-11-20 19:00:00+00:00,selected,
FOMC_2024_12_18,GBPUSD,5,2024-11-13 19:00:00+00:00,valid_not_selected,
FOMC_2024_12_18,GBPUSD,6,2024-11-06 19:00:00+00:00,valid_not_selected,
FOMC_2024_12_18,GBPUSD,7,2024-10-30 18:00:00+00:00,valid_not_selected,
FOMC_2024_12_18,GBPUSD,8,2024-10-23 18:00:00+00:00,valid_not_selected,
FOMC_2024_12_18,GBPUSD,9,2024-10-16 18:00:00+00:00,valid_not_selected,
FOMC_2024_12_18,GBPUSD,10,2024-10-09 18:00:00+00:00,valid_not_selected,
FOMC_2024_12_18,GBPUSD,11,2024-10-02 18:00:00+00:00,valid_not_selected,
FOMC_2024_12_18,GBPUSD,12,2024-09-25 18:00:00+00:00,valid_not_selected,
FOMC_2024_12_18,AUDUSD,1,2024-12-11 19:00:00+00:00,selected,
FOMC_2024_12_18,AUDUSD,2,2024-12-04 19:00:00+00:00,selected,
FOMC_2024_12_18,AUDUSD,3,2024-11-27 19:00:00+00:00,selected,
FOMC_2024_12_18,AUDUSD,4,2024-11-20 19:00:00+00:00,selected,
FOMC_2024_12_18,AUDUSD,5,2024-11-13 19:00:00+00:00,valid_not_selected,
FOMC_2024_12_18,AUDUSD,6,2024-11-06 19:00:00+00:00,valid_not_selected,
FOMC_2024_12_18,AUDUSD,7,2024-10-30 18:00:00+00:00,rejected,missing/nonpositive observed quote
FOMC_2024_12_18,AUDUSD,8,2024-10-23 18:00:00+00:00,valid_not_selected,
FOMC_2024_12_18,AUDUSD,9,2024-10-16 18:00:00+00:00,valid_not_selected,
FOMC_2024_12_18,AUDUSD,10,2024-10-09 18:00:00+00:00,valid_not_selected,
FOMC_2024_12_18,AUDUSD,11,2024-10-02 18:00:00+00:00,valid_not_selected,
FOMC_2024_12_18,AUDUSD,12,2024-09-25 18:00:00+00:00,valid_not_selected,
FOMC_2024_12_18,NZDUSD,1,2024-12-11 19:00:00+00:00,selected,
FOMC_2024_12_18,NZDUSD,2,2024-12-04 19:00:00+00:00,selected,
FOMC_2024_12_18,NZDUSD,3,2024-11-27 19:00:00+00:00,selected,
FOMC_2024_12_18,NZDUSD,4,2024-11-20 19:00:00+00:00,rejected,missing/nonpositive observed quote
FOMC_2024_12_18,NZDUSD,5,2024-11-13 19:00:00+00:00,selected,
FOMC_2024_12_18,NZDUSD,6,2024-11-06 19:00:00+00:00,valid_not_selected,
FOMC_2024_12_18,NZDUSD,7,2024-10-30 18:00:00+00:00,valid_not_selected,
FOMC_2024_12_18,NZDUSD,8,2024-10-23 18:00:00+00:00,valid_not_selected,
FOMC_2024_12_18,NZDUSD,9,2024-10-16 18:00:00+00:00,valid_not_selected,
FOMC_2024_12_18,NZDUSD,10,2024-10-09 18:00:00+00:00,valid_not_selected,
FOMC_2024_12_18,NZDUSD,11,2024-10-02 18:00:00+00:00,valid_not_selected,
FOMC_2024_12_18,NZDUSD,12,2024-09-25 18:00:00+00:00,valid_not_selected,
FOMC_2024_12_18,USDJPY,1,2024-12-11 19:00:00+00:00,selected,
FOMC_2024_12_18,USDJPY,2,2024-12-04 19:00:00+00:00,selected,
FOMC_2024_12_18,USDJPY,3,2024-11-27 19:00:00+00:00,selected,
FOMC_2024_12_18,USDJPY,4,2024-11-20 19:00:00+00:00,selected,
FOMC_2024_12_18,USDJPY,5,2024-11-13 19:00:00+00:00,valid_not_selected,
FOMC_2024_12_18,USDJPY,6,2024-11-06 19:00:00+00:00,valid_not_selected,
FOMC_2024_12_18,USDJPY,7,2024-10-30 18:00:00+00:00,valid_not_selected,
FOMC_2024_12_18,USDJPY,8,2024-10-23 18:00:00+00:00,valid_not_selected,
FOMC_2024_12_18,USDJPY,9,2024-10-16 18:00:00+00:00,valid_not_selected,
FOMC_2024_12_18,USDJPY,10,2024-10-09 18:00:00+00:00,valid_not_selected,
FOMC_2024_12_18,USDJPY,11,2024-10-02 18:00:00+00:00,valid_not_selected,
FOMC_2024_12_18,USDJPY,12,2024-09-25 18:00:00+00:00,valid_not_selected,
FOMC_2024_12_18,USDCHF,1,2024-12-11 19:00:00+00:00,selected,
FOMC_2024_12_18,USDCHF,2,2024-12-04 19:00:00+00:00,selected,
FOMC_2024_12_18,USDCHF,3,2024-11-27 19:00:00+00:00,selected,
FOMC_2024_12_18,USDCHF,4,2024-11-20 19:00:00+00:00,selected,
FOMC_2024_12_18,USDCHF,5,2024-11-13 19:00:00+00:00,valid_not_selected,
FOMC_2024_12_18,USDCHF,6,2024-11-06 19:00:00+00:00,valid_not_selected,
FOMC_2024_12_18,USDCHF,7,2024-10-30 18:00:00+00:00,valid_not_selected,
FOMC_2024_12_18,USDCHF,8,2024-10-23 18:00:00+00:00,valid_not_selected,
FOMC_2024_12_18,USDCHF,9,2024-10-16 18:00:00+00:00,rejected,missing/nonpositive observed quote
FOMC_2024_12_18,USDCHF,10,2024-10-09 18:00:00+00:00,valid_not_selected,
FOMC_2024_12_18,USDCHF,11,2024-10-02 18:00:00+00:00,valid_not_selected,
FOMC_2024_12_18,USDCHF,12,2024-09-25 18:00:00+00:00,valid_not_selected,
FOMC_2024_12_18,USDCAD,1,2024-12-11 19:00:00+00:00,selected,
FOMC_2024_12_18,USDCAD,2,2024-12-04 19:00:00+00:00,selected,
FOMC_2024_12_18,USDCAD,3,2024-11-27 19:00:00+00:00,selected,
FOMC_2024_12_18,USDCAD,4,2024-11-20 19:00:00+00:00,selected,
FOMC_2024_12_18,USDCAD,5,2024-11-13 19:00:00+00:00,valid_not_selected,
FOMC_2024_12_18,USDCAD,6,2024-11-06 19:00:00+00:00,valid_not_selected,
FOMC_2024_12_18,USDCAD,7,2024-10-30 18:00:00+00:00,valid_not_selected,
FOMC_2024_12_18,USDCAD,8,2024-10-23 18:00:00+00:00,valid_not_selected,
FOMC_2024_12_18,USDCAD,9,2024-10-16 18:00:00+00:00,valid_not_selected,
FOMC_2024_12_18,USDCAD,10,2024-10-09 18:00:00+00:00,valid_not_selected,
FOMC_2024_12_18,USDCAD,11,2024-10-02 18:00:00+00:00,valid_not_selected,
FOMC_2024_12_18,USDCAD,12,2024-09-25 18:00:00+00:00,valid_not_selected,
FOMC_2024_12_18,EURJPY,1,2024-12-11 19:00:00+00:00,selected,
FOMC_2024_12_18,EURJPY,2,2024-12-04 19:00:00+00:00,selected,
FOMC_2024_12_18,EURJPY,3,2024-11-27 19:00:00+00:00,selected,
FOMC_2024_12_18,EURJPY,4,2024-11-20 19:00:00+00:00,selected,
FOMC_2024_12_18,EURJPY,5,2024-11-13 19:00:00+00:00,valid_not_selected,
FOMC_2024_12_18,EURJPY,6,2024-11-06 19:00:00+00:00,valid_not_selected,
FOMC_2024_12_18,EURJPY,7,2024-10-30 18:00:00+00:00,valid_not_selected,
FOMC_2024_12_18,EURJPY,8,2024-10-23 18:00:00+00:00,valid_not_selected,
FOMC_2024_12_18,EURJPY,9,2024-10-16 18:00:00+00:00,valid_not_selected,
FOMC_2024_12_18,EURJPY,10,2024-10-09 18:00:00+00:00,valid_not_selected,
FOMC_2024_12_18,EURJPY,11,2024-10-02 18:00:00+00:00,valid_not_selected,
FOMC_2024_12_18,EURJPY,12,2024-09-25 18:00:00+00:00,valid_not_selected,
FOMC_2024_12_18,XAUUSD,1,2024-12-11 19:00:00+00:00,selected,
FOMC_2024_12_18,XAUUSD,2,2024-12-04 19:00:00+00:00,selected,
FOMC_2024_12_18,XAUUSD,3,2024-11-27 19:00:00+00:00,selected,
FOMC_2024_12_18,XAUUSD,4,2024-11-20 19:00:00+00:00,selected,
FOMC_2024_12_18,XAUUSD,5,2024-11-13 19:00:00+00:00,valid_not_selected,
FOMC_2024_12_18,XAUUSD,6,2024-11-06 19:00:00+00:00,valid_not_selected,
FOMC_2024_12_18,XAUUSD,7,2024-10-30 18:00:00+00:00,valid_not_selected,
FOMC_2024_12_18,XAUUSD,8,2024-10-23 18:00:00+00:00,valid_not_selected,
FOMC_2024_12_18,XAUUSD,9,2024-10-16 18:00:00+00:00,valid_not_selected,
FOMC_2024_12_18,XAUUSD,10,2024-10-09 18:00:00+00:00,valid_not_selected,
FOMC_2024_12_18,XAUUSD,11,2024-10-02 18:00:00+00:00,valid_not_selected,
FOMC_2024_12_18,XAUUSD,12,2024-09-25 18:00:00+00:00,valid_not_selected,
FOMC_2024_12_18,XAGUSD,1,2024-12-11 19:00:00+00:00,selected,
FOMC_2024_12_18,XAGUSD,2,2024-12-04 19:00:00+00:00,selected,
FOMC_2024_12_18,XAGUSD,3,2024-11-27 19:00:00+00:00,selected,
FOMC_2024_12_18,XAGUSD,4,2024-11-20 19:00:00+00:00,selected,
FOMC_2024_12_18,XAGUSD,5,2024-11-13 19:00:00+00:00,valid_not_selected,
FOMC_2024_12_18,XAGUSD,6,2024-11-06 19:00:00+00:00,valid_not_selected,
FOMC_2024_12_18,XAGUSD,7,2024-10-30 18:00:00+00:00,valid_not_selected,
FOMC_2024_12_18,XAGUSD,8,2024-10-23 18:00:00+00:00,valid_not_selected,
FOMC_2024_12_18,XAGUSD,9,2024-10-16 18:00:00+00:00,valid_not_selected,
FOMC_2024_12_18,XAGUSD,10,2024-10-09 18:00:00+00:00,valid_not_selected,
FOMC_2024_12_18,XAGUSD,11,2024-10-02 18:00:00+00:00,valid_not_selected,
FOMC_2024_12_18,XAGUSD,12,2024-09-25 18:00:00+00:00,valid_not_selected,
FOMC_2024_12_18,SPXUSD,1,2024-12-11 19:00:00+00:00,selected,
FOMC_2024_12_18,SPXUSD,2,2024-12-04 19:00:00+00:00,selected,
FOMC_2024_12_18,SPXUSD,3,2024-11-27 19:00:00+00:00,selected,
FOMC_2024_12_18,SPXUSD,4,2024-11-20 19:00:00+00:00,selected,
FOMC_2024_12_18,SPXUSD,5,2024-11-13 19:00:00+00:00,valid_not_selected,
FOMC_2024_12_18,SPXUSD,6,2024-11-06 19:00:00+00:00,valid_not_selected,
FOMC_2024_12_18,SPXUSD,7,2024-10-30 18:00:00+00:00,valid_not_selected,
FOMC_2024_12_18,SPXUSD,8,2024-10-23 18:00:00+00:00,valid_not_selected,
FOMC_2024_12_18,SPXUSD,9,2024-10-16 18:00:00+00:00,valid_not_selected,
FOMC_2024_12_18,SPXUSD,10,2024-10-09 18:00:00+00:00,valid_not_selected,
FOMC_2024_12_18,SPXUSD,11,2024-10-02 18:00:00+00:00,valid_not_selected,
FOMC_2024_12_18,SPXUSD,12,2024-09-25 18:00:00+00:00,valid_not_selected,
FOMC_2024_12_18,NSXUSD,1,2024-12-11 19:00:00+00:00,selected,
FOMC_2024_12_18,NSXUSD,2,2024-12-04 19:00:00+00:00,selected,
FOMC_2024_12_18,NSXUSD,3,2024-11-27 19:00:00+00:00,selected,
FOMC_2024_12_18,NSXUSD,4,2024-11-20 19:00:00+00:00,selected,
FOMC_2024_12_18,NSXUSD,5,2024-11-13 19:00:00+00:00,valid_not_selected,
FOMC_2024_12_18,NSXUSD,6,2024-11-06 19:00:00+00:00,valid_not_selected,
FOMC_2024_12_18,NSXUSD,7,2024-10-30 18:00:00+00:00,valid_not_selected,
FOMC_2024_12_18,NSXUSD,8,2024-10-23 18:00:00+00:00,valid_not_selected,
FOMC_2024_12_18,NSXUSD,9,2024-10-16 18:00:00+00:00,valid_not_selected,
FOMC_2024_12_18,NSXUSD,10,2024-10-09 18:00:00+00:00,valid_not_selected,
FOMC_2024_12_18,NSXUSD,11,2024-10-02 18:00:00+00:00,valid_not_selected,
FOMC_2024_12_18,NSXUSD,12,2024-09-25 18:00:00+00:00,valid_not_selected,
FOMC_2025_01_29,EURUSD,1,2025-01-22 19:00:00+00:00,selected,
FOMC_2025_01_29,EURUSD,2,2025-01-15 19:00:00+00:00,selected,
FOMC_2025_01_29,EURUSD,3,2025-01-08 19:00:00+00:00,selected,
FOMC_2025_01_29,EURUSD,4,2025-01-01 19:00:00+00:00,rejected,missing exact quote boundary
FOMC_2025_01_29,EURUSD,5,2024-12-25 19:00:00+00:00,rejected,missing exact quote boundary
FOMC_2025_01_29,EURUSD,6,2024-12-18 19:00:00+00:00,rejected,FOMC date
FOMC_2025_01_29,EURUSD,7,2024-12-11 19:00:00+00:00,selected,
FOMC_2025_01_29,EURUSD,8,2024-12-04 19:00:00+00:00,valid_not_selected,
FOMC_2025_01_29,EURUSD,9,2024-11-27 19:00:00+00:00,valid_not_selected,
FOMC_2025_01_29,EURUSD,10,2024-11-20 19:00:00+00:00,valid_not_selected,
FOMC_2025_01_29,EURUSD,11,2024-11-13 19:00:00+00:00,valid_not_selected,
FOMC_2025_01_29,EURUSD,12,2024-11-06 19:00:00+00:00,valid_not_selected,
FOMC_2025_01_29,GBPUSD,1,2025-01-22 19:00:00+00:00,selected,
FOMC_2025_01_29,GBPUSD,2,2025-01-15 19:00:00+00:00,selected,
FOMC_2025_01_29,GBPUSD,3,2025-01-08 19:00:00+00:00,selected,
FOMC_2025_01_29,GBPUSD,4,2025-01-01 19:00:00+00:00,rejected,missing exact quote boundary
FOMC_2025_01_29,GBPUSD,5,2024-12-25 19:00:00+00:00,rejected,missing exact quote boundary
FOMC_2025_01_29,GBPUSD,6,2024-12-18 19:00:00+00:00,rejected,FOMC date
FOMC_2025_01_29,GBPUSD,7,2024-12-11 19:00:00+00:00,selected,
FOMC_2025_01_29,GBPUSD,8,2024-12-04 19:00:00+00:00,valid_not_selected,
FOMC_2025_01_29,GBPUSD,9,2024-11-27 19:00:00+00:00,valid_not_selected,
FOMC_2025_01_29,GBPUSD,10,2024-11-20 19:00:00+00:00,valid_not_selected,
FOMC_2025_01_29,GBPUSD,11,2024-11-13 19:00:00+00:00,valid_not_selected,
FOMC_2025_01_29,GBPUSD,12,2024-11-06 19:00:00+00:00,valid_not_selected,
FOMC_2025_01_29,AUDUSD,1,2025-01-22 19:00:00+00:00,selected,
FOMC_2025_01_29,AUDUSD,2,2025-01-15 19:00:00+00:00,selected,
FOMC_2025_01_29,AUDUSD,3,2025-01-08 19:00:00+00:00,selected,
FOMC_2025_01_29,AUDUSD,4,2025-01-01 19:00:00+00:00,rejected,missing exact quote boundary
FOMC_2025_01_29,AUDUSD,5,2024-12-25 19:00:00+00:00,rejected,missing exact quote boundary
FOMC_2025_01_29,AUDUSD,6,2024-12-18 19:00:00+00:00,rejected,FOMC date
FOMC_2025_01_29,AUDUSD,7,2024-12-11 19:00:00+00:00,selected,
FOMC_2025_01_29,AUDUSD,8,2024-12-04 19:00:00+00:00,valid_not_selected,
FOMC_2025_01_29,AUDUSD,9,2024-11-27 19:00:00+00:00,valid_not_selected,
FOMC_2025_01_29,AUDUSD,10,2024-11-20 19:00:00+00:00,valid_not_selected,
FOMC_2025_01_29,AUDUSD,11,2024-11-13 19:00:00+00:00,valid_not_selected,
FOMC_2025_01_29,AUDUSD,12,2024-11-06 19:00:00+00:00,valid_not_selected,
FOMC_2025_01_29,NZDUSD,1,2025-01-22 19:00:00+00:00,selected,
FOMC_2025_01_29,NZDUSD,2,2025-01-15 19:00:00+00:00,selected,
FOMC_2025_01_29,NZDUSD,3,2025-01-08 19:00:00+00:00,selected,
FOMC_2025_01_29,NZDUSD,4,2025-01-01 19:00:00+00:00,rejected,missing exact quote boundary
FOMC_2025_01_29,NZDUSD,5,2024-12-25 19:00:00+00:00,rejected,missing exact quote boundary
FOMC_2025_01_29,NZDUSD,6,2024-12-18 19:00:00+00:00,rejected,FOMC date
FOMC_2025_01_29,NZDUSD,7,2024-12-11 19:00:00+00:00,selected,
FOMC_2025_01_29,NZDUSD,8,2024-12-04 19:00:00+00:00,valid_not_selected,
FOMC_2025_01_29,NZDUSD,9,2024-11-27 19:00:00+00:00,valid_not_selected,
FOMC_2025_01_29,NZDUSD,10,2024-11-20 19:00:00+00:00,rejected,missing/nonpositive observed quote
FOMC_2025_01_29,NZDUSD,11,2024-11-13 19:00:00+00:00,valid_not_selected,
FOMC_2025_01_29,NZDUSD,12,2024-11-06 19:00:00+00:00,valid_not_selected,
FOMC_2025_01_29,USDJPY,1,2025-01-22 19:00:00+00:00,selected,
FOMC_2025_01_29,USDJPY,2,2025-01-15 19:00:00+00:00,selected,
FOMC_2025_01_29,USDJPY,3,2025-01-08 19:00:00+00:00,selected,
FOMC_2025_01_29,USDJPY,4,2025-01-01 19:00:00+00:00,rejected,missing exact quote boundary
FOMC_2025_01_29,USDJPY,5,2024-12-25 19:00:00+00:00,rejected,missing exact quote boundary
FOMC_2025_01_29,USDJPY,6,2024-12-18 19:00:00+00:00,rejected,FOMC date
FOMC_2025_01_29,USDJPY,7,2024-12-11 19:00:00+00:00,selected,
FOMC_2025_01_29,USDJPY,8,2024-12-04 19:00:00+00:00,valid_not_selected,
FOMC_2025_01_29,USDJPY,9,2024-11-27 19:00:00+00:00,valid_not_selected,
FOMC_2025_01_29,USDJPY,10,2024-11-20 19:00:00+00:00,valid_not_selected,
FOMC_2025_01_29,USDJPY,11,2024-11-13 19:00:00+00:00,valid_not_selected,
FOMC_2025_01_29,USDJPY,12,2024-11-06 19:00:00+00:00,valid_not_selected,
FOMC_2025_01_29,USDCHF,1,2025-01-22 19:00:00+00:00,selected,
FOMC_2025_01_29,USDCHF,2,2025-01-15 19:00:00+00:00,selected,
FOMC_2025_01_29,USDCHF,3,2025-01-08 19:00:00+00:00,selected,
FOMC_2025_01_29,USDCHF,4,2025-01-01 19:00:00+00:00,rejected,missing exact quote boundary
FOMC_2025_01_29,USDCHF,5,2024-12-25 19:00:00+00:00,rejected,missing exact quote boundary
FOMC_2025_01_29,USDCHF,6,2024-12-18 19:00:00+00:00,rejected,FOMC date
FOMC_2025_01_29,USDCHF,7,2024-12-11 19:00:00+00:00,selected,
FOMC_2025_01_29,USDCHF,8,2024-12-04 19:00:00+00:00,valid_not_selected,
FOMC_2025_01_29,USDCHF,9,2024-11-27 19:00:00+00:00,valid_not_selected,
FOMC_2025_01_29,USDCHF,10,2024-11-20 19:00:00+00:00,valid_not_selected,
FOMC_2025_01_29,USDCHF,11,2024-11-13 19:00:00+00:00,valid_not_selected,
FOMC_2025_01_29,USDCHF,12,2024-11-06 19:00:00+00:00,valid_not_selected,
FOMC_2025_01_29,USDCAD,1,2025-01-22 19:00:00+00:00,selected,
FOMC_2025_01_29,USDCAD,2,2025-01-15 19:00:00+00:00,selected,
FOMC_2025_01_29,USDCAD,3,2025-01-08 19:00:00+00:00,selected,
FOMC_2025_01_29,USDCAD,4,2025-01-01 19:00:00+00:00,rejected,missing exact quote boundary
FOMC_2025_01_29,USDCAD,5,2024-12-25 19:00:00+00:00,rejected,missing exact quote boundary
FOMC_2025_01_29,USDCAD,6,2024-12-18 19:00:00+00:00,rejected,FOMC date
FOMC_2025_01_29,USDCAD,7,2024-12-11 19:00:00+00:00,selected,
FOMC_2025_01_29,USDCAD,8,2024-12-04 19:00:00+00:00,valid_not_selected,
FOMC_2025_01_29,USDCAD,9,2024-11-27 19:00:00+00:00,valid_not_selected,
FOMC_2025_01_29,USDCAD,10,2024-11-20 19:00:00+00:00,valid_not_selected,
FOMC_2025_01_29,USDCAD,11,2024-11-13 19:00:00+00:00,valid_not_selected,
FOMC_2025_01_29,USDCAD,12,2024-11-06 19:00:00+00:00,valid_not_selected,
FOMC_2025_01_29,EURJPY,1,2025-01-22 19:00:00+00:00,selected,
FOMC_2025_01_29,EURJPY,2,2025-01-15 19:00:00+00:00,selected,
FOMC_2025_01_29,EURJPY,3,2025-01-08 19:00:00+00:00,selected,
FOMC_2025_01_29,EURJPY,4,2025-01-01 19:00:00+00:00,rejected,missing exact quote boundary
FOMC_2025_01_29,EURJPY,5,2024-12-25 19:00:00+00:00,rejected,missing exact quote boundary
FOMC_2025_01_29,EURJPY,6,2024-12-18 19:00:00+00:00,rejected,FOMC date
FOMC_2025_01_29,EURJPY,7,2024-12-11 19:00:00+00:00,selected,
FOMC_2025_01_29,EURJPY,8,2024-12-04 19:00:00+00:00,valid_not_selected,
FOMC_2025_01_29,EURJPY,9,2024-11-27 19:00:00+00:00,valid_not_selected,
FOMC_2025_01_29,EURJPY,10,2024-11-20 19:00:00+00:00,valid_not_selected,
FOMC_2025_01_29,EURJPY,11,2024-11-13 19:00:00+00:00,valid_not_selected,
FOMC_2025_01_29,EURJPY,12,2024-11-06 19:00:00+00:00,valid_not_selected,
FOMC_2025_01_29,XAUUSD,1,2025-01-22 19:00:00+00:00,selected,
FOMC_2025_01_29,XAUUSD,2,2025-01-15 19:00:00+00:00,selected,
FOMC_2025_01_29,XAUUSD,3,2025-01-08 19:00:00+00:00,selected,
FOMC_2025_01_29,XAUUSD,4,2025-01-01 19:00:00+00:00,rejected,missing exact quote boundary
FOMC_2025_01_29,XAUUSD,5,2024-12-25 19:00:00+00:00,rejected,missing exact quote boundary
FOMC_2025_01_29,XAUUSD,6,2024-12-18 19:00:00+00:00,rejected,FOMC date
FOMC_2025_01_29,XAUUSD,7,2024-12-11 19:00:00+00:00,selected,
FOMC_2025_01_29,XAUUSD,8,2024-12-04 19:00:00+00:00,valid_not_selected,
FOMC_2025_01_29,XAUUSD,9,2024-11-27 19:00:00+00:00,valid_not_selected,
FOMC_2025_01_29,XAUUSD,10,2024-11-20 19:00:00+00:00,valid_not_selected,
FOMC_2025_01_29,XAUUSD,11,2024-11-13 19:00:00+00:00,valid_not_selected,
FOMC_2025_01_29,XAUUSD,12,2024-11-06 19:00:00+00:00,valid_not_selected,
FOMC_2025_01_29,XAGUSD,1,2025-01-22 19:00:00+00:00,selected,
FOMC_2025_01_29,XAGUSD,2,2025-01-15 19:00:00+00:00,selected,
FOMC_2025_01_29,XAGUSD,3,2025-01-08 19:00:00+00:00,selected,
FOMC_2025_01_29,XAGUSD,4,2025-01-01 19:00:00+00:00,rejected,missing exact quote boundary
FOMC_2025_01_29,XAGUSD,5,2024-12-25 19:00:00+00:00,rejected,missing exact quote boundary
FOMC_2025_01_29,XAGUSD,6,2024-12-18 19:00:00+00:00,rejected,FOMC date
FOMC_2025_01_29,XAGUSD,7,2024-12-11 19:00:00+00:00,selected,
FOMC_2025_01_29,XAGUSD,8,2024-12-04 19:00:00+00:00,valid_not_selected,
FOMC_2025_01_29,XAGUSD,9,2024-11-27 19:00:00+00:00,valid_not_selected,
FOMC_2025_01_29,XAGUSD,10,2024-11-20 19:00:00+00:00,valid_not_selected,
FOMC_2025_01_29,XAGUSD,11,2024-11-13 19:00:00+00:00,valid_not_selected,
FOMC_2025_01_29,XAGUSD,12,2024-11-06 19:00:00+00:00,valid_not_selected,
FOMC_2025_01_29,SPXUSD,1,2025-01-22 19:00:00+00:00,selected,
FOMC_2025_01_29,SPXUSD,2,2025-01-15 19:00:00+00:00,selected,
FOMC_2025_01_29,SPXUSD,3,2025-01-08 19:00:00+00:00,selected,
FOMC_2025_01_29,SPXUSD,4,2025-01-01 19:00:00+00:00,rejected,missing exact quote boundary
FOMC_2025_01_29,SPXUSD,5,2024-12-25 19:00:00+00:00,rejected,missing exact quote boundary
FOMC_2025_01_29,SPXUSD,6,2024-12-18 19:00:00+00:00,rejected,FOMC date
FOMC_2025_01_29,SPXUSD,7,2024-12-11 19:00:00+00:00,selected,
FOMC_2025_01_29,SPXUSD,8,2024-12-04 19:00:00+00:00,valid_not_selected,
FOMC_2025_01_29,SPXUSD,9,2024-11-27 19:00:00+00:00,valid_not_selected,
FOMC_2025_01_29,SPXUSD,10,2024-11-20 19:00:00+00:00,valid_not_selected,
FOMC_2025_01_29,SPXUSD,11,2024-11-13 19:00:00+00:00,valid_not_selected,
FOMC_2025_01_29,SPXUSD,12,2024-11-06 19:00:00+00:00,valid_not_selected,
FOMC_2025_01_29,NSXUSD,1,2025-01-22 19:00:00+00:00,selected,
FOMC_2025_01_29,NSXUSD,2,2025-01-15 19:00:00+00:00,selected,
FOMC_2025_01_29,NSXUSD,3,2025-01-08 19:00:00+00:00,selected,
FOMC_2025_01_29,NSXUSD,4,2025-01-01 19:00:00+00:00,rejected,missing exact quote boundary
FOMC_2025_01_29,NSXUSD,5,2024-12-25 19:00:00+00:00,rejected,missing exact quote boundary
FOMC_2025_01_29,NSXUSD,6,2024-12-18 19:00:00+00:00,rejected,FOMC date
FOMC_2025_01_29,NSXUSD,7,2024-12-11 19:00:00+00:00,selected,
FOMC_2025_01_29,NSXUSD,8,2024-12-04 19:00:00+00:00,valid_not_selected,
FOMC_2025_01_29,NSXUSD,9,2024-11-27 19:00:00+00:00,valid_not_selected,
FOMC_2025_01_29,NSXUSD,10,2024-11-20 19:00:00+00:00,valid_not_selected,
FOMC_2025_01_29,NSXUSD,11,2024-11-13 19:00:00+00:00,valid_not_selected,
FOMC_2025_01_29,NSXUSD,12,2024-11-06 19:00:00+00:00,valid_not_selected,
FOMC_2025_03_19,EURUSD,1,2025-03-12 18:00:00+00:00,selected,
FOMC_2025_03_19,EURUSD,2,2025-03-05 19:00:00+00:00,selected,
FOMC_2025_03_19,EURUSD,3,2025-02-26 19:00:00+00:00,selected,
FOMC_2025_03_19,EURUSD,4,2025-02-19 19:00:00+00:00,selected,
FOMC_2025_03_19,EURUSD,5,2025-02-12 19:00:00+00:00,valid_not_selected,
FOMC_2025_03_19,EURUSD,6,2025-02-05 19:00:00+00:00,valid_not_selected,
FOMC_2025_03_19,EURUSD,7,2025-01-29 19:00:00+00:00,rejected,FOMC date
FOMC_2025_03_19,EURUSD,8,2025-01-22 19:00:00+00:00,valid_not_selected,
FOMC_2025_03_19,EURUSD,9,2025-01-15 19:00:00+00:00,valid_not_selected,
FOMC_2025_03_19,EURUSD,10,2025-01-08 19:00:00+00:00,valid_not_selected,
FOMC_2025_03_19,EURUSD,11,2025-01-01 19:00:00+00:00,rejected,missing exact quote boundary
FOMC_2025_03_19,EURUSD,12,2024-12-25 19:00:00+00:00,rejected,missing exact quote boundary
FOMC_2025_03_19,GBPUSD,1,2025-03-12 18:00:00+00:00,selected,
FOMC_2025_03_19,GBPUSD,2,2025-03-05 19:00:00+00:00,selected,
FOMC_2025_03_19,GBPUSD,3,2025-02-26 19:00:00+00:00,selected,
FOMC_2025_03_19,GBPUSD,4,2025-02-19 19:00:00+00:00,selected,
FOMC_2025_03_19,GBPUSD,5,2025-02-12 19:00:00+00:00,valid_not_selected,
FOMC_2025_03_19,GBPUSD,6,2025-02-05 19:00:00+00:00,valid_not_selected,
FOMC_2025_03_19,GBPUSD,7,2025-01-29 19:00:00+00:00,rejected,FOMC date
FOMC_2025_03_19,GBPUSD,8,2025-01-22 19:00:00+00:00,valid_not_selected,
FOMC_2025_03_19,GBPUSD,9,2025-01-15 19:00:00+00:00,valid_not_selected,
FOMC_2025_03_19,GBPUSD,10,2025-01-08 19:00:00+00:00,valid_not_selected,
FOMC_2025_03_19,GBPUSD,11,2025-01-01 19:00:00+00:00,rejected,missing exact quote boundary
FOMC_2025_03_19,GBPUSD,12,2024-12-25 19:00:00+00:00,rejected,missing exact quote boundary
FOMC_2025_03_19,AUDUSD,1,2025-03-12 18:00:00+00:00,selected,
FOMC_2025_03_19,AUDUSD,2,2025-03-05 19:00:00+00:00,selected,
FOMC_2025_03_19,AUDUSD,3,2025-02-26 19:00:00+00:00,selected,
FOMC_2025_03_19,AUDUSD,4,2025-02-19 19:00:00+00:00,selected,
FOMC_2025_03_19,AUDUSD,5,2025-02-12 19:00:00+00:00,valid_not_selected,
FOMC_2025_03_19,AUDUSD,6,2025-02-05 19:00:00+00:00,valid_not_selected,
FOMC_2025_03_19,AUDUSD,7,2025-01-29 19:00:00+00:00,rejected,FOMC date
FOMC_2025_03_19,AUDUSD,8,2025-01-22 19:00:00+00:00,valid_not_selected,
FOMC_2025_03_19,AUDUSD,9,2025-01-15 19:00:00+00:00,valid_not_selected,
FOMC_2025_03_19,AUDUSD,10,2025-01-08 19:00:00+00:00,valid_not_selected,
FOMC_2025_03_19,AUDUSD,11,2025-01-01 19:00:00+00:00,rejected,missing exact quote boundary
FOMC_2025_03_19,AUDUSD,12,2024-12-25 19:00:00+00:00,rejected,missing exact quote boundary
FOMC_2025_03_19,NZDUSD,1,2025-03-12 18:00:00+00:00,selected,
FOMC_2025_03_19,NZDUSD,2,2025-03-05 19:00:00+00:00,selected,
FOMC_2025_03_19,NZDUSD,3,2025-02-26 19:00:00+00:00,selected,
FOMC_2025_03_19,NZDUSD,4,2025-02-19 19:00:00+00:00,selected,
FOMC_2025_03_19,NZDUSD,5,2025-02-12 19:00:00+00:00,valid_not_selected,
FOMC_2025_03_19,NZDUSD,6,2025-02-05 19:00:00+00:00,valid_not_selected,
FOMC_2025_03_19,NZDUSD,7,2025-01-29 19:00:00+00:00,rejected,FOMC date
FOMC_2025_03_19,NZDUSD,8,2025-01-22 19:00:00+00:00,valid_not_selected,
FOMC_2025_03_19,NZDUSD,9,2025-01-15 19:00:00+00:00,valid_not_selected,
FOMC_2025_03_19,NZDUSD,10,2025-01-08 19:00:00+00:00,valid_not_selected,
FOMC_2025_03_19,NZDUSD,11,2025-01-01 19:00:00+00:00,rejected,missing exact quote boundary
FOMC_2025_03_19,NZDUSD,12,2024-12-25 19:00:00+00:00,rejected,missing exact quote boundary
FOMC_2025_03_19,USDJPY,1,2025-03-12 18:00:00+00:00,selected,
FOMC_2025_03_19,USDJPY,2,2025-03-05 19:00:00+00:00,selected,
FOMC_2025_03_19,USDJPY,3,2025-02-26 19:00:00+00:00,selected,
FOMC_2025_03_19,USDJPY,4,2025-02-19 19:00:00+00:00,selected,
FOMC_2025_03_19,USDJPY,5,2025-02-12 19:00:00+00:00,valid_not_selected,
FOMC_2025_03_19,USDJPY,6,2025-02-05 19:00:00+00:00,valid_not_selected,
FOMC_2025_03_19,USDJPY,7,2025-01-29 19:00:00+00:00,rejected,FOMC date
FOMC_2025_03_19,USDJPY,8,2025-01-22 19:00:00+00:00,valid_not_selected,
FOMC_2025_03_19,USDJPY,9,2025-01-15 19:00:00+00:00,valid_not_selected,
FOMC_2025_03_19,USDJPY,10,2025-01-08 19:00:00+00:00,valid_not_selected,
FOMC_2025_03_19,USDJPY,11,2025-01-01 19:00:00+00:00,rejected,missing exact quote boundary
FOMC_2025_03_19,USDJPY,12,2024-12-25 19:00:00+00:00,rejected,missing exact quote boundary
FOMC_2025_03_19,USDCHF,1,2025-03-12 18:00:00+00:00,selected,
FOMC_2025_03_19,USDCHF,2,2025-03-05 19:00:00+00:00,selected,
FOMC_2025_03_19,USDCHF,3,2025-02-26 19:00:00+00:00,selected,
FOMC_2025_03_19,USDCHF,4,2025-02-19 19:00:00+00:00,selected,
FOMC_2025_03_19,USDCHF,5,2025-02-12 19:00:00+00:00,valid_not_selected,
FOMC_2025_03_19,USDCHF,6,2025-02-05 19:00:00+00:00,valid_not_selected,
FOMC_2025_03_19,USDCHF,7,2025-01-29 19:00:00+00:00,rejected,FOMC date
FOMC_2025_03_19,USDCHF,8,2025-01-22 19:00:00+00:00,valid_not_selected,
FOMC_2025_03_19,USDCHF,9,2025-01-15 19:00:00+00:00,valid_not_selected,
FOMC_2025_03_19,USDCHF,10,2025-01-08 19:00:00+00:00,valid_not_selected,
FOMC_2025_03_19,USDCHF,11,2025-01-01 19:00:00+00:00,rejected,missing exact quote boundary
FOMC_2025_03_19,USDCHF,12,2024-12-25 19:00:00+00:00,rejected,missing exact quote boundary
FOMC_2025_03_19,USDCAD,1,2025-03-12 18:00:00+00:00,selected,
FOMC_2025_03_19,USDCAD,2,2025-03-05 19:00:00+00:00,selected,
FOMC_2025_03_19,USDCAD,3,2025-02-26 19:00:00+00:00,selected,
FOMC_2025_03_19,USDCAD,4,2025-02-19 19:00:00+00:00,selected,
FOMC_2025_03_19,USDCAD,5,2025-02-12 19:00:00+00:00,valid_not_selected,
FOMC_2025_03_19,USDCAD,6,2025-02-05 19:00:00+00:00,valid_not_selected,
FOMC_2025_03_19,USDCAD,7,2025-01-29 19:00:00+00:00,rejected,FOMC date
FOMC_2025_03_19,USDCAD,8,2025-01-22 19:00:00+00:00,valid_not_selected,
FOMC_2025_03_19,USDCAD,9,2025-01-15 19:00:00+00:00,valid_not_selected,
FOMC_2025_03_19,USDCAD,10,2025-01-08 19:00:00+00:00,valid_not_selected,
FOMC_2025_03_19,USDCAD,11,2025-01-01 19:00:00+00:00,rejected,missing exact quote boundary
FOMC_2025_03_19,USDCAD,12,2024-12-25 19:00:00+00:00,rejected,missing exact quote boundary
FOMC_2025_03_19,EURJPY,1,2025-03-12 18:00:00+00:00,selected,
FOMC_2025_03_19,EURJPY,2,2025-03-05 19:00:00+00:00,selected,
FOMC_2025_03_19,EURJPY,3,2025-02-26 19:00:00+00:00,selected,
FOMC_2025_03_19,EURJPY,4,2025-02-19 19:00:00+00:00,selected,
FOMC_2025_03_19,EURJPY,5,2025-02-12 19:00:00+00:00,valid_not_selected,
FOMC_2025_03_19,EURJPY,6,2025-02-05 19:00:00+00:00,valid_not_selected,
FOMC_2025_03_19,EURJPY,7,2025-01-29 19:00:00+00:00,rejected,FOMC date
FOMC_2025_03_19,EURJPY,8,2025-01-22 19:00:00+00:00,valid_not_selected,
FOMC_2025_03_19,EURJPY,9,2025-01-15 19:00:00+00:00,valid_not_selected,
FOMC_2025_03_19,EURJPY,10,2025-01-08 19:00:00+00:00,valid_not_selected,
FOMC_2025_03_19,EURJPY,11,2025-01-01 19:00:00+00:00,rejected,missing exact quote boundary
FOMC_2025_03_19,EURJPY,12,2024-12-25 19:00:00+00:00,rejected,missing exact quote boundary
FOMC_2025_03_19,XAUUSD,1,2025-03-12 18:00:00+00:00,selected,
FOMC_2025_03_19,XAUUSD,2,2025-03-05 19:00:00+00:00,selected,
FOMC_2025_03_19,XAUUSD,3,2025-02-26 19:00:00+00:00,selected,
FOMC_2025_03_19,XAUUSD,4,2025-02-19 19:00:00+00:00,selected,
FOMC_2025_03_19,XAUUSD,5,2025-02-12 19:00:00+00:00,valid_not_selected,
FOMC_2025_03_19,XAUUSD,6,2025-02-05 19:00:00+00:00,valid_not_selected,
FOMC_2025_03_19,XAUUSD,7,2025-01-29 19:00:00+00:00,rejected,FOMC date
FOMC_2025_03_19,XAUUSD,8,2025-01-22 19:00:00+00:00,valid_not_selected,
FOMC_2025_03_19,XAUUSD,9,2025-01-15 19:00:00+00:00,valid_not_selected,
FOMC_2025_03_19,XAUUSD,10,2025-01-08 19:00:00+00:00,valid_not_selected,
FOMC_2025_03_19,XAUUSD,11,2025-01-01 19:00:00+00:00,rejected,missing exact quote boundary
FOMC_2025_03_19,XAUUSD,12,2024-12-25 19:00:00+00:00,rejected,missing exact quote boundary
FOMC_2025_03_19,XAGUSD,1,2025-03-12 18:00:00+00:00,selected,
FOMC_2025_03_19,XAGUSD,2,2025-03-05 19:00:00+00:00,selected,
FOMC_2025_03_19,XAGUSD,3,2025-02-26 19:00:00+00:00,selected,
FOMC_2025_03_19,XAGUSD,4,2025-02-19 19:00:00+00:00,selected,
FOMC_2025_03_19,XAGUSD,5,2025-02-12 19:00:00+00:00,valid_not_selected,
FOMC_2025_03_19,XAGUSD,6,2025-02-05 19:00:00+00:00,valid_not_selected,
FOMC_2025_03_19,XAGUSD,7,2025-01-29 19:00:00+00:00,rejected,FOMC date
FOMC_2025_03_19,XAGUSD,8,2025-01-22 19:00:00+00:00,valid_not_selected,
FOMC_2025_03_19,XAGUSD,9,2025-01-15 19:00:00+00:00,valid_not_selected,
FOMC_2025_03_19,XAGUSD,10,2025-01-08 19:00:00+00:00,valid_not_selected,
FOMC_2025_03_19,XAGUSD,11,2025-01-01 19:00:00+00:00,rejected,missing exact quote boundary
FOMC_2025_03_19,XAGUSD,12,2024-12-25 19:00:00+00:00,rejected,missing exact quote boundary
FOMC_2025_03_19,SPXUSD,1,2025-03-12 18:00:00+00:00,selected,
FOMC_2025_03_19,SPXUSD,2,2025-03-05 19:00:00+00:00,selected,
FOMC_2025_03_19,SPXUSD,3,2025-02-26 19:00:00+00:00,selected,
FOMC_2025_03_19,SPXUSD,4,2025-02-19 19:00:00+00:00,selected,
FOMC_2025_03_19,SPXUSD,5,2025-02-12 19:00:00+00:00,valid_not_selected,
FOMC_2025_03_19,SPXUSD,6,2025-02-05 19:00:00+00:00,valid_not_selected,
FOMC_2025_03_19,SPXUSD,7,2025-01-29 19:00:00+00:00,rejected,FOMC date
FOMC_2025_03_19,SPXUSD,8,2025-01-22 19:00:00+00:00,valid_not_selected,
FOMC_2025_03_19,SPXUSD,9,2025-01-15 19:00:00+00:00,valid_not_selected,
FOMC_2025_03_19,SPXUSD,10,2025-01-08 19:00:00+00:00,valid_not_selected,
FOMC_2025_03_19,SPXUSD,11,2025-01-01 19:00:00+00:00,rejected,missing exact quote boundary
FOMC_2025_03_19,SPXUSD,12,2024-12-25 19:00:00+00:00,rejected,missing exact quote boundary
FOMC_2025_03_19,NSXUSD,1,2025-03-12 18:00:00+00:00,selected,
FOMC_2025_03_19,NSXUSD,2,2025-03-05 19:00:00+00:00,selected,
FOMC_2025_03_19,NSXUSD,3,2025-02-26 19:00:00+00:00,selected,
FOMC_2025_03_19,NSXUSD,4,2025-02-19 19:00:00+00:00,selected,
FOMC_2025_03_19,NSXUSD,5,2025-02-12 19:00:00+00:00,valid_not_selected,
FOMC_2025_03_19,NSXUSD,6,2025-02-05 19:00:00+00:00,valid_not_selected,
FOMC_2025_03_19,NSXUSD,7,2025-01-29 19:00:00+00:00,rejected,FOMC date
FOMC_2025_03_19,NSXUSD,8,2025-01-22 19:00:00+00:00,valid_not_selected,
FOMC_2025_03_19,NSXUSD,9,2025-01-15 19:00:00+00:00,valid_not_selected,
FOMC_2025_03_19,NSXUSD,10,2025-01-08 19:00:00+00:00,valid_not_selected,
FOMC_2025_03_19,NSXUSD,11,2025-01-01 19:00:00+00:00,rejected,missing exact quote boundary
FOMC_2025_03_19,NSXUSD,12,2024-12-25 19:00:00+00:00,rejected,missing exact quote boundary
FOMC_2025_05_07,EURUSD,1,2025-04-30 18:00:00+00:00,selected,
FOMC_2025_05_07,EURUSD,2,2025-04-23 18:00:00+00:00,selected,
FOMC_2025_05_07,EURUSD,3,2025-04-16 18:00:00+00:00,selected,
FOMC_2025_05_07,EURUSD,4,2025-04-09 18:00:00+00:00,selected,
FOMC_2025_05_07,EURUSD,5,2025-04-02 18:00:00+00:00,valid_not_selected,
FOMC_2025_05_07,EURUSD,6,2025-03-26 18:00:00+00:00,valid_not_selected,
FOMC_2025_05_07,EURUSD,7,2025-03-19 18:00:00+00:00,rejected,FOMC date
FOMC_2025_05_07,EURUSD,8,2025-03-12 18:00:00+00:00,valid_not_selected,
FOMC_2025_05_07,EURUSD,9,2025-03-05 19:00:00+00:00,valid_not_selected,
FOMC_2025_05_07,EURUSD,10,2025-02-26 19:00:00+00:00,valid_not_selected,
FOMC_2025_05_07,EURUSD,11,2025-02-19 19:00:00+00:00,valid_not_selected,
FOMC_2025_05_07,EURUSD,12,2025-02-12 19:00:00+00:00,valid_not_selected,
FOMC_2025_05_07,GBPUSD,1,2025-04-30 18:00:00+00:00,selected,
FOMC_2025_05_07,GBPUSD,2,2025-04-23 18:00:00+00:00,selected,
FOMC_2025_05_07,GBPUSD,3,2025-04-16 18:00:00+00:00,selected,
FOMC_2025_05_07,GBPUSD,4,2025-04-09 18:00:00+00:00,selected,
FOMC_2025_05_07,GBPUSD,5,2025-04-02 18:00:00+00:00,valid_not_selected,
FOMC_2025_05_07,GBPUSD,6,2025-03-26 18:00:00+00:00,valid_not_selected,
FOMC_2025_05_07,GBPUSD,7,2025-03-19 18:00:00+00:00,rejected,FOMC date
FOMC_2025_05_07,GBPUSD,8,2025-03-12 18:00:00+00:00,valid_not_selected,
FOMC_2025_05_07,GBPUSD,9,2025-03-05 19:00:00+00:00,valid_not_selected,
FOMC_2025_05_07,GBPUSD,10,2025-02-26 19:00:00+00:00,valid_not_selected,
FOMC_2025_05_07,GBPUSD,11,2025-02-19 19:00:00+00:00,valid_not_selected,
FOMC_2025_05_07,GBPUSD,12,2025-02-12 19:00:00+00:00,valid_not_selected,
FOMC_2025_05_07,AUDUSD,1,2025-04-30 18:00:00+00:00,selected,
FOMC_2025_05_07,AUDUSD,2,2025-04-23 18:00:00+00:00,selected,
FOMC_2025_05_07,AUDUSD,3,2025-04-16 18:00:00+00:00,selected,
FOMC_2025_05_07,AUDUSD,4,2025-04-09 18:00:00+00:00,selected,
FOMC_2025_05_07,AUDUSD,5,2025-04-02 18:00:00+00:00,valid_not_selected,
FOMC_2025_05_07,AUDUSD,6,2025-03-26 18:00:00+00:00,valid_not_selected,
FOMC_2025_05_07,AUDUSD,7,2025-03-19 18:00:00+00:00,rejected,FOMC date
FOMC_2025_05_07,AUDUSD,8,2025-03-12 18:00:00+00:00,valid_not_selected,
FOMC_2025_05_07,AUDUSD,9,2025-03-05 19:00:00+00:00,valid_not_selected,
FOMC_2025_05_07,AUDUSD,10,2025-02-26 19:00:00+00:00,valid_not_selected,
FOMC_2025_05_07,AUDUSD,11,2025-02-19 19:00:00+00:00,valid_not_selected,
FOMC_2025_05_07,AUDUSD,12,2025-02-12 19:00:00+00:00,valid_not_selected,
FOMC_2025_05_07,NZDUSD,1,2025-04-30 18:00:00+00:00,selected,
FOMC_2025_05_07,NZDUSD,2,2025-04-23 18:00:00+00:00,selected,
FOMC_2025_05_07,NZDUSD,3,2025-04-16 18:00:00+00:00,selected,
FOMC_2025_05_07,NZDUSD,4,2025-04-09 18:00:00+00:00,selected,
FOMC_2025_05_07,NZDUSD,5,2025-04-02 18:00:00+00:00,valid_not_selected,
FOMC_2025_05_07,NZDUSD,6,2025-03-26 18:00:00+00:00,valid_not_selected,
FOMC_2025_05_07,NZDUSD,7,2025-03-19 18:00:00+00:00,rejected,FOMC date
FOMC_2025_05_07,NZDUSD,8,2025-03-12 18:00:00+00:00,valid_not_selected,
FOMC_2025_05_07,NZDUSD,9,2025-03-05 19:00:00+00:00,valid_not_selected,
FOMC_2025_05_07,NZDUSD,10,2025-02-26 19:00:00+00:00,valid_not_selected,
FOMC_2025_05_07,NZDUSD,11,2025-02-19 19:00:00+00:00,valid_not_selected,
FOMC_2025_05_07,NZDUSD,12,2025-02-12 19:00:00+00:00,valid_not_selected,
FOMC_2025_05_07,USDJPY,1,2025-04-30 18:00:00+00:00,selected,
FOMC_2025_05_07,USDJPY,2,2025-04-23 18:00:00+00:00,selected,
FOMC_2025_05_07,USDJPY,3,2025-04-16 18:00:00+00:00,selected,
FOMC_2025_05_07,USDJPY,4,2025-04-09 18:00:00+00:00,selected,
FOMC_2025_05_07,USDJPY,5,2025-04-02 18:00:00+00:00,valid_not_selected,
FOMC_2025_05_07,USDJPY,6,2025-03-26 18:00:00+00:00,valid_not_selected,
FOMC_2025_05_07,USDJPY,7,2025-03-19 18:00:00+00:00,rejected,FOMC date
FOMC_2025_05_07,USDJPY,8,2025-03-12 18:00:00+00:00,valid_not_selected,
FOMC_2025_05_07,USDJPY,9,2025-03-05 19:00:00+00:00,valid_not_selected,
FOMC_2025_05_07,USDJPY,10,2025-02-26 19:00:00+00:00,valid_not_selected,
FOMC_2025_05_07,USDJPY,11,2025-02-19 19:00:00+00:00,valid_not_selected,
FOMC_2025_05_07,USDJPY,12,2025-02-12 19:00:00+00:00,valid_not_selected,
FOMC_2025_05_07,USDCHF,1,2025-04-30 18:00:00+00:00,selected,
FOMC_2025_05_07,USDCHF,2,2025-04-23 18:00:00+00:00,selected,
FOMC_2025_05_07,USDCHF,3,2025-04-16 18:00:00+00:00,selected,
FOMC_2025_05_07,USDCHF,4,2025-04-09 18:00:00+00:00,selected,
FOMC_2025_05_07,USDCHF,5,2025-04-02 18:00:00+00:00,valid_not_selected,
FOMC_2025_05_07,USDCHF,6,2025-03-26 18:00:00+00:00,valid_not_selected,
FOMC_2025_05_07,USDCHF,7,2025-03-19 18:00:00+00:00,rejected,FOMC date
FOMC_2025_05_07,USDCHF,8,2025-03-12 18:00:00+00:00,valid_not_selected,
FOMC_2025_05_07,USDCHF,9,2025-03-05 19:00:00+00:00,valid_not_selected,
FOMC_2025_05_07,USDCHF,10,2025-02-26 19:00:00+00:00,valid_not_selected,
FOMC_2025_05_07,USDCHF,11,2025-02-19 19:00:00+00:00,valid_not_selected,
FOMC_2025_05_07,USDCHF,12,2025-02-12 19:00:00+00:00,valid_not_selected,
FOMC_2025_05_07,USDCAD,1,2025-04-30 18:00:00+00:00,selected,
FOMC_2025_05_07,USDCAD,2,2025-04-23 18:00:00+00:00,selected,
FOMC_2025_05_07,USDCAD,3,2025-04-16 18:00:00+00:00,selected,
FOMC_2025_05_07,USDCAD,4,2025-04-09 18:00:00+00:00,selected,
FOMC_2025_05_07,USDCAD,5,2025-04-02 18:00:00+00:00,valid_not_selected,
FOMC_2025_05_07,USDCAD,6,2025-03-26 18:00:00+00:00,valid_not_selected,
FOMC_2025_05_07,USDCAD,7,2025-03-19 18:00:00+00:00,rejected,FOMC date
FOMC_2025_05_07,USDCAD,8,2025-03-12 18:00:00+00:00,valid_not_selected,
FOMC_2025_05_07,USDCAD,9,2025-03-05 19:00:00+00:00,valid_not_selected,
FOMC_2025_05_07,USDCAD,10,2025-02-26 19:00:00+00:00,valid_not_selected,
FOMC_2025_05_07,USDCAD,11,2025-02-19 19:00:00+00:00,valid_not_selected,
FOMC_2025_05_07,USDCAD,12,2025-02-12 19:00:00+00:00,valid_not_selected,
FOMC_2025_05_07,EURJPY,1,2025-04-30 18:00:00+00:00,selected,
FOMC_2025_05_07,EURJPY,2,2025-04-23 18:00:00+00:00,selected,
FOMC_2025_05_07,EURJPY,3,2025-04-16 18:00:00+00:00,selected,
FOMC_2025_05_07,EURJPY,4,2025-04-09 18:00:00+00:00,selected,
FOMC_2025_05_07,EURJPY,5,2025-04-02 18:00:00+00:00,valid_not_selected,
FOMC_2025_05_07,EURJPY,6,2025-03-26 18:00:00+00:00,valid_not_selected,
FOMC_2025_05_07,EURJPY,7,2025-03-19 18:00:00+00:00,rejected,FOMC date
FOMC_2025_05_07,EURJPY,8,2025-03-12 18:00:00+00:00,valid_not_selected,
FOMC_2025_05_07,EURJPY,9,2025-03-05 19:00:00+00:00,valid_not_selected,
FOMC_2025_05_07,EURJPY,10,2025-02-26 19:00:00+00:00,valid_not_selected,
FOMC_2025_05_07,EURJPY,11,2025-02-19 19:00:00+00:00,valid_not_selected,
FOMC_2025_05_07,EURJPY,12,2025-02-12 19:00:00+00:00,valid_not_selected,
FOMC_2025_05_07,XAUUSD,1,2025-04-30 18:00:00+00:00,selected,
FOMC_2025_05_07,XAUUSD,2,2025-04-23 18:00:00+00:00,selected,
FOMC_2025_05_07,XAUUSD,3,2025-04-16 18:00:00+00:00,selected,
FOMC_2025_05_07,XAUUSD,4,2025-04-09 18:00:00+00:00,selected,
FOMC_2025_05_07,XAUUSD,5,2025-04-02 18:00:00+00:00,valid_not_selected,
FOMC_2025_05_07,XAUUSD,6,2025-03-26 18:00:00+00:00,valid_not_selected,
FOMC_2025_05_07,XAUUSD,7,2025-03-19 18:00:00+00:00,rejected,FOMC date
FOMC_2025_05_07,XAUUSD,8,2025-03-12 18:00:00+00:00,valid_not_selected,
FOMC_2025_05_07,XAUUSD,9,2025-03-05 19:00:00+00:00,valid_not_selected,
FOMC_2025_05_07,XAUUSD,10,2025-02-26 19:00:00+00:00,valid_not_selected,
FOMC_2025_05_07,XAUUSD,11,2025-02-19 19:00:00+00:00,valid_not_selected,
FOMC_2025_05_07,XAUUSD,12,2025-02-12 19:00:00+00:00,valid_not_selected,
FOMC_2025_05_07,XAGUSD,1,2025-04-30 18:00:00+00:00,selected,
FOMC_2025_05_07,XAGUSD,2,2025-04-23 18:00:00+00:00,selected,
FOMC_2025_05_07,XAGUSD,3,2025-04-16 18:00:00+00:00,selected,
FOMC_2025_05_07,XAGUSD,4,2025-04-09 18:00:00+00:00,selected,
FOMC_2025_05_07,XAGUSD,5,2025-04-02 18:00:00+00:00,valid_not_selected,
FOMC_2025_05_07,XAGUSD,6,2025-03-26 18:00:00+00:00,valid_not_selected,
FOMC_2025_05_07,XAGUSD,7,2025-03-19 18:00:00+00:00,rejected,FOMC date
FOMC_2025_05_07,XAGUSD,8,2025-03-12 18:00:00+00:00,valid_not_selected,
FOMC_2025_05_07,XAGUSD,9,2025-03-05 19:00:00+00:00,valid_not_selected,
FOMC_2025_05_07,XAGUSD,10,2025-02-26 19:00:00+00:00,valid_not_selected,
FOMC_2025_05_07,XAGUSD,11,2025-02-19 19:00:00+00:00,valid_not_selected,
FOMC_2025_05_07,XAGUSD,12,2025-02-12 19:00:00+00:00,valid_not_selected,
FOMC_2025_05_07,SPXUSD,1,2025-04-30 18:00:00+00:00,selected,
FOMC_2025_05_07,SPXUSD,2,2025-04-23 18:00:00+00:00,selected,
FOMC_2025_05_07,SPXUSD,3,2025-04-16 18:00:00+00:00,selected,
FOMC_2025_05_07,SPXUSD,4,2025-04-09 18:00:00+00:00,selected,
FOMC_2025_05_07,SPXUSD,5,2025-04-02 18:00:00+00:00,valid_not_selected,
FOMC_2025_05_07,SPXUSD,6,2025-03-26 18:00:00+00:00,valid_not_selected,
FOMC_2025_05_07,SPXUSD,7,2025-03-19 18:00:00+00:00,rejected,FOMC date
FOMC_2025_05_07,SPXUSD,8,2025-03-12 18:00:00+00:00,valid_not_selected,
FOMC_2025_05_07,SPXUSD,9,2025-03-05 19:00:00+00:00,valid_not_selected,
FOMC_2025_05_07,SPXUSD,10,2025-02-26 19:00:00+00:00,valid_not_selected,
FOMC_2025_05_07,SPXUSD,11,2025-02-19 19:00:00+00:00,valid_not_selected,
FOMC_2025_05_07,SPXUSD,12,2025-02-12 19:00:00+00:00,valid_not_selected,
FOMC_2025_05_07,NSXUSD,1,2025-04-30 18:00:00+00:00,selected,
FOMC_2025_05_07,NSXUSD,2,2025-04-23 18:00:00+00:00,selected,
FOMC_2025_05_07,NSXUSD,3,2025-04-16 18:00:00+00:00,selected,
FOMC_2025_05_07,NSXUSD,4,2025-04-09 18:00:00+00:00,selected,
FOMC_2025_05_07,NSXUSD,5,2025-04-02 18:00:00+00:00,valid_not_selected,
FOMC_2025_05_07,NSXUSD,6,2025-03-26 18:00:00+00:00,valid_not_selected,
FOMC_2025_05_07,NSXUSD,7,2025-03-19 18:00:00+00:00,rejected,FOMC date
FOMC_2025_05_07,NSXUSD,8,2025-03-12 18:00:00+00:00,valid_not_selected,
FOMC_2025_05_07,NSXUSD,9,2025-03-05 19:00:00+00:00,valid_not_selected,
FOMC_2025_05_07,NSXUSD,10,2025-02-26 19:00:00+00:00,valid_not_selected,
FOMC_2025_05_07,NSXUSD,11,2025-02-19 19:00:00+00:00,valid_not_selected,
FOMC_2025_05_07,NSXUSD,12,2025-02-12 19:00:00+00:00,valid_not_selected,
FOMC_2025_06_18,EURUSD,1,2025-06-11 18:00:00+00:00,selected,
FOMC_2025_06_18,EURUSD,2,2025-06-04 18:00:00+00:00,selected,
FOMC_2025_06_18,EURUSD,3,2025-05-28 18:00:00+00:00,selected,
FOMC_2025_06_18,EURUSD,4,2025-05-21 18:00:00+00:00,selected,
FOMC_2025_06_18,EURUSD,5,2025-05-14 18:00:00+00:00,valid_not_selected,
FOMC_2025_06_18,EURUSD,6,2025-05-07 18:00:00+00:00,rejected,FOMC date
FOMC_2025_06_18,EURUSD,7,2025-04-30 18:00:00+00:00,valid_not_selected,
FOMC_2025_06_18,EURUSD,8,2025-04-23 18:00:00+00:00,valid_not_selected,
FOMC_2025_06_18,EURUSD,9,2025-04-16 18:00:00+00:00,valid_not_selected,
FOMC_2025_06_18,EURUSD,10,2025-04-09 18:00:00+00:00,valid_not_selected,
FOMC_2025_06_18,EURUSD,11,2025-04-02 18:00:00+00:00,valid_not_selected,
FOMC_2025_06_18,EURUSD,12,2025-03-26 18:00:00+00:00,valid_not_selected,
FOMC_2025_06_18,GBPUSD,1,2025-06-11 18:00:00+00:00,selected,
FOMC_2025_06_18,GBPUSD,2,2025-06-04 18:00:00+00:00,selected,
FOMC_2025_06_18,GBPUSD,3,2025-05-28 18:00:00+00:00,selected,
FOMC_2025_06_18,GBPUSD,4,2025-05-21 18:00:00+00:00,selected,
FOMC_2025_06_18,GBPUSD,5,2025-05-14 18:00:00+00:00,valid_not_selected,
FOMC_2025_06_18,GBPUSD,6,2025-05-07 18:00:00+00:00,rejected,FOMC date
FOMC_2025_06_18,GBPUSD,7,2025-04-30 18:00:00+00:00,valid_not_selected,
FOMC_2025_06_18,GBPUSD,8,2025-04-23 18:00:00+00:00,valid_not_selected,
FOMC_2025_06_18,GBPUSD,9,2025-04-16 18:00:00+00:00,valid_not_selected,
FOMC_2025_06_18,GBPUSD,10,2025-04-09 18:00:00+00:00,valid_not_selected,
FOMC_2025_06_18,GBPUSD,11,2025-04-02 18:00:00+00:00,valid_not_selected,
FOMC_2025_06_18,GBPUSD,12,2025-03-26 18:00:00+00:00,valid_not_selected,
FOMC_2025_06_18,AUDUSD,1,2025-06-11 18:00:00+00:00,selected,
FOMC_2025_06_18,AUDUSD,2,2025-06-04 18:00:00+00:00,selected,
FOMC_2025_06_18,AUDUSD,3,2025-05-28 18:00:00+00:00,selected,
FOMC_2025_06_18,AUDUSD,4,2025-05-21 18:00:00+00:00,selected,
FOMC_2025_06_18,AUDUSD,5,2025-05-14 18:00:00+00:00,valid_not_selected,
FOMC_2025_06_18,AUDUSD,6,2025-05-07 18:00:00+00:00,rejected,FOMC date
FOMC_2025_06_18,AUDUSD,7,2025-04-30 18:00:00+00:00,valid_not_selected,
FOMC_2025_06_18,AUDUSD,8,2025-04-23 18:00:00+00:00,valid_not_selected,
FOMC_2025_06_18,AUDUSD,9,2025-04-16 18:00:00+00:00,valid_not_selected,
FOMC_2025_06_18,AUDUSD,10,2025-04-09 18:00:00+00:00,valid_not_selected,
FOMC_2025_06_18,AUDUSD,11,2025-04-02 18:00:00+00:00,valid_not_selected,
FOMC_2025_06_18,AUDUSD,12,2025-03-26 18:00:00+00:00,valid_not_selected,
FOMC_2025_06_18,NZDUSD,1,2025-06-11 18:00:00+00:00,selected,
FOMC_2025_06_18,NZDUSD,2,2025-06-04 18:00:00+00:00,selected,
FOMC_2025_06_18,NZDUSD,3,2025-05-28 18:00:00+00:00,selected,
FOMC_2025_06_18,NZDUSD,4,2025-05-21 18:00:00+00:00,selected,
FOMC_2025_06_18,NZDUSD,5,2025-05-14 18:00:00+00:00,valid_not_selected,
FOMC_2025_06_18,NZDUSD,6,2025-05-07 18:00:00+00:00,rejected,FOMC date
FOMC_2025_06_18,NZDUSD,7,2025-04-30 18:00:00+00:00,valid_not_selected,
FOMC_2025_06_18,NZDUSD,8,2025-04-23 18:00:00+00:00,valid_not_selected,
FOMC_2025_06_18,NZDUSD,9,2025-04-16 18:00:00+00:00,valid_not_selected,
FOMC_2025_06_18,NZDUSD,10,2025-04-09 18:00:00+00:00,valid_not_selected,
FOMC_2025_06_18,NZDUSD,11,2025-04-02 18:00:00+00:00,valid_not_selected,
FOMC_2025_06_18,NZDUSD,12,2025-03-26 18:00:00+00:00,valid_not_selected,
FOMC_2025_06_18,USDJPY,1,2025-06-11 18:00:00+00:00,selected,
FOMC_2025_06_18,USDJPY,2,2025-06-04 18:00:00+00:00,selected,
FOMC_2025_06_18,USDJPY,3,2025-05-28 18:00:00+00:00,selected,
FOMC_2025_06_18,USDJPY,4,2025-05-21 18:00:00+00:00,selected,
FOMC_2025_06_18,USDJPY,5,2025-05-14 18:00:00+00:00,valid_not_selected,
FOMC_2025_06_18,USDJPY,6,2025-05-07 18:00:00+00:00,rejected,FOMC date
FOMC_2025_06_18,USDJPY,7,2025-04-30 18:00:00+00:00,valid_not_selected,
FOMC_2025_06_18,USDJPY,8,2025-04-23 18:00:00+00:00,valid_not_selected,
FOMC_2025_06_18,USDJPY,9,2025-04-16 18:00:00+00:00,valid_not_selected,
FOMC_2025_06_18,USDJPY,10,2025-04-09 18:00:00+00:00,valid_not_selected,
FOMC_2025_06_18,USDJPY,11,2025-04-02 18:00:00+00:00,valid_not_selected,
FOMC_2025_06_18,USDJPY,12,2025-03-26 18:00:00+00:00,valid_not_selected,
FOMC_2025_06_18,USDCHF,1,2025-06-11 18:00:00+00:00,selected,
FOMC_2025_06_18,USDCHF,2,2025-06-04 18:00:00+00:00,selected,
FOMC_2025_06_18,USDCHF,3,2025-05-28 18:00:00+00:00,selected,
FOMC_2025_06_18,USDCHF,4,2025-05-21 18:00:00+00:00,selected,
FOMC_2025_06_18,USDCHF,5,2025-05-14 18:00:00+00:00,valid_not_selected,
FOMC_2025_06_18,USDCHF,6,2025-05-07 18:00:00+00:00,rejected,FOMC date
FOMC_2025_06_18,USDCHF,7,2025-04-30 18:00:00+00:00,valid_not_selected,
FOMC_2025_06_18,USDCHF,8,2025-04-23 18:00:00+00:00,valid_not_selected,
FOMC_2025_06_18,USDCHF,9,2025-04-16 18:00:00+00:00,valid_not_selected,
FOMC_2025_06_18,USDCHF,10,2025-04-09 18:00:00+00:00,valid_not_selected,
FOMC_2025_06_18,USDCHF,11,2025-04-02 18:00:00+00:00,valid_not_selected,
FOMC_2025_06_18,USDCHF,12,2025-03-26 18:00:00+00:00,valid_not_selected,
FOMC_2025_06_18,USDCAD,1,2025-06-11 18:00:00+00:00,selected,
FOMC_2025_06_18,USDCAD,2,2025-06-04 18:00:00+00:00,selected,
FOMC_2025_06_18,USDCAD,3,2025-05-28 18:00:00+00:00,selected,
FOMC_2025_06_18,USDCAD,4,2025-05-21 18:00:00+00:00,selected,
FOMC_2025_06_18,USDCAD,5,2025-05-14 18:00:00+00:00,valid_not_selected,
FOMC_2025_06_18,USDCAD,6,2025-05-07 18:00:00+00:00,rejected,FOMC date
FOMC_2025_06_18,USDCAD,7,2025-04-30 18:00:00+00:00,valid_not_selected,
FOMC_2025_06_18,USDCAD,8,2025-04-23 18:00:00+00:00,valid_not_selected,
FOMC_2025_06_18,USDCAD,9,2025-04-16 18:00:00+00:00,valid_not_selected,
FOMC_2025_06_18,USDCAD,10,2025-04-09 18:00:00+00:00,valid_not_selected,
FOMC_2025_06_18,USDCAD,11,2025-04-02 18:00:00+00:00,valid_not_selected,
FOMC_2025_06_18,USDCAD,12,2025-03-26 18:00:00+00:00,valid_not_selected,
FOMC_2025_06_18,EURJPY,1,2025-06-11 18:00:00+00:00,selected,
FOMC_2025_06_18,EURJPY,2,2025-06-04 18:00:00+00:00,selected,
FOMC_2025_06_18,EURJPY,3,2025-05-28 18:00:00+00:00,selected,
FOMC_2025_06_18,EURJPY,4,2025-05-21 18:00:00+00:00,selected,
FOMC_2025_06_18,EURJPY,5,2025-05-14 18:00:00+00:00,valid_not_selected,
FOMC_2025_06_18,EURJPY,6,2025-05-07 18:00:00+00:00,rejected,FOMC date
FOMC_2025_06_18,EURJPY,7,2025-04-30 18:00:00+00:00,valid_not_selected,
FOMC_2025_06_18,EURJPY,8,2025-04-23 18:00:00+00:00,valid_not_selected,
FOMC_2025_06_18,EURJPY,9,2025-04-16 18:00:00+00:00,valid_not_selected,
FOMC_2025_06_18,EURJPY,10,2025-04-09 18:00:00+00:00,valid_not_selected,
FOMC_2025_06_18,EURJPY,11,2025-04-02 18:00:00+00:00,valid_not_selected,
FOMC_2025_06_18,EURJPY,12,2025-03-26 18:00:00+00:00,valid_not_selected,
FOMC_2025_06_18,XAUUSD,1,2025-06-11 18:00:00+00:00,selected,
FOMC_2025_06_18,XAUUSD,2,2025-06-04 18:00:00+00:00,selected,
FOMC_2025_06_18,XAUUSD,3,2025-05-28 18:00:00+00:00,selected,
FOMC_2025_06_18,XAUUSD,4,2025-05-21 18:00:00+00:00,selected,
FOMC_2025_06_18,XAUUSD,5,2025-05-14 18:00:00+00:00,valid_not_selected,
FOMC_2025_06_18,XAUUSD,6,2025-05-07 18:00:00+00:00,rejected,FOMC date
FOMC_2025_06_18,XAUUSD,7,2025-04-30 18:00:00+00:00,valid_not_selected,
FOMC_2025_06_18,XAUUSD,8,2025-04-23 18:00:00+00:00,valid_not_selected,
FOMC_2025_06_18,XAUUSD,9,2025-04-16 18:00:00+00:00,valid_not_selected,
FOMC_2025_06_18,XAUUSD,10,2025-04-09 18:00:00+00:00,valid_not_selected,
FOMC_2025_06_18,XAUUSD,11,2025-04-02 18:00:00+00:00,valid_not_selected,
FOMC_2025_06_18,XAUUSD,12,2025-03-26 18:00:00+00:00,valid_not_selected,
FOMC_2025_06_18,XAGUSD,1,2025-06-11 18:00:00+00:00,selected,
FOMC_2025_06_18,XAGUSD,2,2025-06-04 18:00:00+00:00,selected,
FOMC_2025_06_18,XAGUSD,3,2025-05-28 18:00:00+00:00,selected,
FOMC_2025_06_18,XAGUSD,4,2025-05-21 18:00:00+00:00,selected,
FOMC_2025_06_18,XAGUSD,5,2025-05-14 18:00:00+00:00,valid_not_selected,
FOMC_2025_06_18,XAGUSD,6,2025-05-07 18:00:00+00:00,rejected,FOMC date
FOMC_2025_06_18,XAGUSD,7,2025-04-30 18:00:00+00:00,valid_not_selected,
FOMC_2025_06_18,XAGUSD,8,2025-04-23 18:00:00+00:00,valid_not_selected,
FOMC_2025_06_18,XAGUSD,9,2025-04-16 18:00:00+00:00,valid_not_selected,
FOMC_2025_06_18,XAGUSD,10,2025-04-09 18:00:00+00:00,valid_not_selected,
FOMC_2025_06_18,XAGUSD,11,2025-04-02 18:00:00+00:00,valid_not_selected,
FOMC_2025_06_18,XAGUSD,12,2025-03-26 18:00:00+00:00,valid_not_selected,
FOMC_2025_06_18,SPXUSD,1,2025-06-11 18:00:00+00:00,selected,
FOMC_2025_06_18,SPXUSD,2,2025-06-04 18:00:00+00:00,selected,
FOMC_2025_06_18,SPXUSD,3,2025-05-28 18:00:00+00:00,selected,
FOMC_2025_06_18,SPXUSD,4,2025-05-21 18:00:00+00:00,selected,
FOMC_2025_06_18,SPXUSD,5,2025-05-14 18:00:00+00:00,valid_not_selected,
FOMC_2025_06_18,SPXUSD,6,2025-05-07 18:00:00+00:00,rejected,FOMC date
FOMC_2025_06_18,SPXUSD,7,2025-04-30 18:00:00+00:00,valid_not_selected,
FOMC_2025_06_18,SPXUSD,8,2025-04-23 18:00:00+00:00,valid_not_selected,
FOMC_2025_06_18,SPXUSD,9,2025-04-16 18:00:00+00:00,valid_not_selected,
FOMC_2025_06_18,SPXUSD,10,2025-04-09 18:00:00+00:00,valid_not_selected,
FOMC_2025_06_18,SPXUSD,11,2025-04-02 18:00:00+00:00,valid_not_selected,
FOMC_2025_06_18,SPXUSD,12,2025-03-26 18:00:00+00:00,valid_not_selected,
FOMC_2025_06_18,NSXUSD,1,2025-06-11 18:00:00+00:00,selected,
FOMC_2025_06_18,NSXUSD,2,2025-06-04 18:00:00+00:00,selected,
FOMC_2025_06_18,NSXUSD,3,2025-05-28 18:00:00+00:00,selected,
FOMC_2025_06_18,NSXUSD,4,2025-05-21 18:00:00+00:00,selected,
FOMC_2025_06_18,NSXUSD,5,2025-05-14 18:00:00+00:00,valid_not_selected,
FOMC_2025_06_18,NSXUSD,6,2025-05-07 18:00:00+00:00,rejected,FOMC date
FOMC_2025_06_18,NSXUSD,7,2025-04-30 18:00:00+00:00,valid_not_selected,
FOMC_2025_06_18,NSXUSD,8,2025-04-23 18:00:00+00:00,valid_not_selected,
FOMC_2025_06_18,NSXUSD,9,2025-04-16 18:00:00+00:00,valid_not_selected,
FOMC_2025_06_18,NSXUSD,10,2025-04-09 18:00:00+00:00,valid_not_selected,
FOMC_2025_06_18,NSXUSD,11,2025-04-02 18:00:00+00:00,valid_not_selected,
FOMC_2025_06_18,NSXUSD,12,2025-03-26 18:00:00+00:00,valid_not_selected,
FOMC_2025_07_30,EURUSD,1,2025-07-23 18:00:00+00:00,selected,
FOMC_2025_07_30,EURUSD,2,2025-07-16 18:00:00+00:00,selected,
FOMC_2025_07_30,EURUSD,3,2025-07-09 18:00:00+00:00,selected,
FOMC_2025_07_30,EURUSD,4,2025-07-02 18:00:00+00:00,selected,
FOMC_2025_07_30,EURUSD,5,2025-06-25 18:00:00+00:00,valid_not_selected,
FOMC_2025_07_30,EURUSD,6,2025-06-18 18:00:00+00:00,rejected,FOMC date
FOMC_2025_07_30,EURUSD,7,2025-06-11 18:00:00+00:00,valid_not_selected,
FOMC_2025_07_30,EURUSD,8,2025-06-04 18:00:00+00:00,valid_not_selected,
FOMC_2025_07_30,EURUSD,9,2025-05-28 18:00:00+00:00,valid_not_selected,
FOMC_2025_07_30,EURUSD,10,2025-05-21 18:00:00+00:00,valid_not_selected,
FOMC_2025_07_30,EURUSD,11,2025-05-14 18:00:00+00:00,valid_not_selected,
FOMC_2025_07_30,EURUSD,12,2025-05-07 18:00:00+00:00,rejected,FOMC date
FOMC_2025_07_30,GBPUSD,1,2025-07-23 18:00:00+00:00,selected,
FOMC_2025_07_30,GBPUSD,2,2025-07-16 18:00:00+00:00,selected,
FOMC_2025_07_30,GBPUSD,3,2025-07-09 18:00:00+00:00,selected,
FOMC_2025_07_30,GBPUSD,4,2025-07-02 18:00:00+00:00,selected,
FOMC_2025_07_30,GBPUSD,5,2025-06-25 18:00:00+00:00,valid_not_selected,
FOMC_2025_07_30,GBPUSD,6,2025-06-18 18:00:00+00:00,rejected,FOMC date
FOMC_2025_07_30,GBPUSD,7,2025-06-11 18:00:00+00:00,valid_not_selected,
FOMC_2025_07_30,GBPUSD,8,2025-06-04 18:00:00+00:00,valid_not_selected,
FOMC_2025_07_30,GBPUSD,9,2025-05-28 18:00:00+00:00,valid_not_selected,
FOMC_2025_07_30,GBPUSD,10,2025-05-21 18:00:00+00:00,valid_not_selected,
FOMC_2025_07_30,GBPUSD,11,2025-05-14 18:00:00+00:00,valid_not_selected,
FOMC_2025_07_30,GBPUSD,12,2025-05-07 18:00:00+00:00,rejected,FOMC date
FOMC_2025_07_30,AUDUSD,1,2025-07-23 18:00:00+00:00,selected,
FOMC_2025_07_30,AUDUSD,2,2025-07-16 18:00:00+00:00,selected,
FOMC_2025_07_30,AUDUSD,3,2025-07-09 18:00:00+00:00,selected,
FOMC_2025_07_30,AUDUSD,4,2025-07-02 18:00:00+00:00,selected,
FOMC_2025_07_30,AUDUSD,5,2025-06-25 18:00:00+00:00,valid_not_selected,
FOMC_2025_07_30,AUDUSD,6,2025-06-18 18:00:00+00:00,rejected,FOMC date
FOMC_2025_07_30,AUDUSD,7,2025-06-11 18:00:00+00:00,valid_not_selected,
FOMC_2025_07_30,AUDUSD,8,2025-06-04 18:00:00+00:00,valid_not_selected,
FOMC_2025_07_30,AUDUSD,9,2025-05-28 18:00:00+00:00,valid_not_selected,
FOMC_2025_07_30,AUDUSD,10,2025-05-21 18:00:00+00:00,valid_not_selected,
FOMC_2025_07_30,AUDUSD,11,2025-05-14 18:00:00+00:00,valid_not_selected,
FOMC_2025_07_30,AUDUSD,12,2025-05-07 18:00:00+00:00,rejected,FOMC date
FOMC_2025_07_30,NZDUSD,1,2025-07-23 18:00:00+00:00,selected,
FOMC_2025_07_30,NZDUSD,2,2025-07-16 18:00:00+00:00,selected,
FOMC_2025_07_30,NZDUSD,3,2025-07-09 18:00:00+00:00,selected,
FOMC_2025_07_30,NZDUSD,4,2025-07-02 18:00:00+00:00,selected,
FOMC_2025_07_30,NZDUSD,5,2025-06-25 18:00:00+00:00,valid_not_selected,
FOMC_2025_07_30,NZDUSD,6,2025-06-18 18:00:00+00:00,rejected,FOMC date
FOMC_2025_07_30,NZDUSD,7,2025-06-11 18:00:00+00:00,valid_not_selected,
FOMC_2025_07_30,NZDUSD,8,2025-06-04 18:00:00+00:00,valid_not_selected,
FOMC_2025_07_30,NZDUSD,9,2025-05-28 18:00:00+00:00,valid_not_selected,
FOMC_2025_07_30,NZDUSD,10,2025-05-21 18:00:00+00:00,valid_not_selected,
FOMC_2025_07_30,NZDUSD,11,2025-05-14 18:00:00+00:00,valid_not_selected,
FOMC_2025_07_30,NZDUSD,12,2025-05-07 18:00:00+00:00,rejected,FOMC date
FOMC_2025_07_30,USDJPY,1,2025-07-23 18:00:00+00:00,selected,
FOMC_2025_07_30,USDJPY,2,2025-07-16 18:00:00+00:00,selected,
FOMC_2025_07_30,USDJPY,3,2025-07-09 18:00:00+00:00,selected,
FOMC_2025_07_30,USDJPY,4,2025-07-02 18:00:00+00:00,selected,
FOMC_2025_07_30,USDJPY,5,2025-06-25 18:00:00+00:00,valid_not_selected,
FOMC_2025_07_30,USDJPY,6,2025-06-18 18:00:00+00:00,rejected,FOMC date
FOMC_2025_07_30,USDJPY,7,2025-06-11 18:00:00+00:00,valid_not_selected,
FOMC_2025_07_30,USDJPY,8,2025-06-04 18:00:00+00:00,valid_not_selected,
FOMC_2025_07_30,USDJPY,9,2025-05-28 18:00:00+00:00,valid_not_selected,
FOMC_2025_07_30,USDJPY,10,2025-05-21 18:00:00+00:00,valid_not_selected,
FOMC_2025_07_30,USDJPY,11,2025-05-14 18:00:00+00:00,valid_not_selected,
FOMC_2025_07_30,USDJPY,12,2025-05-07 18:00:00+00:00,rejected,FOMC date
FOMC_2025_07_30,USDCHF,1,2025-07-23 18:00:00+00:00,selected,
FOMC_2025_07_30,USDCHF,2,2025-07-16 18:00:00+00:00,selected,
FOMC_2025_07_30,USDCHF,3,2025-07-09 18:00:00+00:00,selected,
FOMC_2025_07_30,USDCHF,4,2025-07-02 18:00:00+00:00,selected,
FOMC_2025_07_30,USDCHF,5,2025-06-25 18:00:00+00:00,valid_not_selected,
FOMC_2025_07_30,USDCHF,6,2025-06-18 18:00:00+00:00,rejected,FOMC date
FOMC_2025_07_30,USDCHF,7,2025-06-11 18:00:00+00:00,valid_not_selected,
FOMC_2025_07_30,USDCHF,8,2025-06-04 18:00:00+00:00,valid_not_selected,
FOMC_2025_07_30,USDCHF,9,2025-05-28 18:00:00+00:00,valid_not_selected,
FOMC_2025_07_30,USDCHF,10,2025-05-21 18:00:00+00:00,valid_not_selected,
FOMC_2025_07_30,USDCHF,11,2025-05-14 18:00:00+00:00,valid_not_selected,
FOMC_2025_07_30,USDCHF,12,2025-05-07 18:00:00+00:00,rejected,FOMC date
FOMC_2025_07_30,USDCAD,1,2025-07-23 18:00:00+00:00,selected,
FOMC_2025_07_30,USDCAD,2,2025-07-16 18:00:00+00:00,selected,
FOMC_2025_07_30,USDCAD,3,2025-07-09 18:00:00+00:00,selected,
FOMC_2025_07_30,USDCAD,4,2025-07-02 18:00:00+00:00,selected,
FOMC_2025_07_30,USDCAD,5,2025-06-25 18:00:00+00:00,valid_not_selected,
FOMC_2025_07_30,USDCAD,6,2025-06-18 18:00:00+00:00,rejected,FOMC date
FOMC_2025_07_30,USDCAD,7,2025-06-11 18:00:00+00:00,valid_not_selected,
FOMC_2025_07_30,USDCAD,8,2025-06-04 18:00:00+00:00,valid_not_selected,
FOMC_2025_07_30,USDCAD,9,2025-05-28 18:00:00+00:00,valid_not_selected,
FOMC_2025_07_30,USDCAD,10,2025-05-21 18:00:00+00:00,valid_not_selected,
FOMC_2025_07_30,USDCAD,11,2025-05-14 18:00:00+00:00,valid_not_selected,
FOMC_2025_07_30,USDCAD,12,2025-05-07 18:00:00+00:00,rejected,FOMC date
FOMC_2025_07_30,EURJPY,1,2025-07-23 18:00:00+00:00,selected,
FOMC_2025_07_30,EURJPY,2,2025-07-16 18:00:00+00:00,selected,
FOMC_2025_07_30,EURJPY,3,2025-07-09 18:00:00+00:00,selected,
FOMC_2025_07_30,EURJPY,4,2025-07-02 18:00:00+00:00,selected,
FOMC_2025_07_30,EURJPY,5,2025-06-25 18:00:00+00:00,valid_not_selected,
FOMC_2025_07_30,EURJPY,6,2025-06-18 18:00:00+00:00,rejected,FOMC date
FOMC_2025_07_30,EURJPY,7,2025-06-11 18:00:00+00:00,valid_not_selected,
FOMC_2025_07_30,EURJPY,8,2025-06-04 18:00:00+00:00,valid_not_selected,
FOMC_2025_07_30,EURJPY,9,2025-05-28 18:00:00+00:00,valid_not_selected,
FOMC_2025_07_30,EURJPY,10,2025-05-21 18:00:00+00:00,valid_not_selected,
FOMC_2025_07_30,EURJPY,11,2025-05-14 18:00:00+00:00,valid_not_selected,
FOMC_2025_07_30,EURJPY,12,2025-05-07 18:00:00+00:00,rejected,FOMC date
FOMC_2025_07_30,XAUUSD,1,2025-07-23 18:00:00+00:00,selected,
FOMC_2025_07_30,XAUUSD,2,2025-07-16 18:00:00+00:00,selected,
FOMC_2025_07_30,XAUUSD,3,2025-07-09 18:00:00+00:00,selected,
FOMC_2025_07_30,XAUUSD,4,2025-07-02 18:00:00+00:00,selected,
FOMC_2025_07_30,XAUUSD,5,2025-06-25 18:00:00+00:00,valid_not_selected,
FOMC_2025_07_30,XAUUSD,6,2025-06-18 18:00:00+00:00,rejected,FOMC date
FOMC_2025_07_30,XAUUSD,7,2025-06-11 18:00:00+00:00,valid_not_selected,
FOMC_2025_07_30,XAUUSD,8,2025-06-04 18:00:00+00:00,valid_not_selected,
FOMC_2025_07_30,XAUUSD,9,2025-05-28 18:00:00+00:00,valid_not_selected,
FOMC_2025_07_30,XAUUSD,10,2025-05-21 18:00:00+00:00,valid_not_selected,
FOMC_2025_07_30,XAUUSD,11,2025-05-14 18:00:00+00:00,valid_not_selected,
FOMC_2025_07_30,XAUUSD,12,2025-05-07 18:00:00+00:00,rejected,FOMC date
FOMC_2025_07_30,XAGUSD,1,2025-07-23 18:00:00+00:00,selected,
FOMC_2025_07_30,XAGUSD,2,2025-07-16 18:00:00+00:00,selected,
FOMC_2025_07_30,XAGUSD,3,2025-07-09 18:00:00+00:00,selected,
FOMC_2025_07_30,XAGUSD,4,2025-07-02 18:00:00+00:00,selected,
FOMC_2025_07_30,XAGUSD,5,2025-06-25 18:00:00+00:00,valid_not_selected,
FOMC_2025_07_30,XAGUSD,6,2025-06-18 18:00:00+00:00,rejected,FOMC date
FOMC_2025_07_30,XAGUSD,7,2025-06-11 18:00:00+00:00,valid_not_selected,
FOMC_2025_07_30,XAGUSD,8,2025-06-04 18:00:00+00:00,valid_not_selected,
FOMC_2025_07_30,XAGUSD,9,2025-05-28 18:00:00+00:00,valid_not_selected,
FOMC_2025_07_30,XAGUSD,10,2025-05-21 18:00:00+00:00,valid_not_selected,
FOMC_2025_07_30,XAGUSD,11,2025-05-14 18:00:00+00:00,valid_not_selected,
FOMC_2025_07_30,XAGUSD,12,2025-05-07 18:00:00+00:00,rejected,FOMC date
FOMC_2025_07_30,SPXUSD,1,2025-07-23 18:00:00+00:00,selected,
FOMC_2025_07_30,SPXUSD,2,2025-07-16 18:00:00+00:00,selected,
FOMC_2025_07_30,SPXUSD,3,2025-07-09 18:00:00+00:00,selected,
FOMC_2025_07_30,SPXUSD,4,2025-07-02 18:00:00+00:00,selected,
FOMC_2025_07_30,SPXUSD,5,2025-06-25 18:00:00+00:00,valid_not_selected,
FOMC_2025_07_30,SPXUSD,6,2025-06-18 18:00:00+00:00,rejected,FOMC date
FOMC_2025_07_30,SPXUSD,7,2025-06-11 18:00:00+00:00,valid_not_selected,
FOMC_2025_07_30,SPXUSD,8,2025-06-04 18:00:00+00:00,valid_not_selected,
FOMC_2025_07_30,SPXUSD,9,2025-05-28 18:00:00+00:00,valid_not_selected,
FOMC_2025_07_30,SPXUSD,10,2025-05-21 18:00:00+00:00,valid_not_selected,
FOMC_2025_07_30,SPXUSD,11,2025-05-14 18:00:00+00:00,valid_not_selected,
FOMC_2025_07_30,SPXUSD,12,2025-05-07 18:00:00+00:00,rejected,FOMC date
FOMC_2025_07_30,NSXUSD,1,2025-07-23 18:00:00+00:00,selected,
FOMC_2025_07_30,NSXUSD,2,2025-07-16 18:00:00+00:00,selected,
FOMC_2025_07_30,NSXUSD,3,2025-07-09 18:00:00+00:00,selected,
FOMC_2025_07_30,NSXUSD,4,2025-07-02 18:00:00+00:00,selected,
FOMC_2025_07_30,NSXUSD,5,2025-06-25 18:00:00+00:00,valid_not_selected,
FOMC_2025_07_30,NSXUSD,6,2025-06-18 18:00:00+00:00,rejected,FOMC date
FOMC_2025_07_30,NSXUSD,7,2025-06-11 18:00:00+00:00,valid_not_selected,
FOMC_2025_07_30,NSXUSD,8,2025-06-04 18:00:00+00:00,valid_not_selected,
FOMC_2025_07_30,NSXUSD,9,2025-05-28 18:00:00+00:00,valid_not_selected,
FOMC_2025_07_30,NSXUSD,10,2025-05-21 18:00:00+00:00,valid_not_selected,
FOMC_2025_07_30,NSXUSD,11,2025-05-14 18:00:00+00:00,valid_not_selected,
FOMC_2025_07_30,NSXUSD,12,2025-05-07 18:00:00+00:00,rejected,FOMC date
FOMC_2025_09_17,EURUSD,1,2025-09-10 18:00:00+00:00,selected,
FOMC_2025_09_17,EURUSD,2,2025-09-03 18:00:00+00:00,selected,
FOMC_2025_09_17,EURUSD,3,2025-08-27 18:00:00+00:00,selected,
FOMC_2025_09_17,EURUSD,4,2025-08-20 18:00:00+00:00,selected,
FOMC_2025_09_17,EURUSD,5,2025-08-13 18:00:00+00:00,valid_not_selected,
FOMC_2025_09_17,EURUSD,6,2025-08-06 18:00:00+00:00,valid_not_selected,
FOMC_2025_09_17,EURUSD,7,2025-07-30 18:00:00+00:00,rejected,FOMC date
FOMC_2025_09_17,EURUSD,8,2025-07-23 18:00:00+00:00,valid_not_selected,
FOMC_2025_09_17,EURUSD,9,2025-07-16 18:00:00+00:00,valid_not_selected,
FOMC_2025_09_17,EURUSD,10,2025-07-09 18:00:00+00:00,valid_not_selected,
FOMC_2025_09_17,EURUSD,11,2025-07-02 18:00:00+00:00,valid_not_selected,
FOMC_2025_09_17,EURUSD,12,2025-06-25 18:00:00+00:00,valid_not_selected,
FOMC_2025_09_17,GBPUSD,1,2025-09-10 18:00:00+00:00,selected,
FOMC_2025_09_17,GBPUSD,2,2025-09-03 18:00:00+00:00,selected,
FOMC_2025_09_17,GBPUSD,3,2025-08-27 18:00:00+00:00,selected,
FOMC_2025_09_17,GBPUSD,4,2025-08-20 18:00:00+00:00,selected,
FOMC_2025_09_17,GBPUSD,5,2025-08-13 18:00:00+00:00,valid_not_selected,
FOMC_2025_09_17,GBPUSD,6,2025-08-06 18:00:00+00:00,valid_not_selected,
FOMC_2025_09_17,GBPUSD,7,2025-07-30 18:00:00+00:00,rejected,FOMC date
FOMC_2025_09_17,GBPUSD,8,2025-07-23 18:00:00+00:00,valid_not_selected,
FOMC_2025_09_17,GBPUSD,9,2025-07-16 18:00:00+00:00,valid_not_selected,
FOMC_2025_09_17,GBPUSD,10,2025-07-09 18:00:00+00:00,valid_not_selected,
FOMC_2025_09_17,GBPUSD,11,2025-07-02 18:00:00+00:00,valid_not_selected,
FOMC_2025_09_17,GBPUSD,12,2025-06-25 18:00:00+00:00,valid_not_selected,
FOMC_2025_09_17,AUDUSD,1,2025-09-10 18:00:00+00:00,selected,
FOMC_2025_09_17,AUDUSD,2,2025-09-03 18:00:00+00:00,selected,
FOMC_2025_09_17,AUDUSD,3,2025-08-27 18:00:00+00:00,selected,
FOMC_2025_09_17,AUDUSD,4,2025-08-20 18:00:00+00:00,selected,
FOMC_2025_09_17,AUDUSD,5,2025-08-13 18:00:00+00:00,valid_not_selected,
FOMC_2025_09_17,AUDUSD,6,2025-08-06 18:00:00+00:00,valid_not_selected,
FOMC_2025_09_17,AUDUSD,7,2025-07-30 18:00:00+00:00,rejected,FOMC date
FOMC_2025_09_17,AUDUSD,8,2025-07-23 18:00:00+00:00,valid_not_selected,
FOMC_2025_09_17,AUDUSD,9,2025-07-16 18:00:00+00:00,valid_not_selected,
FOMC_2025_09_17,AUDUSD,10,2025-07-09 18:00:00+00:00,valid_not_selected,
FOMC_2025_09_17,AUDUSD,11,2025-07-02 18:00:00+00:00,valid_not_selected,
FOMC_2025_09_17,AUDUSD,12,2025-06-25 18:00:00+00:00,valid_not_selected,
FOMC_2025_09_17,NZDUSD,1,2025-09-10 18:00:00+00:00,selected,
FOMC_2025_09_17,NZDUSD,2,2025-09-03 18:00:00+00:00,selected,
FOMC_2025_09_17,NZDUSD,3,2025-08-27 18:00:00+00:00,selected,
FOMC_2025_09_17,NZDUSD,4,2025-08-20 18:00:00+00:00,selected,
FOMC_2025_09_17,NZDUSD,5,2025-08-13 18:00:00+00:00,valid_not_selected,
FOMC_2025_09_17,NZDUSD,6,2025-08-06 18:00:00+00:00,valid_not_selected,
FOMC_2025_09_17,NZDUSD,7,2025-07-30 18:00:00+00:00,rejected,FOMC date
FOMC_2025_09_17,NZDUSD,8,2025-07-23 18:00:00+00:00,valid_not_selected,
FOMC_2025_09_17,NZDUSD,9,2025-07-16 18:00:00+00:00,valid_not_selected,
FOMC_2025_09_17,NZDUSD,10,2025-07-09 18:00:00+00:00,valid_not_selected,
FOMC_2025_09_17,NZDUSD,11,2025-07-02 18:00:00+00:00,valid_not_selected,
FOMC_2025_09_17,NZDUSD,12,2025-06-25 18:00:00+00:00,valid_not_selected,
FOMC_2025_09_17,USDJPY,1,2025-09-10 18:00:00+00:00,selected,
FOMC_2025_09_17,USDJPY,2,2025-09-03 18:00:00+00:00,selected,
FOMC_2025_09_17,USDJPY,3,2025-08-27 18:00:00+00:00,selected,
FOMC_2025_09_17,USDJPY,4,2025-08-20 18:00:00+00:00,selected,
FOMC_2025_09_17,USDJPY,5,2025-08-13 18:00:00+00:00,valid_not_selected,
FOMC_2025_09_17,USDJPY,6,2025-08-06 18:00:00+00:00,valid_not_selected,
FOMC_2025_09_17,USDJPY,7,2025-07-30 18:00:00+00:00,rejected,FOMC date
FOMC_2025_09_17,USDJPY,8,2025-07-23 18:00:00+00:00,valid_not_selected,
FOMC_2025_09_17,USDJPY,9,2025-07-16 18:00:00+00:00,valid_not_selected,
FOMC_2025_09_17,USDJPY,10,2025-07-09 18:00:00+00:00,valid_not_selected,
FOMC_2025_09_17,USDJPY,11,2025-07-02 18:00:00+00:00,valid_not_selected,
FOMC_2025_09_17,USDJPY,12,2025-06-25 18:00:00+00:00,valid_not_selected,
FOMC_2025_09_17,USDCHF,1,2025-09-10 18:00:00+00:00,selected,
FOMC_2025_09_17,USDCHF,2,2025-09-03 18:00:00+00:00,selected,
FOMC_2025_09_17,USDCHF,3,2025-08-27 18:00:00+00:00,selected,
FOMC_2025_09_17,USDCHF,4,2025-08-20 18:00:00+00:00,selected,
FOMC_2025_09_17,USDCHF,5,2025-08-13 18:00:00+00:00,valid_not_selected,
FOMC_2025_09_17,USDCHF,6,2025-08-06 18:00:00+00:00,valid_not_selected,
FOMC_2025_09_17,USDCHF,7,2025-07-30 18:00:00+00:00,rejected,FOMC date
FOMC_2025_09_17,USDCHF,8,2025-07-23 18:00:00+00:00,valid_not_selected,
FOMC_2025_09_17,USDCHF,9,2025-07-16 18:00:00+00:00,valid_not_selected,
FOMC_2025_09_17,USDCHF,10,2025-07-09 18:00:00+00:00,valid_not_selected,
FOMC_2025_09_17,USDCHF,11,2025-07-02 18:00:00+00:00,valid_not_selected,
FOMC_2025_09_17,USDCHF,12,2025-06-25 18:00:00+00:00,valid_not_selected,
FOMC_2025_09_17,USDCAD,1,2025-09-10 18:00:00+00:00,selected,
FOMC_2025_09_17,USDCAD,2,2025-09-03 18:00:00+00:00,selected,
FOMC_2025_09_17,USDCAD,3,2025-08-27 18:00:00+00:00,selected,
FOMC_2025_09_17,USDCAD,4,2025-08-20 18:00:00+00:00,selected,
FOMC_2025_09_17,USDCAD,5,2025-08-13 18:00:00+00:00,valid_not_selected,
FOMC_2025_09_17,USDCAD,6,2025-08-06 18:00:00+00:00,valid_not_selected,
FOMC_2025_09_17,USDCAD,7,2025-07-30 18:00:00+00:00,rejected,FOMC date
FOMC_2025_09_17,USDCAD,8,2025-07-23 18:00:00+00:00,valid_not_selected,
FOMC_2025_09_17,USDCAD,9,2025-07-16 18:00:00+00:00,valid_not_selected,
FOMC_2025_09_17,USDCAD,10,2025-07-09 18:00:00+00:00,valid_not_selected,
FOMC_2025_09_17,USDCAD,11,2025-07-02 18:00:00+00:00,valid_not_selected,
FOMC_2025_09_17,USDCAD,12,2025-06-25 18:00:00+00:00,valid_not_selected,
FOMC_2025_09_17,EURJPY,1,2025-09-10 18:00:00+00:00,selected,
FOMC_2025_09_17,EURJPY,2,2025-09-03 18:00:00+00:00,selected,
FOMC_2025_09_17,EURJPY,3,2025-08-27 18:00:00+00:00,selected,
FOMC_2025_09_17,EURJPY,4,2025-08-20 18:00:00+00:00,selected,
FOMC_2025_09_17,EURJPY,5,2025-08-13 18:00:00+00:00,valid_not_selected,
FOMC_2025_09_17,EURJPY,6,2025-08-06 18:00:00+00:00,valid_not_selected,
FOMC_2025_09_17,EURJPY,7,2025-07-30 18:00:00+00:00,rejected,FOMC date
FOMC_2025_09_17,EURJPY,8,2025-07-23 18:00:00+00:00,valid_not_selected,
FOMC_2025_09_17,EURJPY,9,2025-07-16 18:00:00+00:00,valid_not_selected,
FOMC_2025_09_17,EURJPY,10,2025-07-09 18:00:00+00:00,valid_not_selected,
FOMC_2025_09_17,EURJPY,11,2025-07-02 18:00:00+00:00,valid_not_selected,
FOMC_2025_09_17,EURJPY,12,2025-06-25 18:00:00+00:00,valid_not_selected,
FOMC_2025_09_17,XAUUSD,1,2025-09-10 18:00:00+00:00,selected,
FOMC_2025_09_17,XAUUSD,2,2025-09-03 18:00:00+00:00,selected,
FOMC_2025_09_17,XAUUSD,3,2025-08-27 18:00:00+00:00,selected,
FOMC_2025_09_17,XAUUSD,4,2025-08-20 18:00:00+00:00,selected,
FOMC_2025_09_17,XAUUSD,5,2025-08-13 18:00:00+00:00,valid_not_selected,
FOMC_2025_09_17,XAUUSD,6,2025-08-06 18:00:00+00:00,valid_not_selected,
FOMC_2025_09_17,XAUUSD,7,2025-07-30 18:00:00+00:00,rejected,FOMC date
FOMC_2025_09_17,XAUUSD,8,2025-07-23 18:00:00+00:00,valid_not_selected,
FOMC_2025_09_17,XAUUSD,9,2025-07-16 18:00:00+00:00,valid_not_selected,
FOMC_2025_09_17,XAUUSD,10,2025-07-09 18:00:00+00:00,valid_not_selected,
FOMC_2025_09_17,XAUUSD,11,2025-07-02 18:00:00+00:00,valid_not_selected,
FOMC_2025_09_17,XAUUSD,12,2025-06-25 18:00:00+00:00,valid_not_selected,
FOMC_2025_09_17,XAGUSD,1,2025-09-10 18:00:00+00:00,selected,
FOMC_2025_09_17,XAGUSD,2,2025-09-03 18:00:00+00:00,selected,
FOMC_2025_09_17,XAGUSD,3,2025-08-27 18:00:00+00:00,selected,
FOMC_2025_09_17,XAGUSD,4,2025-08-20 18:00:00+00:00,selected,
FOMC_2025_09_17,XAGUSD,5,2025-08-13 18:00:00+00:00,valid_not_selected,
FOMC_2025_09_17,XAGUSD,6,2025-08-06 18:00:00+00:00,valid_not_selected,
FOMC_2025_09_17,XAGUSD,7,2025-07-30 18:00:00+00:00,rejected,FOMC date
FOMC_2025_09_17,XAGUSD,8,2025-07-23 18:00:00+00:00,valid_not_selected,
FOMC_2025_09_17,XAGUSD,9,2025-07-16 18:00:00+00:00,valid_not_selected,
FOMC_2025_09_17,XAGUSD,10,2025-07-09 18:00:00+00:00,valid_not_selected,
FOMC_2025_09_17,XAGUSD,11,2025-07-02 18:00:00+00:00,valid_not_selected,
FOMC_2025_09_17,XAGUSD,12,2025-06-25 18:00:00+00:00,valid_not_selected,
FOMC_2025_09_17,SPXUSD,1,2025-09-10 18:00:00+00:00,selected,
FOMC_2025_09_17,SPXUSD,2,2025-09-03 18:00:00+00:00,selected,
FOMC_2025_09_17,SPXUSD,3,2025-08-27 18:00:00+00:00,selected,
FOMC_2025_09_17,SPXUSD,4,2025-08-20 18:00:00+00:00,selected,
FOMC_2025_09_17,SPXUSD,5,2025-08-13 18:00:00+00:00,valid_not_selected,
FOMC_2025_09_17,SPXUSD,6,2025-08-06 18:00:00+00:00,valid_not_selected,
FOMC_2025_09_17,SPXUSD,7,2025-07-30 18:00:00+00:00,rejected,FOMC date
FOMC_2025_09_17,SPXUSD,8,2025-07-23 18:00:00+00:00,valid_not_selected,
FOMC_2025_09_17,SPXUSD,9,2025-07-16 18:00:00+00:00,valid_not_selected,
FOMC_2025_09_17,SPXUSD,10,2025-07-09 18:00:00+00:00,valid_not_selected,
FOMC_2025_09_17,SPXUSD,11,2025-07-02 18:00:00+00:00,valid_not_selected,
FOMC_2025_09_17,SPXUSD,12,2025-06-25 18:00:00+00:00,valid_not_selected,
FOMC_2025_09_17,NSXUSD,1,2025-09-10 18:00:00+00:00,selected,
FOMC_2025_09_17,NSXUSD,2,2025-09-03 18:00:00+00:00,selected,
FOMC_2025_09_17,NSXUSD,3,2025-08-27 18:00:00+00:00,selected,
FOMC_2025_09_17,NSXUSD,4,2025-08-20 18:00:00+00:00,selected,
FOMC_2025_09_17,NSXUSD,5,2025-08-13 18:00:00+00:00,valid_not_selected,
FOMC_2025_09_17,NSXUSD,6,2025-08-06 18:00:00+00:00,valid_not_selected,
FOMC_2025_09_17,NSXUSD,7,2025-07-30 18:00:00+00:00,rejected,FOMC date
FOMC_2025_09_17,NSXUSD,8,2025-07-23 18:00:00+00:00,valid_not_selected,
FOMC_2025_09_17,NSXUSD,9,2025-07-16 18:00:00+00:00,valid_not_selected,
FOMC_2025_09_17,NSXUSD,10,2025-07-09 18:00:00+00:00,valid_not_selected,
FOMC_2025_09_17,NSXUSD,11,2025-07-02 18:00:00+00:00,valid_not_selected,
FOMC_2025_09_17,NSXUSD,12,2025-06-25 18:00:00+00:00,valid_not_selected,
FOMC_2025_10_29,EURUSD,1,2025-10-22 18:00:00+00:00,selected,
FOMC_2025_10_29,EURUSD,2,2025-10-15 18:00:00+00:00,selected,
FOMC_2025_10_29,EURUSD,3,2025-10-08 18:00:00+00:00,selected,
FOMC_2025_10_29,EURUSD,4,2025-10-01 18:00:00+00:00,selected,
FOMC_2025_10_29,EURUSD,5,2025-09-24 18:00:00+00:00,valid_not_selected,
FOMC_2025_10_29,EURUSD,6,2025-09-17 18:00:00+00:00,rejected,FOMC date
FOMC_2025_10_29,EURUSD,7,2025-09-10 18:00:00+00:00,valid_not_selected,
FOMC_2025_10_29,EURUSD,8,2025-09-03 18:00:00+00:00,valid_not_selected,
FOMC_2025_10_29,EURUSD,9,2025-08-27 18:00:00+00:00,valid_not_selected,
FOMC_2025_10_29,EURUSD,10,2025-08-20 18:00:00+00:00,valid_not_selected,
FOMC_2025_10_29,EURUSD,11,2025-08-13 18:00:00+00:00,valid_not_selected,
FOMC_2025_10_29,EURUSD,12,2025-08-06 18:00:00+00:00,valid_not_selected,
FOMC_2025_10_29,GBPUSD,1,2025-10-22 18:00:00+00:00,selected,
FOMC_2025_10_29,GBPUSD,2,2025-10-15 18:00:00+00:00,selected,
FOMC_2025_10_29,GBPUSD,3,2025-10-08 18:00:00+00:00,selected,
FOMC_2025_10_29,GBPUSD,4,2025-10-01 18:00:00+00:00,selected,
FOMC_2025_10_29,GBPUSD,5,2025-09-24 18:00:00+00:00,valid_not_selected,
FOMC_2025_10_29,GBPUSD,6,2025-09-17 18:00:00+00:00,rejected,FOMC date
FOMC_2025_10_29,GBPUSD,7,2025-09-10 18:00:00+00:00,valid_not_selected,
FOMC_2025_10_29,GBPUSD,8,2025-09-03 18:00:00+00:00,valid_not_selected,
FOMC_2025_10_29,GBPUSD,9,2025-08-27 18:00:00+00:00,valid_not_selected,
FOMC_2025_10_29,GBPUSD,10,2025-08-20 18:00:00+00:00,valid_not_selected,
FOMC_2025_10_29,GBPUSD,11,2025-08-13 18:00:00+00:00,valid_not_selected,
FOMC_2025_10_29,GBPUSD,12,2025-08-06 18:00:00+00:00,valid_not_selected,
FOMC_2025_10_29,AUDUSD,1,2025-10-22 18:00:00+00:00,selected,
FOMC_2025_10_29,AUDUSD,2,2025-10-15 18:00:00+00:00,selected,
FOMC_2025_10_29,AUDUSD,3,2025-10-08 18:00:00+00:00,selected,
FOMC_2025_10_29,AUDUSD,4,2025-10-01 18:00:00+00:00,selected,
FOMC_2025_10_29,AUDUSD,5,2025-09-24 18:00:00+00:00,valid_not_selected,
FOMC_2025_10_29,AUDUSD,6,2025-09-17 18:00:00+00:00,rejected,FOMC date
FOMC_2025_10_29,AUDUSD,7,2025-09-10 18:00:00+00:00,valid_not_selected,
FOMC_2025_10_29,AUDUSD,8,2025-09-03 18:00:00+00:00,valid_not_selected,
FOMC_2025_10_29,AUDUSD,9,2025-08-27 18:00:00+00:00,valid_not_selected,
FOMC_2025_10_29,AUDUSD,10,2025-08-20 18:00:00+00:00,valid_not_selected,
FOMC_2025_10_29,AUDUSD,11,2025-08-13 18:00:00+00:00,valid_not_selected,
FOMC_2025_10_29,AUDUSD,12,2025-08-06 18:00:00+00:00,valid_not_selected,
FOMC_2025_10_29,NZDUSD,1,2025-10-22 18:00:00+00:00,selected,
FOMC_2025_10_29,NZDUSD,2,2025-10-15 18:00:00+00:00,selected,
FOMC_2025_10_29,NZDUSD,3,2025-10-08 18:00:00+00:00,selected,
FOMC_2025_10_29,NZDUSD,4,2025-10-01 18:00:00+00:00,selected,
FOMC_2025_10_29,NZDUSD,5,2025-09-24 18:00:00+00:00,valid_not_selected,
FOMC_2025_10_29,NZDUSD,6,2025-09-17 18:00:00+00:00,rejected,FOMC date
FOMC_2025_10_29,NZDUSD,7,2025-09-10 18:00:00+00:00,valid_not_selected,
FOMC_2025_10_29,NZDUSD,8,2025-09-03 18:00:00+00:00,valid_not_selected,
FOMC_2025_10_29,NZDUSD,9,2025-08-27 18:00:00+00:00,valid_not_selected,
FOMC_2025_10_29,NZDUSD,10,2025-08-20 18:00:00+00:00,valid_not_selected,
FOMC_2025_10_29,NZDUSD,11,2025-08-13 18:00:00+00:00,valid_not_selected,
FOMC_2025_10_29,NZDUSD,12,2025-08-06 18:00:00+00:00,valid_not_selected,
FOMC_2025_10_29,USDJPY,1,2025-10-22 18:00:00+00:00,selected,
FOMC_2025_10_29,USDJPY,2,2025-10-15 18:00:00+00:00,selected,
FOMC_2025_10_29,USDJPY,3,2025-10-08 18:00:00+00:00,selected,
FOMC_2025_10_29,USDJPY,4,2025-10-01 18:00:00+00:00,selected,
FOMC_2025_10_29,USDJPY,5,2025-09-24 18:00:00+00:00,valid_not_selected,
FOMC_2025_10_29,USDJPY,6,2025-09-17 18:00:00+00:00,rejected,FOMC date
FOMC_2025_10_29,USDJPY,7,2025-09-10 18:00:00+00:00,valid_not_selected,
FOMC_2025_10_29,USDJPY,8,2025-09-03 18:00:00+00:00,valid_not_selected,
FOMC_2025_10_29,USDJPY,9,2025-08-27 18:00:00+00:00,valid_not_selected,
FOMC_2025_10_29,USDJPY,10,2025-08-20 18:00:00+00:00,valid_not_selected,
FOMC_2025_10_29,USDJPY,11,2025-08-13 18:00:00+00:00,valid_not_selected,
FOMC_2025_10_29,USDJPY,12,2025-08-06 18:00:00+00:00,valid_not_selected,
FOMC_2025_10_29,USDCHF,1,2025-10-22 18:00:00+00:00,selected,
FOMC_2025_10_29,USDCHF,2,2025-10-15 18:00:00+00:00,selected,
FOMC_2025_10_29,USDCHF,3,2025-10-08 18:00:00+00:00,selected,
FOMC_2025_10_29,USDCHF,4,2025-10-01 18:00:00+00:00,selected,
FOMC_2025_10_29,USDCHF,5,2025-09-24 18:00:00+00:00,valid_not_selected,
FOMC_2025_10_29,USDCHF,6,2025-09-17 18:00:00+00:00,rejected,FOMC date
FOMC_2025_10_29,USDCHF,7,2025-09-10 18:00:00+00:00,valid_not_selected,
FOMC_2025_10_29,USDCHF,8,2025-09-03 18:00:00+00:00,valid_not_selected,
FOMC_2025_10_29,USDCHF,9,2025-08-27 18:00:00+00:00,valid_not_selected,
FOMC_2025_10_29,USDCHF,10,2025-08-20 18:00:00+00:00,valid_not_selected,
FOMC_2025_10_29,USDCHF,11,2025-08-13 18:00:00+00:00,valid_not_selected,
FOMC_2025_10_29,USDCHF,12,2025-08-06 18:00:00+00:00,valid_not_selected,
FOMC_2025_10_29,USDCAD,1,2025-10-22 18:00:00+00:00,selected,
FOMC_2025_10_29,USDCAD,2,2025-10-15 18:00:00+00:00,selected,
FOMC_2025_10_29,USDCAD,3,2025-10-08 18:00:00+00:00,selected,
FOMC_2025_10_29,USDCAD,4,2025-10-01 18:00:00+00:00,selected,
FOMC_2025_10_29,USDCAD,5,2025-09-24 18:00:00+00:00,valid_not_selected,
FOMC_2025_10_29,USDCAD,6,2025-09-17 18:00:00+00:00,rejected,FOMC date
FOMC_2025_10_29,USDCAD,7,2025-09-10 18:00:00+00:00,valid_not_selected,
FOMC_2025_10_29,USDCAD,8,2025-09-03 18:00:00+00:00,valid_not_selected,
FOMC_2025_10_29,USDCAD,9,2025-08-27 18:00:00+00:00,valid_not_selected,
FOMC_2025_10_29,USDCAD,10,2025-08-20 18:00:00+00:00,valid_not_selected,
FOMC_2025_10_29,USDCAD,11,2025-08-13 18:00:00+00:00,valid_not_selected,
FOMC_2025_10_29,USDCAD,12,2025-08-06 18:00:00+00:00,valid_not_selected,
FOMC_2025_10_29,EURJPY,1,2025-10-22 18:00:00+00:00,selected,
FOMC_2025_10_29,EURJPY,2,2025-10-15 18:00:00+00:00,selected,
FOMC_2025_10_29,EURJPY,3,2025-10-08 18:00:00+00:00,selected,
FOMC_2025_10_29,EURJPY,4,2025-10-01 18:00:00+00:00,selected,
FOMC_2025_10_29,EURJPY,5,2025-09-24 18:00:00+00:00,valid_not_selected,
FOMC_2025_10_29,EURJPY,6,2025-09-17 18:00:00+00:00,rejected,FOMC date
FOMC_2025_10_29,EURJPY,7,2025-09-10 18:00:00+00:00,valid_not_selected,
FOMC_2025_10_29,EURJPY,8,2025-09-03 18:00:00+00:00,valid_not_selected,
FOMC_2025_10_29,EURJPY,9,2025-08-27 18:00:00+00:00,valid_not_selected,
FOMC_2025_10_29,EURJPY,10,2025-08-20 18:00:00+00:00,valid_not_selected,
FOMC_2025_10_29,EURJPY,11,2025-08-13 18:00:00+00:00,valid_not_selected,
FOMC_2025_10_29,EURJPY,12,2025-08-06 18:00:00+00:00,valid_not_selected,
FOMC_2025_10_29,XAUUSD,1,2025-10-22 18:00:00+00:00,selected,
FOMC_2025_10_29,XAUUSD,2,2025-10-15 18:00:00+00:00,selected,
FOMC_2025_10_29,XAUUSD,3,2025-10-08 18:00:00+00:00,selected,
FOMC_2025_10_29,XAUUSD,4,2025-10-01 18:00:00+00:00,selected,
FOMC_2025_10_29,XAUUSD,5,2025-09-24 18:00:00+00:00,valid_not_selected,
FOMC_2025_10_29,XAUUSD,6,2025-09-17 18:00:00+00:00,rejected,FOMC date
FOMC_2025_10_29,XAUUSD,7,2025-09-10 18:00:00+00:00,valid_not_selected,
FOMC_2025_10_29,XAUUSD,8,2025-09-03 18:00:00+00:00,valid_not_selected,
FOMC_2025_10_29,XAUUSD,9,2025-08-27 18:00:00+00:00,valid_not_selected,
FOMC_2025_10_29,XAUUSD,10,2025-08-20 18:00:00+00:00,valid_not_selected,
FOMC_2025_10_29,XAUUSD,11,2025-08-13 18:00:00+00:00,valid_not_selected,
FOMC_2025_10_29,XAUUSD,12,2025-08-06 18:00:00+00:00,valid_not_selected,
FOMC_2025_10_29,XAGUSD,1,2025-10-22 18:00:00+00:00,selected,
FOMC_2025_10_29,XAGUSD,2,2025-10-15 18:00:00+00:00,selected,
FOMC_2025_10_29,XAGUSD,3,2025-10-08 18:00:00+00:00,selected,
FOMC_2025_10_29,XAGUSD,4,2025-10-01 18:00:00+00:00,selected,
FOMC_2025_10_29,XAGUSD,5,2025-09-24 18:00:00+00:00,valid_not_selected,
FOMC_2025_10_29,XAGUSD,6,2025-09-17 18:00:00+00:00,rejected,FOMC date
FOMC_2025_10_29,XAGUSD,7,2025-09-10 18:00:00+00:00,valid_not_selected,
FOMC_2025_10_29,XAGUSD,8,2025-09-03 18:00:00+00:00,valid_not_selected,
FOMC_2025_10_29,XAGUSD,9,2025-08-27 18:00:00+00:00,valid_not_selected,
FOMC_2025_10_29,XAGUSD,10,2025-08-20 18:00:00+00:00,valid_not_selected,
FOMC_2025_10_29,XAGUSD,11,2025-08-13 18:00:00+00:00,valid_not_selected,
FOMC_2025_10_29,XAGUSD,12,2025-08-06 18:00:00+00:00,valid_not_selected,
FOMC_2025_10_29,SPXUSD,1,2025-10-22 18:00:00+00:00,selected,
FOMC_2025_10_29,SPXUSD,2,2025-10-15 18:00:00+00:00,selected,
FOMC_2025_10_29,SPXUSD,3,2025-10-08 18:00:00+00:00,selected,
FOMC_2025_10_29,SPXUSD,4,2025-10-01 18:00:00+00:00,selected,
FOMC_2025_10_29,SPXUSD,5,2025-09-24 18:00:00+00:00,valid_not_selected,
FOMC_2025_10_29,SPXUSD,6,2025-09-17 18:00:00+00:00,rejected,FOMC date
FOMC_2025_10_29,SPXUSD,7,2025-09-10 18:00:00+00:00,valid_not_selected,
FOMC_2025_10_29,SPXUSD,8,2025-09-03 18:00:00+00:00,valid_not_selected,
FOMC_2025_10_29,SPXUSD,9,2025-08-27 18:00:00+00:00,valid_not_selected,
FOMC_2025_10_29,SPXUSD,10,2025-08-20 18:00:00+00:00,valid_not_selected,
FOMC_2025_10_29,SPXUSD,11,2025-08-13 18:00:00+00:00,valid_not_selected,
FOMC_2025_10_29,SPXUSD,12,2025-08-06 18:00:00+00:00,valid_not_selected,
FOMC_2025_10_29,NSXUSD,1,2025-10-22 18:00:00+00:00,selected,
FOMC_2025_10_29,NSXUSD,2,2025-10-15 18:00:00+00:00,selected,
FOMC_2025_10_29,NSXUSD,3,2025-10-08 18:00:00+00:00,selected,
FOMC_2025_10_29,NSXUSD,4,2025-10-01 18:00:00+00:00,selected,
FOMC_2025_10_29,NSXUSD,5,2025-09-24 18:00:00+00:00,valid_not_selected,
FOMC_2025_10_29,NSXUSD,6,2025-09-17 18:00:00+00:00,rejected,FOMC date
FOMC_2025_10_29,NSXUSD,7,2025-09-10 18:00:00+00:00,valid_not_selected,
FOMC_2025_10_29,NSXUSD,8,2025-09-03 18:00:00+00:00,valid_not_selected,
FOMC_2025_10_29,NSXUSD,9,2025-08-27 18:00:00+00:00,valid_not_selected,
FOMC_2025_10_29,NSXUSD,10,2025-08-20 18:00:00+00:00,valid_not_selected,
FOMC_2025_10_29,NSXUSD,11,2025-08-13 18:00:00+00:00,valid_not_selected,
FOMC_2025_10_29,NSXUSD,12,2025-08-06 18:00:00+00:00,valid_not_selected,
FOMC_2025_12_10,EURUSD,1,2025-12-03 19:00:00+00:00,selected,
FOMC_2025_12_10,EURUSD,2,2025-11-26 19:00:00+00:00,selected,
FOMC_2025_12_10,EURUSD,3,2025-11-19 19:00:00+00:00,selected,
FOMC_2025_12_10,EURUSD,4,2025-11-12 19:00:00+00:00,selected,
FOMC_2025_12_10,EURUSD,5,2025-11-05 19:00:00+00:00,valid_not_selected,
FOMC_2025_12_10,EURUSD,6,2025-10-29 18:00:00+00:00,rejected,FOMC date
FOMC_2025_12_10,EURUSD,7,2025-10-22 18:00:00+00:00,valid_not_selected,
FOMC_2025_12_10,EURUSD,8,2025-10-15 18:00:00+00:00,valid_not_selected,
FOMC_2025_12_10,EURUSD,9,2025-10-08 18:00:00+00:00,valid_not_selected,
FOMC_2025_12_10,EURUSD,10,2025-10-01 18:00:00+00:00,valid_not_selected,
FOMC_2025_12_10,EURUSD,11,2025-09-24 18:00:00+00:00,valid_not_selected,
FOMC_2025_12_10,EURUSD,12,2025-09-17 18:00:00+00:00,rejected,FOMC date
FOMC_2025_12_10,GBPUSD,1,2025-12-03 19:00:00+00:00,selected,
FOMC_2025_12_10,GBPUSD,2,2025-11-26 19:00:00+00:00,selected,
FOMC_2025_12_10,GBPUSD,3,2025-11-19 19:00:00+00:00,selected,
FOMC_2025_12_10,GBPUSD,4,2025-11-12 19:00:00+00:00,selected,
FOMC_2025_12_10,GBPUSD,5,2025-11-05 19:00:00+00:00,valid_not_selected,
FOMC_2025_12_10,GBPUSD,6,2025-10-29 18:00:00+00:00,rejected,FOMC date
FOMC_2025_12_10,GBPUSD,7,2025-10-22 18:00:00+00:00,valid_not_selected,
FOMC_2025_12_10,GBPUSD,8,2025-10-15 18:00:00+00:00,valid_not_selected,
FOMC_2025_12_10,GBPUSD,9,2025-10-08 18:00:00+00:00,valid_not_selected,
FOMC_2025_12_10,GBPUSD,10,2025-10-01 18:00:00+00:00,valid_not_selected,
FOMC_2025_12_10,GBPUSD,11,2025-09-24 18:00:00+00:00,valid_not_selected,
FOMC_2025_12_10,GBPUSD,12,2025-09-17 18:00:00+00:00,rejected,FOMC date
FOMC_2025_12_10,AUDUSD,1,2025-12-03 19:00:00+00:00,selected,
FOMC_2025_12_10,AUDUSD,2,2025-11-26 19:00:00+00:00,selected,
FOMC_2025_12_10,AUDUSD,3,2025-11-19 19:00:00+00:00,selected,
FOMC_2025_12_10,AUDUSD,4,2025-11-12 19:00:00+00:00,selected,
FOMC_2025_12_10,AUDUSD,5,2025-11-05 19:00:00+00:00,valid_not_selected,
FOMC_2025_12_10,AUDUSD,6,2025-10-29 18:00:00+00:00,rejected,FOMC date
FOMC_2025_12_10,AUDUSD,7,2025-10-22 18:00:00+00:00,valid_not_selected,
FOMC_2025_12_10,AUDUSD,8,2025-10-15 18:00:00+00:00,valid_not_selected,
FOMC_2025_12_10,AUDUSD,9,2025-10-08 18:00:00+00:00,valid_not_selected,
FOMC_2025_12_10,AUDUSD,10,2025-10-01 18:00:00+00:00,valid_not_selected,
FOMC_2025_12_10,AUDUSD,11,2025-09-24 18:00:00+00:00,valid_not_selected,
FOMC_2025_12_10,AUDUSD,12,2025-09-17 18:00:00+00:00,rejected,FOMC date
FOMC_2025_12_10,NZDUSD,1,2025-12-03 19:00:00+00:00,selected,
FOMC_2025_12_10,NZDUSD,2,2025-11-26 19:00:00+00:00,selected,
FOMC_2025_12_10,NZDUSD,3,2025-11-19 19:00:00+00:00,selected,
FOMC_2025_12_10,NZDUSD,4,2025-11-12 19:00:00+00:00,selected,
FOMC_2025_12_10,NZDUSD,5,2025-11-05 19:00:00+00:00,valid_not_selected,
FOMC_2025_12_10,NZDUSD,6,2025-10-29 18:00:00+00:00,rejected,FOMC date
FOMC_2025_12_10,NZDUSD,7,2025-10-22 18:00:00+00:00,valid_not_selected,
FOMC_2025_12_10,NZDUSD,8,2025-10-15 18:00:00+00:00,valid_not_selected,
FOMC_2025_12_10,NZDUSD,9,2025-10-08 18:00:00+00:00,valid_not_selected,
FOMC_2025_12_10,NZDUSD,10,2025-10-01 18:00:00+00:00,valid_not_selected,
FOMC_2025_12_10,NZDUSD,11,2025-09-24 18:00:00+00:00,valid_not_selected,
FOMC_2025_12_10,NZDUSD,12,2025-09-17 18:00:00+00:00,rejected,FOMC date
FOMC_2025_12_10,USDJPY,1,2025-12-03 19:00:00+00:00,selected,
FOMC_2025_12_10,USDJPY,2,2025-11-26 19:00:00+00:00,selected,
FOMC_2025_12_10,USDJPY,3,2025-11-19 19:00:00+00:00,selected,
FOMC_2025_12_10,USDJPY,4,2025-11-12 19:00:00+00:00,selected,
FOMC_2025_12_10,USDJPY,5,2025-11-05 19:00:00+00:00,valid_not_selected,
FOMC_2025_12_10,USDJPY,6,2025-10-29 18:00:00+00:00,rejected,FOMC date
FOMC_2025_12_10,USDJPY,7,2025-10-22 18:00:00+00:00,valid_not_selected,
FOMC_2025_12_10,USDJPY,8,2025-10-15 18:00:00+00:00,valid_not_selected,
FOMC_2025_12_10,USDJPY,9,2025-10-08 18:00:00+00:00,valid_not_selected,
FOMC_2025_12_10,USDJPY,10,2025-10-01 18:00:00+00:00,valid_not_selected,
FOMC_2025_12_10,USDJPY,11,2025-09-24 18:00:00+00:00,valid_not_selected,
FOMC_2025_12_10,USDJPY,12,2025-09-17 18:00:00+00:00,rejected,FOMC date
FOMC_2025_12_10,USDCHF,1,2025-12-03 19:00:00+00:00,selected,
FOMC_2025_12_10,USDCHF,2,2025-11-26 19:00:00+00:00,selected,
FOMC_2025_12_10,USDCHF,3,2025-11-19 19:00:00+00:00,selected,
FOMC_2025_12_10,USDCHF,4,2025-11-12 19:00:00+00:00,selected,
FOMC_2025_12_10,USDCHF,5,2025-11-05 19:00:00+00:00,valid_not_selected,
FOMC_2025_12_10,USDCHF,6,2025-10-29 18:00:00+00:00,rejected,FOMC date
FOMC_2025_12_10,USDCHF,7,2025-10-22 18:00:00+00:00,valid_not_selected,
FOMC_2025_12_10,USDCHF,8,2025-10-15 18:00:00+00:00,valid_not_selected,
FOMC_2025_12_10,USDCHF,9,2025-10-08 18:00:00+00:00,valid_not_selected,
FOMC_2025_12_10,USDCHF,10,2025-10-01 18:00:00+00:00,valid_not_selected,
FOMC_2025_12_10,USDCHF,11,2025-09-24 18:00:00+00:00,valid_not_selected,
FOMC_2025_12_10,USDCHF,12,2025-09-17 18:00:00+00:00,rejected,FOMC date
FOMC_2025_12_10,USDCAD,1,2025-12-03 19:00:00+00:00,selected,
FOMC_2025_12_10,USDCAD,2,2025-11-26 19:00:00+00:00,selected,
FOMC_2025_12_10,USDCAD,3,2025-11-19 19:00:00+00:00,selected,
FOMC_2025_12_10,USDCAD,4,2025-11-12 19:00:00+00:00,selected,
FOMC_2025_12_10,USDCAD,5,2025-11-05 19:00:00+00:00,valid_not_selected,
FOMC_2025_12_10,USDCAD,6,2025-10-29 18:00:00+00:00,rejected,FOMC date
FOMC_2025_12_10,USDCAD,7,2025-10-22 18:00:00+00:00,valid_not_selected,
FOMC_2025_12_10,USDCAD,8,2025-10-15 18:00:00+00:00,valid_not_selected,
FOMC_2025_12_10,USDCAD,9,2025-10-08 18:00:00+00:00,valid_not_selected,
FOMC_2025_12_10,USDCAD,10,2025-10-01 18:00:00+00:00,valid_not_selected,
FOMC_2025_12_10,USDCAD,11,2025-09-24 18:00:00+00:00,valid_not_selected,
FOMC_2025_12_10,USDCAD,12,2025-09-17 18:00:00+00:00,rejected,FOMC date
FOMC_2025_12_10,EURJPY,1,2025-12-03 19:00:00+00:00,selected,
FOMC_2025_12_10,EURJPY,2,2025-11-26 19:00:00+00:00,selected,
FOMC_2025_12_10,EURJPY,3,2025-11-19 19:00:00+00:00,selected,
FOMC_2025_12_10,EURJPY,4,2025-11-12 19:00:00+00:00,selected,
FOMC_2025_12_10,EURJPY,5,2025-11-05 19:00:00+00:00,valid_not_selected,
FOMC_2025_12_10,EURJPY,6,2025-10-29 18:00:00+00:00,rejected,FOMC date
FOMC_2025_12_10,EURJPY,7,2025-10-22 18:00:00+00:00,valid_not_selected,
FOMC_2025_12_10,EURJPY,8,2025-10-15 18:00:00+00:00,valid_not_selected,
FOMC_2025_12_10,EURJPY,9,2025-10-08 18:00:00+00:00,valid_not_selected,
FOMC_2025_12_10,EURJPY,10,2025-10-01 18:00:00+00:00,valid_not_selected,
FOMC_2025_12_10,EURJPY,11,2025-09-24 18:00:00+00:00,valid_not_selected,
FOMC_2025_12_10,EURJPY,12,2025-09-17 18:00:00+00:00,rejected,FOMC date
FOMC_2025_12_10,XAUUSD,1,2025-12-03 19:00:00+00:00,selected,
FOMC_2025_12_10,XAUUSD,2,2025-11-26 19:00:00+00:00,selected,
FOMC_2025_12_10,XAUUSD,3,2025-11-19 19:00:00+00:00,selected,
FOMC_2025_12_10,XAUUSD,4,2025-11-12 19:00:00+00:00,selected,
FOMC_2025_12_10,XAUUSD,5,2025-11-05 19:00:00+00:00,valid_not_selected,
FOMC_2025_12_10,XAUUSD,6,2025-10-29 18:00:00+00:00,rejected,FOMC date
FOMC_2025_12_10,XAUUSD,7,2025-10-22 18:00:00+00:00,valid_not_selected,
FOMC_2025_12_10,XAUUSD,8,2025-10-15 18:00:00+00:00,valid_not_selected,
FOMC_2025_12_10,XAUUSD,9,2025-10-08 18:00:00+00:00,valid_not_selected,
FOMC_2025_12_10,XAUUSD,10,2025-10-01 18:00:00+00:00,valid_not_selected,
FOMC_2025_12_10,XAUUSD,11,2025-09-24 18:00:00+00:00,valid_not_selected,
FOMC_2025_12_10,XAUUSD,12,2025-09-17 18:00:00+00:00,rejected,FOMC date
FOMC_2025_12_10,XAGUSD,1,2025-12-03 19:00:00+00:00,selected,
FOMC_2025_12_10,XAGUSD,2,2025-11-26 19:00:00+00:00,selected,
FOMC_2025_12_10,XAGUSD,3,2025-11-19 19:00:00+00:00,selected,
FOMC_2025_12_10,XAGUSD,4,2025-11-12 19:00:00+00:00,selected,
FOMC_2025_12_10,XAGUSD,5,2025-11-05 19:00:00+00:00,valid_not_selected,
FOMC_2025_12_10,XAGUSD,6,2025-10-29 18:00:00+00:00,rejected,FOMC date
FOMC_2025_12_10,XAGUSD,7,2025-10-22 18:00:00+00:00,valid_not_selected,
FOMC_2025_12_10,XAGUSD,8,2025-10-15 18:00:00+00:00,valid_not_selected,
FOMC_2025_12_10,XAGUSD,9,2025-10-08 18:00:00+00:00,valid_not_selected,
FOMC_2025_12_10,XAGUSD,10,2025-10-01 18:00:00+00:00,valid_not_selected,
FOMC_2025_12_10,XAGUSD,11,2025-09-24 18:00:00+00:00,valid_not_selected,
FOMC_2025_12_10,XAGUSD,12,2025-09-17 18:00:00+00:00,rejected,FOMC date
FOMC_2025_12_10,SPXUSD,1,2025-12-03 19:00:00+00:00,selected,
FOMC_2025_12_10,SPXUSD,2,2025-11-26 19:00:00+00:00,selected,
FOMC_2025_12_10,SPXUSD,3,2025-11-19 19:00:00+00:00,selected,
FOMC_2025_12_10,SPXUSD,4,2025-11-12 19:00:00+00:00,selected,
FOMC_2025_12_10,SPXUSD,5,2025-11-05 19:00:00+00:00,valid_not_selected,
FOMC_2025_12_10,SPXUSD,6,2025-10-29 18:00:00+00:00,rejected,FOMC date
FOMC_2025_12_10,SPXUSD,7,2025-10-22 18:00:00+00:00,valid_not_selected,
FOMC_2025_12_10,SPXUSD,8,2025-10-15 18:00:00+00:00,valid_not_selected,
FOMC_2025_12_10,SPXUSD,9,2025-10-08 18:00:00+00:00,valid_not_selected,
FOMC_2025_12_10,SPXUSD,10,2025-10-01 18:00:00+00:00,valid_not_selected,
FOMC_2025_12_10,SPXUSD,11,2025-09-24 18:00:00+00:00,valid_not_selected,
FOMC_2025_12_10,SPXUSD,12,2025-09-17 18:00:00+00:00,rejected,FOMC date
FOMC_2025_12_10,NSXUSD,1,2025-12-03 19:00:00+00:00,selected,
FOMC_2025_12_10,NSXUSD,2,2025-11-26 19:00:00+00:00,selected,
FOMC_2025_12_10,NSXUSD,3,2025-11-19 19:00:00+00:00,selected,
FOMC_2025_12_10,NSXUSD,4,2025-11-12 19:00:00+00:00,selected,
FOMC_2025_12_10,NSXUSD,5,2025-11-05 19:00:00+00:00,valid_not_selected,
FOMC_2025_12_10,NSXUSD,6,2025-10-29 18:00:00+00:00,rejected,FOMC date
FOMC_2025_12_10,NSXUSD,7,2025-10-22 18:00:00+00:00,valid_not_selected,
FOMC_2025_12_10,NSXUSD,8,2025-10-15 18:00:00+00:00,valid_not_selected,
FOMC_2025_12_10,NSXUSD,9,2025-10-08 18:00:00+00:00,valid_not_selected,
FOMC_2025_12_10,NSXUSD,10,2025-10-01 18:00:00+00:00,valid_not_selected,
FOMC_2025_12_10,NSXUSD,11,2025-09-24 18:00:00+00:00,valid_not_selected,
FOMC_2025_12_10,NSXUSD,12,2025-09-17 18:00:00+00:00,rejected,FOMC date
