event_id,category,release_timestamp_utc,year,asset,family,event_jump_bps,control_mean_bps,excess_bps
bls_cpi_2023-02-14,cpi,2023-02-14 13:30:00+00:00,2023,EURUSD,fx,8.456345783009404,7.683194641588342,0.7731511414210619
bls_cpi_2023-02-14,cpi,2023-02-14 13:30:00+00:00,2023,GBPUSD,fx,5.813358606395281,9.35478282555643,-3.54142421916115
bls_cpi_2023-02-14,cpi,2023-02-14 13:30:00+00:00,2023,AUDUSD,fx,26.033858701147608,17.42520396216883,8.608654738978778
bls_cpi_2023-02-14,cpi,2023-02-14 13:30:00+00:00,2023,NZDUSD,fx,17.960397435871563,18.67663748431562,-0.7162400484440568
bls_cpi_2023-02-14,cpi,2023-02-14 13:30:00+00:00,2023,USDJPY,fx,4.389317380272302,18.810688894435263,-14.42137151416296
bls_cpi_2023-02-14,cpi,2023-02-14 13:30:00+00:00,2023,USDCHF,fx,9.047258916344834,15.233155246601967,-6.185896330257133
bls_cpi_2023-02-14,cpi,2023-02-14 13:30:00+00:00,2023,USDCAD,fx,0.07510298496849231,13.059541009408102,-12.98443802443961
bls_cpi_2023-02-14,cpi,2023-02-14 13:30:00+00:00,2023,EURJPY,fx,12.729134906985811,12.806159126140106,-0.07702421915429447
bls_cpi_2023-02-14,cpi,2023-02-14 13:30:00+00:00,2023,XAUUSD,metal,34.60424882974568,26.109337513733564,8.494911316012114
bls_cpi_2023-02-14,cpi,2023-02-14 13:30:00+00:00,2023,XAGUSD,metal,56.82093828703235,48.528076147142514,8.292862139889834
bls_cpi_2023-02-14,cpi,2023-02-14 13:30:00+00:00,2023,SPXUSD,equity,27.873932060279433,19.501090186734064,8.372841873545369
bls_cpi_2023-02-14,cpi,2023-02-14 13:30:00+00:00,2023,NSXUSD,equity,43.71345894637304,24.932192008557507,18.78126693781553
bls_cpi_2023-02-14,cpi,2023-02-14 13:30:00+00:00,2023,GRXEUR,equity,25.928477801995193,12.17399581057052,13.754481991424672
bls_cpi_2023-02-14,cpi,2023-02-14 13:30:00+00:00,2023,UKXGBP,equity,11.454843331415338,6.633212914541958,4.82163041687338
bls_cpi_2023-02-14,cpi,2023-02-14 13:30:00+00:00,2023,BCOUSD,energy,23.593180604632742,22.17760137775352,1.415579226879224
bls_employment_2023-03-10,employment,2023-03-10 13:30:00+00:00,2023,GBPUSD,fx,16.500003743440736,9.119057955437412,7.380945788003324
bls_employment_2023-03-10,employment,2023-03-10 13:30:00+00:00,2023,AUDUSD,fx,20.314117712804258,12.366542563910311,7.947575148893947
bls_employment_2023-03-10,employment,2023-03-10 13:30:00+00:00,2023,NZDUSD,fx,20.232022434355066,12.4007866478569,7.831235786498166
bls_employment_2023-03-10,employment,2023-03-10 13:30:00+00:00,2023,EURJPY,fx,0.6218411336090749,8.573629527803055,-7.95178839419398
bls_cpi_2023-03-14,cpi,2023-03-14 13:30:00+00:00,2023,EURUSD,fx,18.84662951374258,8.362256524121879,10.484372989620702
bls_cpi_2023-03-14,cpi,2023-03-14 13:30:00+00:00,2023,GBPUSD,fx,17.82348653970122,7.919242682228886,9.904243857472334
bls_cpi_2023-03-14,cpi,2023-03-14 13:30:00+00:00,2023,AUDUSD,fx,9.125930992038038,17.42520396216883,-8.299272970130792
bls_cpi_2023-03-14,cpi,2023-03-14 13:30:00+00:00,2023,NZDUSD,fx,19.24280191602874,16.196876780868248,3.0459251351604912
bls_cpi_2023-03-14,cpi,2023-03-14 13:30:00+00:00,2023,USDJPY,fx,23.111088370276388,8.487125721659762,14.623962648616626
bls_cpi_2023-03-14,cpi,2023-03-14 13:30:00+00:00,2023,XAUUSD,metal,27.193830428162865,24.881142520326968,2.3126879078358975
bls_cpi_2023-03-14,cpi,2023-03-14 13:30:00+00:00,2023,XAGUSD,metal,27.12957176104647,55.01090677321715,-27.88133501217068
bls_cpi_2023-03-14,cpi,2023-03-14 13:30:00+00:00,2023,GRXEUR,equity,16.759121457945955,8.533032620950419,8.226088836995537
bls_cpi_2023-03-14,cpi,2023-03-14 13:30:00+00:00,2023,UKXGBP,equity,19.469326451828696,6.633212914541958,12.836113537286739
bls_cpi_2023-04-12,cpi,2023-04-12 13:30:00+00:00,2023,EURUSD,fx,35.90963412524058,3.7475735984078153,32.16206052683276
bls_cpi_2023-04-12,cpi,2023-04-12 13:30:00+00:00,2023,GBPUSD,fx,34.36747570600008,18.97407624515934,15.39339946084074
bls_cpi_2023-04-12,cpi,2023-04-12 13:30:00+00:00,2023,AUDUSD,fx,58.631017955319585,10.416290049592611,48.214727905726974
bls_cpi_2023-04-12,cpi,2023-04-12 13:30:00+00:00,2023,USDJPY,fx,58.459099084279465,5.120516793063682,53.338582291215786
bls_cpi_2023-04-12,cpi,2023-04-12 13:30:00+00:00,2023,XAUUSD,metal,76.3980166151333,5.9336412496296544,70.46437536550364
bls_cpi_2023-04-12,cpi,2023-04-12 13:30:00+00:00,2023,XAGUSD,metal,187.3341712499967,7.810694548522918,179.52347670147378
bls_cpi_2023-04-12,cpi,2023-04-12 13:30:00+00:00,2023,NSXUSD,equity,76.30795307220987,6.201920937187106,70.10603213502276
bls_cpi_2023-04-12,cpi,2023-04-12 13:30:00+00:00,2023,BCOUSD,energy,58.25960572825059,21.96730889718569,36.2922968310649
bls_employment_2023-05-05,employment,2023-05-05 13:30:00+00:00,2023,AUDUSD,fx,24.579370183003846,14.827300312878105,9.752069870125741
bls_employment_2023-05-05,employment,2023-05-05 13:30:00+00:00,2023,USDCHF,fx,32.65929889344915,16.102782225594837,16.55651666785431
bls_employment_2023-05-05,employment,2023-05-05 13:30:00+00:00,2023,EURJPY,fx,17.2276969323658,16.438906123955984,0.7887908084098143
bls_employment_2023-05-05,employment,2023-05-05 13:30:00+00:00,2023,XAGUSD,metal,113.5668708653161,21.163195380417022,92.40367548489908
bls_employment_2023-05-05,employment,2023-05-05 13:30:00+00:00,2023,NSXUSD,equity,10.189331671604117,15.487761074781183,-5.298429403177066
bls_employment_2023-05-05,employment,2023-05-05 13:30:00+00:00,2023,GRXEUR,equity,13.873524422539733,8.854367455884399,5.019156966655334
bls_cpi_2023-05-10,cpi,2023-05-10 13:30:00+00:00,2023,EURUSD,fx,50.12222063222121,4.385047320261168,45.73717331196004
bls_cpi_2023-05-10,cpi,2023-05-10 13:30:00+00:00,2023,AUDUSD,fx,98.9603315354274,4.199419210892233,94.76091232453517
bls_cpi_2023-05-10,cpi,2023-05-10 13:30:00+00:00,2023,USDJPY,fx,70.73035663145862,8.415768635049076,62.31458799640954
bls_cpi_2023-05-10,cpi,2023-05-10 13:30:00+00:00,2023,USDCAD,fx,31.28604560831074,2.6391964958096192,28.646849112501123
bls_cpi_2023-05-10,cpi,2023-05-10 13:30:00+00:00,2023,XAUUSD,metal,86.09965202518296,6.076235953570165,80.0234160716128
bls_cpi_2023-05-10,cpi,2023-05-10 13:30:00+00:00,2023,XAGUSD,metal,119.59395379997328,12.447752199265771,107.14620160070751
bls_cpi_2023-05-10,cpi,2023-05-10 13:30:00+00:00,2023,SPXUSD,equity,89.20154255926931,6.662594535715807,82.5389480235535
bls_employment_2023-06-02,employment,2023-06-02 13:30:00+00:00,2023,AUDUSD,fx,3.3221086635055794,7.301026004514395,-3.978917341008816
bls_employment_2023-06-02,employment,2023-06-02 13:30:00+00:00,2023,USDCAD,fx,1.34031289060272,7.997879632956863,-6.657566742354144
bls_employment_2023-06-02,employment,2023-06-02 13:30:00+00:00,2023,UKXGBP,equity,21.927680522847353,9.229868678145909,12.697811844701445
bls_employment_2023-06-02,employment,2023-06-02 13:30:00+00:00,2023,BCOUSD,energy,21.774856674631263,16.975698548927905,4.799158125703357
bls_cpi_2023-06-13,cpi,2023-06-13 13:30:00+00:00,2023,EURUSD,fx,18.974723039178734,11.072022881272593,7.902700157906141
bls_cpi_2023-06-13,cpi,2023-06-13 13:30:00+00:00,2023,AUDUSD,fx,21.953258708231456,12.57899581403327,9.374262894198186
bls_cpi_2023-06-13,cpi,2023-06-13 13:30:00+00:00,2023,NZDUSD,fx,31.5058075342479,10.932884625655507,20.572922908592393
bls_cpi_2023-06-13,cpi,2023-06-13 13:30:00+00:00,2023,USDJPY,fx,17.232593963742612,11.930562875461808,5.302031088280804
bls_cpi_2023-06-13,cpi,2023-06-13 13:30:00+00:00,2023,XAGUSD,metal,23.20090529884455,53.595279011224264,-30.394373712379714
bls_cpi_2023-06-13,cpi,2023-06-13 13:30:00+00:00,2023,SPXUSD,equity,45.858424034839906,4.289318025978955,41.56910600886095
bls_cpi_2023-06-13,cpi,2023-06-13 13:30:00+00:00,2023,GRXEUR,equity,32.69894348977278,5.1897397605912445,27.509203729181536
bls_employment_2023-07-07,employment,2023-07-07 13:30:00+00:00,2023,EURUSD,fx,25.417404868632012,9.314540279542161,16.10286458908985
bls_employment_2023-07-07,employment,2023-07-07 13:30:00+00:00,2023,NZDUSD,fx,9.890957067262836,11.939613514292184,-2.048656447029348
bls_employment_2023-07-07,employment,2023-07-07 13:30:00+00:00,2023,USDCHF,fx,35.31953285497947,14.09805578089988,21.22147707407959
bls_employment_2023-07-07,employment,2023-07-07 13:30:00+00:00,2023,EURJPY,fx,21.392574561873502,10.923075764799355,10.469498797074147
bls_employment_2023-07-07,employment,2023-07-07 13:30:00+00:00,2023,XAUUSD,metal,17.679042685508037,24.16470438904928,-6.485661703541243
bls_employment_2023-07-07,employment,2023-07-07 13:30:00+00:00,2023,XAGUSD,metal,53.30996213828036,31.49394142805675,21.81602071022361
bls_employment_2023-07-07,employment,2023-07-07 13:30:00+00:00,2023,SPXUSD,equity,6.738020008130126,14.89910947472752,-8.161089466597396
bls_employment_2023-07-07,employment,2023-07-07 13:30:00+00:00,2023,NSXUSD,equity,4.01469609763657,17.038807941581247,-13.024111843944677
bls_employment_2023-07-07,employment,2023-07-07 13:30:00+00:00,2023,UKXGBP,equity,17.540383192945328,12.19225920089985,5.348123992045478
bls_employment_2023-07-07,employment,2023-07-07 13:30:00+00:00,2023,BCOUSD,energy,20.889645030699082,23.050954538593214,-2.1613095078941313
bls_cpi_2023-07-12,cpi,2023-07-12 13:30:00+00:00,2023,EURUSD,fx,29.52446061839179,9.489184243186184,20.035276375205605
bls_cpi_2023-07-12,cpi,2023-07-12 13:30:00+00:00,2023,GBPUSD,fx,24.977877030923516,8.69952457387821,16.278352457045308
bls_cpi_2023-07-12,cpi,2023-07-12 13:30:00+00:00,2023,AUDUSD,fx,57.53138353222031,10.775014971869878,46.75636856035043
bls_cpi_2023-07-12,cpi,2023-07-12 13:30:00+00:00,2023,NZDUSD,fx,57.66118380687374,10.297195133424388,47.36398867344935
bls_cpi_2023-07-12,cpi,2023-07-12 13:30:00+00:00,2023,USDJPY,fx,18.14954137984853,12.482726730434628,5.666814649413901
bls_cpi_2023-07-12,cpi,2023-07-12 13:30:00+00:00,2023,USDCHF,fx,33.893115175303265,11.085598799777573,22.807516375525694
bls_cpi_2023-07-12,cpi,2023-07-12 13:30:00+00:00,2023,XAUUSD,metal,43.55180587762604,14.56855783239823,28.983248045227807
bls_cpi_2023-07-12,cpi,2023-07-12 13:30:00+00:00,2023,XAGUSD,metal,165.20812302215117,23.306995801125723,141.90112722102543
bls_cpi_2023-07-12,cpi,2023-07-12 13:30:00+00:00,2023,NSXUSD,equity,61.46326300188359,8.345573922499515,53.11768907938408
bls_cpi_2023-07-12,cpi,2023-07-12 13:30:00+00:00,2023,UKXGBP,equity,19.874311915705697,4.8186869823871685,15.055624933318528
bls_cpi_2023-07-12,cpi,2023-07-12 13:30:00+00:00,2023,BCOUSD,energy,21.929695945882354,25.411274238856993,-3.481578292974639
bls_employment_2023-08-04,employment,2023-08-04 13:30:00+00:00,2023,EURUSD,fx,31.815370219070935,8.32420601536244,23.491164203708493
bls_employment_2023-08-04,employment,2023-08-04 13:30:00+00:00,2023,GBPUSD,fx,30.571089749527818,6.197120431636156,24.373969317891664
bls_employment_2023-08-04,employment,2023-08-04 13:30:00+00:00,2023,AUDUSD,fx,24.212165110944813,11.87104853298652,12.341116577958292
bls_employment_2023-08-04,employment,2023-08-04 13:30:00+00:00,2023,NZDUSD,fx,33.98264739449744,11.026242685480774,22.956404709016667
bls_employment_2023-08-04,employment,2023-08-04 13:30:00+00:00,2023,USDCHF,fx,37.388350275220006,8.401506553736043,28.986843721483964
bls_employment_2023-08-04,employment,2023-08-04 13:30:00+00:00,2023,USDCAD,fx,5.984395866841188,7.925217110723839,-1.9408212438826506
bls_employment_2023-08-04,employment,2023-08-04 13:30:00+00:00,2023,EURJPY,fx,5.312187113904907,14.790034420423844,-9.477847306518937
bls_employment_2023-08-04,employment,2023-08-04 13:30:00+00:00,2023,XAUUSD,metal,38.73981792221557,20.656911650432413,18.08290627178316
bls_employment_2023-08-04,employment,2023-08-04 13:30:00+00:00,2023,XAGUSD,metal,77.13161202125544,33.27793367319113,43.85367834806431
bls_employment_2023-08-04,employment,2023-08-04 13:30:00+00:00,2023,SPXUSD,equity,14.31817774195882,14.449279645100447,-0.1311019031416265
bls_employment_2023-08-04,employment,2023-08-04 13:30:00+00:00,2023,NSXUSD,equity,29.881317134265398,15.891425986489525,13.989891147775873
bls_employment_2023-08-04,employment,2023-08-04 13:30:00+00:00,2023,GRXEUR,equity,4.626417998241078,23.682665770658733,-19.056247772417656
bls_employment_2023-08-04,employment,2023-08-04 13:30:00+00:00,2023,UKXGBP,equity,5.608525104952222,12.19225920089985,-6.583734095947627
bls_employment_2023-08-04,employment,2023-08-04 13:30:00+00:00,2023,BCOUSD,energy,16.976839478256256,20.862167243742718,-3.885327765486462
bls_cpi_2023-08-10,cpi,2023-08-10 13:30:00+00:00,2023,EURUSD,fx,17.220600088242723,19.98359679124868,-2.762996703005957
bls_cpi_2023-08-10,cpi,2023-08-10 13:30:00+00:00,2023,GBPUSD,fx,8.922631985540189,20.353942457008383,-11.431310471468194
bls_cpi_2023-08-10,cpi,2023-08-10 13:30:00+00:00,2023,AUDUSD,fx,18.54301140811221,17.73743400311799,0.8055774049942208
bls_cpi_2023-08-10,cpi,2023-08-10 13:30:00+00:00,2023,NZDUSD,fx,18.886057032940393,11.792454785451456,7.093602247488937
bls_cpi_2023-08-10,cpi,2023-08-10 13:30:00+00:00,2023,USDJPY,fx,5.2864417914034405,14.798700077180204,-9.512258285776763
bls_cpi_2023-08-10,cpi,2023-08-10 13:30:00+00:00,2023,USDCHF,fx,11.807121179550865,6.591442134718644,5.215679044832221
bls_cpi_2023-08-10,cpi,2023-08-10 13:30:00+00:00,2023,USDCAD,fx,5.078037596985208,7.336479814975103,-2.258442217989895
bls_cpi_2023-08-10,cpi,2023-08-10 13:30:00+00:00,2023,EURJPY,fx,21.937713282167348,15.092857115215267,6.844856166952081
bls_cpi_2023-08-10,cpi,2023-08-10 13:30:00+00:00,2023,XAUUSD,metal,21.881050704357744,31.93310796708027,-10.052057262722528
bls_cpi_2023-08-10,cpi,2023-08-10 13:30:00+00:00,2023,XAGUSD,metal,29.433104913056454,29.572579091392498,-0.13947417833604447
bls_cpi_2023-08-10,cpi,2023-08-10 13:30:00+00:00,2023,SPXUSD,equity,16.63854852523235,8.380396390175479,8.25815213505687
bls_cpi_2023-08-10,cpi,2023-08-10 13:30:00+00:00,2023,NSXUSD,equity,33.59746257832267,12.842883487660465,20.754579090662205
bls_cpi_2023-08-10,cpi,2023-08-10 13:30:00+00:00,2023,GRXEUR,equity,25.25894616745935,5.834527324956575,19.424418842502774
bls_cpi_2023-08-10,cpi,2023-08-10 13:30:00+00:00,2023,UKXGBP,equity,7.2258733639263415,11.951993961580786,-4.726120597654445
bls_cpi_2023-08-10,cpi,2023-08-10 13:30:00+00:00,2023,BCOUSD,energy,7.449814385733094,39.56547575093758,-32.11566136520449
bls_employment_2023-09-01,employment,2023-09-01 13:30:00+00:00,2023,EURUSD,fx,15.751733874665714,10.343380039142566,5.4083538355231475
bls_employment_2023-09-01,employment,2023-09-01 13:30:00+00:00,2023,GBPUSD,fx,14.270005062669856,13.04497438985628,1.2250306728135758
bls_employment_2023-09-01,employment,2023-09-01 13:30:00+00:00,2023,AUDUSD,fx,43.10285148005082,14.476196503790531,28.62665497626029
bls_employment_2023-09-01,employment,2023-09-01 13:30:00+00:00,2023,NZDUSD,fx,44.92438060622934,12.414557387347527,32.50982321888181
bls_employment_2023-09-01,employment,2023-09-01 13:30:00+00:00,2023,USDJPY,fx,29.04942857243374,10.889092657838784,18.160335914594956
bls_employment_2023-09-01,employment,2023-09-01 13:30:00+00:00,2023,USDCHF,fx,21.88842318989459,10.690778936779221,11.197644253115367
bls_employment_2023-09-01,employment,2023-09-01 13:30:00+00:00,2023,USDCAD,fx,14.708004469604148,3.483518810769152,11.224485658834997
bls_employment_2023-09-01,employment,2023-09-01 13:30:00+00:00,2023,EURJPY,fx,13.411516208348957,12.04144900909911,1.3700671992498457
bls_employment_2023-09-01,employment,2023-09-01 13:30:00+00:00,2023,XAUUSD,metal,24.131843393931877,12.854777293506286,11.277066100425591
bls_employment_2023-09-01,employment,2023-09-01 13:30:00+00:00,2023,XAGUSD,metal,63.54367227694097,29.30837464204472,34.23529763489625
bls_employment_2023-09-01,employment,2023-09-01 13:30:00+00:00,2023,SPXUSD,equity,26.420706993567034,11.398592416189441,15.022114577377593
bls_employment_2023-09-01,employment,2023-09-01 13:30:00+00:00,2023,NSXUSD,equity,45.562965720028764,15.768311669284001,29.79465405074476
bls_employment_2023-09-01,employment,2023-09-01 13:30:00+00:00,2023,GRXEUR,equity,13.959397845906034,22.48479207728417,-8.525394231378135
bls_employment_2023-09-01,employment,2023-09-01 13:30:00+00:00,2023,UKXGBP,equity,6.549978467804764,12.765643506378112,-6.215665038573348
bls_employment_2023-09-01,employment,2023-09-01 13:30:00+00:00,2023,BCOUSD,energy,60.45553842156798,9.89003331029947,50.56550511126851
bls_cpi_2023-09-13,cpi,2023-09-13 13:30:00+00:00,2023,EURUSD,fx,12.759083263315569,7.990165007641095,4.768918255674474
bls_cpi_2023-09-13,cpi,2023-09-13 13:30:00+00:00,2023,GBPUSD,fx,13.46855536908477,11.228612881766994,2.2399424873177765
bls_cpi_2023-09-13,cpi,2023-09-13 13:30:00+00:00,2023,AUDUSD,fx,13.893986452169104,16.6091258637992,-2.715139411630096
bls_cpi_2023-09-13,cpi,2023-09-13 13:30:00+00:00,2023,NZDUSD,fx,18.804799916968946,15.749275720669255,3.0555241962996913
bls_cpi_2023-09-13,cpi,2023-09-13 13:30:00+00:00,2023,USDJPY,fx,1.0851283174879556,9.528695193828703,-8.443566876340748
bls_cpi_2023-09-13,cpi,2023-09-13 13:30:00+00:00,2023,USDCHF,fx,8.064697226905707,6.793940008567031,1.2707572183386766
bls_cpi_2023-09-13,cpi,2023-09-13 13:30:00+00:00,2023,USDCAD,fx,13.9380039599576,7.434875601485736,6.503128358471864
bls_cpi_2023-09-13,cpi,2023-09-13 13:30:00+00:00,2023,EURJPY,fx,11.74843331463535,4.9166249146090975,6.831808400026252
bls_cpi_2023-09-13,cpi,2023-09-13 13:30:00+00:00,2023,XAUUSD,metal,9.4713329215482,11.64087662129056,-2.169543699742361
bls_cpi_2023-09-13,cpi,2023-09-13 13:30:00+00:00,2023,XAGUSD,metal,46.77297448072776,26.18989665518673,20.583077825541032
bls_cpi_2023-09-13,cpi,2023-09-13 13:30:00+00:00,2023,SPXUSD,equity,1.0624934444736835,5.560810654838045,-4.498317210364362
bls_cpi_2023-09-13,cpi,2023-09-13 13:30:00+00:00,2023,NSXUSD,equity,5.14814703592753,8.980734775334838,-3.832587739407308
bls_cpi_2023-09-13,cpi,2023-09-13 13:30:00+00:00,2023,GRXEUR,equity,5.125261743748099,15.149721818979987,-10.02446007523189
bls_cpi_2023-09-13,cpi,2023-09-13 13:30:00+00:00,2023,UKXGBP,equity,16.638621200486032,10.587408873596853,6.051212326889178
bls_cpi_2023-09-13,cpi,2023-09-13 13:30:00+00:00,2023,BCOUSD,energy,8.657728103750399,16.0445827173208,-7.386854613570401
bls_employment_2023-10-06,employment,2023-10-06 13:30:00+00:00,2023,EURUSD,fx,59.65629927579475,2.2312073968125774,57.42509187898217
bls_employment_2023-10-06,employment,2023-10-06 13:30:00+00:00,2023,GBPUSD,fx,68.15078682150364,5.802706348161815,62.34808047334183
bls_employment_2023-10-06,employment,2023-10-06 13:30:00+00:00,2023,AUDUSD,fx,55.18777803942794,6.569519195707169,48.61825884372077
bls_employment_2023-10-06,employment,2023-10-06 13:30:00+00:00,2023,NZDUSD,fx,48.91547057684118,9.099679755407994,39.81579082143318
bls_employment_2023-10-06,employment,2023-10-06 13:30:00+00:00,2023,USDJPY,fx,24.658611510992092,7.396171687530745,17.262439823461346
bls_employment_2023-10-06,employment,2023-10-06 13:30:00+00:00,2023,USDCHF,fx,50.20326966322926,4.194408867166787,46.00886079606247
bls_employment_2023-10-06,employment,2023-10-06 13:30:00+00:00,2023,USDCAD,fx,4.737592152781131,15.087122171578486,-10.349530018797354
bls_employment_2023-10-06,employment,2023-10-06 13:30:00+00:00,2023,EURJPY,fx,35.262852727965274,6.508741438253753,28.75411128971152
bls_employment_2023-10-06,employment,2023-10-06 13:30:00+00:00,2023,XAUUSD,metal,27.62774766915086,12.062206613751563,15.565541055399297
bls_employment_2023-10-06,employment,2023-10-06 13:30:00+00:00,2023,XAGUSD,metal,24.263196089281024,55.330593238857894,-31.06739714957687
bls_employment_2023-10-06,employment,2023-10-06 13:30:00+00:00,2023,SPXUSD,equity,100.29214706583812,10.487592044426034,89.80455502141209
bls_employment_2023-10-06,employment,2023-10-06 13:30:00+00:00,2023,NSXUSD,equity,136.68277375911643,13.480327572236604,123.20244618687983
bls_employment_2023-10-06,employment,2023-10-06 13:30:00+00:00,2023,GRXEUR,equity,85.35174097972683,12.390620759978246,72.96112021974858
bls_employment_2023-10-06,employment,2023-10-06 13:30:00+00:00,2023,UKXGBP,equity,30.916957457199846,8.137145518010994,22.779811939188853
bls_employment_2023-10-06,employment,2023-10-06 13:30:00+00:00,2023,BCOUSD,energy,19.63456551201083,17.803644657982453,1.8309208540283777
bls_cpi_2023-10-12,cpi,2023-10-12 13:30:00+00:00,2023,EURUSD,fx,41.131745426420316,12.543914955441082,28.587830470979235
bls_cpi_2023-10-12,cpi,2023-10-12 13:30:00+00:00,2023,GBPUSD,fx,34.76621818768638,13.377584796956754,21.388633390729623
bls_cpi_2023-10-12,cpi,2023-10-12 13:30:00+00:00,2023,AUDUSD,fx,36.44586823375046,12.202018328721143,24.243849905029315
bls_cpi_2023-10-12,cpi,2023-10-12 13:30:00+00:00,2023,NZDUSD,fx,28.393451841392807,17.799714412129216,10.59373742926359
bls_cpi_2023-10-12,cpi,2023-10-12 13:30:00+00:00,2023,USDJPY,fx,21.299833233484133,5.807975508041374,15.49185772544276
bls_cpi_2023-10-12,cpi,2023-10-12 13:30:00+00:00,2023,USDCHF,fx,25.28053858939819,10.265328666336687,15.015209923061503
bls_cpi_2023-10-12,cpi,2023-10-12 13:30:00+00:00,2023,USDCAD,fx,6.618279930075215,6.489099073102382,0.129180856972833
bls_cpi_2023-10-12,cpi,2023-10-12 13:30:00+00:00,2023,EURJPY,fx,19.90465383298674,9.456972526975107,10.447681306011631
bls_cpi_2023-10-12,cpi,2023-10-12 13:30:00+00:00,2023,XAUUSD,metal,28.81624209098477,12.847754072541564,15.968488018443205
bls_cpi_2023-10-12,cpi,2023-10-12 13:30:00+00:00,2023,XAGUSD,metal,18.08645817688394,24.39383907269751,-6.307380895813569
bls_cpi_2023-10-12,cpi,2023-10-12 13:30:00+00:00,2023,SPXUSD,equity,32.807170790011064,11.89096793633031,20.916202853680755
bls_cpi_2023-10-12,cpi,2023-10-12 13:30:00+00:00,2023,NSXUSD,equity,29.891790102482627,11.940097561423894,17.951692541058733
bls_cpi_2023-10-12,cpi,2023-10-12 13:30:00+00:00,2023,GRXEUR,equity,40.41407098592182,27.646100006394917,12.7679709795269
bls_cpi_2023-10-12,cpi,2023-10-12 13:30:00+00:00,2023,UKXGBP,equity,20.889534258398186,12.901389558256732,7.988144700141454
bls_cpi_2023-10-12,cpi,2023-10-12 13:30:00+00:00,2023,BCOUSD,energy,24.64029302221297,29.337654754292316,-4.697361732079347
bls_employment_2023-11-03,employment,2023-11-03 13:30:00+00:00,2023,EURUSD,fx,9.894890936712256,10.553813408184439,-0.6589224714721826
bls_employment_2023-11-03,employment,2023-11-03 13:30:00+00:00,2023,GBPUSD,fx,12.817082542800382,8.707542724327151,4.10953981847323
bls_employment_2023-11-03,employment,2023-11-03 13:30:00+00:00,2023,AUDUSD,fx,11.079140037981713,9.326328859447734,1.7528111785339782
bls_employment_2023-11-03,employment,2023-11-03 13:30:00+00:00,2023,NZDUSD,fx,21.916075256477225,9.42761182604441,12.488463430432814
bls_employment_2023-11-03,employment,2023-11-03 13:30:00+00:00,2023,USDJPY,fx,6.962203550787194,3.389650641527238,3.572552909259956
bls_employment_2023-11-03,employment,2023-11-03 13:30:00+00:00,2023,USDCHF,fx,3.444922940028755,5.172847681584607,-1.7279247415558525
bls_employment_2023-11-03,employment,2023-11-03 13:30:00+00:00,2023,USDCAD,fx,11.766641835588825,8.669666336492948,3.096975499095876
bls_employment_2023-11-03,employment,2023-11-03 13:30:00+00:00,2023,EURJPY,fx,2.687138931877821,7.828819829366099,-5.1416808974882775
bls_employment_2023-11-03,employment,2023-11-03 13:30:00+00:00,2023,XAUUSD,metal,26.239491670393946,31.13520589121321,-4.895714220819265
bls_employment_2023-11-03,employment,2023-11-03 13:30:00+00:00,2023,XAGUSD,metal,103.86106864308475,60.640406669114924,43.220661973969825
bls_employment_2023-11-03,employment,2023-11-03 13:30:00+00:00,2023,SPXUSD,equity,30.539771895574944,19.933736127393768,10.606035768181176
bls_employment_2023-11-03,employment,2023-11-03 13:30:00+00:00,2023,NSXUSD,equity,53.77614907488759,24.263726421221065,29.512422653666526
bls_employment_2023-11-03,employment,2023-11-03 13:30:00+00:00,2023,GRXEUR,equity,0.0,27.354727271970162,-27.354727271970162
bls_employment_2023-11-03,employment,2023-11-03 13:30:00+00:00,2023,UKXGBP,equity,1.239599366298192,16.432618037207387,-15.193018670909195
bls_employment_2023-11-03,employment,2023-11-03 13:30:00+00:00,2023,BCOUSD,energy,79.34297338463254,22.084188345416845,57.258785039215695
bls_cpi_2023-11-14,cpi,2023-11-14 13:30:00+00:00,2023,EURUSD,fx,62.36282543261013,11.092613374329709,51.27021205828042
bls_cpi_2023-11-14,cpi,2023-11-14 13:30:00+00:00,2023,GBPUSD,fx,92.13297251425197,12.20333147251905,79.92964104173292
bls_cpi_2023-11-14,cpi,2023-11-14 13:30:00+00:00,2023,AUDUSD,fx,106.8777970181891,10.777945414238273,96.09985160395082
bls_cpi_2023-11-14,cpi,2023-11-14 13:30:00+00:00,2023,NZDUSD,fx,121.91762506092088,12.968858824294767,108.94876623662611
bls_cpi_2023-11-14,cpi,2023-11-14 13:30:00+00:00,2023,USDJPY,fx,46.59455707115791,7.362904710106823,39.23165236105108
bls_cpi_2023-11-14,cpi,2023-11-14 13:30:00+00:00,2023,USDCHF,fx,61.89282055588765,11.940739958232149,49.9520805976555
bls_cpi_2023-11-14,cpi,2023-11-14 13:30:00+00:00,2023,USDCAD,fx,48.65483945827425,12.672550370220653,35.9822890880536
bls_cpi_2023-11-14,cpi,2023-11-14 13:30:00+00:00,2023,EURJPY,fx,15.294984200826827,4.778592214648448,10.516391986178379
bls_cpi_2023-11-14,cpi,2023-11-14 13:30:00+00:00,2023,XAUUSD,metal,47.00909363849944,16.008946362168498,31.00014727633094
bls_cpi_2023-11-14,cpi,2023-11-14 13:30:00+00:00,2023,XAGUSD,metal,108.21464480748824,31.708385873892567,76.50625893359567
bls_cpi_2023-11-14,cpi,2023-11-14 13:30:00+00:00,2023,SPXUSD,equity,124.82144271467948,18.540516726039094,106.28092598864038
bls_cpi_2023-11-14,cpi,2023-11-14 13:30:00+00:00,2023,NSXUSD,equity,137.17108930222022,26.63639644855892,110.53469285366131
bls_cpi_2023-11-14,cpi,2023-11-14 13:30:00+00:00,2023,GRXEUR,equity,75.21703407855583,20.610875216488576,54.60615886206725
bls_cpi_2023-11-14,cpi,2023-11-14 13:30:00+00:00,2023,UKXGBP,equity,53.31571472713979,9.445864402251637,43.869850324888155
bls_cpi_2023-11-14,cpi,2023-11-14 13:30:00+00:00,2023,BCOUSD,energy,109.07108098799445,26.07824687752338,82.99283411047107
bls_employment_2023-12-08,employment,2023-12-08 13:30:00+00:00,2023,EURUSD,fx,20.072677241143392,6.8231462329047385,13.249531008238653
bls_employment_2023-12-08,employment,2023-12-08 13:30:00+00:00,2023,GBPUSD,fx,18.31779488154444,6.504017869530372,11.813777012014068
bls_employment_2023-12-08,employment,2023-12-08 13:30:00+00:00,2023,AUDUSD,fx,22.140342362398258,6.35989156015392,15.780450802244339
bls_employment_2023-12-08,employment,2023-12-08 13:30:00+00:00,2023,NZDUSD,fx,27.8590286162324,11.223707844132527,16.635320772099874
bls_employment_2023-12-08,employment,2023-12-08 13:30:00+00:00,2023,USDJPY,fx,5.821125304707037,8.032610500397253,-2.2114851956902157
bls_employment_2023-12-08,employment,2023-12-08 13:30:00+00:00,2023,USDCHF,fx,40.22499484098564,5.7101021135425505,34.51489272744308
bls_employment_2023-12-08,employment,2023-12-08 13:30:00+00:00,2023,USDCAD,fx,16.05716103852688,10.205723415362105,5.851437623164774
bls_employment_2023-12-08,employment,2023-12-08 13:30:00+00:00,2023,EURJPY,fx,25.82441486840409,7.09615197686673,18.728262891537362
bls_employment_2023-12-08,employment,2023-12-08 13:30:00+00:00,2023,XAUUSD,metal,48.88305503109875,12.637717957726853,36.2453370733719
bls_employment_2023-12-08,employment,2023-12-08 13:30:00+00:00,2023,XAGUSD,metal,89.60330448477872,57.738775149696195,31.864529335082523
bls_employment_2023-12-08,employment,2023-12-08 13:30:00+00:00,2023,SPXUSD,equity,2.015689408086611,9.705220568739486,-7.689531160652876
bls_employment_2023-12-08,employment,2023-12-08 13:30:00+00:00,2023,NSXUSD,equity,8.608462674960524,13.718923164109588,-5.110460489149064
bls_employment_2023-12-08,employment,2023-12-08 13:30:00+00:00,2023,GRXEUR,equity,4.861835253297999,9.87996346719141,-5.0181282138934105
bls_employment_2023-12-08,employment,2023-12-08 13:30:00+00:00,2023,UKXGBP,equity,20.572632791064915,8.493577764124879,12.079055026940036
bls_employment_2023-12-08,employment,2023-12-08 13:30:00+00:00,2023,BCOUSD,energy,17.188268613650063,16.51937835993811,0.6688902537119539
bls_cpi_2023-12-12,cpi,2023-12-12 13:30:00+00:00,2023,EURUSD,fx,29.279070644617153,8.136938166498044,21.14213247811911
bls_cpi_2023-12-12,cpi,2023-12-12 13:30:00+00:00,2023,GBPUSD,fx,34.70125414007721,7.206782511979391,27.49447162809782
bls_cpi_2023-12-12,cpi,2023-12-12 13:30:00+00:00,2023,AUDUSD,fx,47.60791098736386,10.533027506599725,37.074883480764136
bls_cpi_2023-12-12,cpi,2023-12-12 13:30:00+00:00,2023,NZDUSD,fx,45.47055105814065,13.090215210858098,32.38033584728255
bls_cpi_2023-12-12,cpi,2023-12-12 13:30:00+00:00,2023,USDJPY,fx,35.42797559701309,11.316385981960183,24.111589615052907
bls_cpi_2023-12-12,cpi,2023-12-12 13:30:00+00:00,2023,USDCHF,fx,32.66521093089314,6.680858418393061,25.984352512500077
bls_cpi_2023-12-12,cpi,2023-12-12 13:30:00+00:00,2023,USDCAD,fx,23.94063867915856,4.375755350389325,19.564883328769234
bls_cpi_2023-12-12,cpi,2023-12-12 13:30:00+00:00,2023,EURJPY,fx,6.310214151135341,4.298142112204829,2.012072038930512
bls_cpi_2023-12-12,cpi,2023-12-12 13:30:00+00:00,2023,XAUUSD,metal,25.71937617626481,27.397840799696134,-1.6784646234313243
bls_cpi_2023-12-12,cpi,2023-12-12 13:30:00+00:00,2023,XAGUSD,metal,42.29442307270652,32.02769420703818,10.266728865668341
bls_cpi_2023-12-12,cpi,2023-12-12 13:30:00+00:00,2023,SPXUSD,equity,25.475820517820335,8.232363847779975,17.24345667004036
bls_cpi_2023-12-12,cpi,2023-12-12 13:30:00+00:00,2023,NSXUSD,equity,25.96852783276755,11.662782515783071,14.305745316984478
bls_cpi_2023-12-12,cpi,2023-12-12 13:30:00+00:00,2023,GRXEUR,equity,34.171583602413754,7.946086669918257,26.225496932495496
bls_cpi_2023-12-12,cpi,2023-12-12 13:30:00+00:00,2023,UKXGBP,equity,29.690659277935342,5.979534441895435,23.711124836039907
bls_cpi_2023-12-12,cpi,2023-12-12 13:30:00+00:00,2023,BCOUSD,energy,90.72447570945035,49.03149359086458,41.69298211858577
bls_employment_2024-01-05,employment,2024-01-05 13:30:00+00:00,2024,EURUSD,fx,5.309313392509951,13.040172611375423,-7.730859218865472
bls_employment_2024-01-05,employment,2024-01-05 13:30:00+00:00,2024,GBPUSD,fx,4.185570897944599,13.491824291394702,-9.306253393450103
bls_employment_2024-01-05,employment,2024-01-05 13:30:00+00:00,2024,AUDUSD,fx,11.668438202150226,19.15575662102668,-7.487318418876454
bls_employment_2024-01-05,employment,2024-01-05 13:30:00+00:00,2024,NZDUSD,fx,4.664516784347826,18.597370014231572,-13.932853229883747
bls_employment_2024-01-05,employment,2024-01-05 13:30:00+00:00,2024,USDJPY,fx,15.762614212814254,18.541505276688543,-2.7788910638742887
bls_employment_2024-01-05,employment,2024-01-05 13:30:00+00:00,2024,USDCHF,fx,5.1603219309452735,17.053460963613304,-11.893139032668032
bls_employment_2024-01-05,employment,2024-01-05 13:30:00+00:00,2024,USDCAD,fx,6.81084222555273,8.058857975473037,-1.2480157499203068
bls_employment_2024-01-05,employment,2024-01-05 13:30:00+00:00,2024,EURJPY,fx,21.23323640483009,7.182213317536343,14.051023087293748
bls_employment_2024-01-05,employment,2024-01-05 13:30:00+00:00,2024,XAUUSD,metal,10.485596741004317,24.64752775297855,-14.161931011974234
bls_employment_2024-01-05,employment,2024-01-05 13:30:00+00:00,2024,XAGUSD,metal,28.196526652158184,47.898926039066176,-19.70239938690799
bls_employment_2024-01-05,employment,2024-01-05 13:30:00+00:00,2024,SPXUSD,equity,2.1913164581440268,11.386558335030637,-9.19524187688661
bls_employment_2024-01-05,employment,2024-01-05 13:30:00+00:00,2024,NSXUSD,equity,1.3417135881359452,9.926431478608615,-8.58471789047267
bls_employment_2024-01-05,employment,2024-01-05 13:30:00+00:00,2024,GRXEUR,equity,14.847993395668299,7.973621523551831,6.874371872116468
bls_employment_2024-01-05,employment,2024-01-05 13:30:00+00:00,2024,UKXGBP,equity,19.86908244719295,12.462943008575111,7.40613943861784
bls_employment_2024-01-05,employment,2024-01-05 13:30:00+00:00,2024,BCOUSD,energy,24.869131111516378,22.35971474981289,2.5094163617034866
bls_cpi_2024-01-11,cpi,2024-01-11 13:30:00+00:00,2024,EURUSD,fx,46.16122632752497,17.4608664677773,28.70035985974767
bls_cpi_2024-01-11,cpi,2024-01-11 13:30:00+00:00,2024,GBPUSD,fx,39.43321894828715,17.26124264170941,22.17197630657774
bls_cpi_2024-01-11,cpi,2024-01-11 13:30:00+00:00,2024,AUDUSD,fx,70.00252952457627,16.80385454456671,53.198674980009564
bls_cpi_2024-01-11,cpi,2024-01-11 13:30:00+00:00,2024,NZDUSD,fx,66.4955871302028,18.84761848397476,47.64796864622804
bls_cpi_2024-01-11,cpi,2024-01-11 13:30:00+00:00,2024,USDJPY,fx,68.2891355303693,16.82950216379079,51.4596333665785
bls_cpi_2024-01-11,cpi,2024-01-11 13:30:00+00:00,2024,USDCHF,fx,57.950775118335486,13.38932404758336,44.56145107075213
bls_cpi_2024-01-11,cpi,2024-01-11 13:30:00+00:00,2024,USDCAD,fx,31.676093872157228,8.896925703002305,22.77916816915492
bls_cpi_2024-01-11,cpi,2024-01-11 13:30:00+00:00,2024,EURJPY,fx,21.454739060479557,22.725662134136176,-1.2709230736566184
bls_cpi_2024-01-11,cpi,2024-01-11 13:30:00+00:00,2024,XAUUSD,metal,40.840043257717,23.18909925238222,17.65094400533478
bls_cpi_2024-01-11,cpi,2024-01-11 13:30:00+00:00,2024,XAGUSD,metal,109.63781783322662,35.32724361607877,74.31057421714786
bls_cpi_2024-01-11,cpi,2024-01-11 13:30:00+00:00,2024,SPXUSD,equity,44.74302846493674,17.806842497143666,26.936185967793076
bls_cpi_2024-01-11,cpi,2024-01-11 13:30:00+00:00,2024,NSXUSD,equity,61.913040546857076,19.05840163672318,42.8546389101339
bls_cpi_2024-01-11,cpi,2024-01-11 13:30:00+00:00,2024,GRXEUR,equity,53.645464360565235,5.390568612395609,48.25489574816962
bls_cpi_2024-01-11,cpi,2024-01-11 13:30:00+00:00,2024,UKXGBP,equity,26.73299476094359,3.7762911840495894,22.956703576894
bls_cpi_2024-01-11,cpi,2024-01-11 13:30:00+00:00,2024,BCOUSD,energy,37.779146047468124,43.09065156104533,-5.3115055135772025
bls_employment_2024-02-02,employment,2024-02-02 13:30:00+00:00,2024,EURUSD,fx,69.43223699735348,4.40771148706803,65.02452551028546
bls_employment_2024-02-02,employment,2024-02-02 13:30:00+00:00,2024,GBPUSD,fx,65.9164982770127,8.151195830682264,57.765302446330445
bls_employment_2024-02-02,employment,2024-02-02 13:30:00+00:00,2024,AUDUSD,fx,91.59440224327551,15.571856777737622,76.02254546553789
bls_employment_2024-02-02,employment,2024-02-02 13:30:00+00:00,2024,NZDUSD,fx,99.27260445043589,12.403583678976442,86.86902077145945
bls_employment_2024-02-02,employment,2024-02-02 13:30:00+00:00,2024,USDJPY,fx,87.23837307256082,17.695902232018938,69.54247084054188
bls_employment_2024-02-02,employment,2024-02-02 13:30:00+00:00,2024,USDCHF,fx,84.1069375676689,12.712845027372172,71.39409254029673
bls_employment_2024-02-02,employment,2024-02-02 13:30:00+00:00,2024,USDCAD,fx,47.97138382539013,10.546588855000424,37.424794970389705
bls_employment_2024-02-02,employment,2024-02-02 13:30:00+00:00,2024,EURJPY,fx,17.59048439280271,14.334809358293835,3.255675034508876
bls_employment_2024-02-02,employment,2024-02-02 13:30:00+00:00,2024,XAUUSD,metal,114.10477840416003,22.313740555869654,91.79103784829037
bls_employment_2024-02-02,employment,2024-02-02 13:30:00+00:00,2024,XAGUSD,metal,260.403982854035,53.432021957134424,206.97196089690058
bls_employment_2024-02-02,employment,2024-02-02 13:30:00+00:00,2024,SPXUSD,equity,52.39284240225536,13.33677714536099,39.05606525689437
bls_employment_2024-02-02,employment,2024-02-02 13:30:00+00:00,2024,NSXUSD,equity,57.75301468985186,14.651181558975376,43.101833130876486
bls_employment_2024-02-02,employment,2024-02-02 13:30:00+00:00,2024,GRXEUR,equity,23.877578499967203,19.189448136276795,4.688130363690409
bls_employment_2024-02-02,employment,2024-02-02 13:30:00+00:00,2024,UKXGBP,equity,16.142955010806904,10.120162924738644,6.022792086068261
bls_employment_2024-02-02,employment,2024-02-02 13:30:00+00:00,2024,BCOUSD,energy,11.51440066829692,12.045897575966523,-0.5314969076696023
bls_cpi_2024-02-13,cpi,2024-02-13 13:30:00+00:00,2024,EURUSD,fx,84.11151498799138,4.264762136744495,79.84675285124689
bls_cpi_2024-02-13,cpi,2024-02-13 13:30:00+00:00,2024,GBPUSD,fx,72.60264107997908,4.656742689867284,67.9458983901118
bls_cpi_2024-02-13,cpi,2024-02-13 13:30:00+00:00,2024,AUDUSD,fx,105.89601805893035,4.738803988844188,101.15721407008617
bls_cpi_2024-02-13,cpi,2024-02-13 13:30:00+00:00,2024,NZDUSD,fx,105.11544409650892,6.034877987118463,99.08056610939046
bls_cpi_2024-02-13,cpi,2024-02-13 13:30:00+00:00,2024,USDJPY,fx,77.65112198636268,3.996309059359038,73.65481292700365
bls_cpi_2024-02-13,cpi,2024-02-13 13:30:00+00:00,2024,USDCHF,fx,90.88808160103859,7.626217447149114,83.26186415388948
bls_cpi_2024-02-13,cpi,2024-02-13 13:30:00+00:00,2024,USDCAD,fx,63.10432378196019,7.492875638270915,55.61144814368927
bls_cpi_2024-02-13,cpi,2024-02-13 13:30:00+00:00,2024,EURJPY,fx,6.641528416314053,7.045789709772992,-0.4042612934589389
bls_cpi_2024-02-13,cpi,2024-02-13 13:30:00+00:00,2024,XAUUSD,metal,132.88045177205186,14.34359240722167,118.53685936483018
bls_cpi_2024-02-13,cpi,2024-02-13 13:30:00+00:00,2024,XAGUSD,metal,210.30154324889062,10.22313507966135,200.07840816922928
bls_cpi_2024-02-13,cpi,2024-02-13 13:30:00+00:00,2024,SPXUSD,equity,99.2712233949508,2.0987582983887716,97.17246509656202
bls_cpi_2024-02-13,cpi,2024-02-13 13:30:00+00:00,2024,NSXUSD,equity,109.76487693229721,3.33033773266468,106.43453919963254
bls_cpi_2024-02-13,cpi,2024-02-13 13:30:00+00:00,2024,GRXEUR,equity,57.089532300163036,10.520578181800516,46.56895411836252
bls_cpi_2024-02-13,cpi,2024-02-13 13:30:00+00:00,2024,UKXGBP,equity,40.55451274920491,7.2892821566826695,33.265230592522244
bls_cpi_2024-02-13,cpi,2024-02-13 13:30:00+00:00,2024,BCOUSD,energy,32.704309776596496,37.890618236427436,-5.18630845983094
bls_employment_2024-03-08,employment,2024-03-08 13:30:00+00:00,2024,EURUSD,fx,16.436858782352328,7.936992319733596,8.499866462618732
bls_employment_2024-03-08,employment,2024-03-08 13:30:00+00:00,2024,GBPUSD,fx,10.964188640407578,6.862666961224438,4.10152167918314
bls_employment_2024-03-08,employment,2024-03-08 13:30:00+00:00,2024,AUDUSD,fx,3.4618482099522327,11.613289602619131,-8.151441392666898
bls_employment_2024-03-08,employment,2024-03-08 13:30:00+00:00,2024,NZDUSD,fx,10.65444197259519,8.543794474972477,2.110647497622713
bls_employment_2024-03-08,employment,2024-03-08 13:30:00+00:00,2024,USDJPY,fx,9.862772238269812,4.180745825246489,5.682026413023324
bls_employment_2024-03-08,employment,2024-03-08 13:30:00+00:00,2024,USDCHF,fx,16.447184272518925,9.102883405393804,7.344300867125121
bls_employment_2024-03-08,employment,2024-03-08 13:30:00+00:00,2024,USDCAD,fx,3.7928791009694183,6.743544206460778,-2.95066510549136
bls_employment_2024-03-08,employment,2024-03-08 13:30:00+00:00,2024,EURJPY,fx,6.956651646729654,5.222665571479522,1.7339860752501322
bls_employment_2024-03-08,employment,2024-03-08 13:30:00+00:00,2024,XAUUSD,metal,23.56533897529652,6.4351484920072215,17.130190483289297
bls_employment_2024-03-08,employment,2024-03-08 13:30:00+00:00,2024,XAGUSD,metal,40.58630148525619,20.514177560458137,20.072123924798056
bls_employment_2024-03-08,employment,2024-03-08 13:30:00+00:00,2024,SPXUSD,equity,32.52664094166221,8.482783130493306,24.043857811168902
bls_employment_2024-03-08,employment,2024-03-08 13:30:00+00:00,2024,NSXUSD,equity,33.87515278132218,11.1680316957471,22.70712108557508
bls_employment_2024-03-08,employment,2024-03-08 13:30:00+00:00,2024,GRXEUR,equity,15.418503775225734,8.003172384829737,7.4153313903959965
bls_employment_2024-03-08,employment,2024-03-08 13:30:00+00:00,2024,UKXGBP,equity,6.509798390237902,8.58931490356359,-2.0795165133256877
bls_employment_2024-03-08,employment,2024-03-08 13:30:00+00:00,2024,BCOUSD,energy,1.8176200133662257,37.832362019804584,-36.01474200643836
bls_cpi_2024-03-12,cpi,2024-03-12 13:30:00+00:00,2024,EURUSD,fx,4.397779192421076,5.0872171836026565,-0.6894379911815802
bls_cpi_2024-03-12,cpi,2024-03-12 13:30:00+00:00,2024,GBPUSD,fx,4.543175914713572,7.241790610435967,-2.6986146957223944
bls_cpi_2024-03-12,cpi,2024-03-12 13:30:00+00:00,2024,AUDUSD,fx,9.848261820343131,6.669539843270707,3.178721977072424
bls_cpi_2024-03-12,cpi,2024-03-12 13:30:00+00:00,2024,NZDUSD,fx,7.156333660434499,9.889357453534782,-2.7330237931002825
bls_cpi_2024-03-12,cpi,2024-03-12 13:30:00+00:00,2024,USDJPY,fx,2.5039335573334363,7.770345914927036,-5.2664123575936
bls_cpi_2024-03-12,cpi,2024-03-12 13:30:00+00:00,2024,USDCHF,fx,5.579435938529873,8.408249682961142,-2.828813744431269
bls_cpi_2024-03-12,cpi,2024-03-12 13:30:00+00:00,2024,USDCAD,fx,2.592275773406152,9.751058675713086,-7.158782902306934
bls_cpi_2024-03-12,cpi,2024-03-12 13:30:00+00:00,2024,EURJPY,fx,2.108082644645703,4.7266866632779685,-2.6186040186322654
bls_cpi_2024-03-12,cpi,2024-03-12 13:30:00+00:00,2024,XAUUSD,metal,21.481838790151993,9.78851232649335,11.693326463658643
bls_cpi_2024-03-12,cpi,2024-03-12 13:30:00+00:00,2024,XAGUSD,metal,46.25240539604848,21.136305729521396,25.116099666527084
bls_cpi_2024-03-12,cpi,2024-03-12 13:30:00+00:00,2024,SPXUSD,equity,1.0250566051254555,6.787165267586666,-5.76210866246121
bls_cpi_2024-03-12,cpi,2024-03-12 13:30:00+00:00,2024,NSXUSD,equity,3.996515933884577,10.30358118086207,-6.307065246977492
bls_cpi_2024-03-12,cpi,2024-03-12 13:30:00+00:00,2024,GRXEUR,equity,1.1215415106320072,4.191636205847978,-3.0700946952159702
bls_cpi_2024-03-12,cpi,2024-03-12 13:30:00+00:00,2024,UKXGBP,equity,0.9330425958750291,8.347570785993152,-7.414528190118124
bls_cpi_2024-03-12,cpi,2024-03-12 13:30:00+00:00,2024,BCOUSD,energy,25.510837713562086,26.307001640281374,-0.7961639267192879
bls_employment_2024-04-05,employment,2024-04-05 13:30:00+00:00,2024,EURUSD,fx,31.213086806997154,4.77921560330462,26.433871203692533
bls_employment_2024-04-05,employment,2024-04-05 13:30:00+00:00,2024,GBPUSD,fx,36.60975910532496,3.284151907047269,33.325607198277694
bls_employment_2024-04-05,employment,2024-04-05 13:30:00+00:00,2024,AUDUSD,fx,38.9194282409643,4.712961944311838,34.206466296652465
bls_employment_2024-04-05,employment,2024-04-05 13:30:00+00:00,2024,NZDUSD,fx,46.241703183939386,5.279956411378439,40.96174677256094
bls_employment_2024-04-05,employment,2024-04-05 13:30:00+00:00,2024,USDJPY,fx,22.11419080399558,0.5823064634463467,21.531884340549233
bls_employment_2024-04-05,employment,2024-04-05 13:30:00+00:00,2024,USDCHF,fx,23.673624933096537,7.05130982893083,16.622315104165708
bls_employment_2024-04-05,employment,2024-04-05 13:30:00+00:00,2024,USDCAD,fx,48.339663047111344,2.6716304034564122,45.66803264365493
bls_employment_2024-04-05,employment,2024-04-05 13:30:00+00:00,2024,EURJPY,fx,9.2659768518464,4.645204139382793,4.620772712463607
bls_employment_2024-04-05,employment,2024-04-05 13:30:00+00:00,2024,XAUUSD,metal,14.179943649204887,8.861650294080935,5.318293355123952
bls_employment_2024-04-05,employment,2024-04-05 13:30:00+00:00,2024,XAGUSD,metal,17.982247381128705,27.830291046303607,-9.848043665174902
bls_employment_2024-04-05,employment,2024-04-05 13:30:00+00:00,2024,SPXUSD,equity,1.0551679570966361,7.752543259890456,-6.697375302793819
bls_employment_2024-04-05,employment,2024-04-05 13:30:00+00:00,2024,NSXUSD,equity,9.596557246556674,15.53682127839721,-5.940264031840536
bls_employment_2024-04-05,employment,2024-04-05 13:30:00+00:00,2024,GRXEUR,equity,8.478044047077791,9.237878720184481,-0.7598346731066901
bls_employment_2024-04-05,employment,2024-04-05 13:30:00+00:00,2024,UKXGBP,equity,7.5982058429936306,12.285859034436655,-4.687653191443024
bls_employment_2024-04-05,employment,2024-04-05 13:30:00+00:00,2024,BCOUSD,energy,28.071198138311807,22.699414192654913,5.371783945656894
bls_cpi_2024-04-10,cpi,2024-04-10 13:30:00+00:00,2024,EURUSD,fx,76.26462297239908,1.6868459348348126,74.57777703756427
bls_cpi_2024-04-10,cpi,2024-04-10 13:30:00+00:00,2024,GBPUSD,fx,76.34650492538766,3.670357680232674,72.676147245155
bls_cpi_2024-04-10,cpi,2024-04-10 13:30:00+00:00,2024,AUDUSD,fx,106.47851433933346,4.832171732768332,101.64634260656513
bls_cpi_2024-04-10,cpi,2024-04-10 13:30:00+00:00,2024,NZDUSD,fx,111.84022339543189,3.578206970207491,108.2620164252244
bls_cpi_2024-04-10,cpi,2024-04-10 13:30:00+00:00,2024,USDJPY,fx,39.10812286834746,2.645376973272767,36.46274589507469
bls_cpi_2024-04-10,cpi,2024-04-10 13:30:00+00:00,2024,USDCHF,fx,70.28412790549432,4.285207777057419,65.9989201284369
bls_cpi_2024-04-10,cpi,2024-04-10 13:30:00+00:00,2024,USDCAD,fx,66.57383688843466,6.994999978209735,59.57883691022492
bls_cpi_2024-04-10,cpi,2024-04-10 13:30:00+00:00,2024,EURJPY,fx,36.94278683690283,1.603445327494137,35.3393415094087
bls_cpi_2024-04-10,cpi,2024-04-10 13:30:00+00:00,2024,XAUUSD,metal,55.76004388317693,25.24196691615289,30.518076967024037
bls_cpi_2024-04-10,cpi,2024-04-10 13:30:00+00:00,2024,XAGUSD,metal,59.22877413909732,40.41417995361834,18.81459418547898
bls_cpi_2024-04-10,cpi,2024-04-10 13:30:00+00:00,2024,SPXUSD,equity,150.03208944822507,9.177128313980752,140.85496113424432
bls_cpi_2024-04-10,cpi,2024-04-10 13:30:00+00:00,2024,NSXUSD,equity,162.04293746935184,37.68968918448411,124.35324828486773
bls_cpi_2024-04-10,cpi,2024-04-10 13:30:00+00:00,2024,GRXEUR,equity,95.90548060998353,6.542106305568026,89.3633743044155
bls_cpi_2024-04-10,cpi,2024-04-10 13:30:00+00:00,2024,UKXGBP,equity,61.317832952530836,11.13209612712432,50.185736825406515
bls_cpi_2024-04-10,cpi,2024-04-10 13:30:00+00:00,2024,BCOUSD,energy,31.155099583043455,11.346896799946816,19.80820278309664
bls_employment_2024-05-03,employment,2024-05-03 13:30:00+00:00,2024,EURUSD,fx,35.37066254650007,6.338960650329401,29.03170189617067
bls_employment_2024-05-03,employment,2024-05-03 13:30:00+00:00,2024,GBPUSD,fx,29.32681609310523,4.3659039574099925,24.96091213569524
bls_employment_2024-05-03,employment,2024-05-03 13:30:00+00:00,2024,AUDUSD,fx,75.2184796370935,11.382043273110927,63.83643636398257
bls_employment_2024-05-03,employment,2024-05-03 13:30:00+00:00,2024,NZDUSD,fx,74.01712060098627,8.699247293772727,65.31787330721355
bls_employment_2024-05-03,employment,2024-05-03 13:30:00+00:00,2024,USDJPY,fx,60.04844168817717,5.832272777565608,54.216168910611565
bls_employment_2024-05-03,employment,2024-05-03 13:30:00+00:00,2024,USDCHF,fx,33.37388444141377,5.282257358759387,28.091627082654384
bls_employment_2024-05-03,employment,2024-05-03 13:30:00+00:00,2024,USDCAD,fx,24.252738487746946,5.072238578966273,19.180499908780675
bls_employment_2024-05-03,employment,2024-05-03 13:30:00+00:00,2024,EURJPY,fx,24.25555221599663,11.16410645125885,13.09144576473778
bls_employment_2024-05-03,employment,2024-05-03 13:30:00+00:00,2024,XAUUSD,metal,30.1358296247177,10.173785576897615,19.962044047820086
bls_employment_2024-05-03,employment,2024-05-03 13:30:00+00:00,2024,XAGUSD,metal,68.02490234970963,33.37064732174128,34.654255027968354
bls_employment_2024-05-03,employment,2024-05-03 13:30:00+00:00,2024,SPXUSD,equity,72.75997592297486,15.672540919334994,57.08743500363987
bls_employment_2024-05-03,employment,2024-05-03 13:30:00+00:00,2024,NSXUSD,equity,89.21543990473755,17.0280020945738,72.18743781016374
bls_employment_2024-05-03,employment,2024-05-03 13:30:00+00:00,2024,GRXEUR,equity,32.20892526562607,31.36383668006547,0.8450885855605996
bls_employment_2024-05-03,employment,2024-05-03 13:30:00+00:00,2024,UKXGBP,equity,15.583466237624496,17.443699756052442,-1.8602335184279468
bls_employment_2024-05-03,employment,2024-05-03 13:30:00+00:00,2024,BCOUSD,energy,45.293171426300596,28.31288714691079,16.980284279389807
bls_cpi_2024-05-15,cpi,2024-05-15 13:30:00+00:00,2024,EURUSD,fx,24.623853299947772,4.905311121923365,19.718542178024407
bls_cpi_2024-05-15,cpi,2024-05-15 13:30:00+00:00,2024,GBPUSD,fx,20.033977346577167,2.125780143852111,17.908197202725056
bls_cpi_2024-05-15,cpi,2024-05-15 13:30:00+00:00,2024,AUDUSD,fx,35.05212509881646,7.502539603973428,27.549585494843033
bls_cpi_2024-05-15,cpi,2024-05-15 13:30:00+00:00,2024,NZDUSD,fx,37.72874410274057,6.105346163109121,31.62339793963145
bls_cpi_2024-05-15,cpi,2024-05-15 13:30:00+00:00,2024,USDJPY,fx,25.289019195032786,2.5193250551281112,22.769694139904676
bls_cpi_2024-05-15,cpi,2024-05-15 13:30:00+00:00,2024,USDCHF,fx,8.736377613275376,4.685848083414587,4.050529529860789
bls_cpi_2024-05-15,cpi,2024-05-15 13:30:00+00:00,2024,USDCAD,fx,6.090514029512224,8.816458842054367,-2.725944812542142
bls_cpi_2024-05-15,cpi,2024-05-15 13:30:00+00:00,2024,EURJPY,fx,0.6527860614706641,4.01588323374315,-3.363097172272486
bls_cpi_2024-05-15,cpi,2024-05-15 13:30:00+00:00,2024,XAUUSD,metal,39.25417969457967,12.057357753957387,27.196821940622282
bls_cpi_2024-05-15,cpi,2024-05-15 13:30:00+00:00,2024,XAGUSD,metal,105.66345211614367,38.86974303844825,66.79370907769542
bls_cpi_2024-05-15,cpi,2024-05-15 13:30:00+00:00,2024,SPXUSD,equity,44.28712023523723,12.966708545862883,31.32041168937435
bls_cpi_2024-05-15,cpi,2024-05-15 13:30:00+00:00,2024,NSXUSD,equity,46.187724713475774,16.033154540448873,30.1545701730269
bls_cpi_2024-05-15,cpi,2024-05-15 13:30:00+00:00,2024,GRXEUR,equity,14.102782011591495,17.291710947689843,-3.188928936098348
bls_cpi_2024-05-15,cpi,2024-05-15 13:30:00+00:00,2024,UKXGBP,equity,2.028834581334516,11.795626184978973,-9.766791603644457
bls_cpi_2024-05-15,cpi,2024-05-15 13:30:00+00:00,2024,BCOUSD,energy,9.146286330987813,24.94682946165156,-15.800543130663748
bls_employment_2024-06-07,employment,2024-06-07 13:30:00+00:00,2024,EURUSD,fx,61.208995964538005,11.346747873418671,49.86224809111933
bls_employment_2024-06-07,employment,2024-06-07 13:30:00+00:00,2024,GBPUSD,fx,58.72789140868283,11.67244669044197,47.055444718240864
bls_employment_2024-06-07,employment,2024-06-07 13:30:00+00:00,2024,AUDUSD,fx,92.06655804874995,10.414492084908213,81.65206596384174
bls_employment_2024-06-07,employment,2024-06-07 13:30:00+00:00,2024,NZDUSD,fx,92.92737339243345,14.450235305503876,78.47713808692957
bls_employment_2024-06-07,employment,2024-06-07 13:30:00+00:00,2024,USDJPY,fx,77.15124303223132,7.391444644552935,69.75979838767839
bls_employment_2024-06-07,employment,2024-06-07 13:30:00+00:00,2024,USDCHF,fx,60.82246436238881,11.728616340563654,49.09384802182515
bls_employment_2024-06-07,employment,2024-06-07 13:30:00+00:00,2024,USDCAD,fx,31.900515049915214,8.07412777969664,23.826387270218575
bls_employment_2024-06-07,employment,2024-06-07 13:30:00+00:00,2024,EURJPY,fx,15.852767093161246,3.9204569472575006,11.932310145903745
bls_employment_2024-06-07,employment,2024-06-07 13:30:00+00:00,2024,XAUUSD,metal,59.44620511507573,26.57016234213507,32.87604277294066
bls_employment_2024-06-07,employment,2024-06-07 13:30:00+00:00,2024,XAGUSD,metal,134.5028100743398,103.13348463469711,31.369325439642694
bls_employment_2024-06-07,employment,2024-06-07 13:30:00+00:00,2024,SPXUSD,equity,47.27407694281294,15.806627086682148,31.46744985613079
bls_employment_2024-06-07,employment,2024-06-07 13:30:00+00:00,2024,NSXUSD,equity,54.43908500133136,22.129056790488015,32.31002821084334
bls_employment_2024-06-07,employment,2024-06-07 13:30:00+00:00,2024,GRXEUR,equity,22.187776396063764,10.121386799316543,12.066389596747221
bls_employment_2024-06-07,employment,2024-06-07 13:30:00+00:00,2024,UKXGBP,equity,16.967518726754964,4.094975011807849,12.872543714947115
bls_employment_2024-06-07,employment,2024-06-07 13:30:00+00:00,2024,BCOUSD,energy,55.621319441543704,33.50516849823097,22.116150943312732
bls_cpi_2024-06-12,cpi,2024-06-12 13:30:00+00:00,2024,EURUSD,fx,55.76721972171022,7.598544396464005,48.16867532524621
bls_cpi_2024-06-12,cpi,2024-06-12 13:30:00+00:00,2024,GBPUSD,fx,70.04366328561966,6.018381592890681,64.02528169272898
bls_cpi_2024-06-12,cpi,2024-06-12 13:30:00+00:00,2024,AUDUSD,fx,112.1934376746969,4.834988343349222,107.35844933134767
bls_cpi_2024-06-12,cpi,2024-06-12 13:30:00+00:00,2024,NZDUSD,fx,102.82908584998282,3.2451555518060458,99.58393029817677
bls_cpi_2024-06-12,cpi,2024-06-12 13:30:00+00:00,2024,USDJPY,fx,76.01153470536623,3.415134412409045,72.59640029295718
bls_cpi_2024-06-12,cpi,2024-06-12 13:30:00+00:00,2024,USDCHF,fx,53.75694705213145,5.605983721298744,48.15096333083271
bls_cpi_2024-06-12,cpi,2024-06-12 13:30:00+00:00,2024,USDCAD,fx,37.329527078976945,5.9515294940228465,31.377997584954098
bls_cpi_2024-06-12,cpi,2024-06-12 13:30:00+00:00,2024,EURJPY,fx,20.279245561969326,6.9266779815540716,13.352567580415254
bls_cpi_2024-06-12,cpi,2024-06-12 13:30:00+00:00,2024,XAUUSD,metal,110.57175610761459,12.757703470549806,97.81405263706478
bls_cpi_2024-06-12,cpi,2024-06-12 13:30:00+00:00,2024,XAGUSD,metal,217.70664306132477,25.928399891538223,191.77824316978655
bls_cpi_2024-06-12,cpi,2024-06-12 13:30:00+00:00,2024,SPXUSD,equity,76.46726136720885,8.113841075465883,68.35342029174296
bls_cpi_2024-06-12,cpi,2024-06-12 13:30:00+00:00,2024,NSXUSD,equity,78.17950398954629,10.870983658390273,67.30852033115602
bls_cpi_2024-06-12,cpi,2024-06-12 13:30:00+00:00,2024,GRXEUR,equity,46.94653031418473,13.557731999626647,33.38879831455808
bls_cpi_2024-06-12,cpi,2024-06-12 13:30:00+00:00,2024,UKXGBP,equity,17.619389094428417,8.815794004888025,8.803595089540392
bls_cpi_2024-06-12,cpi,2024-06-12 13:30:00+00:00,2024,BCOUSD,energy,49.41078769716553,20.198109582551787,29.212678114613745
bls_employment_2024-07-05,employment,2024-07-05 13:30:00+00:00,2024,EURUSD,fx,6.002650581261701,9.814273826781536,-3.8116232455198347
bls_employment_2024-07-05,employment,2024-07-05 13:30:00+00:00,2024,GBPUSD,fx,11.252462663250386,11.197353595162276,0.055109068088109225
bls_employment_2024-07-05,employment,2024-07-05 13:30:00+00:00,2024,AUDUSD,fx,0.4452326712467046,10.666175708937264,-10.220943037690558
bls_employment_2024-07-05,employment,2024-07-05 13:30:00+00:00,2024,NZDUSD,fx,5.2211654174397895,15.019244044797993,-9.798078627358205
bls_employment_2024-07-05,employment,2024-07-05 13:30:00+00:00,2024,USDJPY,fx,10.196913208742492,10.295545528976097,-0.09863232023360524
bls_employment_2024-07-05,employment,2024-07-05 13:30:00+00:00,2024,USDCHF,fx,14.135851200473839,10.686987922440515,3.4488632780333237
bls_employment_2024-07-05,employment,2024-07-05 13:30:00+00:00,2024,USDCAD,fx,6.241624493568018,2.465136459241967,3.7764880343260514
bls_employment_2024-07-05,employment,2024-07-05 13:30:00+00:00,2024,EURJPY,fx,16.1347313487718,8.094303735861416,8.040427612910385
bls_employment_2024-07-05,employment,2024-07-05 13:30:00+00:00,2024,XAUUSD,metal,26.58436928758218,22.084336868269915,4.500032419312266
bls_employment_2024-07-05,employment,2024-07-05 13:30:00+00:00,2024,XAGUSD,metal,15.012567683645893,73.21123379762255,-58.198666113976664
bls_employment_2024-07-05,employment,2024-07-05 13:30:00+00:00,2024,SPXUSD,equity,0.5327525909968366,19.084213905867728,-18.551461314870892
bls_employment_2024-07-05,employment,2024-07-05 13:30:00+00:00,2024,NSXUSD,equity,8.408771186302602,25.250763316878043,-16.84199213057544
bls_employment_2024-07-05,employment,2024-07-05 13:30:00+00:00,2024,GRXEUR,equity,0.8122816779048531,15.60296722007667,-14.790685542171817
bls_employment_2024-07-05,employment,2024-07-05 13:30:00+00:00,2024,UKXGBP,equity,2.403884358784176,6.670749228195916,-4.266864869411741
bls_employment_2024-07-05,employment,2024-07-05 13:30:00+00:00,2024,BCOUSD,energy,16.014095823674747,23.890254305795658,-7.8761584821209105
bls_cpi_2024-07-11,cpi,2024-07-11 13:30:00+00:00,2024,EURUSD,fx,38.73602274639707,6.829011896494036,31.90701084990303
bls_cpi_2024-07-11,cpi,2024-07-11 13:30:00+00:00,2024,GBPUSD,fx,49.43983537272558,6.214453119882608,43.22538225284298
bls_cpi_2024-07-11,cpi,2024-07-11 13:30:00+00:00,2024,AUDUSD,fx,61.57864065129767,11.098173556547096,50.48046709475057
bls_cpi_2024-07-11,cpi,2024-07-11 13:30:00+00:00,2024,NZDUSD,fx,71.58508123197284,7.873718464120748,63.71136276785209
bls_cpi_2024-07-11,cpi,2024-07-11 13:30:00+00:00,2024,USDJPY,fx,204.23352941147124,5.784092276632601,198.44943713483863
bls_cpi_2024-07-11,cpi,2024-07-11 13:30:00+00:00,2024,USDCHF,fx,62.299236865228075,11.304661403147975,50.9945754620801
bls_cpi_2024-07-11,cpi,2024-07-11 13:30:00+00:00,2024,USDCAD,fx,22.25528379607617,2.5570011276953863,19.698282668380784
bls_cpi_2024-07-11,cpi,2024-07-11 13:30:00+00:00,2024,EURJPY,fx,165.64954735875114,6.440881662549199,159.20866569620193
bls_cpi_2024-07-11,cpi,2024-07-11 13:30:00+00:00,2024,XAUUSD,metal,114.95627355446605,24.358169527272374,90.59810402719367
bls_cpi_2024-07-11,cpi,2024-07-11 13:30:00+00:00,2024,XAGUSD,metal,245.28567490220004,45.96594545920968,199.31972944299036
bls_cpi_2024-07-11,cpi,2024-07-11 13:30:00+00:00,2024,SPXUSD,equity,5.948309579863703,6.552614489374204,-0.6043049095105015
bls_cpi_2024-07-11,cpi,2024-07-11 13:30:00+00:00,2024,NSXUSD,equity,0.7044457282301386,8.493597052545232,-7.7891513243150925
bls_cpi_2024-07-11,cpi,2024-07-11 13:30:00+00:00,2024,GRXEUR,equity,13.00159447243162,9.028696415778306,3.972898056653314
bls_cpi_2024-07-11,cpi,2024-07-11 13:30:00+00:00,2024,UKXGBP,equity,11.600495029242728,6.36859678774732,5.231898241495408
bls_cpi_2024-07-11,cpi,2024-07-11 13:30:00+00:00,2024,BCOUSD,energy,21.135947184721402,22.93190169139199,-1.7959545066705864
bls_employment_2024-08-02,employment,2024-08-02 13:30:00+00:00,2024,EURUSD,fx,51.4821801735144,3.4417374952185718,48.04044267829583
bls_employment_2024-08-02,employment,2024-08-02 13:30:00+00:00,2024,GBPUSD,fx,38.60479562405174,4.661594017580931,33.94320160647081
bls_employment_2024-08-02,employment,2024-08-02 13:30:00+00:00,2024,AUDUSD,fx,20.086023971835697,8.603810132141827,11.48221383969387
bls_employment_2024-08-02,employment,2024-08-02 13:30:00+00:00,2024,NZDUSD,fx,23.15204201623345,8.973616243084004,14.178425773149447
bls_employment_2024-08-02,employment,2024-08-02 13:30:00+00:00,2024,USDJPY,fx,95.38937305573715,12.845400914351895,82.54397214138525
bls_employment_2024-08-02,employment,2024-08-02 13:30:00+00:00,2024,USDCHF,fx,66.69571159819313,7.6638344109111305,59.031877187282
bls_employment_2024-08-02,employment,2024-08-02 13:30:00+00:00,2024,USDCAD,fx,10.241616474003692,4.3048820075107095,5.936734466492982
bls_employment_2024-08-02,employment,2024-08-02 13:30:00+00:00,2024,EURJPY,fx,43.95747928060235,11.467910311064026,32.489568969538325
bls_employment_2024-08-02,employment,2024-08-02 13:30:00+00:00,2024,XAUUSD,metal,61.029366970063656,16.14503502423927,44.884331945824385
bls_employment_2024-08-02,employment,2024-08-02 13:30:00+00:00,2024,XAGUSD,metal,53.56939662577829,35.58419699706215,17.98519962871614
bls_employment_2024-08-02,employment,2024-08-02 13:30:00+00:00,2024,SPXUSD,equity,56.977709595145306,13.998753187958837,42.97895640718647
bls_employment_2024-08-02,employment,2024-08-02 13:30:00+00:00,2024,NSXUSD,equity,67.68679387112978,20.184483286028716,47.502310585101064
bls_employment_2024-08-02,employment,2024-08-02 13:30:00+00:00,2024,GRXEUR,equity,44.33893008212158,12.332428799725466,32.006501282396115
bls_employment_2024-08-02,employment,2024-08-02 13:30:00+00:00,2024,UKXGBP,equity,61.19633443779748,7.97877721240673,53.21755722539075
bls_employment_2024-08-02,employment,2024-08-02 13:30:00+00:00,2024,BCOUSD,energy,74.17607659203773,16.69515069906916,57.48092589296857
bls_cpi_2024-08-14,cpi,2024-08-14 13:30:00+00:00,2024,EURUSD,fx,8.255728447203593,5.715376260887952,2.5403521863156406
bls_cpi_2024-08-14,cpi,2024-08-14 13:30:00+00:00,2024,GBPUSD,fx,11.054455993184003,4.426039816018905,6.628416177165098
bls_cpi_2024-08-14,cpi,2024-08-14 13:30:00+00:00,2024,AUDUSD,fx,3.7740121971131906,7.335635278289906,-3.561623081176715
bls_cpi_2024-08-14,cpi,2024-08-14 13:30:00+00:00,2024,NZDUSD,fx,15.46019309010438,9.581361988333185,5.878831101771194
bls_cpi_2024-08-14,cpi,2024-08-14 13:30:00+00:00,2024,USDJPY,fx,21.81574384591542,6.888268033893443,14.927475812021978
bls_cpi_2024-08-14,cpi,2024-08-14 13:30:00+00:00,2024,USDCHF,fx,20.830688811334262,4.220811890676454,16.609876920657808
bls_cpi_2024-08-14,cpi,2024-08-14 13:30:00+00:00,2024,USDCAD,fx,6.854509660517134,4.442000956173958,2.4125087043431757
bls_cpi_2024-08-14,cpi,2024-08-14 13:30:00+00:00,2024,EURJPY,fx,13.811134954879972,8.187750726753151,5.62338422812682
bls_cpi_2024-08-14,cpi,2024-08-14 13:30:00+00:00,2024,XAUUSD,metal,11.039988587459806,8.8784397086697,2.161548878790107
bls_cpi_2024-08-14,cpi,2024-08-14 13:30:00+00:00,2024,XAGUSD,metal,11.129262129899685,23.73669097112786,-12.607428841228176
bls_cpi_2024-08-14,cpi,2024-08-14 13:30:00+00:00,2024,SPXUSD,equity,9.707691906322585,11.939496108267436,-2.2318042019448505
bls_cpi_2024-08-14,cpi,2024-08-14 13:30:00+00:00,2024,NSXUSD,equity,19.825967978488432,17.97298668384739,1.8529812946410402
bls_cpi_2024-08-14,cpi,2024-08-14 13:30:00+00:00,2024,GRXEUR,equity,10.061022500714841,15.493528872215048,-5.432506371500207
bls_cpi_2024-08-14,cpi,2024-08-14 13:30:00+00:00,2024,UKXGBP,equity,0.5583856044094071,12.060127948466855,-11.501742344057448
bls_cpi_2024-08-14,cpi,2024-08-14 13:30:00+00:00,2024,BCOUSD,energy,17.916612252252193,8.88378220570565,9.032830046546543
bls_employment_2024-09-06,employment,2024-09-06 13:30:00+00:00,2024,EURUSD,fx,11.336747567978973,6.06688807511105,5.269859492867923
bls_employment_2024-09-06,employment,2024-09-06 13:30:00+00:00,2024,GBPUSD,fx,22.50930311382314,8.96370667500192,13.54559643882122
bls_employment_2024-09-06,employment,2024-09-06 13:30:00+00:00,2024,AUDUSD,fx,30.420644188815384,9.246397640784863,21.17424654803052
bls_employment_2024-09-06,employment,2024-09-06 13:30:00+00:00,2024,NZDUSD,fx,33.08974186220156,9.407455066177812,23.682286796023753
bls_employment_2024-09-06,employment,2024-09-06 13:30:00+00:00,2024,USDJPY,fx,17.059958691038442,13.446402029872953,3.6135566611654895
bls_employment_2024-09-06,employment,2024-09-06 13:30:00+00:00,2024,USDCHF,fx,2.7270409995839966,7.0428198238131205,-4.315778824229124
bls_employment_2024-09-06,employment,2024-09-06 13:30:00+00:00,2024,USDCAD,fx,4.445300649608294,7.461816163009028,-3.0165155134007344
bls_employment_2024-09-06,employment,2024-09-06 13:30:00+00:00,2024,EURJPY,fx,5.787583279423368,8.708230949349016,-2.920647669925648
bls_employment_2024-09-06,employment,2024-09-06 13:30:00+00:00,2024,XAUUSD,metal,17.152901238619208,27.36161157006259,-10.208710331443381
bls_employment_2024-09-06,employment,2024-09-06 13:30:00+00:00,2024,XAGUSD,metal,35.340623020423,37.46901276335777,-2.1283897429347647
bls_employment_2024-09-06,employment,2024-09-06 13:30:00+00:00,2024,SPXUSD,equity,50.247007340956266,14.034599737155757,36.21240760380051
bls_employment_2024-09-06,employment,2024-09-06 13:30:00+00:00,2024,NSXUSD,equity,73.62890930443801,18.221759700511022,55.40714960392699
bls_employment_2024-09-06,employment,2024-09-06 13:30:00+00:00,2024,GRXEUR,equity,35.35580669481527,8.641282994861873,26.714523699953396
bls_employment_2024-09-06,employment,2024-09-06 13:30:00+00:00,2024,UKXGBP,equity,17.651176606136843,10.13962328153948,7.511553324597363
bls_employment_2024-09-06,employment,2024-09-06 13:30:00+00:00,2024,BCOUSD,energy,52.75466300758685,37.7963795524362,14.95828345515065
bls_cpi_2024-09-11,cpi,2024-09-11 13:30:00+00:00,2024,EURUSD,fx,25.92036833438416,5.389550234784219,20.53081809959994
bls_cpi_2024-09-11,cpi,2024-09-11 13:30:00+00:00,2024,GBPUSD,fx,20.872764043461974,5.6770270864442125,15.195736957017761
bls_cpi_2024-09-11,cpi,2024-09-11 13:30:00+00:00,2024,AUDUSD,fx,15.758079274791001,5.624030674100037,10.134048600690964
bls_cpi_2024-09-11,cpi,2024-09-11 13:30:00+00:00,2024,NZDUSD,fx,26.228561795639106,6.707832537001271,19.520729258637836
bls_cpi_2024-09-11,cpi,2024-09-11 13:30:00+00:00,2024,USDJPY,fx,38.08831084758826,9.097879048812029,28.990431798776232
bls_cpi_2024-09-11,cpi,2024-09-11 13:30:00+00:00,2024,USDCHF,fx,43.37481164453996,5.8350294551522754,37.53978218938769
bls_cpi_2024-09-11,cpi,2024-09-11 13:30:00+00:00,2024,USDCAD,fx,10.304726364530083,4.095351971538187,6.209374392991896
bls_cpi_2024-09-11,cpi,2024-09-11 13:30:00+00:00,2024,EURJPY,fx,12.059610385676299,6.709238419539839,5.35037196613646
bls_cpi_2024-09-11,cpi,2024-09-11 13:30:00+00:00,2024,XAUUSD,metal,36.33863420823032,5.375105700831826,30.963528507398493
bls_cpi_2024-09-11,cpi,2024-09-11 13:30:00+00:00,2024,XAGUSD,metal,69.46532863838407,11.189542837455308,58.27578580092876
bls_cpi_2024-09-11,cpi,2024-09-11 13:30:00+00:00,2024,SPXUSD,equity,3.041234057872195,8.379362294524507,-5.338128236652311
bls_cpi_2024-09-11,cpi,2024-09-11 13:30:00+00:00,2024,NSXUSD,equity,16.54971074182592,12.540512957320912,4.009197784505007
bls_cpi_2024-09-11,cpi,2024-09-11 13:30:00+00:00,2024,GRXEUR,equity,35.371770674312266,8.034352284745987,27.33741838956628
bls_cpi_2024-09-11,cpi,2024-09-11 13:30:00+00:00,2024,UKXGBP,equity,14.15313876301455,10.295158141446715,3.857980621567835
bls_cpi_2024-09-11,cpi,2024-09-11 13:30:00+00:00,2024,BCOUSD,energy,32.66491571147939,16.290274737983136,16.374640973496252
bls_employment_2024-10-04,employment,2024-10-04 13:30:00+00:00,2024,EURUSD,fx,62.20011323706872,15.999576474910382,46.200536762158336
bls_employment_2024-10-04,employment,2024-10-04 13:30:00+00:00,2024,GBPUSD,fx,66.45251626341647,17.430251709088243,49.02226455432823
bls_employment_2024-10-04,employment,2024-10-04 13:30:00+00:00,2024,AUDUSD,fx,67.02428129543898,18.373597825530442,48.65068346990854
bls_employment_2024-10-04,employment,2024-10-04 13:30:00+00:00,2024,NZDUSD,fx,78.63990948572606,21.023652227468624,57.61625725825744
bls_employment_2024-10-04,employment,2024-10-04 13:30:00+00:00,2024,USDJPY,fx,143.16496145044636,20.896164414439507,122.26879703600684
bls_employment_2024-10-04,employment,2024-10-04 13:30:00+00:00,2024,USDCHF,fx,98.51605612235907,19.287519214707213,79.22853690765186
bls_employment_2024-10-04,employment,2024-10-04 13:30:00+00:00,2024,USDCAD,fx,19.08756166685457,8.598128308839613,10.489433358014956
bls_employment_2024-10-04,employment,2024-10-04 13:30:00+00:00,2024,EURJPY,fx,81.02249170513058,4.9544121133311165,76.06807959179946
bls_employment_2024-10-04,employment,2024-10-04 13:30:00+00:00,2024,XAUUSD,metal,70.65936632211653,17.824330458778338,52.83503586333819
bls_employment_2024-10-04,employment,2024-10-04 13:30:00+00:00,2024,XAGUSD,metal,88.18648372893554,29.271181751184855,58.91530197775069
bls_employment_2024-10-04,employment,2024-10-04 13:30:00+00:00,2024,SPXUSD,equity,61.90550230729218,6.256727329292051,55.648774978000134
bls_employment_2024-10-04,employment,2024-10-04 13:30:00+00:00,2024,NSXUSD,equity,93.89696132989735,6.806045339832002,87.09091599006535
bls_employment_2024-10-04,employment,2024-10-04 13:30:00+00:00,2024,GRXEUR,equity,56.23403441544623,9.62855959395539,46.605474821490844
bls_employment_2024-10-04,employment,2024-10-04 13:30:00+00:00,2024,UKXGBP,equity,58.751818904647855,13.184301445784882,45.56751745886297
bls_employment_2024-10-04,employment,2024-10-04 13:30:00+00:00,2024,BCOUSD,energy,24.999852765211166,35.718276214892754,-10.718423449681588
bls_cpi_2024-10-10,cpi,2024-10-10 13:30:00+00:00,2024,EURUSD,fx,8.59546505005865,11.124722658594198,-2.5292576085355485
bls_cpi_2024-10-10,cpi,2024-10-10 13:30:00+00:00,2024,GBPUSD,fx,8.724067499053266,12.321104719487447,-3.5970372204341814
bls_cpi_2024-10-10,cpi,2024-10-10 13:30:00+00:00,2024,AUDUSD,fx,22.461055889745076,7.06728446052448,15.393771429220596
bls_cpi_2024-10-10,cpi,2024-10-10 13:30:00+00:00,2024,NZDUSD,fx,16.94650739969275,11.159781598660654,5.7867258010320946
bls_cpi_2024-10-10,cpi,2024-10-10 13:30:00+00:00,2024,USDJPY,fx,16.864713416909947,29.079689586928836,-12.21497617001889
bls_cpi_2024-10-10,cpi,2024-10-10 13:30:00+00:00,2024,USDCHF,fx,7.224507707695901,18.577303943026255,-11.352796235330354
bls_cpi_2024-10-10,cpi,2024-10-10 13:30:00+00:00,2024,USDCAD,fx,1.23679989099186,5.097177855667132,-3.860377964675272
bls_cpi_2024-10-10,cpi,2024-10-10 13:30:00+00:00,2024,EURJPY,fx,8.232829793548275,18.268899323355605,-10.03606952980733
bls_cpi_2024-10-10,cpi,2024-10-10 13:30:00+00:00,2024,XAUUSD,metal,25.064604114518644,26.462712220720885,-1.3981081062022405
bls_cpi_2024-10-10,cpi,2024-10-10 13:30:00+00:00,2024,XAGUSD,metal,13.07488827458048,42.305694739430685,-29.230806464850204
bls_cpi_2024-10-10,cpi,2024-10-10 13:30:00+00:00,2024,SPXUSD,equity,23.74234659234042,11.469169947521289,12.273176644819133
bls_cpi_2024-10-10,cpi,2024-10-10 13:30:00+00:00,2024,NSXUSD,equity,37.46796422704924,17.24340220502375,20.224562022025488
bls_cpi_2024-10-10,cpi,2024-10-10 13:30:00+00:00,2024,GRXEUR,equity,14.569197743759986,24.50259547763359,-9.933397733873605
bls_cpi_2024-10-10,cpi,2024-10-10 13:30:00+00:00,2024,UKXGBP,equity,0.5775552331270519,15.600207276796004,-15.022652043668952
bls_cpi_2024-10-10,cpi,2024-10-10 13:30:00+00:00,2024,BCOUSD,energy,46.366143109558394,37.968452970154374,8.39769013940402
bls_employment_2024-11-01,employment,2024-11-01 13:30:00+00:00,2024,EURUSD,fx,0.0919806656644693,16.85769374948343,-16.765713083818962
bls_employment_2024-11-01,employment,2024-11-01 13:30:00+00:00,2024,GBPUSD,fx,18.513809643550676,10.816071947529114,7.697737696021562
bls_employment_2024-11-01,employment,2024-11-01 13:30:00+00:00,2024,AUDUSD,fx,7.4470917990167065,15.406055100059174,-7.958963301042467
bls_employment_2024-11-01,employment,2024-11-01 13:30:00+00:00,2024,NZDUSD,fx,5.177755809119322,18.17273683229902,-12.994981023179697
bls_employment_2024-11-01,employment,2024-11-01 13:30:00+00:00,2024,USDJPY,fx,8.141825794478107,14.58488102404296,-6.4430552295648535
bls_employment_2024-11-01,employment,2024-11-01 13:30:00+00:00,2024,USDCHF,fx,6.573598589856908,16.034542636830487,-9.46094404697358
bls_employment_2024-11-01,employment,2024-11-01 13:30:00+00:00,2024,USDCAD,fx,7.258328531638423,9.471732287508894,-2.2134037558704716
bls_employment_2024-11-01,employment,2024-11-01 13:30:00+00:00,2024,EURJPY,fx,8.092569772020783,5.889246592652757,2.2033231793680255
bls_employment_2024-11-01,employment,2024-11-01 13:30:00+00:00,2024,XAUUSD,metal,0.2538071066121743,11.654945130629937,-11.401138024017762
bls_employment_2024-11-01,employment,2024-11-01 13:30:00+00:00,2024,XAGUSD,metal,4.234596717945421,39.27705619376456,-35.042459475819136
bls_employment_2024-11-01,employment,2024-11-01 13:30:00+00:00,2024,SPXUSD,equity,27.84506696669476,5.244116690481099,22.60095027621366
bls_employment_2024-11-01,employment,2024-11-01 13:30:00+00:00,2024,NSXUSD,equity,38.799488021992914,9.19437489074592,29.605113131246995
bls_employment_2024-11-01,employment,2024-11-01 13:30:00+00:00,2024,GRXEUR,equity,5.468634272982452,9.693146714839596,-4.224512441857144
bls_employment_2024-11-01,employment,2024-11-01 13:30:00+00:00,2024,UKXGBP,equity,27.802815000936683,10.407745026205836,17.395069974730845
bls_employment_2024-11-01,employment,2024-11-01 13:30:00+00:00,2024,BCOUSD,energy,12.08572956905926,38.044898469689,-25.95916890062974
bls_cpi_2024-11-13,cpi,2024-11-13 13:30:00+00:00,2024,EURUSD,fx,8.93659311905572,12.508715255271099,-3.5721221362153788
bls_cpi_2024-11-13,cpi,2024-11-13 13:30:00+00:00,2024,GBPUSD,fx,10.82573807032236,12.560195705734024,-1.7344576354116636
bls_cpi_2024-11-13,cpi,2024-11-13 13:30:00+00:00,2024,AUDUSD,fx,18.697323454656182,14.505801785266051,4.191521669390131
bls_cpi_2024-11-13,cpi,2024-11-13 13:30:00+00:00,2024,NZDUSD,fx,23.607983714315324,12.792420029058643,10.81556368525668
bls_cpi_2024-11-13,cpi,2024-11-13 13:30:00+00:00,2024,USDJPY,fx,35.16600799080138,8.289281701906132,26.87672628889525
bls_cpi_2024-11-13,cpi,2024-11-13 13:30:00+00:00,2024,USDCHF,fx,12.137093918982496,11.37711218249816,0.7599817364843364
bls_cpi_2024-11-13,cpi,2024-11-13 13:30:00+00:00,2024,USDCAD,fx,3.7275184477804353,6.381173949497737,-2.6536555017173016
bls_cpi_2024-11-13,cpi,2024-11-13 13:30:00+00:00,2024,EURJPY,fx,26.14857520810446,6.857944447777658,19.290630760326803
bls_cpi_2024-11-13,cpi,2024-11-13 13:30:00+00:00,2024,XAUUSD,metal,16.397434487821755,25.435700977102393,-9.038266489280637
bls_cpi_2024-11-13,cpi,2024-11-13 13:30:00+00:00,2024,XAGUSD,metal,32.732192625816886,57.360383563531,-24.628190937714116
bls_cpi_2024-11-13,cpi,2024-11-13 13:30:00+00:00,2024,SPXUSD,equity,19.270220358742773,12.495465109612487,6.774755249130285
bls_cpi_2024-11-13,cpi,2024-11-13 13:30:00+00:00,2024,NSXUSD,equity,14.449435958649717,9.226230290996448,5.22320566765327
bls_cpi_2024-11-13,cpi,2024-11-13 13:30:00+00:00,2024,GRXEUR,equity,26.9108671973938,29.50894447315808,-2.5980772757642825
bls_cpi_2024-11-13,cpi,2024-11-13 13:30:00+00:00,2024,UKXGBP,equity,25.601985293630964,22.887043643160897,2.7149416504700667
bls_cpi_2024-11-13,cpi,2024-11-13 13:30:00+00:00,2024,BCOUSD,energy,64.74947951218259,20.59926863154047,44.15021088064212
bls_employment_2024-12-06,employment,2024-12-06 13:30:00+00:00,2024,EURUSD,fx,18.881467789954236,10.018563961507787,8.862903828446449
bls_employment_2024-12-06,employment,2024-12-06 13:30:00+00:00,2024,GBPUSD,fx,20.41798899889361,7.823133517680251,12.594855481213358
bls_employment_2024-12-06,employment,2024-12-06 13:30:00+00:00,2024,AUDUSD,fx,31.918813251244792,8.957911227112126,22.960902024132665
bls_employment_2024-12-06,employment,2024-12-06 13:30:00+00:00,2024,NZDUSD,fx,41.83784994311626,9.15118631501108,32.68666362810518
bls_employment_2024-12-06,employment,2024-12-06 13:30:00+00:00,2024,USDJPY,fx,58.36475782714614,5.361421497299294,53.003336329846846
bls_employment_2024-12-06,employment,2024-12-06 13:30:00+00:00,2024,USDCHF,fx,21.806275373864953,10.206551123126811,11.599724250738142
bls_employment_2024-12-06,employment,2024-12-06 13:30:00+00:00,2024,USDCAD,fx,17.47395334558709,9.566375193218041,7.90757815236905
bls_employment_2024-12-06,employment,2024-12-06 13:30:00+00:00,2024,EURJPY,fx,39.250023656490825,11.788742887275728,27.461280769215097
bls_employment_2024-12-06,employment,2024-12-06 13:30:00+00:00,2024,XAUUSD,metal,1.5207109675403494,14.308127388858725,-12.787416421318376
bls_employment_2024-12-06,employment,2024-12-06 13:30:00+00:00,2024,XAGUSD,metal,54.81925023921334,27.016084042222985,27.803166196990354
bls_employment_2024-12-06,employment,2024-12-06 13:30:00+00:00,2024,SPXUSD,equity,20.968391022317814,5.823699171088821,15.144691851228993
bls_employment_2024-12-06,employment,2024-12-06 13:30:00+00:00,2024,NSXUSD,equity,9.4216217852329,8.398290695774701,1.023331089458198
bls_employment_2024-12-06,employment,2024-12-06 13:30:00+00:00,2024,GRXEUR,equity,1.230247842107191,11.912537522717347,-10.682289680610156
bls_employment_2024-12-06,employment,2024-12-06 13:30:00+00:00,2024,UKXGBP,equity,3.3807792838488453,8.303853959753866,-4.923074675905021
bls_employment_2024-12-06,employment,2024-12-06 13:30:00+00:00,2024,BCOUSD,energy,30.15197465663189,32.43187638269536,-2.2799017260634677
bls_cpi_2024-12-11,cpi,2024-12-11 13:30:00+00:00,2024,EURUSD,fx,14.638368440014418,13.192674302233737,1.4456941377806807
bls_cpi_2024-12-11,cpi,2024-12-11 13:30:00+00:00,2024,GBPUSD,fx,24.375440696542462,9.480468480552538,14.894972215989924
bls_cpi_2024-12-11,cpi,2024-12-11 13:30:00+00:00,2024,AUDUSD,fx,14.607141247271946,10.968273118007193,3.6388681292647522
bls_cpi_2024-12-11,cpi,2024-12-11 13:30:00+00:00,2024,NZDUSD,fx,24.356339935683245,10.528691383920638,13.827648551762607
bls_cpi_2024-12-11,cpi,2024-12-11 13:30:00+00:00,2024,USDJPY,fx,24.343923911849345,5.318426743185266,19.025497168664078
bls_cpi_2024-12-11,cpi,2024-12-11 13:30:00+00:00,2024,USDCHF,fx,15.414960094571658,8.905851799551073,6.509108295020585
bls_cpi_2024-12-11,cpi,2024-12-11 13:30:00+00:00,2024,USDCAD,fx,5.1512747015425795,6.208987903695913,-1.0577132021533338
bls_cpi_2024-12-11,cpi,2024-12-11 13:30:00+00:00,2024,EURJPY,fx,9.917263398854228,9.86885490032024,0.048408498533987654
bls_cpi_2024-12-11,cpi,2024-12-11 13:30:00+00:00,2024,XAUUSD,metal,31.62765534162346,29.780675216477206,1.8469801251462528
bls_cpi_2024-12-11,cpi,2024-12-11 13:30:00+00:00,2024,XAGUSD,metal,39.4839181874335,56.36119693585181,-16.877278748418306
bls_cpi_2024-12-11,cpi,2024-12-11 13:30:00+00:00,2024,SPXUSD,equity,29.03002791909062,9.996519711897992,19.03350820719263
bls_cpi_2024-12-11,cpi,2024-12-11 13:30:00+00:00,2024,NSXUSD,equity,35.81747311560722,8.74569758971281,27.07177552589441
bls_cpi_2024-12-11,cpi,2024-12-11 13:30:00+00:00,2024,GRXEUR,equity,10.332168660251929,22.92190702458253,-12.589738364330602
bls_cpi_2024-12-11,cpi,2024-12-11 13:30:00+00:00,2024,UKXGBP,equity,4.999968207399078,17.028394764168947,-12.028426556769869
bls_cpi_2024-12-11,cpi,2024-12-11 13:30:00+00:00,2024,BCOUSD,energy,21.9289316663342,11.700824738263133,10.228106928071067
bls_employment_2025-01-10,employment,2025-01-10 13:30:00+00:00,2025,EURUSD,fx,55.26542375100334,5.808901735417136,49.4565220155862
bls_employment_2025-01-10,employment,2025-01-10 13:30:00+00:00,2025,GBPUSD,fx,76.77174183853754,8.491935143484312,68.27980669505322
bls_employment_2025-01-10,employment,2025-01-10 13:30:00+00:00,2025,AUDUSD,fx,63.226707394988196,2.9123318924547386,60.31437550253346
bls_employment_2025-01-10,employment,2025-01-10 13:30:00+00:00,2025,NZDUSD,fx,61.781805711842075,3.437982606366044,58.343823105476034
bls_employment_2025-01-10,employment,2025-01-10 13:30:00+00:00,2025,USDJPY,fx,40.8768547548601,4.411499332003904,36.46535542285619
bls_employment_2025-01-10,employment,2025-01-10 13:30:00+00:00,2025,USDCHF,fx,38.35001504352037,4.54982014534041,33.80019489817996
bls_employment_2025-01-10,employment,2025-01-10 13:30:00+00:00,2025,USDCAD,fx,1.6658684418922503,4.9901110234035695,-3.324242581511319
bls_employment_2025-01-10,employment,2025-01-10 13:30:00+00:00,2025,EURJPY,fx,14.568435793919134,7.19412117326973,7.374314620649404
bls_employment_2025-01-10,employment,2025-01-10 13:30:00+00:00,2025,XAUUSD,metal,22.373147539177968,17.358103862830006,5.015043676347961
bls_employment_2025-01-10,employment,2025-01-10 13:30:00+00:00,2025,XAGUSD,metal,12.866830101959856,40.12662597049997,-27.259795868540117
bls_employment_2025-01-10,employment,2025-01-10 13:30:00+00:00,2025,SPXUSD,equity,84.03913667439286,9.330130703012145,74.70900597138072
bls_employment_2025-01-10,employment,2025-01-10 13:30:00+00:00,2025,NSXUSD,equity,94.66847986113777,18.37438924449905,76.29409061663873
bls_employment_2025-01-10,employment,2025-01-10 13:30:00+00:00,2025,GRXEUR,equity,35.894859061390356,8.392005841346075,27.50285322004428
bls_employment_2025-01-10,employment,2025-01-10 13:30:00+00:00,2025,UKXGBP,equity,8.231530290626967,12.52861468006731,-4.297084389440343
bls_employment_2025-01-10,employment,2025-01-10 13:30:00+00:00,2025,BCOUSD,energy,11.281306819558928,27.23017405164202,-15.948867232083092
bls_cpi_2025-01-15,cpi,2025-01-15 13:30:00+00:00,2025,EURUSD,fx,41.071797666971,13.112612901514419,27.959184765456584
bls_cpi_2025-01-15,cpi,2025-01-15 13:30:00+00:00,2025,GBPUSD,fx,61.642522922049835,11.394481725905232,50.248041196144605
bls_cpi_2025-01-15,cpi,2025-01-15 13:30:00+00:00,2025,AUDUSD,fx,76.0496619071581,8.675218211947453,67.37444369521064
bls_cpi_2025-01-15,cpi,2025-01-15 13:30:00+00:00,2025,NZDUSD,fx,75.20503385394582,9.402014215256777,65.80301963868905
bls_cpi_2025-01-15,cpi,2025-01-15 13:30:00+00:00,2025,USDJPY,fx,44.2175095387031,6.649885370572323,37.56762416813078
bls_cpi_2025-01-15,cpi,2025-01-15 13:30:00+00:00,2025,USDCHF,fx,31.62648277085306,10.098336703961822,21.52814606689124
bls_cpi_2025-01-15,cpi,2025-01-15 13:30:00+00:00,2025,USDCAD,fx,32.9461991110399,5.548447093392828,27.397752017647075
bls_cpi_2025-01-15,cpi,2025-01-15 13:30:00+00:00,2025,EURJPY,fx,3.0285705687551188,8.713490395493242,-5.684919826738123
bls_cpi_2025-01-15,cpi,2025-01-15 13:30:00+00:00,2025,XAUUSD,metal,41.48835932710198,15.460446817175898,26.027912509926082
bls_cpi_2025-01-15,cpi,2025-01-15 13:30:00+00:00,2025,XAGUSD,metal,130.66879118386598,24.01312536906227,106.65566581480371
bls_cpi_2025-01-15,cpi,2025-01-15 13:30:00+00:00,2025,SPXUSD,equity,115.11055314441326,8.445518591178912,106.66503455323435
bls_cpi_2025-01-15,cpi,2025-01-15 13:30:00+00:00,2025,NSXUSD,equity,141.95820597897438,11.982409736505957,129.97579624246842
bls_cpi_2025-01-15,cpi,2025-01-15 13:30:00+00:00,2025,GRXEUR,equity,83.2944116469532,9.840026865798128,73.45438478115507
bls_cpi_2025-01-15,cpi,2025-01-15 13:30:00+00:00,2025,UKXGBP,equity,38.395732885097736,5.40227027875596,32.99346260634178
bls_cpi_2025-01-15,cpi,2025-01-15 13:30:00+00:00,2025,BCOUSD,energy,25.499270606571486,6.192267394701625,19.307003211869862
bls_employment_2025-02-07,employment,2025-02-07 13:30:00+00:00,2025,EURUSD,fx,13.01888886863826,2.644251410844414,10.374637457793845
bls_employment_2025-02-07,employment,2025-02-07 13:30:00+00:00,2025,GBPUSD,fx,20.014877167655595,4.985829076027011,15.029048091628583
bls_employment_2025-02-07,employment,2025-02-07 13:30:00+00:00,2025,AUDUSD,fx,9.717941517212566,4.3745940014444855,5.34334751576808
bls_employment_2025-02-07,employment,2025-02-07 13:30:00+00:00,2025,NZDUSD,fx,15.876099226266312,4.760133313227182,11.11596591303913
bls_employment_2025-02-07,employment,2025-02-07 13:30:00+00:00,2025,USDJPY,fx,4.145077779557762,2.983866085244956,1.1612116943128061
bls_employment_2025-02-07,employment,2025-02-07 13:30:00+00:00,2025,USDCHF,fx,18.71237433598706,1.5376224882731828,17.17475184771388
bls_employment_2025-02-07,employment,2025-02-07 13:30:00+00:00,2025,USDCAD,fx,7.753698238729136,7.34012026625442,0.41357797247471595
bls_employment_2025-02-07,employment,2025-02-07 13:30:00+00:00,2025,EURJPY,fx,16.876677397668026,4.231326320969149,12.645351076698876
bls_employment_2025-02-07,employment,2025-02-07 13:30:00+00:00,2025,XAUUSD,metal,8.353372591768354,7.949756955742634,0.4036156360257195
bls_employment_2025-02-07,employment,2025-02-07 13:30:00+00:00,2025,XAGUSD,metal,0.621079436260638,32.65835942684565,-32.03727999058501
bls_employment_2025-02-07,employment,2025-02-07 13:30:00+00:00,2025,SPXUSD,equity,16.047051104942145,6.254157182818168,9.792893922123977
bls_employment_2025-02-07,employment,2025-02-07 13:30:00+00:00,2025,NSXUSD,equity,16.726989578226856,17.31873602312441,-0.5917464448975522
bls_employment_2025-02-07,employment,2025-02-07 13:30:00+00:00,2025,GRXEUR,equity,8.223772592624666,6.504807250986069,1.7189653416385973
bls_employment_2025-02-07,employment,2025-02-07 13:30:00+00:00,2025,UKXGBP,equity,15.699867848096476,5.991660370750341,9.708207477346136
bls_employment_2025-02-07,employment,2025-02-07 13:30:00+00:00,2025,BCOUSD,energy,14.062345371558916,12.661714403930365,1.400630967628551
bls_cpi_2025-02-12,cpi,2025-02-12 13:30:00+00:00,2025,EURUSD,fx,34.0116663116716,5.673824338864322,28.337841972807276
bls_cpi_2025-02-12,cpi,2025-02-12 13:30:00+00:00,2025,GBPUSD,fx,47.1991533074861,7.464652188799529,39.73450111868657
bls_cpi_2025-02-12,cpi,2025-02-12 13:30:00+00:00,2025,AUDUSD,fx,58.327839050142536,6.8650283268688606,51.46281072327368
bls_cpi_2025-02-12,cpi,2025-02-12 13:30:00+00:00,2025,NZDUSD,fx,67.4097904205186,7.147695623269586,60.26209479724902
bls_cpi_2025-02-12,cpi,2025-02-12 13:30:00+00:00,2025,USDJPY,fx,54.62879414216437,2.9576225561485616,51.6711715860158
bls_cpi_2025-02-12,cpi,2025-02-12 13:30:00+00:00,2025,USDCHF,fx,27.816734249763734,6.782484107862287,21.034250141901445
bls_cpi_2025-02-12,cpi,2025-02-12 13:30:00+00:00,2025,USDCAD,fx,21.369767827343214,9.814656050940739,11.555111776402475
bls_cpi_2025-02-12,cpi,2025-02-12 13:30:00+00:00,2025,EURJPY,fx,20.52312709438802,3.308963489620489,17.21416360476753
bls_cpi_2025-02-12,cpi,2025-02-12 13:30:00+00:00,2025,XAUUSD,metal,23.827088421587632,13.881736702897408,9.945351718690224
bls_cpi_2025-02-12,cpi,2025-02-12 13:30:00+00:00,2025,XAGUSD,metal,62.22326100239805,27.900846977900414,34.32241402449763
bls_cpi_2025-02-12,cpi,2025-02-12 13:30:00+00:00,2025,SPXUSD,equity,107.69053650633576,3.972082185891436,103.71845432044432
bls_cpi_2025-02-12,cpi,2025-02-12 13:30:00+00:00,2025,NSXUSD,equity,132.474061460445,5.562376734565707,126.9116847258793
bls_cpi_2025-02-12,cpi,2025-02-12 13:30:00+00:00,2025,GRXEUR,equity,31.76809764237639,13.149968986884307,18.618128655492082
bls_cpi_2025-02-12,cpi,2025-02-12 13:30:00+00:00,2025,UKXGBP,equity,21.644720687468826,5.547454547164648,16.09726614030418
bls_cpi_2025-02-12,cpi,2025-02-12 13:30:00+00:00,2025,BCOUSD,energy,17.049184457672467,18.73427086699225,-1.6850864093197835
bls_employment_2025-03-07,employment,2025-03-07 13:30:00+00:00,2025,EURUSD,fx,5.528527341167452,6.60964414368342,-1.081116802515968
bls_employment_2025-03-07,employment,2025-03-07 13:30:00+00:00,2025,GBPUSD,fx,7.358152583778349,4.089165047953869,3.26898753582448
bls_employment_2025-03-07,employment,2025-03-07 13:30:00+00:00,2025,AUDUSD,fx,9.22127954941017,7.058110229112422,2.163169320297748
bls_employment_2025-03-07,employment,2025-03-07 13:30:00+00:00,2025,NZDUSD,fx,11.91143638592834,6.3157927773708264,5.595643608557514
bls_employment_2025-03-07,employment,2025-03-07 13:30:00+00:00,2025,USDJPY,fx,30.179642507753343,13.163817455131923,17.01582505262142
bls_employment_2025-03-07,employment,2025-03-07 13:30:00+00:00,2025,USDCHF,fx,10.119674532561703,6.916674114381667,3.203000418180036
bls_employment_2025-03-07,employment,2025-03-07 13:30:00+00:00,2025,USDCAD,fx,25.919927554622966,9.412710027450196,16.50721752717277
bls_employment_2025-03-07,employment,2025-03-07 13:30:00+00:00,2025,EURJPY,fx,35.80638404032034,17.76258044089395,18.04380359942639
bls_employment_2025-03-07,employment,2025-03-07 13:30:00+00:00,2025,XAUUSD,metal,0.4121622202375602,17.29992987904229,-16.887767658804727
bls_employment_2025-03-07,employment,2025-03-07 13:30:00+00:00,2025,XAGUSD,metal,10.223207569551649,32.712414873246374,-22.489207303694727
bls_employment_2025-03-07,employment,2025-03-07 13:30:00+00:00,2025,SPXUSD,equity,11.424529727936584,4.804220895424104,6.62030883251248
bls_employment_2025-03-07,employment,2025-03-07 13:30:00+00:00,2025,NSXUSD,equity,6.353201731804872,8.760776420972297,-2.407574689167425
bls_employment_2025-03-07,employment,2025-03-07 13:30:00+00:00,2025,GRXEUR,equity,14.830636708188395,8.358156749528948,6.472479958659447
bls_employment_2025-03-07,employment,2025-03-07 13:30:00+00:00,2025,UKXGBP,equity,11.475655326842823,7.1265063997877895,4.349148927055033
bls_employment_2025-03-07,employment,2025-03-07 13:30:00+00:00,2025,BCOUSD,energy,17.07091957345895,16.286364277471435,0.7845552959875164
bls_cpi_2025-03-12,cpi,2025-03-12 13:30:00+00:00,2025,EURUSD,fx,9.183074403781003,8.591440252037472,0.5916341517435306
bls_cpi_2025-03-12,cpi,2025-03-12 13:30:00+00:00,2025,GBPUSD,fx,13.749847673621257,5.265281716210034,8.484565957411224
bls_cpi_2025-03-12,cpi,2025-03-12 13:30:00+00:00,2025,AUDUSD,fx,17.63682898998938,9.414138321501559,8.22269066848782
bls_cpi_2025-03-12,cpi,2025-03-12 13:30:00+00:00,2025,NZDUSD,fx,21.189231194127903,10.106094733991096,11.083136460136807
bls_cpi_2025-03-12,cpi,2025-03-12 13:30:00+00:00,2025,USDJPY,fx,17.95217942139202,12.390512284794932,5.561667136597089
bls_cpi_2025-03-12,cpi,2025-03-12 13:30:00+00:00,2025,USDCHF,fx,1.132207919871142,4.771177676292416,-3.6389697564212735
bls_cpi_2025-03-12,cpi,2025-03-12 13:30:00+00:00,2025,USDCAD,fx,4.02506650263823,5.471093176168397,-1.4460266735301666
bls_cpi_2025-03-12,cpi,2025-03-12 13:30:00+00:00,2025,EURJPY,fx,27.105558413173554,3.826438776928045,23.27911963624551
bls_cpi_2025-03-12,cpi,2025-03-12 13:30:00+00:00,2025,XAUUSD,metal,21.776211749101105,24.619318880734987,-2.8431071316338823
bls_cpi_2025-03-12,cpi,2025-03-12 13:30:00+00:00,2025,XAGUSD,metal,19.41748182910384,42.377674552947575,-22.960192723843736
bls_cpi_2025-03-12,cpi,2025-03-12 13:30:00+00:00,2025,SPXUSD,equity,49.656117866235746,10.644694100854517,39.01142376538123
bls_cpi_2025-03-12,cpi,2025-03-12 13:30:00+00:00,2025,NSXUSD,equity,29.640148084385753,11.749781468232076,17.890366616153678
bls_cpi_2025-03-12,cpi,2025-03-12 13:30:00+00:00,2025,GRXEUR,equity,15.641621059525976,16.544893016703963,-0.9032719571779868
bls_cpi_2025-03-12,cpi,2025-03-12 13:30:00+00:00,2025,UKXGBP,equity,8.22871198514023,12.649150801365005,-4.420438816224776
bls_cpi_2025-03-12,cpi,2025-03-12 13:30:00+00:00,2025,BCOUSD,energy,8.514261902176239,15.56226750493481,-7.048005602758572
bls_employment_2025-04-04,employment,2025-04-04 13:30:00+00:00,2025,EURUSD,fx,53.323320126860835,5.733839961607962,47.58948016525287
bls_employment_2025-04-04,employment,2025-04-04 13:30:00+00:00,2025,GBPUSD,fx,31.19719757860758,4.237074232482318,26.96012334612526
bls_employment_2025-04-04,employment,2025-04-04 13:30:00+00:00,2025,AUDUSD,fx,14.891304431573886,3.0709627173922156,11.82034171418167
bls_employment_2025-04-04,employment,2025-04-04 13:30:00+00:00,2025,NZDUSD,fx,8.696347195088032,1.2689905442299236,7.427356650858108
bls_employment_2025-04-04,employment,2025-04-04 13:30:00+00:00,2025,USDJPY,fx,35.05158227907874,3.764708320309686,31.28687395876905
bls_employment_2025-04-04,employment,2025-04-04 13:30:00+00:00,2025,USDCHF,fx,35.810559517942636,1.6904431456565017,34.120116372286134
bls_employment_2025-04-04,employment,2025-04-04 13:30:00+00:00,2025,USDCAD,fx,10.064221840077119,8.537294730792697,1.526927109284422
bls_employment_2025-04-04,employment,2025-04-04 13:30:00+00:00,2025,EURJPY,fx,18.666356832705613,7.133871341314549,11.532485491391064
bls_employment_2025-04-04,employment,2025-04-04 13:30:00+00:00,2025,XAUUSD,metal,69.75919427665698,42.308773300673955,27.45042097598303
bls_employment_2025-04-04,employment,2025-04-04 13:30:00+00:00,2025,XAGUSD,metal,47.014661118068474,59.29695815074065,-12.282297032672176
bls_employment_2025-04-04,employment,2025-04-04 13:30:00+00:00,2025,SPXUSD,equity,49.95185371874866,20.112441876554893,29.839411842193766
bls_employment_2025-04-04,employment,2025-04-04 13:30:00+00:00,2025,NSXUSD,equity,50.94712964654716,27.15953335180444,23.78759629474272
bls_employment_2025-04-04,employment,2025-04-04 13:30:00+00:00,2025,GRXEUR,equity,48.11271689887683,17.31615411637409,30.796562782502743
bls_employment_2025-04-04,employment,2025-04-04 13:30:00+00:00,2025,UKXGBP,equity,42.8596459272561,16.291441306544165,26.56820462071194
bls_employment_2025-04-04,employment,2025-04-04 13:30:00+00:00,2025,BCOUSD,energy,39.79495570851615,10.112467856822356,29.682487851693793
bls_cpi_2025-04-10,cpi,2025-04-10 13:30:00+00:00,2025,EURUSD,fx,4.866662556962661,6.263012570555473,-1.3963500135928122
bls_cpi_2025-04-10,cpi,2025-04-10 13:30:00+00:00,2025,GBPUSD,fx,9.90298253521734,6.77090846954828,3.1320740656690607
bls_cpi_2025-04-10,cpi,2025-04-10 13:30:00+00:00,2025,AUDUSD,fx,25.546101946045493,6.257748290395087,19.288353655650404
bls_cpi_2025-04-10,cpi,2025-04-10 13:30:00+00:00,2025,NZDUSD,fx,21.382509549072275,6.374586712645753,15.007922836426522
bls_cpi_2025-04-10,cpi,2025-04-10 13:30:00+00:00,2025,USDJPY,fx,12.859261642525691,12.188555383325594,0.670706259200097
bls_cpi_2025-04-10,cpi,2025-04-10 13:30:00+00:00,2025,USDCHF,fx,25.754157552137944,4.007246781653545,21.746910770484398
bls_cpi_2025-04-10,cpi,2025-04-10 13:30:00+00:00,2025,USDCAD,fx,6.113642855116486,6.419988930261506,-0.30634607514502044
bls_cpi_2025-04-10,cpi,2025-04-10 13:30:00+00:00,2025,EURJPY,fx,8.118568727107288,10.668426904722425,-2.5498581776151372
bls_cpi_2025-04-10,cpi,2025-04-10 13:30:00+00:00,2025,XAUUSD,metal,6.97668120704439,12.337846963072728,-5.361165756028338
bls_cpi_2025-04-10,cpi,2025-04-10 13:30:00+00:00,2025,XAGUSD,metal,40.77015839882404,27.10850301816014,13.661655380663898
bls_cpi_2025-04-10,cpi,2025-04-10 13:30:00+00:00,2025,SPXUSD,equity,17.759953906190084,53.856383377013714,-36.09642947082363
bls_cpi_2025-04-10,cpi,2025-04-10 13:30:00+00:00,2025,NSXUSD,equity,10.576449009885271,78.5269922253477,-67.95054321546243
bls_cpi_2025-04-10,cpi,2025-04-10 13:30:00+00:00,2025,GRXEUR,equity,15.712530102598832,45.35706802092744,-29.64453791832861
bls_cpi_2025-04-10,cpi,2025-04-10 13:30:00+00:00,2025,UKXGBP,equity,6.010992030962917,18.484051533242898,-12.47305950227998
bls_cpi_2025-04-10,cpi,2025-04-10 13:30:00+00:00,2025,BCOUSD,energy,67.64435559490113,11.26532854382221,56.37902705107892
bls_employment_2025-05-02,employment,2025-05-02 13:30:00+00:00,2025,EURUSD,fx,7.152349763401923,11.67998372078403,-4.527633957382107
bls_employment_2025-05-02,employment,2025-05-02 13:30:00+00:00,2025,GBPUSD,fx,4.064214646474498,5.935535725667641,-1.8713210791931436
bls_employment_2025-05-02,employment,2025-05-02 13:30:00+00:00,2025,AUDUSD,fx,24.854381726656904,7.774554457924962,17.07982726873194
bls_employment_2025-05-02,employment,2025-05-02 13:30:00+00:00,2025,NZDUSD,fx,17.15843370874562,6.237685923955549,10.92074778479007
bls_employment_2025-05-02,employment,2025-05-02 13:30:00+00:00,2025,USDJPY,fx,1.9370862133129236,7.59710463240528,-5.660018419092356
bls_employment_2025-05-02,employment,2025-05-02 13:30:00+00:00,2025,USDCHF,fx,25.310184203800294,10.192431356794511,15.117752847005782
bls_employment_2025-05-02,employment,2025-05-02 13:30:00+00:00,2025,USDCAD,fx,3.615851934101964,5.790572235740195,-2.1747203016382315
bls_employment_2025-05-02,employment,2025-05-02 13:30:00+00:00,2025,EURJPY,fx,5.252742540944151,7.037789970760332,-1.7850474298161805
bls_employment_2025-05-02,employment,2025-05-02 13:30:00+00:00,2025,XAUUSD,metal,36.92434866086898,42.76660536167728,-5.842256700808299
bls_employment_2025-05-02,employment,2025-05-02 13:30:00+00:00,2025,XAGUSD,metal,2.780309250080674,40.20603283164495,-37.42572358156427
bls_employment_2025-05-02,employment,2025-05-02 13:30:00+00:00,2025,SPXUSD,equity,73.46655197045466,24.870128870962056,48.596423099492604
bls_employment_2025-05-02,employment,2025-05-02 13:30:00+00:00,2025,NSXUSD,equity,78.43276657103112,32.16113119082336,46.27163538020776
bls_employment_2025-05-02,employment,2025-05-02 13:30:00+00:00,2025,GRXEUR,equity,54.64869634382917,15.549388314050834,39.09930802977834
bls_employment_2025-05-02,employment,2025-05-02 13:30:00+00:00,2025,UKXGBP,equity,35.579928153994054,10.701436280968162,24.878491873025894
bls_employment_2025-05-02,employment,2025-05-02 13:30:00+00:00,2025,BCOUSD,energy,69.65282877762843,11.37771033903918,58.275118438589246
bls_cpi_2025-05-13,cpi,2025-05-13 13:30:00+00:00,2025,EURUSD,fx,14.746745350767345,12.295689502809964,2.451055847957381
bls_cpi_2025-05-13,cpi,2025-05-13 13:30:00+00:00,2025,GBPUSD,fx,15.192229943775267,9.90932264964717,5.282907294128098
bls_cpi_2025-05-13,cpi,2025-05-13 13:30:00+00:00,2025,AUDUSD,fx,17.913474940956974,4.402089953907434,13.511384987049539
bls_cpi_2025-05-13,cpi,2025-05-13 13:30:00+00:00,2025,NZDUSD,fx,14.564424739552809,5.903256132006699,8.66116860754611
bls_cpi_2025-05-13,cpi,2025-05-13 13:30:00+00:00,2025,USDJPY,fx,10.333195801466829,14.135027735377772,-3.801831933910943
bls_cpi_2025-05-13,cpi,2025-05-13 13:30:00+00:00,2025,USDCHF,fx,2.731542804227697,11.554136322328658,-8.82259351810096
bls_cpi_2025-05-13,cpi,2025-05-13 13:30:00+00:00,2025,USDCAD,fx,7.649714938597422,5.155805096122416,2.4939098424750066
bls_cpi_2025-05-13,cpi,2025-05-13 13:30:00+00:00,2025,EURJPY,fx,4.73680383914579,5.136331573221676,-0.3995277340758854
bls_cpi_2025-05-13,cpi,2025-05-13 13:30:00+00:00,2025,XAUUSD,metal,13.699414209417773,30.87181338190492,-17.172399172487147
bls_cpi_2025-05-13,cpi,2025-05-13 13:30:00+00:00,2025,XAGUSD,metal,58.764286266427106,13.508751993500063,45.255534272927044
bls_cpi_2025-05-13,cpi,2025-05-13 13:30:00+00:00,2025,SPXUSD,equity,9.178973593528147,17.2808026420131,-8.101829048484953
bls_cpi_2025-05-13,cpi,2025-05-13 13:30:00+00:00,2025,NSXUSD,equity,16.720150389509225,22.49706978485054,-5.7769193953413165
bls_cpi_2025-05-13,cpi,2025-05-13 13:30:00+00:00,2025,GRXEUR,equity,8.05514886459123,19.644223779185616,-11.589074914594386
bls_cpi_2025-05-13,cpi,2025-05-13 13:30:00+00:00,2025,UKXGBP,equity,1.7632591207202908,9.338991664166745,-7.575732543446454
bls_cpi_2025-05-13,cpi,2025-05-13 13:30:00+00:00,2025,BCOUSD,energy,0.7618757384344159,14.450338802579417,-13.688463064145001
bls_employment_2025-06-06,employment,2025-06-06 13:30:00+00:00,2025,EURUSD,fx,11.048659062763146,4.2630025981727675,6.785656464590379
bls_employment_2025-06-06,employment,2025-06-06 13:30:00+00:00,2025,GBPUSD,fx,4.504720801953323,7.7493418259096885,-3.2446210239563653
bls_employment_2025-06-06,employment,2025-06-06 13:30:00+00:00,2025,AUDUSD,fx,6.16237887318244,8.070430937584888,-1.9080520644024483
bls_employment_2025-06-06,employment,2025-06-06 13:30:00+00:00,2025,NZDUSD,fx,5.310586446729422,7.309996619394256,-1.9994101726648337
bls_employment_2025-06-06,employment,2025-06-06 13:30:00+00:00,2025,USDJPY,fx,27.89363473874508,5.000336404362211,22.89329833438287
bls_employment_2025-06-06,employment,2025-06-06 13:30:00+00:00,2025,USDCHF,fx,17.37303243983469,2.7132735840858326,14.659758855748859
bls_employment_2025-06-06,employment,2025-06-06 13:30:00+00:00,2025,USDCAD,fx,4.4568327270133645,8.635909759551557,-4.179077032538193
bls_employment_2025-06-06,employment,2025-06-06 13:30:00+00:00,2025,EURJPY,fx,16.69069502108052,6.584686325583649,10.106008695496868
bls_employment_2025-06-06,employment,2025-06-06 13:30:00+00:00,2025,XAUUSD,metal,21.943343580395524,15.699581923549578,6.243761656845946
bls_employment_2025-06-06,employment,2025-06-06 13:30:00+00:00,2025,XAGUSD,metal,4.153456427651778,17.50192452491729,-13.34846809726551
bls_employment_2025-06-06,employment,2025-06-06 13:30:00+00:00,2025,SPXUSD,equity,38.697830360729625,11.24541191561024,27.452418445119385
bls_employment_2025-06-06,employment,2025-06-06 13:30:00+00:00,2025,NSXUSD,equity,45.34277583439536,14.436551330888662,30.9062245035067
bls_employment_2025-06-06,employment,2025-06-06 13:30:00+00:00,2025,GRXEUR,equity,8.227785203273239,17.067553717938736,-8.839768514665497
bls_employment_2025-06-06,employment,2025-06-06 13:30:00+00:00,2025,UKXGBP,equity,8.938634023435704,8.815833160876046,0.12280086255965728
bls_employment_2025-06-06,employment,2025-06-06 13:30:00+00:00,2025,BCOUSD,energy,42.02810603157359,22.433141116032374,19.59496491554122
bls_cpi_2025-06-11,cpi,2025-06-11 13:30:00+00:00,2025,EURUSD,fx,19.217672191028665,4.854067109109392,14.363605081919273
bls_cpi_2025-06-11,cpi,2025-06-11 13:30:00+00:00,2025,GBPUSD,fx,14.953107776249446,6.0943126416277895,8.858795134621657
bls_cpi_2025-06-11,cpi,2025-06-11 13:30:00+00:00,2025,AUDUSD,fx,36.674763937045014,11.130462359082397,25.544301577962617
bls_cpi_2025-06-11,cpi,2025-06-11 13:30:00+00:00,2025,NZDUSD,fx,39.24268408812273,7.963623974263287,31.279060113859444
bls_cpi_2025-06-11,cpi,2025-06-11 13:30:00+00:00,2025,USDJPY,fx,34.49635345153432,5.798973069973207,28.69738038156111
bls_cpi_2025-06-11,cpi,2025-06-11 13:30:00+00:00,2025,USDCHF,fx,14.490726645656876,8.477647879848945,6.013078765807931
bls_cpi_2025-06-11,cpi,2025-06-11 13:30:00+00:00,2025,USDCAD,fx,14.99420626961086,5.741744217858303,9.252462051752557
bls_cpi_2025-06-11,cpi,2025-06-11 13:30:00+00:00,2025,EURJPY,fx,15.428381634250295,5.413241423695352,10.015140210554943
bls_cpi_2025-06-11,cpi,2025-06-11 13:30:00+00:00,2025,XAUUSD,metal,11.847390132353423,33.79050834528064,-21.943118212927217
bls_cpi_2025-06-11,cpi,2025-06-11 13:30:00+00:00,2025,XAGUSD,metal,27.224370236416927,29.58304093552791,-2.3586706991109843
bls_cpi_2025-06-11,cpi,2025-06-11 13:30:00+00:00,2025,SPXUSD,equity,39.709714980950714,7.68880908334345,32.020905897607264
bls_cpi_2025-06-11,cpi,2025-06-11 13:30:00+00:00,2025,NSXUSD,equity,43.81698982561049,10.923240415405042,32.89374941020545
bls_cpi_2025-06-11,cpi,2025-06-11 13:30:00+00:00,2025,GRXEUR,equity,7.016759941796706,10.262239895558693,-3.245479953761987
bls_cpi_2025-06-11,cpi,2025-06-11 13:30:00+00:00,2025,UKXGBP,equity,16.897159154546515,10.401608674110307,6.495550480436208
bls_cpi_2025-06-11,cpi,2025-06-11 13:30:00+00:00,2025,BCOUSD,energy,33.85343239041637,33.44817055115301,0.40526183926336046
bls_employment_2025-07-03,employment,2025-07-03 13:30:00+00:00,2025,EURUSD,fx,41.99329518930496,5.359594360806972,36.633700828497986
bls_employment_2025-07-03,employment,2025-07-03 13:30:00+00:00,2025,GBPUSD,fx,26.036238062109373,9.313422022963714,16.72281603914566
bls_employment_2025-07-03,employment,2025-07-03 13:30:00+00:00,2025,AUDUSD,fx,40.416419831209296,5.748559956368883,34.66785987484042
bls_employment_2025-07-03,employment,2025-07-03 13:30:00+00:00,2025,NZDUSD,fx,38.33891629489221,5.549467936534994,32.78944835835721
bls_employment_2025-07-03,employment,2025-07-03 13:30:00+00:00,2025,USDJPY,fx,75.10946899518436,14.149800726645218,60.95966826853914
bls_employment_2025-07-03,employment,2025-07-03 13:30:00+00:00,2025,USDCHF,fx,52.8123751934538,11.034802969213576,41.77757222424023
bls_employment_2025-07-03,employment,2025-07-03 13:30:00+00:00,2025,USDCAD,fx,19.70125313782401,5.398261199297481,14.30299193852653
bls_employment_2025-07-03,employment,2025-07-03 13:30:00+00:00,2025,EURJPY,fx,33.18977695394089,9.612055872636681,23.57772108130421
bls_employment_2025-07-03,employment,2025-07-03 13:30:00+00:00,2025,XAUUSD,metal,84.73965408069049,29.818862016770808,54.92079206391968
bls_employment_2025-07-03,employment,2025-07-03 13:30:00+00:00,2025,XAGUSD,metal,69.26104092482568,39.24780548307855,30.013235441747128
bls_employment_2025-07-03,employment,2025-07-03 13:30:00+00:00,2025,SPXUSD,equity,10.039139690670535,16.382886106322616,-6.343746415652081
bls_employment_2025-07-03,employment,2025-07-03 13:30:00+00:00,2025,NSXUSD,equity,18.06431262116719,20.19468814271209,-2.1303755215448987
bls_employment_2025-07-03,employment,2025-07-03 13:30:00+00:00,2025,GRXEUR,equity,27.88629457419471,9.365023360693527,18.521271213501183
bls_employment_2025-07-03,employment,2025-07-03 13:30:00+00:00,2025,UKXGBP,equity,8.164740411705216,5.256233137587316,2.9085072741179
bls_employment_2025-07-03,employment,2025-07-03 13:30:00+00:00,2025,BCOUSD,energy,4.356665767428189,30.426215404154277,-26.069549636726087
bls_cpi_2025-07-15,cpi,2025-07-15 13:30:00+00:00,2025,EURUSD,fx,7.967069867706634,6.822269880826136,1.144799986880498
bls_cpi_2025-07-15,cpi,2025-07-15 13:30:00+00:00,2025,GBPUSD,fx,2.602685242223962,6.040832935952326,-3.4381476937283644
bls_cpi_2025-07-15,cpi,2025-07-15 13:30:00+00:00,2025,AUDUSD,fx,18.732158532894378,10.627089834673036,8.105068698221341
bls_cpi_2025-07-15,cpi,2025-07-15 13:30:00+00:00,2025,NZDUSD,fx,10.340400194199429,9.727545429790567,0.612854764408862
bls_cpi_2025-07-15,cpi,2025-07-15 13:30:00+00:00,2025,USDJPY,fx,2.974681426797257,11.20830596192599,-8.233624535128733
bls_cpi_2025-07-15,cpi,2025-07-15 13:30:00+00:00,2025,USDCHF,fx,7.783664741286544,8.936143503310925,-1.1524787620243808
bls_cpi_2025-07-15,cpi,2025-07-15 13:30:00+00:00,2025,USDCAD,fx,14.76252341797884,8.130698024675247,6.631825393303593
bls_cpi_2025-07-15,cpi,2025-07-15 13:30:00+00:00,2025,EURJPY,fx,5.3282060264629605,7.0838542451838755,-1.755648218720915
bls_cpi_2025-07-15,cpi,2025-07-15 13:30:00+00:00,2025,XAUUSD,metal,6.095911884879228,5.499404125682753,0.5965077591964745
bls_cpi_2025-07-15,cpi,2025-07-15 13:30:00+00:00,2025,XAGUSD,metal,2.3589542079091297,39.950906893279296,-37.59195268537017
bls_cpi_2025-07-15,cpi,2025-07-15 13:30:00+00:00,2025,SPXUSD,equity,11.997413051180192,7.29723662290775,4.700176428272442
bls_cpi_2025-07-15,cpi,2025-07-15 13:30:00+00:00,2025,NSXUSD,equity,21.481859298214637,9.347488258345042,12.134371039869595
bls_cpi_2025-07-15,cpi,2025-07-15 13:30:00+00:00,2025,GRXEUR,equity,0.41302232978020453,6.577341892679371,-6.164319562899166
bls_cpi_2025-07-15,cpi,2025-07-15 13:30:00+00:00,2025,UKXGBP,equity,3.118187671484354,1.9742508887399484,1.1439367827444058
bls_cpi_2025-07-15,cpi,2025-07-15 13:30:00+00:00,2025,BCOUSD,energy,16.629915983238938,38.111987384945124,-21.482071401706186
bls_employment_2025-08-01,employment,2025-08-01 13:30:00+00:00,2025,EURUSD,fx,135.53236412044888,2.8185465019454394,132.71381761850344
bls_employment_2025-08-01,employment,2025-08-01 13:30:00+00:00,2025,GBPUSD,fx,105.59696313055483,5.2522580725794645,100.34470505797536
bls_employment_2025-08-01,employment,2025-08-01 13:30:00+00:00,2025,AUDUSD,fx,101.37264211970182,4.459304692629734,96.9133374270721
bls_employment_2025-08-01,employment,2025-08-01 13:30:00+00:00,2025,NZDUSD,fx,113.57295856498563,3.7863136220492106,109.78664494293642
bls_employment_2025-08-01,employment,2025-08-01 13:30:00+00:00,2025,USDJPY,fx,137.48954384950497,5.29267147612422,132.19687237338076
bls_employment_2025-08-01,employment,2025-08-01 13:30:00+00:00,2025,USDCHF,fx,142.19271867182027,2.0018179714328603,140.1909007003874
bls_employment_2025-08-01,employment,2025-08-01 13:30:00+00:00,2025,USDCAD,fx,61.239657947000524,7.007187472083908,54.23247047491662
bls_employment_2025-08-01,employment,2025-08-01 13:30:00+00:00,2025,EURJPY,fx,1.865138812535128,2.911374972255444,-1.046236159720316
bls_employment_2025-08-01,employment,2025-08-01 13:30:00+00:00,2025,XAUUSD,metal,116.91646946915687,9.794064413692984,107.12240505546389
bls_employment_2025-08-01,employment,2025-08-01 13:30:00+00:00,2025,XAGUSD,metal,154.43796581541324,18.70096026561716,135.73700554979607
bls_employment_2025-08-01,employment,2025-08-01 13:30:00+00:00,2025,SPXUSD,equity,6.06728692111501,3.8362820174943058,2.2310049036207045
bls_employment_2025-08-01,employment,2025-08-01 13:30:00+00:00,2025,NSXUSD,equity,11.227254405293495,4.996479332670143,6.230775072623352
bls_employment_2025-08-01,employment,2025-08-01 13:30:00+00:00,2025,GRXEUR,equity,26.714062246931483,11.014543082671,15.699519164260483
bls_employment_2025-08-01,employment,2025-08-01 13:30:00+00:00,2025,UKXGBP,equity,0.9635039574156952,9.084691075170603,-8.121187117754909
bls_employment_2025-08-01,employment,2025-08-01 13:30:00+00:00,2025,BCOUSD,energy,20.280436336693167,32.05554625447474,-11.775109917781574
bls_cpi_2025-08-12,cpi,2025-08-12 13:30:00+00:00,2025,EURUSD,fx,30.888786298812104,3.2548946586040186,27.633891640208084
bls_cpi_2025-08-12,cpi,2025-08-12 13:30:00+00:00,2025,GBPUSD,fx,18.701581726431186,5.563573736092171,13.138007990339016
bls_cpi_2025-08-12,cpi,2025-08-12 13:30:00+00:00,2025,AUDUSD,fx,28.01553460972641,4.83550417373993,23.180030435986477
bls_cpi_2025-08-12,cpi,2025-08-12 13:30:00+00:00,2025,NZDUSD,fx,28.16736979598548,4.646227560519357,23.521142235466122
bls_cpi_2025-08-12,cpi,2025-08-12 13:30:00+00:00,2025,USDJPY,fx,33.73139540485552,8.891080703607491,24.840314701248026
bls_cpi_2025-08-12,cpi,2025-08-12 13:30:00+00:00,2025,USDCHF,fx,19.12907770289175,3.029897734668661,16.099179968223087
bls_cpi_2025-08-12,cpi,2025-08-12 13:30:00+00:00,2025,USDCAD,fx,15.590954605055128,1.3086033001227497,14.282351304932378
bls_cpi_2025-08-12,cpi,2025-08-12 13:30:00+00:00,2025,EURJPY,fx,3.0183247366093613,10.629266440079041,-7.610941703469679
bls_cpi_2025-08-12,cpi,2025-08-12 13:30:00+00:00,2025,XAUUSD,metal,38.27312709017277,13.110009309922162,25.16311778025061
bls_cpi_2025-08-12,cpi,2025-08-12 13:30:00+00:00,2025,XAGUSD,metal,45.5762732800082,15.5784629649134,29.997810315094803
bls_cpi_2025-08-12,cpi,2025-08-12 13:30:00+00:00,2025,SPXUSD,equity,42.63693164045331,3.123794039884974,39.513137600568335
bls_cpi_2025-08-12,cpi,2025-08-12 13:30:00+00:00,2025,NSXUSD,equity,53.723599703492695,4.023255732364439,49.700343971128255
bls_cpi_2025-08-12,cpi,2025-08-12 13:30:00+00:00,2025,GRXEUR,equity,20.60166324703355,14.70949146180763,5.892171785225919
bls_cpi_2025-08-12,cpi,2025-08-12 13:30:00+00:00,2025,UKXGBP,equity,21.218392223602663,8.574515274448036,12.643876949154627
bls_cpi_2025-08-12,cpi,2025-08-12 13:30:00+00:00,2025,BCOUSD,energy,10.566038718852939,16.1318342341583,-5.565795515305362
bls_employment_2025-09-05,employment,2025-09-05 13:30:00+00:00,2025,EURUSD,fx,36.69760207660722,4.649437233182108,32.04816484342511
bls_employment_2025-09-05,employment,2025-09-05 13:30:00+00:00,2025,GBPUSD,fx,32.88770046977889,4.631370649630654,28.25632982014824
bls_employment_2025-09-05,employment,2025-09-05 13:30:00+00:00,2025,AUDUSD,fx,48.64557106059697,4.504100250549024,44.14147081004795
bls_employment_2025-09-05,employment,2025-09-05 13:30:00+00:00,2025,NZDUSD,fx,44.99731665900197,6.673449119374822,38.323867539627145
bls_employment_2025-09-05,employment,2025-09-05 13:30:00+00:00,2025,USDJPY,fx,53.705494541595115,7.120718635543586,46.58477590605153
bls_employment_2025-09-05,employment,2025-09-05 13:30:00+00:00,2025,USDCHF,fx,39.33989075413603,5.2508278164310145,34.089062937705016
bls_employment_2025-09-05,employment,2025-09-05 13:30:00+00:00,2025,USDCAD,fx,5.43641760726366,6.7758418044771975,-1.3394241972135372
bls_employment_2025-09-05,employment,2025-09-05 13:30:00+00:00,2025,EURJPY,fx,17.165997054106505,4.94077702554274,12.225220028563765
bls_employment_2025-09-05,employment,2025-09-05 13:30:00+00:00,2025,XAUUSD,metal,85.13639222309779,12.920721167039906,72.21567105605789
bls_employment_2025-09-05,employment,2025-09-05 13:30:00+00:00,2025,XAGUSD,metal,155.9309787344895,22.167245523543514,133.763733210946
bls_employment_2025-09-05,employment,2025-09-05 13:30:00+00:00,2025,SPXUSD,equity,30.290385458722458,6.373446984900018,23.91693847382244
bls_employment_2025-09-05,employment,2025-09-05 13:30:00+00:00,2025,NSXUSD,equity,39.14549203544046,8.311432900044792,30.83405913539567
bls_employment_2025-09-05,employment,2025-09-05 13:30:00+00:00,2025,GRXEUR,equity,10.494395864728347,8.92737785230797,1.5670180124203767
bls_employment_2025-09-05,employment,2025-09-05 13:30:00+00:00,2025,UKXGBP,equity,14.586543708227143,5.67021220683805,8.916331501389093
bls_employment_2025-09-05,employment,2025-09-05 13:30:00+00:00,2025,BCOUSD,energy,66.1988223440083,21.55480556170002,44.644016782308285
bls_cpi_2025-09-11,cpi,2025-09-11 13:30:00+00:00,2025,EURUSD,fx,33.59480004444329,8.528032864778154,25.066767179665135
bls_cpi_2025-09-11,cpi,2025-09-11 13:30:00+00:00,2025,GBPUSD,fx,24.092301381679025,10.672421817442835,13.41987956423619
bls_cpi_2025-09-11,cpi,2025-09-11 13:30:00+00:00,2025,AUDUSD,fx,34.935193760065346,12.226221129847428,22.708972630217918
bls_cpi_2025-09-11,cpi,2025-09-11 13:30:00+00:00,2025,NZDUSD,fx,37.914897088740986,13.836218724419881,24.078678364321107
bls_cpi_2025-09-11,cpi,2025-09-11 13:30:00+00:00,2025,USDJPY,fx,30.606741119376238,14.882913793092854,15.723827326283384
bls_cpi_2025-09-11,cpi,2025-09-11 13:30:00+00:00,2025,USDCHF,fx,29.052678377628126,8.26111660042417,20.791561777203956
bls_cpi_2025-09-11,cpi,2025-09-11 13:30:00+00:00,2025,USDCAD,fx,17.80815968767497,6.31490932972272,11.493250357952249
bls_cpi_2025-09-11,cpi,2025-09-11 13:30:00+00:00,2025,EURJPY,fx,2.836083098881605,7.687963651998133,-4.851880553116528
bls_cpi_2025-09-11,cpi,2025-09-11 13:30:00+00:00,2025,XAUUSD,metal,21.354255722196342,15.343555714736741,6.010700007459601
bls_cpi_2025-09-11,cpi,2025-09-11 13:30:00+00:00,2025,XAGUSD,metal,8.522139816235535,38.437071667447874,-29.914931851212337
bls_cpi_2025-09-11,cpi,2025-09-11 13:30:00+00:00,2025,SPXUSD,equity,8.007031468322097,15.196987614448803,-7.189956146126706
bls_cpi_2025-09-11,cpi,2025-09-11 13:30:00+00:00,2025,NSXUSD,equity,9.132365563367534,21.346173013550953,-12.213807450183419
bls_cpi_2025-09-11,cpi,2025-09-11 13:30:00+00:00,2025,GRXEUR,equity,1.9526210248235996,12.341728886836492,-10.389107862012892
bls_cpi_2025-09-11,cpi,2025-09-11 13:30:00+00:00,2025,UKXGBP,equity,0.08626240008647397,5.506711463059702,-5.420449062973228
bls_cpi_2025-09-11,cpi,2025-09-11 13:30:00+00:00,2025,BCOUSD,energy,38.275404152322864,23.77450161657387,14.500902535748995
bls_cpi_2025-10-24,cpi,2025-10-24 13:30:00+00:00,2025,EURUSD,fx,16.433857437298418,2.5918392995454638,13.842018137752953
bls_cpi_2025-10-24,cpi,2025-10-24 13:30:00+00:00,2025,GBPUSD,fx,24.985475660635053,6.217181613919168,18.768294046715887
bls_cpi_2025-10-24,cpi,2025-10-24 13:30:00+00:00,2025,AUDUSD,fx,24.12917187390937,4.9878659069784534,19.14130596693092
bls_cpi_2025-10-24,cpi,2025-10-24 13:30:00+00:00,2025,NZDUSD,fx,21.74197490820132,5.821775830118328,15.920199078082993
bls_cpi_2025-10-24,cpi,2025-10-24 13:30:00+00:00,2025,USDJPY,fx,13.545659771760853,2.5641993408324684,10.981460430928385
bls_cpi_2025-10-24,cpi,2025-10-24 13:30:00+00:00,2025,USDCHF,fx,18.73095239494544,4.584608101076972,14.146344293868468
bls_cpi_2025-10-24,cpi,2025-10-24 13:30:00+00:00,2025,USDCAD,fx,8.484697751485736,8.52912928383376,-0.044431532348022884
bls_cpi_2025-10-24,cpi,2025-10-24 13:30:00+00:00,2025,EURJPY,fx,3.0403522538560432,1.7671317551994163,1.273220498656627
bls_cpi_2025-10-24,cpi,2025-10-24 13:30:00+00:00,2025,XAUUSD,metal,48.264538638539406,17.830463856032274,30.434074782507132
bls_cpi_2025-10-24,cpi,2025-10-24 13:30:00+00:00,2025,XAGUSD,metal,25.981328853924268,47.92730377586647,-21.945974921942202
bls_cpi_2025-10-24,cpi,2025-10-24 13:30:00+00:00,2025,SPXUSD,equity,26.136544301803543,8.2475262523616,17.889018049441944
bls_cpi_2025-10-24,cpi,2025-10-24 13:30:00+00:00,2025,NSXUSD,equity,35.53106666527844,9.865912295341792,25.665154369936644
bls_cpi_2025-10-24,cpi,2025-10-24 13:30:00+00:00,2025,GRXEUR,equity,7.487181636846133,11.080994698437388,-3.5938130615912556
bls_cpi_2025-10-24,cpi,2025-10-24 13:30:00+00:00,2025,UKXGBP,equity,1.7682801486162032,5.938180840247259,-4.169900691631057
bls_cpi_2025-10-24,cpi,2025-10-24 13:30:00+00:00,2025,BCOUSD,energy,40.77323679442748,32.58419789224275,8.189038902184734
bls_employment_2025-11-20,employment,2025-11-20 13:30:00+00:00,2025,EURUSD,fx,15.362652687954778,6.648169597957887,8.714483089996891
bls_employment_2025-11-20,employment,2025-11-20 13:30:00+00:00,2025,GBPUSD,fx,29.896988606238505,8.376301359498612,21.520687246739893
bls_employment_2025-11-20,employment,2025-11-20 13:30:00+00:00,2025,AUDUSD,fx,20.203117534005155,6.550974962877465,13.65214257112769
bls_employment_2025-11-20,employment,2025-11-20 13:30:00+00:00,2025,NZDUSD,fx,24.555609413415922,7.259836385320994,17.295773028094928
bls_employment_2025-11-20,employment,2025-11-20 13:30:00+00:00,2025,USDJPY,fx,3.8070341760419617,6.562011789248625,-2.754977613206663
bls_employment_2025-11-20,employment,2025-11-20 13:30:00+00:00,2025,USDCHF,fx,9.545120007709146,8.24090876262294,1.304211245086206
bls_employment_2025-11-20,employment,2025-11-20 13:30:00+00:00,2025,USDCAD,fx,13.161219703723276,1.4077753049546256,11.75344439876865
bls_employment_2025-11-20,employment,2025-11-20 13:30:00+00:00,2025,EURJPY,fx,11.399213201883597,1.1929785666603216,10.206234635223275
bls_employment_2025-11-20,employment,2025-11-20 13:30:00+00:00,2025,XAUUSD,metal,16.138594571966824,35.59899204517016,-19.460397473203333
bls_employment_2025-11-20,employment,2025-11-20 13:30:00+00:00,2025,XAGUSD,metal,18.80546696147794,31.20865030010048,-12.40318333862254
bls_employment_2025-11-20,employment,2025-11-20 13:30:00+00:00,2025,SPXUSD,equity,40.09365295865883,15.432318628914935,24.661334329743895
bls_employment_2025-11-20,employment,2025-11-20 13:30:00+00:00,2025,NSXUSD,equity,36.618798237913374,17.950298693832988,18.668499544080387
bls_employment_2025-11-20,employment,2025-11-20 13:30:00+00:00,2025,GRXEUR,equity,26.191899169003985,12.972849719877592,13.219049449126393
bls_employment_2025-11-20,employment,2025-11-20 13:30:00+00:00,2025,UKXGBP,equity,5.74819666553829,13.112604062235238,-7.364407396696948
bls_employment_2025-11-20,employment,2025-11-20 13:30:00+00:00,2025,BCOUSD,energy,10.93459658757119,27.715554710926142,-16.78095812335495
bls_employment_2025-12-16,employment,2025-12-16 13:30:00+00:00,2025,EURUSD,fx,2.717252874082019,3.0629489678459194,-0.3456960937639004
bls_employment_2025-12-16,employment,2025-12-16 13:30:00+00:00,2025,GBPUSD,fx,9.380793886100015,3.169858633405565,6.21093525269445
bls_employment_2025-12-16,employment,2025-12-16 13:30:00+00:00,2025,AUDUSD,fx,9.483881876311898,4.906269929200253,4.577611947111645
bls_employment_2025-12-16,employment,2025-12-16 13:30:00+00:00,2025,NZDUSD,fx,5.180005295833409,4.130387343798647,1.0496179520347617
bls_employment_2025-12-16,employment,2025-12-16 13:30:00+00:00,2025,USDJPY,fx,2.004273635317984,3.1832723707823254,-1.1789987354643414
bls_employment_2025-12-16,employment,2025-12-16 13:30:00+00:00,2025,USDCHF,fx,3.5245840097019414,4.481854322804756,-0.9572703131028142
bls_employment_2025-12-16,employment,2025-12-16 13:30:00+00:00,2025,USDCAD,fx,1.5270006464891108,1.8600014281017423,-0.33300078161263147
bls_employment_2025-12-16,employment,2025-12-16 13:30:00+00:00,2025,EURJPY,fx,4.611609258831643,2.5663732971275492,2.0452359617040936
bls_employment_2025-12-16,employment,2025-12-16 13:30:00+00:00,2025,XAUUSD,metal,26.86756633868077,15.902114263151422,10.965452075529349
bls_employment_2025-12-16,employment,2025-12-16 13:30:00+00:00,2025,XAGUSD,metal,47.51877720524336,18.431668073923454,29.087109131319906
bls_employment_2025-12-16,employment,2025-12-16 13:30:00+00:00,2025,SPXUSD,equity,14.964664912669292,6.951747914854017,8.012916997815275
bls_employment_2025-12-16,employment,2025-12-16 13:30:00+00:00,2025,NSXUSD,equity,24.849154492043613,9.406110539174641,15.443043952868972
bls_employment_2025-12-16,employment,2025-12-16 13:30:00+00:00,2025,GRXEUR,equity,4.968345188059537,11.705928994356494,-6.737583806296957
bls_employment_2025-12-16,employment,2025-12-16 13:30:00+00:00,2025,UKXGBP,equity,13.605010573806787,11.436098366236772,2.168912207570015
bls_employment_2025-12-16,employment,2025-12-16 13:30:00+00:00,2025,BCOUSD,energy,55.97735184712744,35.97545985737179,20.00189198975565
bls_cpi_2025-12-18,cpi,2025-12-18 13:30:00+00:00,2025,EURUSD,fx,12.521349682585823,4.865679505599702,7.6556701769861215
bls_cpi_2025-12-18,cpi,2025-12-18 13:30:00+00:00,2025,GBPUSD,fx,18.331947425506673,4.041830434694589,14.290116990812084
bls_cpi_2025-12-18,cpi,2025-12-18 13:30:00+00:00,2025,AUDUSD,fx,18.591158686406803,2.4179603177152287,16.173198368691576
bls_cpi_2025-12-18,cpi,2025-12-18 13:30:00+00:00,2025,NZDUSD,fx,24.42215141412011,3.6907279870915524,20.731423427028556
bls_cpi_2025-12-18,cpi,2025-12-18 13:30:00+00:00,2025,USDJPY,fx,11.9512710842949,6.891370612467935,5.059900471826965
bls_cpi_2025-12-18,cpi,2025-12-18 13:30:00+00:00,2025,USDCHF,fx,4.91180795890321,4.814614324505974,0.09719363439723594
bls_cpi_2025-12-18,cpi,2025-12-18 13:30:00+00:00,2025,USDCAD,fx,6.894474895990996,1.0576066971055273,5.836868198885469
bls_cpi_2025-12-18,cpi,2025-12-18 13:30:00+00:00,2025,EURJPY,fx,0.2736569600720997,4.383478307271043,-4.109821347198943
bls_cpi_2025-12-18,cpi,2025-12-18 13:30:00+00:00,2025,XAUUSD,metal,28.380450880099126,15.531704345702106,12.84874653439702
bls_cpi_2025-12-18,cpi,2025-12-18 13:30:00+00:00,2025,XAGUSD,metal,70.47031913813551,31.253964031931716,39.21635510620379
bls_cpi_2025-12-18,cpi,2025-12-18 13:30:00+00:00,2025,SPXUSD,equity,30.379234292503778,6.096387017934639,24.28284727456914
bls_cpi_2025-12-18,cpi,2025-12-18 13:30:00+00:00,2025,NSXUSD,equity,47.280101437176285,9.34808069974887,37.932020737427415
bls_cpi_2025-12-18,cpi,2025-12-18 13:30:00+00:00,2025,GRXEUR,equity,0.15728315895251413,7.469582052176252,-7.312298893223738
bls_cpi_2025-12-18,cpi,2025-12-18 13:30:00+00:00,2025,UKXGBP,equity,7.465598875903494,7.661037977489855,-0.19543910158636102
bls_cpi_2025-12-18,cpi,2025-12-18 13:30:00+00:00,2025,BCOUSD,energy,34.59892969024525,30.54114243267152,4.057787257573729
