asset,control_release_utc,weeks_before,immediate_bps,delayed_bps,event_id
EURUSD,2023-02-07 13:30:00+00:00,1,4.116227348707476,6.921774869705496,bls_cpi_2023-02-14
EURUSD,2023-01-31 13:30:00+00:00,2,22.127166425936505,3.9608520955352806,bls_cpi_2023-02-14
EURUSD,2023-01-24 13:30:00+00:00,3,1.5632974573085698,7.726909344903137,bls_cpi_2023-02-14
EURUSD,2023-01-17 13:30:00+00:00,4,7.008936680832913,3.411631853472616,bls_cpi_2023-02-14
GBPUSD,2023-02-07 13:30:00+00:00,1,6.769038177610866,12.281164995867984,bls_cpi_2023-02-14
GBPUSD,2023-01-31 13:30:00+00:00,2,11.781866228961837,5.845152343333491,bls_cpi_2023-02-14
GBPUSD,2023-01-24 13:30:00+00:00,3,0.6504699647774972,3.659444049310457,bls_cpi_2023-02-14
GBPUSD,2023-01-17 13:30:00+00:00,4,3.4316529464972545,7.839358880642063,bls_cpi_2023-02-14
AUDUSD,2023-02-07 13:30:00+00:00,1,10.85784296206139,5.213235944584917,bls_cpi_2023-02-14
AUDUSD,2023-01-31 13:30:00+00:00,2,38.789033703652535,6.118340270968562,bls_cpi_2023-02-14
AUDUSD,2023-01-24 13:30:00+00:00,3,5.977031301194538,19.36715594967617,bls_cpi_2023-02-14
AUDUSD,2023-01-17 13:30:00+00:00,4,3.8874931198610043,1.8712170882315986,bls_cpi_2023-02-14
NZDUSD,2023-02-07 13:30:00+00:00,1,12.08497793690897,11.2903622523666,bls_cpi_2023-02-14
NZDUSD,2023-01-31 13:30:00+00:00,2,41.31210447850101,9.294976734649499,bls_cpi_2023-02-14
NZDUSD,2023-01-24 13:30:00+00:00,3,8.472422772332319,19.111623831405986,bls_cpi_2023-02-14
NZDUSD,2023-01-17 13:30:00+00:00,4,6.569377553139413,6.096274427355496,bls_cpi_2023-02-14
USDJPY,2023-02-07 13:30:00+00:00,1,3.937246401339429,10.45636835006142,bls_cpi_2023-02-14
USDJPY,2023-01-31 13:30:00+00:00,2,25.41804820285414,17.623184044353902,bls_cpi_2023-02-14
USDJPY,2023-01-24 13:30:00+00:00,3,0.6142647636629996,16.49424801544174,bls_cpi_2023-02-14
USDJPY,2023-01-17 13:30:00+00:00,4,13.530328658252293,12.830932858226927,bls_cpi_2023-02-14
USDCHF,2023-02-07 13:30:00+00:00,1,1.1872574905605615,9.718068812891389,bls_cpi_2023-02-14
USDCHF,2023-01-31 13:30:00+00:00,2,20.985458510065058,0.7580310688077253,bls_cpi_2023-02-14
USDCHF,2023-01-24 13:30:00+00:00,3,1.6221389559805817,14.373796778198994,bls_cpi_2023-02-14
USDCHF,2023-01-17 13:30:00+00:00,4,5.965325368466357,11.941336894520772,bls_cpi_2023-02-14
USDCAD,2023-02-07 13:30:00+00:00,1,5.579796816978923,2.974619084780488,bls_cpi_2023-02-14
USDCAD,2023-01-31 13:30:00+00:00,2,11.611463902299134,16.39808957065703,bls_cpi_2023-02-14
USDCAD,2023-01-24 13:30:00+00:00,3,0.8225129270034023,5.157856688558067,bls_cpi_2023-02-14
USDCAD,2023-01-17 13:30:00+00:00,4,6.933856508398266,2.7599685389603796,bls_cpi_2023-02-14
EURJPY,2023-02-07 13:30:00+00:00,1,8.004052035740049,3.614547529901667,bls_cpi_2023-02-14
EURJPY,2023-01-31 13:30:00+00:00,2,3.3275632278545983,21.833605475029824,bls_cpi_2023-02-14
EURJPY,2023-01-24 13:30:00+00:00,3,2.5418702653290937,8.820925216559834,bls_cpi_2023-02-14
EURJPY,2023-01-17 13:30:00+00:00,4,6.525660058251898,9.607732812398485,bls_cpi_2023-02-14
XAUUSD,2023-02-07 13:30:00+00:00,1,3.696441815096089,15.00763379291011,bls_cpi_2023-02-14
XAUUSD,2023-01-31 13:30:00+00:00,2,22.69371014601517,32.69493403820301,bls_cpi_2023-02-14
XAUUSD,2023-01-24 13:30:00+00:00,3,0.2427658990474264,20.64632017304615,bls_cpi_2023-02-14
XAUUSD,2023-01-17 13:30:00+00:00,4,5.795503699591984,11.05292412121835,bls_cpi_2023-02-14
XAGUSD,2023-02-07 13:30:00+00:00,1,14.454786146786942,29.29711603559934,bls_cpi_2023-02-14
XAGUSD,2023-01-31 13:30:00+00:00,2,36.927346698750306,44.04822483278251,bls_cpi_2023-02-14
XAGUSD,2023-01-24 13:30:00+00:00,3,11.89970391163271,39.19902761107358,bls_cpi_2023-02-14
XAGUSD,2023-01-17 13:30:00+00:00,4,0.8319121505576292,17.454187201387292,bls_cpi_2023-02-14
SPXUSD,2023-02-07 13:30:00+00:00,1,4.3294239328326825,1.7415511370131955,bls_cpi_2023-02-14
SPXUSD,2023-01-31 13:30:00+00:00,2,31.57056731855784,17.104880897375697,bls_cpi_2023-02-14
SPXUSD,2023-01-24 13:30:00+00:00,3,2.465921378556484,15.620805148276622,bls_cpi_2023-02-14
SPXUSD,2023-01-17 13:30:00+00:00,4,3.615501596268339,8.786712530591961,bls_cpi_2023-02-14
NSXUSD,2023-02-07 13:30:00+00:00,1,5.813365018979522,2.4443538715256494,bls_cpi_2023-02-14
NSXUSD,2023-01-31 13:30:00+00:00,2,39.466451378205925,29.07143380269948,bls_cpi_2023-02-14
NSXUSD,2023-01-24 13:30:00+00:00,3,2.057736189222686,19.361748415490425,bls_cpi_2023-02-14
NSXUSD,2023-01-17 13:30:00+00:00,4,10.938571280441765,9.424891922336737,bls_cpi_2023-02-14
GRXEUR,2023-02-07 13:30:00+00:00,1,5.025671521189201,0.0,bls_cpi_2023-02-14
GRXEUR,2023-01-31 13:30:00+00:00,2,16.79978336070338,9.676583833223752,bls_cpi_2023-02-14
GRXEUR,2023-01-24 13:30:00+00:00,3,2.4632570323133307,12.01102935596044,bls_cpi_2023-02-14
GRXEUR,2023-01-17 13:30:00+00:00,4,4.861169197273194,2.1415110583826023,bls_cpi_2023-02-14
UKXGBP,2023-02-07 13:30:00+00:00,1,5.547350233640506,2.5954190173726186,bls_cpi_2023-02-14
UKXGBP,2023-01-31 13:30:00+00:00,2,8.243066587787759,3.651943739229056,bls_cpi_2023-02-14
UKXGBP,2023-01-24 13:30:00+00:00,3,2.5624497365789725,7.776439252313763,bls_cpi_2023-02-14
UKXGBP,2023-01-17 13:30:00+00:00,4,1.689573171457868,3.0365942974478686,bls_cpi_2023-02-14
BCOUSD,2023-02-07 13:30:00+00:00,1,7.951119385981441,28.106382761103312,bls_cpi_2023-02-14
BCOUSD,2023-01-31 13:30:00+00:00,2,11.905897205988284,25.615225867595495,bls_cpi_2023-02-14
BCOUSD,2023-01-24 13:30:00+00:00,3,2.2676508368419777,14.164388568653468,bls_cpi_2023-02-14
BCOUSD,2023-01-17 13:30:00+00:00,4,21.964421808046843,20.98465393443018,bls_cpi_2023-02-14
GBPUSD,2023-02-17 13:30:00+00:00,3,5.268858243250573,7.772768123481115,bls_employment_2023-03-10
GBPUSD,2023-02-10 13:30:00+00:00,4,4.296917028191583,10.738832647143099,bls_employment_2023-03-10
GBPUSD,2023-01-27 13:30:00+00:00,6,13.253919523483223,6.624763932117473,bls_employment_2023-03-10
GBPUSD,2023-01-20 13:30:00+00:00,7,14.009517424444178,3.645983179742002,bls_employment_2023-03-10
AUDUSD,2023-02-17 13:30:00+00:00,3,6.88175848760829,6.2919311719201,bls_employment_2023-03-10
AUDUSD,2023-02-10 13:30:00+00:00,4,3.3174432913285217,12.975032095376028,bls_employment_2023-03-10
AUDUSD,2023-01-27 13:30:00+00:00,6,25.584809277766873,16.580489409997366,bls_employment_2023-03-10
AUDUSD,2023-01-20 13:30:00+00:00,7,15.605811996060096,2.0247599282399054,bls_employment_2023-03-10
NZDUSD,2023-02-17 13:30:00+00:00,3,6.767317339296065,8.855043525576347,bls_employment_2023-03-10
NZDUSD,2023-02-10 13:30:00+00:00,4,6.005151968575881,12.164586758800626,bls_employment_2023-03-10
NZDUSD,2023-01-27 13:30:00+00:00,6,23.576375999920817,16.019720000212764,bls_employment_2023-03-10
NZDUSD,2023-01-20 13:30:00+00:00,7,14.960730879234745,5.303964057387784,bls_employment_2023-03-10
EURJPY,2023-02-17 13:30:00+00:00,3,1.1871715651437347,5.096857862625207,bls_employment_2023-03-10
EURJPY,2023-02-10 13:30:00+00:00,4,2.7193553864122344,6.296328303940928,bls_employment_2023-03-10
EURJPY,2023-01-27 13:30:00+00:00,6,10.850487740791259,1.3482683642163218,bls_employment_2023-03-10
EURJPY,2023-01-20 13:30:00+00:00,7,13.546053326504751,1.063049464692009,bls_employment_2023-03-10
EURUSD,2023-03-07 13:30:00+00:00,1,2.813018668863292,4.971601004793258,bls_cpi_2023-03-14
EURUSD,2023-02-21 13:30:00+00:00,3,7.9722756627019296,12.664820234133035,bls_cpi_2023-03-14
EURUSD,2023-02-07 13:30:00+00:00,5,4.116227348707476,6.921774869705496,bls_cpi_2023-03-14
EURUSD,2023-01-31 13:30:00+00:00,6,22.127166425936505,3.9608520955352806,bls_cpi_2023-03-14
GBPUSD,2023-02-28 13:30:00+00:00,2,1.3207749666299156,6.8496262204597915,bls_cpi_2023-03-14
GBPUSD,2023-02-07 13:30:00+00:00,5,6.769038177610866,12.281164995867984,bls_cpi_2023-03-14
GBPUSD,2023-01-31 13:30:00+00:00,6,11.781866228961837,5.845152343333491,bls_cpi_2023-03-14
GBPUSD,2023-01-24 13:30:00+00:00,7,0.6504699647774972,3.659444049310457,bls_cpi_2023-03-14
AUDUSD,2023-02-07 13:30:00+00:00,5,10.85784296206139,5.213235944584917,bls_cpi_2023-03-14
AUDUSD,2023-01-31 13:30:00+00:00,6,38.789033703652535,6.118340270968562,bls_cpi_2023-03-14
AUDUSD,2023-01-24 13:30:00+00:00,7,5.977031301194538,19.36715594967617,bls_cpi_2023-03-14
AUDUSD,2023-01-17 13:30:00+00:00,8,3.8874931198610043,1.8712170882315986,bls_cpi_2023-03-14
NZDUSD,2023-03-07 13:30:00+00:00,1,2.1002803143604356,0.6463288523452195,bls_cpi_2023-03-14
NZDUSD,2023-02-07 13:30:00+00:00,5,12.08497793690897,11.2903622523666,bls_cpi_2023-03-14
NZDUSD,2023-01-31 13:30:00+00:00,6,41.31210447850101,9.294976734649499,bls_cpi_2023-03-14
NZDUSD,2023-01-24 13:30:00+00:00,7,8.472422772332319,19.111623831405986,bls_cpi_2023-03-14
USDJPY,2023-03-07 13:30:00+00:00,1,3.3053845013965106,1.5423768057098703,bls_cpi_2023-03-14
USDJPY,2023-02-28 13:30:00+00:00,2,2.776458571884055,19.08544053536058,bls_cpi_2023-03-14
USDJPY,2023-02-21 13:30:00+00:00,3,4.96857571540872,3.48567723933316,bls_cpi_2023-03-14
USDJPY,2023-02-07 13:30:00+00:00,5,3.937246401339429,10.45636835006142,bls_cpi_2023-03-14
XAUUSD,2023-03-07 13:30:00+00:00,1,10.025800928615064,5.667992074854155,bls_cpi_2023-03-14
XAUUSD,2023-02-28 13:30:00+00:00,2,1.3436352763725992,29.81056034189036,bls_cpi_2023-03-14
XAUUSD,2023-02-07 13:30:00+00:00,5,3.696441815096089,15.00763379291011,bls_cpi_2023-03-14
XAUUSD,2023-01-31 13:30:00+00:00,6,22.69371014601517,32.69493403820301,bls_cpi_2023-03-14
XAGUSD,2023-03-07 13:30:00+00:00,1,41.52188275303222,1.935078134816375,bls_cpi_2023-03-14
XAGUSD,2023-02-28 13:30:00+00:00,2,24.814512185765935,80.54386094650044,bls_cpi_2023-03-14
XAGUSD,2023-02-07 13:30:00+00:00,5,14.454786146786942,29.29711603559934,bls_cpi_2023-03-14
XAGUSD,2023-01-31 13:30:00+00:00,6,36.927346698750306,44.04822483278251,bls_cpi_2023-03-14
GRXEUR,2023-03-07 13:30:00+00:00,1,2.203734573497834,2.226934362658385,bls_cpi_2023-03-14
GRXEUR,2023-02-28 13:30:00+00:00,2,23.768985226621883,21.162093247098184,bls_cpi_2023-03-14
GRXEUR,2023-02-07 13:30:00+00:00,5,5.025671521189201,0.0,bls_cpi_2023-03-14
GRXEUR,2023-01-31 13:30:00+00:00,6,16.79978336070338,9.676583833223752,bls_cpi_2023-03-14
UKXGBP,2023-02-07 13:30:00+00:00,5,5.547350233640506,2.5954190173726186,bls_cpi_2023-03-14
UKXGBP,2023-01-31 13:30:00+00:00,6,8.243066587787759,3.651943739229056,bls_cpi_2023-03-14
UKXGBP,2023-01-24 13:30:00+00:00,7,2.5624497365789725,7.776439252313763,bls_cpi_2023-03-14
UKXGBP,2023-01-17 13:30:00+00:00,8,1.689573171457868,3.0365942974478686,bls_cpi_2023-03-14
EURUSD,2023-03-22 13:30:00+00:00,3,3.801875947001217,0.7419980154947601,bls_cpi_2023-04-12
EURUSD,2023-03-15 13:30:00+00:00,4,6.069112199340788,2.9401862013566493,bls_cpi_2023-04-12
EURUSD,2023-03-08 13:30:00+00:00,5,5.311984340724658,4.458462852803407,bls_cpi_2023-04-12
EURUSD,2023-03-01 13:30:00+00:00,6,2.154193426802941,4.309779518429029,bls_cpi_2023-04-12
GBPUSD,2023-03-22 13:30:00+00:00,3,4.487726144518643,14.047354955669618,bls_cpi_2023-04-12
GBPUSD,2023-03-01 13:30:00+00:00,6,15.697873213673946,18.387022781061454,bls_cpi_2023-04-12
GBPUSD,2023-02-15 13:30:00+00:00,8,14.292720625588837,8.735259805466939,bls_cpi_2023-04-12
GBPUSD,2023-02-08 13:30:00+00:00,9,2.3176122076359835,2.5659596622947554,bls_cpi_2023-04-12
AUDUSD,2023-04-05 13:30:00+00:00,1,0.14903018606665028,0.5961429552576563,bls_cpi_2023-04-12
AUDUSD,2023-03-29 13:30:00+00:00,2,0.5993317452820042,1.6479771118293571,bls_cpi_2023-04-12
AUDUSD,2023-03-22 13:30:00+00:00,3,11.527551372715553,0.5991611745365727,bls_cpi_2023-04-12
AUDUSD,2023-03-15 13:30:00+00:00,4,1.3552686087831567,26.38901939297157,bls_cpi_2023-04-12
USDJPY,2023-03-29 13:30:00+00:00,2,2.64381405707387,8.908283026967299,bls_cpi_2023-04-12
USDJPY,2023-03-08 13:30:00+00:00,5,1.3129198627171836,3.2826229181131414,bls_cpi_2023-04-12
USDJPY,2023-03-01 13:30:00+00:00,6,2.357795472165944,0.5893620157883044,bls_cpi_2023-04-12
USDJPY,2023-02-22 13:30:00+00:00,7,1.560462345866951,2.4526471989965297,bls_cpi_2023-04-12
XAUUSD,2023-04-05 13:30:00+00:00,1,18.234465718941827,2.412343332462601,bls_cpi_2023-04-12
XAUUSD,2023-03-08 13:30:00+00:00,5,3.6950227912485727,3.6398832330267887,bls_cpi_2023-04-12
XAUUSD,2023-03-01 13:30:00+00:00,6,7.039755853866378,8.656076670400694,bls_cpi_2023-04-12
XAUUSD,2023-02-15 13:30:00+00:00,8,13.462913619740974,12.046618047382422,bls_cpi_2023-04-12
XAGUSD,2023-03-29 13:30:00+00:00,2,6.892689714149639,2.1534552272206535,bls_cpi_2023-04-12
XAGUSD,2023-03-01 13:30:00+00:00,6,21.002394354981796,29.5815855775339,bls_cpi_2023-04-12
XAGUSD,2023-02-22 13:30:00+00:00,7,6.873639862794624,19.691806789088016,bls_cpi_2023-04-12
XAGUSD,2023-02-15 13:30:00+00:00,8,43.718966430496785,38.61278087217984,bls_cpi_2023-04-12
NSXUSD,2023-03-29 13:30:00+00:00,2,2.8857319548724196,13.281614016327564,bls_cpi_2023-04-12
NSXUSD,2023-02-15 13:30:00+00:00,8,1.2289748553654776,4.8272468938741,bls_cpi_2023-04-12
NSXUSD,2023-02-08 13:30:00+00:00,9,6.671709338244901,10.932575736254034,bls_cpi_2023-04-12
NSXUSD,2023-02-01 13:30:00+00:00,10,1.9686571646302091,4.584006086146031,bls_cpi_2023-04-12
BCOUSD,2023-04-05 13:30:00+00:00,1,22.41412791921102,0.5905244449309713,bls_cpi_2023-04-12
BCOUSD,2023-03-29 13:30:00+00:00,2,6.978765803061649,19.021538109941243,bls_cpi_2023-04-12
BCOUSD,2023-03-22 13:30:00+00:00,3,2.65276618748356,13.938579592574053,bls_cpi_2023-04-12
BCOUSD,2023-03-15 13:30:00+00:00,4,27.630625854625567,8.599839283039666,bls_cpi_2023-04-12
AUDUSD,2023-04-28 13:30:00+00:00,1,4.558023719861751,8.506631127724969,bls_employment_2023-05-05
AUDUSD,2023-04-21 13:30:00+00:00,2,6.416426270830401,2.5362346003751406,bls_employment_2023-05-05
AUDUSD,2023-04-14 13:30:00+00:00,3,21.836647015191087,8.42279524035475,bls_employment_2023-05-05
AUDUSD,2023-03-31 13:30:00+00:00,5,16.741408992373543,4.479550925275491,bls_employment_2023-05-05
USDCHF,2023-04-14 13:30:00+00:00,3,31.678656896979618,0.2243133208566894,bls_employment_2023-05-05
USDCHF,2023-03-31 13:30:00+00:00,5,19.65387977739153,4.591468694696537,bls_employment_2023-05-05
USDCHF,2023-03-03 13:30:00+00:00,9,0.2132423499391563,1.9193448695131134,bls_employment_2023-05-05
USDCHF,2023-02-17 13:30:00+00:00,11,8.707384088896184,2.1506763960143176,bls_employment_2023-05-05
EURJPY,2023-04-21 13:30:00+00:00,2,11.43619680536012,1.4983416110682817,bls_employment_2023-05-05
EURJPY,2023-03-24 13:30:00+00:00,6,18.64505999716394,23.595760861203566,bls_employment_2023-05-05
EURJPY,2023-03-17 13:30:00+00:00,7,14.29094758982281,4.623685444139761,bls_employment_2023-05-05
EURJPY,2023-02-17 13:30:00+00:00,11,1.1871715651437347,5.096857862625207,bls_employment_2023-05-05
XAGUSD,2023-04-28 13:30:00+00:00,1,9.666895665596096,32.990052450164065,bls_employment_2023-05-05
XAGUSD,2023-03-03 13:30:00+00:00,9,27.475147553785742,11.866057352636192,bls_employment_2023-05-05
XAGUSD,2023-02-17 13:30:00+00:00,11,11.719209122815583,3.2827631781197586,bls_employment_2023-05-05
XAGUSD,2023-02-10 13:30:00+00:00,12,9.032608327973952,4.519365558008972,bls_employment_2023-05-05
NSXUSD,2023-04-28 13:30:00+00:00,1,4.961128782156176,5.20234941601306,bls_employment_2023-05-05
NSXUSD,2023-04-21 13:30:00+00:00,2,8.987085839130975,4.081669241779091,bls_employment_2023-05-05
NSXUSD,2023-03-31 13:30:00+00:00,5,29.601262831740904,14.080507227983077,bls_employment_2023-05-05
NSXUSD,2023-03-17 13:30:00+00:00,7,14.619689117467495,37.81774453375796,bls_employment_2023-05-05
GRXEUR,2023-04-21 13:30:00+00:00,2,2.306002420334369,6.755124052503972,bls_employment_2023-05-05
GRXEUR,2023-04-14 13:30:00+00:00,3,4.879796349376181,4.4942549578457704,bls_employment_2023-05-05
GRXEUR,2023-03-31 13:30:00+00:00,5,9.315001960458405,2.4150276138773465,bls_employment_2023-05-05
GRXEUR,2023-03-17 13:30:00+00:00,7,22.361632354681312,12.27931465778372,bls_employment_2023-05-05
EURUSD,2023-05-03 13:30:00+00:00,1,2.3557126139579325,0.09059324989546068,bls_cpi_2023-05-10
EURUSD,2023-04-26 13:30:00+00:00,2,3.801730738429261,3.6193527182832606,bls_cpi_2023-05-10
EURUSD,2023-03-22 13:30:00+00:00,7,3.801875947001217,0.7419980154947601,bls_cpi_2023-05-10
EURUSD,2023-03-15 13:30:00+00:00,8,6.069112199340788,2.9401862013566493,bls_cpi_2023-05-10
AUDUSD,2023-04-26 13:30:00+00:00,2,0.6055376419190635,3.4823422888728754,bls_cpi_2023-05-10
AUDUSD,2023-04-05 13:30:00+00:00,5,0.14903018606665028,0.5961429552576563,bls_cpi_2023-05-10
AUDUSD,2023-03-29 13:30:00+00:00,6,0.5993317452820042,1.6479771118293571,bls_cpi_2023-05-10
AUDUSD,2023-03-22 13:30:00+00:00,7,11.527551372715553,0.5991611745365727,bls_cpi_2023-05-10
USDJPY,2023-05-03 13:30:00+00:00,1,6.6380005830158195,10.556116329788354,bls_cpi_2023-05-10
USDJPY,2023-03-29 13:30:00+00:00,6,2.64381405707387,8.908283026967299,bls_cpi_2023-05-10
USDJPY,2023-03-08 13:30:00+00:00,9,1.3129198627171836,3.2826229181131414,bls_cpi_2023-05-10
USDJPY,2023-03-01 13:30:00+00:00,10,2.357795472165944,0.5893620157883044,bls_cpi_2023-05-10
USDCAD,2023-05-03 13:30:00+00:00,1,4.767825338519139,0.4400117337166882,bls_cpi_2023-05-10
USDCAD,2023-04-05 13:30:00+00:00,5,1.9335455335858285,2.3796952615076195,bls_cpi_2023-05-10
USDCAD,2023-03-29 13:30:00+00:00,6,4.342338233337632,2.134605271749138,bls_cpi_2023-05-10
USDCAD,2023-03-22 13:30:00+00:00,7,5.325687814419605,1.750598125495527,bls_cpi_2023-05-10
XAUUSD,2023-05-03 13:30:00+00:00,1,6.295397437791463,8.282071825912624,bls_cpi_2023-05-10
XAUUSD,2023-04-05 13:30:00+00:00,5,18.234465718941827,2.412343332462601,bls_cpi_2023-05-10
XAUUSD,2023-03-08 13:30:00+00:00,9,3.6950227912485727,3.6398832330267887,bls_cpi_2023-05-10
XAUUSD,2023-03-01 13:30:00+00:00,10,7.039755853866378,8.656076670400694,bls_cpi_2023-05-10
XAGUSD,2023-04-26 13:30:00+00:00,2,16.404925155541996,40.05934131682936,bls_cpi_2023-05-10
XAGUSD,2023-03-29 13:30:00+00:00,6,6.892689714149639,2.1534552272206535,bls_cpi_2023-05-10
XAGUSD,2023-03-01 13:30:00+00:00,10,21.002394354981796,29.5815855775339,bls_cpi_2023-05-10
XAGUSD,2023-02-22 13:30:00+00:00,11,6.873639862794624,19.691806789088016,bls_cpi_2023-05-10
SPXUSD,2023-04-05 13:30:00+00:00,5,19.029957029654764,5.830092215812051,bls_cpi_2023-05-10
SPXUSD,2023-03-29 13:30:00+00:00,6,1.2217939573377499,8.292274149164571,bls_cpi_2023-05-10
SPXUSD,2023-03-22 13:30:00+00:00,7,14.398425786398054,8.753033484757895,bls_cpi_2023-05-10
SPXUSD,2023-03-08 13:30:00+00:00,9,3.13102070698582,3.8656615425392267,bls_cpi_2023-05-10
AUDUSD,2023-05-26 13:30:00+00:00,1,24.18491918156651,5.056115325852368,bls_employment_2023-06-02
AUDUSD,2023-05-12 13:30:00+00:00,3,4.643325303423692,2.39682421939838,bls_employment_2023-06-02
AUDUSD,2023-04-28 13:30:00+00:00,5,4.558023719861751,8.506631127724969,bls_employment_2023-06-02
AUDUSD,2023-04-21 13:30:00+00:00,6,6.416426270830401,2.5362346003751406,bls_employment_2023-06-02
USDCAD,2023-05-12 13:30:00+00:00,3,8.296358226659496,6.147533588415448,bls_employment_2023-06-02
USDCAD,2023-04-28 13:30:00+00:00,5,2.71097028751739,8.941659933200338,bls_employment_2023-06-02
USDCAD,2023-04-21 13:30:00+00:00,6,0.5175198969072508,2.365586639552595,bls_employment_2023-06-02
USDCAD,2023-04-14 13:30:00+00:00,7,8.56112999120268,13.202807514051923,bls_employment_2023-06-02
UKXGBP,2023-05-26 13:30:00+00:00,1,7.941349594206433,1.9135717533541041,bls_employment_2023-06-02
UKXGBP,2023-05-19 13:30:00+00:00,2,3.46924381233003,0.295903854426134,bls_employment_2023-06-02
UKXGBP,2023-04-28 13:30:00+00:00,5,2.9224797141655254,10.290852121900434,bls_employment_2023-06-02
UKXGBP,2023-03-31 13:30:00+00:00,9,2.549700208297088,13.227581779350393,bls_employment_2023-06-02
BCOUSD,2023-05-26 13:30:00+00:00,1,20.851531671055028,41.65967516012564,bls_employment_2023-06-02
BCOUSD,2023-05-12 13:30:00+00:00,3,23.25721523293156,35.19703994199198,bls_employment_2023-06-02
BCOUSD,2023-04-28 13:30:00+00:00,5,20.299938458853656,9.510465398147751,bls_employment_2023-06-02
BCOUSD,2023-04-14 13:30:00+00:00,7,17.367547900143116,41.732900837016324,bls_employment_2023-06-02
EURUSD,2023-06-06 13:30:00+00:00,1,4.4967399393714755,1.4056460137922748,bls_cpi_2023-06-13
EURUSD,2023-05-30 13:30:00+00:00,2,0.9313675276124865,14.166156444618428,bls_cpi_2023-06-13
EURUSD,2023-05-23 13:30:00+00:00,3,9.931916144530714,3.9012066369454734,bls_cpi_2023-06-13
EURUSD,2023-05-09 13:30:00+00:00,5,1.368219902435927,12.68601377588054,bls_cpi_2023-06-13
AUDUSD,2023-06-06 13:30:00+00:00,1,11.72685584068634,5.714801490992969,bls_cpi_2023-06-13
AUDUSD,2023-05-30 13:30:00+00:00,2,2.7498968961970753,15.444018513740248,bls_cpi_2023-06-13
AUDUSD,2023-05-09 13:30:00+00:00,5,3.108371164541086,4.738424266468258,bls_cpi_2023-06-13
AUDUSD,2023-04-18 13:30:00+00:00,8,1.483569470861697,16.77964859463134,bls_cpi_2023-06-13
NZDUSD,2023-06-06 13:30:00+00:00,1,9.562594499819548,0.8247218630193291,bls_cpi_2023-06-13
NZDUSD,2023-05-09 13:30:00+00:00,5,0.7904700929751884,5.376854353533532,bls_cpi_2023-06-13
NZDUSD,2023-05-02 13:30:00+00:00,6,3.3846129373564917,8.708554285373943,bls_cpi_2023-06-13
NZDUSD,2023-04-18 13:30:00+00:00,8,3.0549325338679956,13.678241662713436,bls_cpi_2023-06-13
USDJPY,2023-06-06 13:30:00+00:00,1,6.298220960833964,0.7154559961861938,bls_cpi_2023-06-13
USDJPY,2023-05-23 13:30:00+00:00,3,9.232478782764824,11.024525278682518,bls_cpi_2023-06-13
USDJPY,2023-05-09 13:30:00+00:00,5,5.403385019013465,3.8472067534286345,bls_cpi_2023-06-13
USDJPY,2023-05-02 13:30:00+00:00,6,6.474822987025101,4.726155723911339,bls_cpi_2023-06-13
XAGUSD,2023-06-06 13:30:00+00:00,1,39.35263726596746,24.19612769139062,bls_cpi_2023-06-13
XAGUSD,2023-05-30 13:30:00+00:00,2,34.02902209011091,6.042557048632991,bls_cpi_2023-06-13
XAGUSD,2023-05-23 13:30:00+00:00,3,17.698737649758577,14.65328021535697,bls_cpi_2023-06-13
XAGUSD,2023-05-16 13:30:00+00:00,4,25.224935598615357,53.18381848506428,bls_cpi_2023-06-13
SPXUSD,2023-05-30 13:30:00+00:00,2,1.7378559086914167,1.189482282194597,bls_cpi_2023-06-13
SPXUSD,2023-05-23 13:30:00+00:00,3,1.7163134680698922,7.087074229351648,bls_cpi_2023-06-13
SPXUSD,2023-05-09 13:30:00+00:00,5,2.400997662436839,3.0251075666142215,bls_cpi_2023-06-13
SPXUSD,2023-04-11 13:30:00+00:00,9,1.90945324663675,5.342521169332318,bls_cpi_2023-06-13
GRXEUR,2023-05-30 13:30:00+00:00,2,0.34646641219369917,4.5282646500149495,bls_cpi_2023-06-13
GRXEUR,2023-05-23 13:30:00+00:00,3,2.1799670750681535,4.222683261217275,bls_cpi_2023-06-13
GRXEUR,2023-05-09 13:30:00+00:00,5,2.6236761614695454,4.343348497265349,bls_cpi_2023-06-13
GRXEUR,2023-05-02 13:30:00+00:00,6,4.657201258435749,11.531688393709446,bls_cpi_2023-06-13
EURUSD,2023-06-23 13:30:00+00:00,2,0.5507972792026605,5.968587045379064,bls_employment_2023-07-07
EURUSD,2023-06-09 13:30:00+00:00,4,3.0620908752332494,7.8915244485202765,bls_employment_2023-07-07
EURUSD,2023-05-26 13:30:00+00:00,6,17.867118097658537,5.028354437316978,bls_employment_2023-07-07
EURUSD,2023-05-19 13:30:00+00:00,7,6.8403249048262325,14.88831727272308,bls_employment_2023-07-07
NZDUSD,2023-06-23 13:30:00+00:00,2,7.183087403783835,8.162199676105171,bls_employment_2023-07-07
NZDUSD,2023-06-09 13:30:00+00:00,4,4.74053740416131,13.22891936285405,bls_employment_2023-07-07
NZDUSD,2023-05-26 13:30:00+00:00,6,30.931252038435396,6.259781112076208,bls_employment_2023-07-07
NZDUSD,2023-05-19 13:30:00+00:00,7,8.43069778164797,12.569111873120164,bls_employment_2023-07-07
USDCHF,2023-06-30 13:30:00+00:00,1,7.894371501023544,13.802317418233804,bls_employment_2023-07-07
USDCHF,2023-06-16 13:30:00+00:00,3,4.040132032600295,16.256246818215008,bls_employment_2023-07-07
USDCHF,2023-06-09 13:30:00+00:00,4,3.885456784321645,4.66236701273431,bls_employment_2023-07-07
USDCHF,2023-05-26 13:30:00+00:00,6,19.26505539428362,5.642810269168821,bls_employment_2023-07-07
EURJPY,2023-06-23 13:30:00+00:00,2,2.8241153967211514,15.032573400429579,bls_employment_2023-07-07
EURJPY,2023-06-16 13:30:00+00:00,3,8.342090856419695,9.764078668500936,bls_employment_2023-07-07
EURJPY,2023-06-09 13:30:00+00:00,4,17.52545136789521,2.5340935749613145,bls_employment_2023-07-07
EURJPY,2023-05-19 13:30:00+00:00,7,1.9386387474290345,7.48362990960187,bls_employment_2023-07-07
XAUUSD,2023-06-30 13:30:00+00:00,1,12.83724128485351,6.438610948213859,bls_employment_2023-07-07
XAUUSD,2023-06-23 13:30:00+00:00,2,1.3884111372859924,29.02405476746911,bls_employment_2023-07-07
XAUUSD,2023-06-16 13:30:00+00:00,3,2.594284449861302,15.88558641026556,bls_employment_2023-07-07
XAUUSD,2023-05-12 13:30:00+00:00,8,3.8830814630698103,24.607547095176326,bls_employment_2023-07-07
XAGUSD,2023-06-23 13:30:00+00:00,2,25.924119466721066,21.849160365304865,bls_employment_2023-07-07
XAGUSD,2023-06-16 13:30:00+00:00,3,7.863425133587766,28.60876383751911,bls_employment_2023-07-07
XAGUSD,2023-06-09 13:30:00+00:00,4,14.812379271804286,27.172810988466377,bls_employment_2023-07-07
XAGUSD,2023-05-26 13:30:00+00:00,6,50.58704607181347,21.217180879382145,bls_employment_2023-07-07
SPXUSD,2023-06-30 13:30:00+00:00,1,18.79585804518499,5.259498267478224,bls_employment_2023-07-07
SPXUSD,2023-06-23 13:30:00+00:00,2,4.350292003039648,18.09869138942554,bls_employment_2023-07-07
SPXUSD,2023-06-16 13:30:00+00:00,3,2.604393638036334,2.3106904930663443,bls_employment_2023-07-07
SPXUSD,2023-06-09 13:30:00+00:00,4,0.5821659742861066,8.759180036965502,bls_employment_2023-07-07
NSXUSD,2023-06-23 13:30:00+00:00,2,8.784653541650448,34.94017193832282,bls_employment_2023-07-07
NSXUSD,2023-05-26 13:30:00+00:00,6,14.779018119883599,13.88502522231201,bls_employment_2023-07-07
NSXUSD,2023-05-19 13:30:00+00:00,7,7.93782450247843,5.43511068813159,bls_employment_2023-07-07
NSXUSD,2023-04-28 13:30:00+00:00,10,4.961128782156176,5.20234941601306,bls_employment_2023-07-07
UKXGBP,2023-06-30 13:30:00+00:00,1,8.620805773396954,1.1518425778337011,bls_employment_2023-07-07
UKXGBP,2023-06-23 13:30:00+00:00,2,8.31080361121025,14.947874395258353,bls_employment_2023-07-07
UKXGBP,2023-06-09 13:30:00+00:00,4,5.973421629510059,14.159895883514842,bls_employment_2023-07-07
UKXGBP,2023-05-26 13:30:00+00:00,6,7.941349594206433,1.9135717533541041,bls_employment_2023-07-07
BCOUSD,2023-06-16 13:30:00+00:00,3,9.225336061118346,39.441040834417095,bls_employment_2023-07-07
BCOUSD,2023-05-26 13:30:00+00:00,6,20.851531671055028,41.65967516012564,bls_employment_2023-07-07
BCOUSD,2023-05-12 13:30:00+00:00,8,23.25721523293156,35.19703994199198,bls_employment_2023-07-07
BCOUSD,2023-04-28 13:30:00+00:00,10,20.299938458853656,9.510465398147751,bls_employment_2023-07-07
EURUSD,2023-07-05 13:30:00+00:00,1,5.694028770930368,2.2950624128216375,bls_cpi_2023-07-12
EURUSD,2023-06-28 13:30:00+00:00,2,3.6590497856056245,2.01304821930414,bls_cpi_2023-07-12
EURUSD,2023-06-21 13:30:00+00:00,3,0.09163257171469226,10.898385095635364,bls_cpi_2023-07-12
EURUSD,2023-06-14 13:30:00+00:00,4,5.268338792845421,8.220456467318536,bls_cpi_2023-07-12
GBPUSD,2023-07-05 13:30:00+00:00,1,5.510292578517064,6.136465745750696,bls_cpi_2023-07-12
GBPUSD,2023-06-28 13:30:00+00:00,2,10.44006548684286,2.2945851846736027,bls_cpi_2023-07-12
GBPUSD,2023-06-14 13:30:00+00:00,4,4.10800909539281,10.657152549402534,bls_cpi_2023-07-12
GBPUSD,2023-06-07 13:30:00+00:00,5,1.5245553744023195,1.7652533986855636,bls_cpi_2023-07-12
AUDUSD,2023-07-05 13:30:00+00:00,1,0.6005374812253997,6.904004596740814,bls_cpi_2023-07-12
AUDUSD,2023-06-14 13:30:00+00:00,4,4.417091270027259,16.91413174145622,bls_cpi_2023-07-12
AUDUSD,2023-06-07 13:30:00+00:00,5,1.0457828814865437,9.715050871346733,bls_cpi_2023-07-12
AUDUSD,2023-05-31 13:30:00+00:00,6,0.6176366136938253,6.178465156925713,bls_cpi_2023-07-12
NZDUSD,2023-06-21 13:30:00+00:00,3,2.596180384212876,12.812093772597496,bls_cpi_2023-07-12
NZDUSD,2023-06-07 13:30:00+00:00,5,2.7996212460011227,11.532886476666414,bls_cpi_2023-07-12
NZDUSD,2023-05-31 13:30:00+00:00,6,2.6651564271416395,7.666283727967683,bls_cpi_2023-07-12
NZDUSD,2023-05-24 13:30:00+00:00,7,12.234612424714014,0.3264506651734424,bls_cpi_2023-07-12
USDJPY,2023-07-05 13:30:00+00:00,1,2.906011312380664,7.337976432385532,bls_cpi_2023-07-12
USDJPY,2023-05-31 13:30:00+00:00,6,6.729041795004939,4.292766754053381,bls_cpi_2023-07-12
USDJPY,2023-05-24 13:30:00+00:00,7,7.793051590421221,3.6779421246886037,bls_cpi_2023-07-12
USDJPY,2023-05-03 13:30:00+00:00,10,6.6380005830158195,10.556116329788354,bls_cpi_2023-07-12
USDCHF,2023-06-21 13:30:00+00:00,3,1.3353511993495866,8.127230564859675,bls_cpi_2023-07-12
USDCHF,2023-06-14 13:30:00+00:00,4,7.3269022694071095,17.67324964131672,bls_cpi_2023-07-12
USDCHF,2023-05-24 13:30:00+00:00,7,3.1019431706864733,0.6647831147547599,bls_cpi_2023-07-12
USDCHF,2023-05-17 13:30:00+00:00,8,6.332031960595672,1.1104695076480147,bls_cpi_2023-07-12
XAUUSD,2023-06-28 13:30:00+00:00,2,0.4719850643827567,0.20976838948422685,bls_cpi_2023-07-12
XAUUSD,2023-06-21 13:30:00+00:00,3,1.7114140989682955,7.101831223077475,bls_cpi_2023-07-12
XAUUSD,2023-06-14 13:30:00+00:00,4,16.824960303618234,30.193336909881463,bls_cpi_2023-07-12
XAUUSD,2023-06-07 13:30:00+00:00,5,4.733113989699939,2.5526418705507927,bls_cpi_2023-07-12
XAGUSD,2023-06-28 13:30:00+00:00,2,10.575949516155225,27.373085524546234,bls_cpi_2023-07-12
XAGUSD,2023-06-07 13:30:00+00:00,5,7.222210735151032,26.719272846352638,bls_cpi_2023-07-12
XAGUSD,2023-05-31 13:30:00+00:00,6,10.739063297174242,13.743935505399318,bls_cpi_2023-07-12
XAGUSD,2023-05-24 13:30:00+00:00,7,5.538868082213051,12.793724291860324,bls_cpi_2023-07-12
NSXUSD,2023-06-28 13:30:00+00:00,2,4.299925509576174,4.886690714745157,bls_cpi_2023-07-12
NSXUSD,2023-06-14 13:30:00+00:00,4,5.180134080934377,8.536655560571967,bls_cpi_2023-07-12
NSXUSD,2023-06-07 13:30:00+00:00,5,3.5060722648456277,2.443313257472971,bls_cpi_2023-07-12
NSXUSD,2023-05-31 13:30:00+00:00,6,0.6579458973467296,3.8715584045060036,bls_cpi_2023-07-12
UKXGBP,2023-06-07 13:30:00+00:00,5,0.6393769745241032,0.00786144671730485,bls_cpi_2023-07-12
UKXGBP,2023-05-17 13:30:00+00:00,8,1.2759566140390894,1.275793828283807,bls_cpi_2023-07-12
UKXGBP,2023-04-26 13:30:00+00:00,11,0.7505210718672275,9.89472033038903,bls_cpi_2023-07-12
UKXGBP,2023-04-19 13:30:00+00:00,12,3.8009917751851194,3.130568032277309,bls_cpi_2023-07-12
BCOUSD,2023-07-05 13:30:00+00:00,1,21.637791946373707,10.50792788424219,bls_cpi_2023-07-12
BCOUSD,2023-06-28 13:30:00+00:00,2,18.70570930839458,2.7682427371980562,bls_cpi_2023-07-12
BCOUSD,2023-06-14 13:30:00+00:00,4,14.00644525359005,10.658425161005285,bls_cpi_2023-07-12
BCOUSD,2023-06-07 13:30:00+00:00,5,16.22839545779295,7.1321592068313295,bls_cpi_2023-07-12
EURUSD,2023-07-28 13:30:00+00:00,1,0.4539697384559902,4.540625049635607,bls_employment_2023-08-04
EURUSD,2023-06-23 13:30:00+00:00,6,0.5507972792026605,5.968587045379064,bls_employment_2023-08-04
EURUSD,2023-06-09 13:30:00+00:00,8,3.0620908752332494,7.8915244485202765,bls_employment_2023-08-04
EURUSD,2023-05-26 13:30:00+00:00,10,17.867118097658537,5.028354437316978,bls_employment_2023-08-04
GBPUSD,2023-07-28 13:30:00+00:00,1,2.7972680198235205,1.7870531928968636,bls_employment_2023-08-04
GBPUSD,2023-07-21 13:30:00+00:00,2,2.7293960016131016,6.393413442787955,bls_employment_2023-08-04
GBPUSD,2023-06-16 13:30:00+00:00,7,0.8565877443101761,20.890503980544278,bls_employment_2023-08-04
GBPUSD,2023-05-19 13:30:00+00:00,11,14.610027323449593,14.529694101243376,bls_employment_2023-08-04
AUDUSD,2023-07-21 13:30:00+00:00,2,2.9685923153343494,4.008998026922691,bls_employment_2023-08-04
AUDUSD,2023-06-30 13:30:00+00:00,5,14.920314738073778,5.269536929650676,bls_employment_2023-08-04
AUDUSD,2023-06-09 13:30:00+00:00,8,1.4849132837916126,0.2969650175434014,bls_employment_2023-08-04
AUDUSD,2023-05-26 13:30:00+00:00,10,24.18491918156651,5.056115325852368,bls_employment_2023-08-04
NZDUSD,2023-07-21 13:30:00+00:00,2,0.8082310251956696,0.3233002489694669,bls_employment_2023-08-04
NZDUSD,2023-06-23 13:30:00+00:00,6,7.183087403783835,8.162199676105171,bls_employment_2023-08-04
NZDUSD,2023-06-09 13:30:00+00:00,8,4.74053740416131,13.22891936285405,bls_employment_2023-08-04
NZDUSD,2023-05-26 13:30:00+00:00,10,30.931252038435396,6.259781112076208,bls_employment_2023-08-04
USDCHF,2023-07-28 13:30:00+00:00,1,0.11522927745462609,4.953603271600109,bls_employment_2023-08-04
USDCHF,2023-07-21 13:30:00+00:00,2,1.3870747771133607,1.5028814890628885,bls_employment_2023-08-04
USDCHF,2023-07-14 13:30:00+00:00,3,8.944596376127956,4.994047895671796,bls_employment_2023-08-04
USDCHF,2023-06-30 13:30:00+00:00,5,7.894371501023544,13.802317418233804,bls_employment_2023-08-04
USDCAD,2023-07-28 13:30:00+00:00,1,3.7834075332503256,3.1781585109209294,bls_employment_2023-08-04
USDCAD,2023-06-30 13:30:00+00:00,5,0.9046703613560828,2.562788327711418,bls_employment_2023-08-04
USDCAD,2023-06-23 13:30:00+00:00,6,3.9353393981289524,0.226991567272578,bls_employment_2023-08-04
USDCAD,2023-06-09 13:30:00+00:00,8,23.390946677320596,0.07488308877762978,bls_employment_2023-08-04
EURJPY,2023-07-28 13:30:00+00:00,1,20.475493446351187,4.414609833177598,bls_employment_2023-08-04
EURJPY,2023-06-23 13:30:00+00:00,6,2.8241153967211514,15.032573400429579,bls_employment_2023-08-04
EURJPY,2023-06-16 13:30:00+00:00,7,8.342090856419695,9.764078668500936,bls_employment_2023-08-04
EURJPY,2023-06-09 13:30:00+00:00,8,17.52545136789521,2.5340935749613145,bls_employment_2023-08-04
XAUUSD,2023-07-21 13:30:00+00:00,2,8.09333336789652,4.380257333750641,bls_employment_2023-08-04
XAUUSD,2023-07-14 13:30:00+00:00,3,17.365115390921222,3.1006223713374785,bls_employment_2023-08-04
XAUUSD,2023-06-30 13:30:00+00:00,5,12.83724128485351,6.438610948213859,bls_employment_2023-08-04
XAUUSD,2023-06-23 13:30:00+00:00,6,1.3884111372859924,29.02405476746911,bls_employment_2023-08-04
XAGUSD,2023-07-21 13:30:00+00:00,2,17.348857511536075,27.496984571274687,bls_employment_2023-08-04
XAGUSD,2023-07-14 13:30:00+00:00,3,8.847066970265479,4.826643163447095,bls_employment_2023-08-04
XAGUSD,2023-06-23 13:30:00+00:00,6,25.924119466721066,21.849160365304865,bls_employment_2023-08-04
XAGUSD,2023-06-16 13:30:00+00:00,7,7.863425133587766,28.60876383751911,bls_employment_2023-08-04
SPXUSD,2023-07-21 13:30:00+00:00,2,0.426102606452091,9.29067155702218,bls_employment_2023-08-04
SPXUSD,2023-07-14 13:30:00+00:00,3,0.6641213113000265,2.240126023097963,bls_employment_2023-08-04
SPXUSD,2023-06-30 13:30:00+00:00,5,18.79585804518499,5.259498267478224,bls_employment_2023-08-04
SPXUSD,2023-06-23 13:30:00+00:00,6,4.350292003039648,18.09869138942554,bls_employment_2023-08-04
NSXUSD,2023-07-21 13:30:00+00:00,2,1.13058087117183,6.704531248973187,bls_employment_2023-08-04
NSXUSD,2023-06-23 13:30:00+00:00,6,8.784653541650448,34.94017193832282,bls_employment_2023-08-04
NSXUSD,2023-05-26 13:30:00+00:00,10,14.779018119883599,13.88502522231201,bls_employment_2023-08-04
NSXUSD,2023-05-19 13:30:00+00:00,11,7.93782450247843,5.43511068813159,bls_employment_2023-08-04
GRXEUR,2023-07-28 13:30:00+00:00,1,0.06737978435706385,13.466930289548827,bls_employment_2023-08-04
GRXEUR,2023-07-21 13:30:00+00:00,2,4.614633633154985,20.488822852380903,bls_employment_2023-08-04
GRXEUR,2023-06-23 13:30:00+00:00,6,9.322265029710733,37.61142579573596,bls_employment_2023-08-04
GRXEUR,2023-06-09 13:30:00+00:00,8,7.0112151928654765,16.305180459325413,bls_employment_2023-08-04
UKXGBP,2023-06-30 13:30:00+00:00,5,8.620805773396954,1.1518425778337011,bls_employment_2023-08-04
UKXGBP,2023-06-23 13:30:00+00:00,6,8.31080361121025,14.947874395258353,bls_employment_2023-08-04
UKXGBP,2023-06-09 13:30:00+00:00,8,5.973421629510059,14.159895883514842,bls_employment_2023-08-04
UKXGBP,2023-05-26 13:30:00+00:00,10,7.941349594206433,1.9135717533541041,bls_employment_2023-08-04
BCOUSD,2023-07-28 13:30:00+00:00,1,8.95891501769499,16.12027263967781,bls_employment_2023-08-04
BCOUSD,2023-07-21 13:30:00+00:00,2,3.0951894812571297,9.907980449641583,bls_employment_2023-08-04
BCOUSD,2023-06-16 13:30:00+00:00,7,9.225336061118346,39.441040834417095,bls_employment_2023-08-04
BCOUSD,2023-05-26 13:30:00+00:00,10,20.851531671055028,41.65967516012564,bls_employment_2023-08-04
EURUSD,2023-08-03 13:30:00+00:00,1,4.300307950016193,2.926811442774309,bls_cpi_2023-08-10
EURUSD,2023-07-20 13:30:00+00:00,3,5.451320292817244,3.933945529826952,bls_cpi_2023-08-10
EURUSD,2023-06-29 13:30:00+00:00,6,27.9313163233474,21.482285382896062,bls_cpi_2023-08-10
EURUSD,2023-06-15 13:30:00+00:00,8,22.097014846940535,8.18861460362327,bls_cpi_2023-08-10
GBPUSD,2023-08-03 13:30:00+00:00,1,10.351354304484472,5.605801756692338,bls_cpi_2023-08-10
GBPUSD,2023-06-29 13:30:00+00:00,6,29.267541853732222,13.951978925364926,bls_cpi_2023-08-10
GBPUSD,2023-06-22 13:30:00+00:00,7,6.419590932414638,22.408182875258582,bls_cpi_2023-08-10
GBPUSD,2023-06-08 13:30:00+00:00,9,14.258252976278161,8.007751931364297,bls_cpi_2023-08-10
AUDUSD,2023-08-03 13:30:00+00:00,1,7.506185295638512,8.87759689731709,bls_cpi_2023-08-10
AUDUSD,2023-07-27 13:30:00+00:00,2,10.020483884691231,5.309029899508915,bls_cpi_2023-08-10
AUDUSD,2023-07-13 13:30:00+00:00,4,21.00841108811839,25.962296346714258,bls_cpi_2023-08-10
AUDUSD,2023-06-29 13:30:00+00:00,6,32.76983278188414,1.5127219948367931,bls_cpi_2023-08-10
NZDUSD,2023-08-03 13:30:00+00:00,1,4.278708553577337,3.6203265271676854,bls_cpi_2023-08-10
NZDUSD,2023-07-06 13:30:00+00:00,5,15.05646457587349,2.915924206630787,bls_cpi_2023-08-10
NZDUSD,2023-06-22 13:30:00+00:00,7,13.36457299454638,24.8111100550774,bls_cpi_2023-08-10
NZDUSD,2023-06-01 13:30:00+00:00,10,16.617096164884508,6.307263520741112,bls_cpi_2023-08-10
USDJPY,2023-08-03 13:30:00+00:00,1,8.051332930459498,7.567158893062838,bls_cpi_2023-08-10
USDJPY,2023-07-27 13:30:00+00:00,2,18.806237244059734,14.650037467373975,bls_cpi_2023-08-10
USDJPY,2023-07-20 13:30:00+00:00,3,4.579901469052765,4.291753461724988,bls_cpi_2023-08-10
USDJPY,2023-07-06 13:30:00+00:00,5,2.1498888728965637,0.901510029910421,bls_cpi_2023-08-10
USDCHF,2023-08-03 13:30:00+00:00,1,2.2832353544018322,5.481892760709894,bls_cpi_2023-08-10
USDCHF,2023-07-20 13:30:00+00:00,3,0.9285805492255561,9.744893403336468,bls_cpi_2023-08-10
USDCHF,2023-07-13 13:30:00+00:00,4,11.356131792746782,14.6031109710302,bls_cpi_2023-08-10
USDCHF,2023-07-06 13:30:00+00:00,5,8.578670832214527,3.8984835392965986,bls_cpi_2023-08-10
USDCAD,2023-08-03 13:30:00+00:00,1,3.9641432547161637,11.602275347224813,bls_cpi_2023-08-10
USDCAD,2023-07-27 13:30:00+00:00,2,2.7337342980517576,7.060619122400508,bls_cpi_2023-08-10
USDCAD,2023-07-13 13:30:00+00:00,4,1.1392419496412356,6.837399319774577,bls_cpi_2023-08-10
USDCAD,2023-07-06 13:30:00+00:00,5,2.403015796373474,1.351442667102741,bls_cpi_2023-08-10
EURJPY,2023-08-03 13:30:00+00:00,1,3.971609450827885,4.2295763364130154,bls_cpi_2023-08-10
EURJPY,2023-06-29 13:30:00+00:00,6,1.0775418112496065,14.082097133881957,bls_cpi_2023-08-10
EURJPY,2023-06-22 13:30:00+00:00,7,1.345735462480144,11.27294740390998,bls_cpi_2023-08-10
EURJPY,2023-06-01 13:30:00+00:00,10,17.55561962545395,9.527772161603789,bls_cpi_2023-08-10
XAUUSD,2023-08-03 13:30:00+00:00,1,23.2189815780648,2.0677017310544636,bls_cpi_2023-08-10
XAUUSD,2023-07-20 13:30:00+00:00,3,10.068761887066492,7.697547546547163,bls_cpi_2023-08-10
XAUUSD,2023-07-06 13:30:00+00:00,5,4.3972873795977545,7.289394516427398,bls_cpi_2023-08-10
XAUUSD,2023-06-29 13:30:00+00:00,6,54.790200330586174,22.337960361086132,bls_cpi_2023-08-10
XAGUSD,2023-08-03 13:30:00+00:00,1,6.396452319322923,27.670778175814018,bls_cpi_2023-08-10
XAGUSD,2023-07-20 13:30:00+00:00,3,5.567043248598743,5.570144172028579,bls_cpi_2023-08-10
XAGUSD,2023-07-13 13:30:00+00:00,4,26.717651588032904,27.949052307905102,bls_cpi_2023-08-10
XAGUSD,2023-07-06 13:30:00+00:00,5,78.4523998364908,6.597902106558711,bls_cpi_2023-08-10
SPXUSD,2023-08-03 13:30:00+00:00,1,4.405204616940243,0.18452705105966902,bls_cpi_2023-08-10
SPXUSD,2023-07-27 13:30:00+00:00,2,6.456593974487186,2.1488375338818515,bls_cpi_2023-08-10
SPXUSD,2023-07-13 13:30:00+00:00,4,5.463655463937778,7.196606008128399,bls_cpi_2023-08-10
SPXUSD,2023-06-29 13:30:00+00:00,6,1.2594743863356068,21.63167252157398,bls_cpi_2023-08-10
NSXUSD,2023-08-03 13:30:00+00:00,1,7.778194809594427,8.465374150714975,bls_cpi_2023-08-10
NSXUSD,2023-07-20 13:30:00+00:00,3,4.280505055549859,10.464100976347098,bls_cpi_2023-08-10
NSXUSD,2023-07-13 13:30:00+00:00,4,7.684495267669589,10.694376848310043,bls_cpi_2023-08-10
NSXUSD,2023-06-29 13:30:00+00:00,6,10.704646465292106,22.225220531689448,bls_cpi_2023-08-10
GRXEUR,2023-08-03 13:30:00+00:00,1,4.628602426150333,2.326739905873221,bls_cpi_2023-08-10
GRXEUR,2023-07-13 13:30:00+00:00,4,4.459249022613937,6.756351226924603,bls_cpi_2023-08-10
GRXEUR,2023-06-29 13:30:00+00:00,6,6.922082612961155,4.2627026317257215,bls_cpi_2023-08-10
GRXEUR,2023-06-15 13:30:00+00:00,8,2.3052687711196667,13.731553553379142,bls_cpi_2023-08-10
UKXGBP,2023-08-03 13:30:00+00:00,1,6.084394623893355,27.212813783580167,bls_cpi_2023-08-10
UKXGBP,2023-07-20 13:30:00+00:00,3,1.0317117835868874,1.505861799040415,bls_cpi_2023-08-10
UKXGBP,2023-07-13 13:30:00+00:00,4,1.6484173115239962,1.6656061898039876,bls_cpi_2023-08-10
UKXGBP,2023-07-06 13:30:00+00:00,5,6.609215960636255,14.218743642043995,bls_cpi_2023-08-10
BCOUSD,2023-08-03 13:30:00+00:00,1,19.20930320671073,123.37667897717034,bls_cpi_2023-08-10
BCOUSD,2023-07-20 13:30:00+00:00,3,0.6272699332748588,1.8820459149286217,bls_cpi_2023-08-10
BCOUSD,2023-06-15 13:30:00+00:00,8,3.3840718829093834,2.02989357288507,bls_cpi_2023-08-10
BCOUSD,2023-06-08 13:30:00+00:00,9,9.691738874933856,1.9390993590623133,bls_cpi_2023-08-10
EURUSD,2023-08-25 13:30:00+00:00,1,2.034926749659041,0.3699421965745443,bls_employment_2023-09-01
EURUSD,2023-08-18 13:30:00+00:00,2,4.4228625855751975,5.712495778836333,bls_employment_2023-09-01
EURUSD,2023-08-11 13:30:00+00:00,3,22.564541405557897,11.027821300339332,bls_employment_2023-09-01
EURUSD,2023-07-28 13:30:00+00:00,5,0.4539697384559902,4.540625049635607,bls_employment_2023-09-01
GBPUSD,2023-08-25 13:30:00+00:00,1,0.7923741912022926,0.15848237280285138,bls_employment_2023-09-01
GBPUSD,2023-08-18 13:30:00+00:00,2,0.1575572326677272,15.271505085544229,bls_employment_2023-09-01
GBPUSD,2023-08-11 13:30:00+00:00,3,24.30842197170093,10.796456343914588,bls_employment_2023-09-01
GBPUSD,2023-07-28 13:30:00+00:00,5,2.7972680198235205,1.7870531928968636,bls_employment_2023-09-01
AUDUSD,2023-08-25 13:30:00+00:00,1,0.46659564052746366,6.534625969620895,bls_employment_2023-09-01
AUDUSD,2023-08-18 13:30:00+00:00,2,0.47005366454583647,8.926824131425809,bls_employment_2023-09-01
AUDUSD,2023-08-11 13:30:00+00:00,3,16.09874240903693,18.430353857746418,bls_employment_2023-09-01
AUDUSD,2023-07-21 13:30:00+00:00,6,2.9685923153343494,4.008998026922691,bls_employment_2023-09-01
NZDUSD,2023-08-25 13:30:00+00:00,1,1.6880201252072735,5.402667698525208,bls_employment_2023-09-01
NZDUSD,2023-08-18 13:30:00+00:00,2,1.3532486445871243,8.792844544256791,bls_employment_2023-09-01
NZDUSD,2023-08-11 13:30:00+00:00,3,18.99145955389637,19.0275957462808,bls_employment_2023-09-01
NZDUSD,2023-07-21 13:30:00+00:00,6,0.8082310251956696,0.3233002489694669,bls_employment_2023-09-01
USDJPY,2023-08-25 13:30:00+00:00,1,1.5076961061464071,4.179871581196737,bls_employment_2023-09-01
USDJPY,2023-08-18 13:30:00+00:00,2,4.4610227462708,1.3043672292798876,bls_employment_2023-09-01
USDJPY,2023-08-11 13:30:00+00:00,3,16.176982442481002,3.0389049125704974,bls_employment_2023-09-01
USDJPY,2023-07-21 13:30:00+00:00,6,11.164737551845544,4.7381802738571075,bls_employment_2023-09-01
USDCHF,2023-08-25 13:30:00+00:00,1,0.678303337512424,0.5652559763182898,bls_employment_2023-09-01
USDCHF,2023-08-18 13:30:00+00:00,2,5.671056216050097,6.124879678799225,bls_employment_2023-09-01
USDCHF,2023-08-11 13:30:00+00:00,3,22.52137337647132,14.606038997647557,bls_employment_2023-09-01
USDCHF,2023-07-28 13:30:00+00:00,5,0.11522927745462609,4.953603271600109,bls_employment_2023-09-01
USDCAD,2023-08-25 13:30:00+00:00,1,1.4725805528166058,3.091713496400612,bls_employment_2023-09-01
USDCAD,2023-08-18 13:30:00+00:00,2,1.6212710800758268,2.210889376101939,bls_employment_2023-09-01
USDCAD,2023-08-11 13:30:00+00:00,3,4.831438636227123,3.343475239278868,bls_employment_2023-09-01
USDCAD,2023-07-28 13:30:00+00:00,5,3.7834075332503256,3.1781585109209294,bls_employment_2023-09-01
EURJPY,2023-08-25 13:30:00+00:00,1,0.5705175546612886,4.436248020989945,bls_employment_2023-09-01
EURJPY,2023-08-18 13:30:00+00:00,2,9.043278709755851,4.743998140771194,bls_employment_2023-09-01
EURJPY,2023-08-11 13:30:00+00:00,3,6.41606302203319,7.553583590196733,bls_employment_2023-09-01
EURJPY,2023-07-28 13:30:00+00:00,5,20.475493446351187,4.414609833177598,bls_employment_2023-09-01
XAUUSD,2023-08-25 13:30:00+00:00,1,0.625584856879797,7.457433007079754,bls_employment_2023-09-01
XAUUSD,2023-08-18 13:30:00+00:00,2,6.2268660323451,3.2646945274045573,bls_employment_2023-09-01
XAUUSD,2023-08-11 13:30:00+00:00,3,20.64237056771453,8.509128249523268,bls_employment_2023-09-01
XAUUSD,2023-07-21 13:30:00+00:00,6,8.09333336789652,4.380257333750641,bls_employment_2023-09-01
XAGUSD,2023-08-25 13:30:00+00:00,1,9.917356184744243,8.685762101226516,bls_employment_2023-09-01
XAGUSD,2023-08-18 13:30:00+00:00,2,0.4404219242750888,20.2804055049379,bls_employment_2023-09-01
XAGUSD,2023-08-11 13:30:00+00:00,3,37.038712478774706,3.9750017085910643,bls_employment_2023-09-01
XAGUSD,2023-07-21 13:30:00+00:00,6,17.348857511536075,27.496984571274687,bls_employment_2023-09-01
SPXUSD,2023-08-25 13:30:00+00:00,1,1.5820535520578995,0.5918766749276182,bls_employment_2023-09-01
SPXUSD,2023-08-18 13:30:00+00:00,2,6.869366592386316,11.488508957103749,bls_employment_2023-09-01
SPXUSD,2023-08-11 13:30:00+00:00,3,15.693441770236145,14.574834489198835,bls_employment_2023-09-01
SPXUSD,2023-07-21 13:30:00+00:00,6,0.426102606452091,9.29067155702218,bls_employment_2023-09-01
NSXUSD,2023-08-25 13:30:00+00:00,1,2.1185381385486455,5.625745519250622,bls_employment_2023-09-01
NSXUSD,2023-08-18 13:30:00+00:00,2,4.513480807797506,11.903507035946683,bls_employment_2023-09-01
NSXUSD,2023-08-11 13:30:00+00:00,3,25.79313793264151,20.808924757844217,bls_employment_2023-09-01
NSXUSD,2023-07-21 13:30:00+00:00,6,1.13058087117183,6.704531248973187,bls_employment_2023-09-01
GRXEUR,2023-08-25 13:30:00+00:00,1,2.274393110280805,7.107881038866087,bls_employment_2023-09-01
GRXEUR,2023-08-18 13:30:00+00:00,2,10.460479332050918,1.1948147919855245,bls_employment_2023-09-01
GRXEUR,2023-08-11 13:30:00+00:00,3,16.186150224219116,39.31589930654268,bls_employment_2023-09-01
GRXEUR,2023-07-28 13:30:00+00:00,5,0.06737978435706385,13.466930289548827,bls_employment_2023-09-01
UKXGBP,2023-08-25 13:30:00+00:00,1,5.745862287589702,1.5118335548821924,bls_employment_2023-09-01
UKXGBP,2023-08-18 13:30:00+00:00,2,8.14707455576948,4.241316445384268,bls_employment_2023-09-01
UKXGBP,2023-08-11 13:30:00+00:00,3,0.648122139375897,24.595646125695072,bls_employment_2023-09-01
UKXGBP,2023-06-30 13:30:00+00:00,9,8.620805773396954,1.1518425778337011,bls_employment_2023-09-01
BCOUSD,2023-08-25 13:30:00+00:00,1,10.662497456007493,8.88620386553363,bls_employment_2023-09-01
BCOUSD,2023-08-18 13:30:00+00:00,2,21.548378443237066,3.5946224835294327,bls_employment_2023-09-01
BCOUSD,2023-08-11 13:30:00+00:00,3,24.171838929143885,11.503112860111813,bls_employment_2023-09-01
BCOUSD,2023-07-28 13:30:00+00:00,5,8.95891501769499,16.12027263967781,bls_employment_2023-09-01
EURUSD,2023-09-06 13:30:00+00:00,1,2.794102598997371,4.564104792830217,bls_cpi_2023-09-13
EURUSD,2023-08-30 13:30:00+00:00,2,13.30318142182872,8.248254587177689,bls_cpi_2023-09-13
EURUSD,2023-08-23 13:30:00+00:00,3,2.961619286981347,0.9256002524238343,bls_cpi_2023-09-13
EURUSD,2023-08-16 13:30:00+00:00,4,7.423395031797867,14.026597824964943,bls_cpi_2023-09-13
GBPUSD,2023-09-06 13:30:00+00:00,1,4.144780425831059,1.9920715617987697,bls_cpi_2023-09-13
GBPUSD,2023-08-30 13:30:00+00:00,2,13.401868807136953,9.370632809630258,bls_cpi_2023-09-13
GBPUSD,2023-08-23 13:30:00+00:00,3,0.475341651903201,7.444424549271812,bls_cpi_2023-09-13
GBPUSD,2023-08-16 13:30:00+00:00,4,7.536860312490375,16.572875337792105,bls_cpi_2023-09-13
AUDUSD,2023-09-06 13:30:00+00:00,1,3.2889327709728673,2.975747678558542,bls_cpi_2023-09-13
AUDUSD,2023-08-30 13:30:00+00:00,2,24.98651720274601,18.46836279673367,bls_cpi_2023-09-13
AUDUSD,2023-08-23 13:30:00+00:00,3,3.274062439113437,1.2473882824039013,bls_cpi_2023-09-13
AUDUSD,2023-08-16 13:30:00+00:00,4,6.664548723520371,27.306312930111773,bls_cpi_2023-09-13
NZDUSD,2023-09-06 13:30:00+00:00,1,1.0192814074900114,0.1698874495672248,bls_cpi_2023-09-13
NZDUSD,2023-08-30 13:30:00+00:00,2,23.096631131441413,16.703418061458844,bls_cpi_2023-09-13
NZDUSD,2023-08-23 13:30:00+00:00,3,1.0117532005337246,3.2035340312243172,bls_cpi_2023-09-13
NZDUSD,2023-08-16 13:30:00+00:00,4,5.032628312422744,25.188507213583073,bls_cpi_2023-09-13
USDJPY,2023-09-06 13:30:00+00:00,1,1.6966579272908293,2.2400293333878976,bls_cpi_2023-09-13
USDJPY,2023-08-30 13:30:00+00:00,2,18.951515122282405,9.38642326316192,bls_cpi_2023-09-13
USDJPY,2023-08-23 13:30:00+00:00,3,1.856607982556992,2.4749412327803353,bls_cpi_2023-09-13
USDJPY,2023-08-16 13:30:00+00:00,4,6.03670057776644,7.545306491622181,bls_cpi_2023-09-13
USDCHF,2023-09-06 13:30:00+00:00,1,1.2353235159543647,3.368704764887547,bls_cpi_2023-09-13
USDCHF,2023-08-30 13:30:00+00:00,2,6.830368080860167,12.876540838949374,bls_cpi_2023-09-13
USDCHF,2023-08-23 13:30:00+00:00,3,0.7946192926394386,2.156676909781627,bls_cpi_2023-09-13
USDCHF,2023-08-16 13:30:00+00:00,4,7.497018582528426,11.470430830910997,bls_cpi_2023-09-13
USDCAD,2023-09-06 13:30:00+00:00,1,0.43937374602356283,0.4393737460247791,bls_cpi_2023-09-13
USDCAD,2023-08-30 13:30:00+00:00,2,5.752085289457084,9.594167482554168,bls_cpi_2023-09-13
USDCAD,2023-08-23 13:30:00+00:00,3,4.93210997561148,3.016957531610099,bls_cpi_2023-09-13
USDCAD,2023-08-16 13:30:00+00:00,4,2.667773314376296,9.111955441084348,bls_cpi_2023-09-13
EURJPY,2023-09-06 13:30:00+00:00,1,1.2009772176412707,6.7652798316316565,bls_cpi_2023-09-13
EURJPY,2023-08-30 13:30:00+00:00,2,5.774868185924306,0.9418708701989952,bls_cpi_2023-09-13
EURJPY,2023-08-23 13:30:00+00:00,3,1.1455336926716637,3.4998298167296573,bls_cpi_2023-09-13
EURJPY,2023-08-16 13:30:00+00:00,4,1.068795876721389,6.099957740989102,bls_cpi_2023-09-13
XAUUSD,2023-09-06 13:30:00+00:00,1,2.181529208679165,14.0354912979391,bls_cpi_2023-09-13
XAUUSD,2023-08-30 13:30:00+00:00,2,14.058977915897215,4.6819370697401625,bls_cpi_2023-09-13
XAUUSD,2023-08-23 13:30:00+00:00,3,6.767923450277502,18.163068356653262,bls_cpi_2023-09-13
XAUUSD,2023-08-16 13:30:00+00:00,4,15.61210807177964,15.401681985251193,bls_cpi_2023-09-13
XAGUSD,2023-09-06 13:30:00+00:00,1,9.857918206110792,52.831770331573274,bls_cpi_2023-09-13
XAGUSD,2023-08-30 13:30:00+00:00,2,27.485870173862107,19.75926606145438,bls_cpi_2023-09-13
XAGUSD,2023-08-23 13:30:00+00:00,3,22.22269725219855,20.963489292340245,bls_cpi_2023-09-13
XAGUSD,2023-08-16 13:30:00+00:00,4,33.170460081577005,19.889069781469452,bls_cpi_2023-09-13
SPXUSD,2023-09-06 13:30:00+00:00,1,4.374640533185277,7.64210892509165,bls_cpi_2023-09-13
SPXUSD,2023-08-30 13:30:00+00:00,2,3.903905321328945,6.622207748211508,bls_cpi_2023-09-13
SPXUSD,2023-08-23 13:30:00+00:00,3,0.02960439757282127,3.3879858884774054,bls_cpi_2023-09-13
SPXUSD,2023-08-16 13:30:00+00:00,4,4.501673100146719,17.3415546146592,bls_cpi_2023-09-13
NSXUSD,2023-09-06 13:30:00+00:00,1,5.505117634154236,7.703730072841242,bls_cpi_2023-09-13
NSXUSD,2023-08-30 13:30:00+00:00,2,4.470883091413629,11.701306791267692,bls_cpi_2023-09-13
NSXUSD,2023-08-23 13:30:00+00:00,3,4.590333281163799,6.91167926463118,bls_cpi_2023-09-13
NSXUSD,2023-08-16 13:30:00+00:00,4,3.694564194916772,18.686454611923136,bls_cpi_2023-09-13
GRXEUR,2023-09-06 13:30:00+00:00,1,7.406647011262584,35.46895710048752,bls_cpi_2023-09-13
GRXEUR,2023-08-30 13:30:00+00:00,2,6.94245358910648,9.249113727217921,bls_cpi_2023-09-13
GRXEUR,2023-08-23 13:30:00+00:00,3,9.41092616733314,2.330029095894416,bls_cpi_2023-09-13
GRXEUR,2023-08-16 13:30:00+00:00,4,7.111440531895226,16.375553330823912,bls_cpi_2023-09-13
UKXGBP,2023-09-06 13:30:00+00:00,1,10.446917723341047,31.74648518028604,bls_cpi_2023-09-13
UKXGBP,2023-08-30 13:30:00+00:00,2,1.3228845496829145,1.05188587348926,bls_cpi_2023-09-13
UKXGBP,2023-08-23 13:30:00+00:00,3,5.456141257331525,3.121086272766133,bls_cpi_2023-09-13
UKXGBP,2023-08-16 13:30:00+00:00,4,1.7637748035751981,10.438067027574965,bls_cpi_2023-09-13
BCOUSD,2023-09-06 13:30:00+00:00,1,7.264558774031216,25.12409828026204,bls_cpi_2023-09-13
BCOUSD,2023-08-30 13:30:00+00:00,2,15.254996034966169,4.6985306210143,bls_cpi_2023-09-13
BCOUSD,2023-08-23 13:30:00+00:00,3,7.256631064779358,10.875082634919076,bls_cpi_2023-09-13
BCOUSD,2023-08-16 13:30:00+00:00,4,17.033677929564995,25.267228936938896,bls_cpi_2023-09-13
EURUSD,2023-09-29 13:30:00+00:00,1,8.587458121262546,5.5685332129576395,bls_employment_2023-10-06
EURUSD,2023-09-22 13:30:00+00:00,2,1.3139987817491094,0.4693051000251716,bls_employment_2023-10-06
EURUSD,2023-09-15 13:30:00+00:00,3,7.6035994032101915,4.037198614588284,bls_employment_2023-10-06
EURUSD,2023-09-08 13:30:00+00:00,4,3.73604823848109,5.230858447079607,bls_employment_2023-10-06
GBPUSD,2023-09-29 13:30:00+00:00,1,8.491044092070187,11.836494514727962,bls_employment_2023-10-06
GBPUSD,2023-09-22 13:30:00+00:00,2,4.323795217368215,0.24479304788917805,bls_employment_2023-10-06
GBPUSD,2023-09-15 13:30:00+00:00,3,8.547698286742092,4.034470570814929,bls_employment_2023-10-06
GBPUSD,2023-09-08 13:30:00+00:00,4,5.444791550958877,8.648995493910636,bls_employment_2023-10-06
AUDUSD,2023-09-29 13:30:00+00:00,1,10.01919144168156,10.789482843298455,bls_employment_2023-10-06
AUDUSD,2023-09-22 13:30:00+00:00,2,2.1690629733036144,3.4083163247456816,bls_employment_2023-10-06
AUDUSD,2023-09-15 13:30:00+00:00,3,5.5827803695532685,10.398479965417634,bls_employment_2023-10-06
AUDUSD,2023-09-08 13:30:00+00:00,4,8.748906944761412,17.036178639557914,bls_employment_2023-10-06
NZDUSD,2023-09-29 13:30:00+00:00,1,10.444384606466377,8.952997365003714,bls_employment_2023-10-06
NZDUSD,2023-09-22 13:30:00+00:00,2,2.6793938031863234,14.727789644788585,bls_employment_2023-10-06
NZDUSD,2023-09-15 13:30:00+00:00,3,7.787371309403115,7.115508720237206,bls_employment_2023-10-06
NZDUSD,2023-09-08 13:30:00+00:00,4,5.582386869039819,13.538442777969166,bls_employment_2023-10-06
USDJPY,2023-09-29 13:30:00+00:00,1,3.3513861646731553,5.027500533233867,bls_employment_2023-10-06
USDJPY,2023-09-22 13:30:00+00:00,2,0.7421375589108855,2.6307712696118712,bls_employment_2023-10-06
USDJPY,2023-09-15 13:30:00+00:00,3,4.260283068950365,1.0140856505437839,bls_employment_2023-10-06
USDJPY,2023-09-08 13:30:00+00:00,4,3.3259009934734762,15.935393840074678,bls_employment_2023-10-06
USDCHF,2023-09-29 13:30:00+00:00,1,6.7969788950449725,11.404010183682828,bls_employment_2023-10-06
USDCHF,2023-09-22 13:30:00+00:00,2,0.994184024281084,3.8657161168162646,bls_employment_2023-10-06
USDCHF,2023-09-15 13:30:00+00:00,3,3.010251601719927,4.79453209534704,bls_employment_2023-10-06
USDCHF,2023-09-08 13:30:00+00:00,4,0.4488028185568934,7.065988775310135,bls_employment_2023-10-06
USDCAD,2023-09-29 13:30:00+00:00,1,5.585115440579796,0.07444713694953663,bls_employment_2023-10-06
USDCAD,2023-09-22 13:30:00+00:00,2,7.370321761547337,7.513623444854769,bls_employment_2023-10-06
USDCAD,2023-09-15 13:30:00+00:00,3,0.7391310778413873,10.785893689082547,bls_employment_2023-10-06
USDCAD,2023-09-08 13:30:00+00:00,4,34.9713510981184,5.2131328069754845,bls_employment_2023-10-06
EURJPY,2023-09-29 13:30:00+00:00,1,4.870504762793557,0.4428711973093378,bls_employment_2023-10-06
EURJPY,2023-09-22 13:30:00+00:00,2,0.5065888209600506,3.039148048897008,bls_employment_2023-10-06
EURJPY,2023-09-15 13:30:00+00:00,3,3.4276791774016564,5.014169894998539,bls_employment_2023-10-06
EURJPY,2023-09-08 13:30:00+00:00,4,7.100381943822977,10.387900298176705,bls_employment_2023-10-06
XAUUSD,2023-09-29 13:30:00+00:00,1,2.6746478316935067,28.581674842620146,bls_employment_2023-10-06
XAUUSD,2023-09-22 13:30:00+00:00,2,0.7790629434861333,1.8850811977955846,bls_employment_2023-10-06
XAUUSD,2023-09-15 13:30:00+00:00,3,0.6780721888684171,1.1996348951664373,bls_employment_2023-10-06
XAUUSD,2023-09-08 13:30:00+00:00,4,0.7950565156857682,18.361036080814646,bls_employment_2023-10-06
XAGUSD,2023-09-29 13:30:00+00:00,1,22.563578088018954,110.34594723709068,bls_employment_2023-10-06
XAGUSD,2023-09-22 13:30:00+00:00,2,27.107174582494988,15.256826149822823,bls_employment_2023-10-06
XAGUSD,2023-09-15 13:30:00+00:00,3,6.507451261073465,27.377632640448475,bls_employment_2023-10-06
XAGUSD,2023-09-08 13:30:00+00:00,4,8.259972211831716,34.41744308429687,bls_employment_2023-10-06
SPXUSD,2023-09-29 13:30:00+00:00,1,2.7218306595062605,14.884114847684943,bls_employment_2023-10-06
SPXUSD,2023-09-22 13:30:00+00:00,2,3.404986082807027,1.6499947051215087,bls_employment_2023-10-06
SPXUSD,2023-09-15 13:30:00+00:00,3,6.531723087869875,11.589156096288063,bls_employment_2023-10-06
SPXUSD,2023-09-08 13:30:00+00:00,4,7.918833386754515,6.750270688327404,bls_employment_2023-10-06
NSXUSD,2023-09-29 13:30:00+00:00,1,7.458322834689383,18.867314556483308,bls_employment_2023-10-06
NSXUSD,2023-09-22 13:30:00+00:00,2,4.332271352559348,2.941066326085034,bls_employment_2023-10-06
NSXUSD,2023-09-15 13:30:00+00:00,3,9.47877863883352,7.873437529466991,bls_employment_2023-10-06
NSXUSD,2023-09-08 13:30:00+00:00,4,9.936274304647004,6.9661552538181235,bls_employment_2023-10-06
GRXEUR,2023-09-29 13:30:00+00:00,1,2.3999825225365066,7.05403897903792,bls_employment_2023-10-06
GRXEUR,2023-09-22 13:30:00+00:00,2,14.158894113794506,4.874726755151344,bls_employment_2023-10-06
GRXEUR,2023-09-15 13:30:00+00:00,3,2.3650150393016456,18.615024725024313,bls_employment_2023-10-06
GRXEUR,2023-09-08 13:30:00+00:00,4,9.523000303462435,9.428199398398725,bls_employment_2023-10-06
UKXGBP,2023-09-29 13:30:00+00:00,1,2.305955941636735,8.233330422331667,bls_employment_2023-10-06
UKXGBP,2023-09-22 13:30:00+00:00,2,9.185992532236114,9.34341115403279,bls_employment_2023-10-06
UKXGBP,2023-09-08 13:30:00+00:00,4,6.695079152246665,5.86097108963846,bls_employment_2023-10-06
UKXGBP,2023-08-25 13:30:00+00:00,6,5.745862287589702,1.5118335548821924,bls_employment_2023-10-06
BCOUSD,2023-09-29 13:30:00+00:00,1,2.6597018099123515,20.76998792159261,bls_employment_2023-10-06
BCOUSD,2023-09-22 13:30:00+00:00,2,9.033856317134802,27.60731435531499,bls_employment_2023-10-06
BCOUSD,2023-09-15 13:30:00+00:00,3,0.5327622123673004,15.996079040270327,bls_employment_2023-10-06
BCOUSD,2023-09-08 13:30:00+00:00,4,9.375638368025967,3.306951241583435,bls_employment_2023-10-06
EURUSD,2023-10-05 13:30:00+00:00,1,7.419244718823441,7.038904504458794,bls_cpi_2023-10-12
EURUSD,2023-09-28 13:30:00+00:00,2,12.98880017263848,30.175095249997582,bls_cpi_2023-10-12
EURUSD,2023-09-21 13:30:00+00:00,3,4.139072906774388,14.761121704707845,bls_cpi_2023-10-12
EURUSD,2023-09-14 13:30:00+00:00,4,28.639369667972726,6.652393935863388,bls_cpi_2023-10-12
GBPUSD,2023-10-05 13:30:00+00:00,1,6.924009277836827,4.6989576598213905,bls_cpi_2023-10-12
GBPUSD,2023-09-28 13:30:00+00:00,2,8.025485440298345,29.92357380311575,bls_cpi_2023-10-12
GBPUSD,2023-09-21 13:30:00+00:00,3,3.4278159435250726,19.082885837936573,bls_cpi_2023-10-12
GBPUSD,2023-09-14 13:30:00+00:00,4,29.656083747519553,15.923954434934387,bls_cpi_2023-10-12
AUDUSD,2023-10-05 13:30:00+00:00,1,2.99842979213871,14.825565771476652,bls_cpi_2023-10-12
AUDUSD,2023-09-28 13:30:00+00:00,2,13.286338130062026,18.762318271749262,bls_cpi_2023-10-12
AUDUSD,2023-09-21 13:30:00+00:00,3,4.068730299315038,26.729415909585697,bls_cpi_2023-10-12
AUDUSD,2023-09-14 13:30:00+00:00,4,36.35802637843823,27.51375479484946,bls_cpi_2023-10-12
NZDUSD,2023-10-05 13:30:00+00:00,1,1.1799907300131438,16.507213019335204,bls_cpi_2023-10-12
NZDUSD,2023-09-28 13:30:00+00:00,2,11.757395915782263,30.93479265871986,bls_cpi_2023-10-12
NZDUSD,2023-09-21 13:30:00+00:00,3,7.798328840454628,30.311520409891777,bls_cpi_2023-10-12
NZDUSD,2023-09-14 13:30:00+00:00,4,36.167627182694986,21.9865801358736,bls_cpi_2023-10-12
USDJPY,2023-10-05 13:30:00+00:00,1,3.1543518571884523,8.324271100033526,bls_cpi_2023-10-12
USDJPY,2023-09-28 13:30:00+00:00,2,7.705322078415348,15.270859743065303,bls_cpi_2023-10-12
USDJPY,2023-09-21 13:30:00+00:00,3,4.323944585756365,10.204806605686805,bls_cpi_2023-10-12
USDJPY,2023-09-14 13:30:00+00:00,4,13.772564925294615,9.156981820555602,bls_cpi_2023-10-12
USDCHF,2023-10-05 13:30:00+00:00,1,1.4199347946096774,1.0921203527479042,bls_cpi_2023-10-12
USDCHF,2023-09-28 13:30:00+00:00,2,15.914891409906165,26.58330086939604,bls_cpi_2023-10-12
USDCHF,2023-09-21 13:30:00+00:00,3,8.388984431489115,24.303227719502566,bls_cpi_2023-10-12
USDCHF,2023-09-14 13:30:00+00:00,4,19.340743995439293,7.374137224953616,bls_cpi_2023-10-12
USDCAD,2023-10-05 13:30:00+00:00,1,0.7270083609164799,1.3087482568709337,bls_cpi_2023-10-12
USDCAD,2023-09-28 13:30:00+00:00,2,5.266730335341648,13.495078569602649,bls_cpi_2023-10-12
USDCAD,2023-09-21 13:30:00+00:00,3,3.551451693191899,14.731958794267737,bls_cpi_2023-10-12
USDCAD,2023-09-14 13:30:00+00:00,4,14.563522066623692,10.051737727340262,bls_cpi_2023-10-12
EURJPY,2023-10-05 13:30:00+00:00,1,4.468646138441292,1.2132628804335173,bls_cpi_2023-10-12
EURJPY,2023-09-28 13:30:00+00:00,2,5.272603231714358,14.744859449277488,bls_cpi_2023-10-12
EURJPY,2023-09-21 13:30:00+00:00,3,0.06355683092931728,5.083238132074882,bls_cpi_2023-10-12
EURJPY,2023-09-14 13:30:00+00:00,4,15.048434025007571,2.478495883449252,bls_cpi_2023-10-12
XAUUSD,2023-10-05 13:30:00+00:00,1,0.6759666119024897,23.014045528279777,bls_cpi_2023-10-12
XAUUSD,2023-09-28 13:30:00+00:00,2,17.08321730082771,31.824750992870847,bls_cpi_2023-10-12
XAUUSD,2023-09-21 13:30:00+00:00,3,12.522470336748034,10.488635664850921,bls_cpi_2023-10-12
XAUUSD,2023-09-14 13:30:00+00:00,4,21.416825111811878,9.139256101962845,bls_cpi_2023-10-12
XAGUSD,2023-10-05 13:30:00+00:00,1,24.242436115062546,35.671008787560666,bls_cpi_2023-10-12
XAGUSD,2023-09-28 13:30:00+00:00,2,61.481494945147816,71.69123947868064,bls_cpi_2023-10-12
XAGUSD,2023-09-21 13:30:00+00:00,3,57.9787582859594,15.726708059883132,bls_cpi_2023-10-12
XAGUSD,2023-09-14 13:30:00+00:00,4,52.79398256367919,19.108993704997573,bls_cpi_2023-10-12
SPXUSD,2023-10-05 13:30:00+00:00,1,21.87815908752562,7.538655369237143,bls_cpi_2023-10-12
SPXUSD,2023-09-28 13:30:00+00:00,2,20.231176251839564,42.69488567819245,bls_cpi_2023-10-12
SPXUSD,2023-09-21 13:30:00+00:00,3,6.68913896952894,13.039564733595205,bls_cpi_2023-10-12
SPXUSD,2023-09-14 13:30:00+00:00,4,17.068693740027715,21.478926576643318,bls_cpi_2023-10-12
NSXUSD,2023-10-05 13:30:00+00:00,1,27.798022051292783,10.902662514709554,bls_cpi_2023-10-12
NSXUSD,2023-09-28 13:30:00+00:00,2,26.40067695377449,47.22645905815233,bls_cpi_2023-10-12
NSXUSD,2023-09-21 13:30:00+00:00,3,15.64665643863884,11.66459499791222,bls_cpi_2023-10-12
NSXUSD,2023-09-14 13:30:00+00:00,4,29.2432629986951,23.18607583468611,bls_cpi_2023-10-12
GRXEUR,2023-10-05 13:30:00+00:00,1,19.336654397733064,7.228257983363943,bls_cpi_2023-10-12
GRXEUR,2023-09-28 13:30:00+00:00,2,14.50344427421119,26.51305146913877,bls_cpi_2023-10-12
GRXEUR,2023-09-21 13:30:00+00:00,3,4.73654579955109,30.925526752914852,bls_cpi_2023-10-12
GRXEUR,2023-09-14 13:30:00+00:00,4,0.8489206568491353,61.12633611977014,bls_cpi_2023-10-12
UKXGBP,2023-10-05 13:30:00+00:00,1,12.848520520554336,3.8621913217244708,bls_cpi_2023-10-12
UKXGBP,2023-09-28 13:30:00+00:00,2,13.57767009502843,12.909441322302564,bls_cpi_2023-10-12
UKXGBP,2023-09-14 13:30:00+00:00,4,1.6300929669302398,26.618795469602386,bls_cpi_2023-10-12
UKXGBP,2023-09-07 13:30:00+00:00,5,5.65203114832606,8.050080676611174,bls_cpi_2023-10-12
BCOUSD,2023-10-05 13:30:00+00:00,1,33.986531870584244,23.506469223269626,bls_cpi_2023-10-12
BCOUSD,2023-09-28 13:30:00+00:00,2,9.58282830631957,10.648154083948999,bls_cpi_2023-10-12
BCOUSD,2023-09-21 13:30:00+00:00,3,5.895246994000536,60.39537120710503,bls_cpi_2023-10-12
BCOUSD,2023-09-14 13:30:00+00:00,4,0.0,4.292167932578979,bls_cpi_2023-10-12
EURUSD,2023-10-27 13:30:00+00:00,1,0.8535781527107632,15.826761898201148,bls_employment_2023-11-03
EURUSD,2023-10-20 13:30:00+00:00,2,10.215761536957864,9.071923964428276,bls_employment_2023-11-03
EURUSD,2023-10-13 13:30:00+00:00,3,8.161174143631865,3.225714666073924,bls_employment_2023-11-03
EURUSD,2023-09-29 13:30:00+00:00,5,8.587458121262546,5.5685332129576395,bls_employment_2023-11-03
GBPUSD,2023-10-27 13:30:00+00:00,1,4.208875838401993,16.412848591294175,bls_employment_2023-11-03
GBPUSD,2023-10-20 13:30:00+00:00,2,8.90604185332836,8.81576348460118,bls_employment_2023-11-03
GBPUSD,2023-10-13 13:30:00+00:00,3,7.4643090572519135,5.905366673425561,bls_employment_2023-11-03
GBPUSD,2023-09-29 13:30:00+00:00,5,8.491044092070187,11.836494514727962,bls_employment_2023-11-03
AUDUSD,2023-10-27 13:30:00+00:00,1,7.088679675867521,4.093392377322498,bls_employment_2023-11-03
AUDUSD,2023-10-20 13:30:00+00:00,2,8.092476818744558,9.195257163852354,bls_employment_2023-11-03
AUDUSD,2023-10-13 13:30:00+00:00,3,10.278061988107078,2.2128439877220685,bls_employment_2023-11-03
AUDUSD,2023-09-29 13:30:00+00:00,5,10.01919144168156,10.789482843298455,bls_employment_2023-11-03
NZDUSD,2023-10-27 13:30:00+00:00,1,6.696601295955563,8.578831403072057,bls_employment_2023-11-03
NZDUSD,2023-10-20 13:30:00+00:00,2,3.2648011768352863,6.183017509428717,bls_employment_2023-11-03
NZDUSD,2023-10-13 13:30:00+00:00,3,11.326848374642857,0.16896030278199103,bls_employment_2023-11-03
NZDUSD,2023-09-29 13:30:00+00:00,5,10.444384606466377,8.952997365003714,bls_employment_2023-11-03
USDJPY,2023-10-27 13:30:00+00:00,1,3.134764901631928,3.20247660925801,bls_employment_2023-11-03
USDJPY,2023-10-20 13:30:00+00:00,2,1.2668820383074646,0.5334720361904266,bls_employment_2023-11-03
USDJPY,2023-10-13 13:30:00+00:00,3,6.755197913295895,3.0103053011355665,bls_employment_2023-11-03
USDJPY,2023-09-29 13:30:00+00:00,5,3.3513861646731553,5.027500533233867,bls_employment_2023-11-03
USDCHF,2023-10-27 13:30:00+00:00,1,1.5537428586839768,2.663411401829583,bls_employment_2023-11-03
USDCHF,2023-10-20 13:30:00+00:00,2,0.5598383188390232,5.3757420938454885,bls_employment_2023-11-03
USDCHF,2023-10-13 13:30:00+00:00,3,11.042647823678726,0.8838607041287075,bls_employment_2023-11-03
USDCHF,2023-09-29 13:30:00+00:00,5,6.7969788950449725,11.404010183682828,bls_employment_2023-11-03
USDCAD,2023-10-27 13:30:00+00:00,1,1.2294741120788444,4.91940861268079,bls_employment_2023-11-03
USDCAD,2023-10-20 13:30:00+00:00,2,3.649022467381649,12.270477897003307,bls_employment_2023-11-03
USDCAD,2023-10-13 13:30:00+00:00,3,7.097102558357486,0.1463828790608104,bls_employment_2023-11-03
USDCAD,2023-09-29 13:30:00+00:00,5,5.585115440579796,0.07444713694953663,bls_employment_2023-11-03
EURJPY,2023-10-27 13:30:00+00:00,1,3.7321576415826994,12.329795085398297,bls_employment_2023-11-03
EURJPY,2023-10-20 13:30:00+00:00,2,9.082022635551297,8.12898026067135,bls_employment_2023-11-03
EURJPY,2023-10-13 13:30:00+00:00,3,1.332872119239804,0.25386670729828453,bls_employment_2023-11-03
EURJPY,2023-09-29 13:30:00+00:00,5,4.870504762793557,0.4428711973093378,bls_employment_2023-11-03
XAUUSD,2023-10-27 13:30:00+00:00,1,1.7129283307340424,18.70695677700651,bls_employment_2023-11-03
XAUUSD,2023-10-20 13:30:00+00:00,2,4.556419947856682,19.467949777568112,bls_employment_2023-11-03
XAUUSD,2023-10-13 13:30:00+00:00,3,89.8738867599598,32.258488377732895,bls_employment_2023-11-03
XAUUSD,2023-09-29 13:30:00+00:00,5,2.6746478316935067,28.581674842620146,bls_employment_2023-11-03
XAGUSD,2023-10-27 13:30:00+00:00,1,9.215174972504887,13.606340019131165,bls_employment_2023-11-03
XAGUSD,2023-10-20 13:30:00+00:00,2,27.721246149317068,3.027354331696117,bls_employment_2023-11-03
XAGUSD,2023-10-13 13:30:00+00:00,3,129.92396329815023,55.411627474441225,bls_employment_2023-11-03
XAGUSD,2023-09-29 13:30:00+00:00,5,22.563578088018954,110.34594723709068,bls_employment_2023-11-03
SPXUSD,2023-10-27 13:30:00+00:00,1,11.35273727929282,2.5678708003931687,bls_employment_2023-11-03
SPXUSD,2023-10-20 13:30:00+00:00,2,6.4444586754725925,7.608269520967299,bls_employment_2023-11-03
SPXUSD,2023-10-13 13:30:00+00:00,3,15.364856248435974,18.79080647781991,bls_employment_2023-11-03
SPXUSD,2023-09-29 13:30:00+00:00,5,2.7218306595062605,14.884114847684943,bls_employment_2023-11-03
NSXUSD,2023-10-27 13:30:00+00:00,1,15.976605361756382,2.1847614172889402,bls_employment_2023-11-03
NSXUSD,2023-10-20 13:30:00+00:00,2,8.485848487836652,6.875869563882476,bls_employment_2023-11-03
NSXUSD,2023-10-13 13:30:00+00:00,3,16.167811910765092,21.038371552182095,bls_employment_2023-11-03
NSXUSD,2023-09-29 13:30:00+00:00,5,7.458322834689383,18.867314556483308,bls_employment_2023-11-03
GRXEUR,2023-10-27 13:30:00+00:00,1,19.817192326081415,25.118030768438068,bls_employment_2023-11-03
GRXEUR,2023-10-20 13:30:00+00:00,2,2.848703636176308,9.95453928677648,bls_employment_2023-11-03
GRXEUR,2023-10-13 13:30:00+00:00,3,19.149033641298622,28.774795199886313,bls_employment_2023-11-03
GRXEUR,2023-09-29 13:30:00+00:00,5,2.3999825225365066,7.05403897903792,bls_employment_2023-11-03
UKXGBP,2023-10-27 13:30:00+00:00,1,13.61598547296205,5.1789303877057815,bls_employment_2023-11-03
UKXGBP,2023-10-20 13:30:00+00:00,2,1.067888879087333,3.2030021911971884,bls_employment_2023-11-03
UKXGBP,2023-10-13 13:30:00+00:00,3,10.100458900285483,26.63683183689791,bls_employment_2023-11-03
UKXGBP,2023-09-29 13:30:00+00:00,5,2.305955941636735,8.233330422331667,bls_employment_2023-11-03
BCOUSD,2023-10-27 13:30:00+00:00,1,15.23865720640208,49.75247151820612,bls_employment_2023-11-03
BCOUSD,2023-10-20 13:30:00+00:00,2,1.609692498552595,22.512149983324935,bls_employment_2023-11-03
BCOUSD,2023-10-13 13:30:00+00:00,3,4.465132967703373,5.025658885883946,bls_employment_2023-11-03
BCOUSD,2023-09-29 13:30:00+00:00,5,2.6597018099123515,20.76998792159261,bls_employment_2023-11-03
EURUSD,2023-11-07 13:30:00+00:00,1,4.963360203033477,7.399117126537443,bls_cpi_2023-11-14
EURUSD,2023-10-31 13:30:00+00:00,2,3.2054001839436803,6.885655942109761,bls_cpi_2023-11-14
EURUSD,2023-10-24 13:30:00+00:00,3,1.1293373625021688,10.358206508262699,bls_cpi_2023-11-14
EURUSD,2023-10-17 13:30:00+00:00,4,27.087454052917632,6.731357475923034,bls_cpi_2023-11-14
GBPUSD,2023-11-07 13:30:00+00:00,1,6.178861985199884,5.202998345104669,bls_cpi_2023-11-14
GBPUSD,2023-10-31 13:30:00+00:00,2,5.436349542891112,5.192001138550053,bls_cpi_2023-11-14
GBPUSD,2023-10-24 13:30:00+00:00,3,3.6028954567456277,7.783408624510819,bls_cpi_2023-11-14
GBPUSD,2023-10-17 13:30:00+00:00,4,28.95238864309941,3.129581155816997,bls_cpi_2023-11-14
AUDUSD,2023-11-07 13:30:00+00:00,1,4.989164262582944,0.7793928533619546,bls_cpi_2023-11-14
AUDUSD,2023-10-31 13:30:00+00:00,2,8.840477330047547,1.7371392518704352,bls_cpi_2023-11-14
AUDUSD,2023-10-24 13:30:00+00:00,3,0.15717462887537365,3.143962046836048,bls_cpi_2023-11-14
AUDUSD,2023-10-17 13:30:00+00:00,4,33.38533202771112,4.5734472761149405,bls_cpi_2023-11-14
NZDUSD,2023-11-07 13:30:00+00:00,1,8.958377949627828,1.3515111604711891,bls_cpi_2023-11-14
NZDUSD,2023-10-31 13:30:00+00:00,2,9.624474404530163,1.891252960719847,bls_cpi_2023-11-14
NZDUSD,2023-10-24 13:30:00+00:00,3,2.5646505804168895,1.1970620690982217,bls_cpi_2023-11-14
NZDUSD,2023-10-17 13:30:00+00:00,4,37.219305208647334,7.148693114895931,bls_cpi_2023-11-14
USDJPY,2023-11-07 13:30:00+00:00,1,2.523022594436406,0.2656113044340636,bls_cpi_2023-11-14
USDJPY,2023-10-31 13:30:00+00:00,2,0.06623810612086271,7.548269553511279,bls_cpi_2023-11-14
USDJPY,2023-10-24 13:30:00+00:00,3,0.8011108741737899,1.2683959147950368,bls_cpi_2023-11-14
USDJPY,2023-10-17 13:30:00+00:00,4,15.506573347931198,3.6058415022399783,bls_cpi_2023-11-14
USDCHF,2023-11-07 13:30:00+00:00,1,6.214350911309726,0.7770050897743578,bls_cpi_2023-11-14
USDCHF,2023-10-31 13:30:00+00:00,2,7.949126014763421,8.824957551072854,bls_cpi_2023-11-14
USDCHF,2023-10-24 13:30:00+00:00,3,0.8951750073111397,3.9157991807287518,bls_cpi_2023-11-14
USDCHF,2023-10-17 13:30:00+00:00,4,27.629384597674566,5.098478325532523,bls_cpi_2023-11-14
USDCAD,2023-11-07 13:30:00+00:00,1,1.8908540898785153,3.635940585156516,bls_cpi_2023-11-14
USDCAD,2023-10-31 13:30:00+00:00,2,5.046536380883928,3.748612336462365,bls_cpi_2023-11-14
USDCAD,2023-10-24 13:30:00+00:00,3,0.07301002062602159,7.809050867389251,bls_cpi_2023-11-14
USDCAD,2023-10-17 13:30:00+00:00,4,46.12149087640578,6.21034078198604,bls_cpi_2023-11-14
EURJPY,2023-11-07 13:30:00+00:00,1,2.238444042028312,6.841264283641687,bls_cpi_2023-11-14
EURJPY,2023-10-31 13:30:00+00:00,2,3.1848028969875695,0.8119088293282583,bls_cpi_2023-11-14
EURJPY,2023-10-24 13:30:00+00:00,3,1.8848128122543024,9.1149400167261,bls_cpi_2023-11-14
EURJPY,2023-10-17 13:30:00+00:00,4,11.458199404488182,10.31929768414734,bls_cpi_2023-11-14
XAUUSD,2023-11-07 13:30:00+00:00,1,19.25352757398257,22.950628561859705,bls_cpi_2023-11-14
XAUUSD,2023-10-31 13:30:00+00:00,2,9.11693533770445,26.67615843910557,bls_cpi_2023-11-14
XAUUSD,2023-10-24 13:30:00+00:00,3,1.9999475907372393,3.765472191447411,bls_cpi_2023-11-14
XAUUSD,2023-10-17 13:30:00+00:00,4,29.74416152036326,27.237279909638318,bls_cpi_2023-11-14
XAGUSD,2023-11-07 13:30:00+00:00,1,49.76903269752875,9.747021284723955,bls_cpi_2023-11-14
XAGUSD,2023-10-31 13:30:00+00:00,2,39.03544165614153,62.81563748321193,bls_cpi_2023-11-14
XAGUSD,2023-10-24 13:30:00+00:00,3,17.93251732549877,9.18093054192247,bls_cpi_2023-11-14
XAGUSD,2023-10-17 13:30:00+00:00,4,52.00311397693305,17.217407074263903,bls_cpi_2023-11-14
SPXUSD,2023-11-07 13:30:00+00:00,1,7.978082152272334,5.748441091458944,bls_cpi_2023-11-14
SPXUSD,2023-10-31 13:30:00+00:00,2,14.905291520423361,16.469889318587125,bls_cpi_2023-11-14
SPXUSD,2023-10-24 13:30:00+00:00,3,1.7747251608943682,1.7110841527489353,bls_cpi_2023-11-14
SPXUSD,2023-10-17 13:30:00+00:00,4,13.170740831948908,15.825980981320896,bls_cpi_2023-11-14
NSXUSD,2023-11-07 13:30:00+00:00,1,7.978711190318382,9.13239423045013,bls_cpi_2023-11-14
NSXUSD,2023-10-31 13:30:00+00:00,2,27.87692928300123,13.690571712332053,bls_cpi_2023-11-14
NSXUSD,2023-10-24 13:30:00+00:00,3,1.9585922381718077,1.1018767352524603,bls_cpi_2023-11-14
NSXUSD,2023-10-17 13:30:00+00:00,4,18.520992080427224,26.28551832428171,bls_cpi_2023-11-14
GRXEUR,2023-11-07 13:30:00+00:00,1,11.73649815746578,14.470529558539306,bls_cpi_2023-11-14
GRXEUR,2023-10-31 13:30:00+00:00,2,8.683192082229416,1.2093378667797683,bls_cpi_2023-11-14
GRXEUR,2023-10-24 13:30:00+00:00,3,7.398531334494863,0.07395767747363496,bls_cpi_2023-11-14
GRXEUR,2023-10-17 13:30:00+00:00,4,9.733989265526372,29.13746492344822,bls_cpi_2023-11-14
UKXGBP,2023-11-07 13:30:00+00:00,1,1.9303268014243973,6.190168528740958,bls_cpi_2023-11-14
UKXGBP,2023-10-31 13:30:00+00:00,2,16.19491205296291,9.026173443898172,bls_cpi_2023-11-14
UKXGBP,2023-10-24 13:30:00+00:00,3,11.28528424039427,6.656492298886159,bls_cpi_2023-11-14
UKXGBP,2023-10-17 13:30:00+00:00,4,5.267356305175491,12.598075423091414,bls_cpi_2023-11-14
BCOUSD,2023-11-07 13:30:00+00:00,1,33.606215166159764,10.778056921605897,bls_cpi_2023-11-14
BCOUSD,2023-10-31 13:30:00+00:00,2,56.01737900021571,13.889212631199333,bls_cpi_2023-11-14
BCOUSD,2023-10-24 13:30:00+00:00,3,0.0,6.674973547944854,bls_cpi_2023-11-14
BCOUSD,2023-10-17 13:30:00+00:00,4,18.92084973694068,7.795274231574712,bls_cpi_2023-11-14
EURUSD,2023-12-01 13:30:00+00:00,1,5.4233176405919545,6.346257530735487,bls_employment_2023-12-08
EURUSD,2023-11-24 13:30:00+00:00,2,1.099605975635328,6.228817642076732,bls_employment_2023-12-08
EURUSD,2023-11-17 13:30:00+00:00,3,4.414158484784853,2.0229141066102687,bls_employment_2023-12-08
EURUSD,2023-11-10 13:30:00+00:00,4,1.310726425183738,4.492615339224103,bls_employment_2023-12-08
GBPUSD,2023-12-01 13:30:00+00:00,1,3.9556962541142173,5.461431743190054,bls_employment_2023-12-08
GBPUSD,2023-11-24 13:30:00+00:00,2,4.216908273126039,4.294644485356437,bls_employment_2023-12-08
GBPUSD,2023-11-17 13:30:00+00:00,3,4.264443856442433,5.23023085286926,bls_employment_2023-12-08
GBPUSD,2023-11-10 13:30:00+00:00,4,0.49130794372826747,6.6302957821783295,bls_employment_2023-12-08
AUDUSD,2023-12-01 13:30:00+00:00,1,3.4761318559669268,6.04832631012996,bls_employment_2023-12-08
AUDUSD,2023-11-24 13:30:00+00:00,2,1.8277358972516362,4.263418412504635,bls_employment_2023-12-08
AUDUSD,2023-11-17 13:30:00+00:00,3,6.456075852561041,10.147134305465702,bls_employment_2023-12-08
AUDUSD,2023-11-10 13:30:00+00:00,4,0.6292276232988803,6.762122935156593,bls_employment_2023-12-08
NZDUSD,2023-12-01 13:30:00+00:00,1,4.539191129249189,13.305210465186914,bls_employment_2023-12-08
NZDUSD,2023-11-24 13:30:00+00:00,2,2.47416560027604,8.078010940684612,bls_employment_2023-12-08
NZDUSD,2023-11-17 13:30:00+00:00,3,3.510267568576973,12.37499739852112,bls_employment_2023-12-08
NZDUSD,2023-11-10 13:30:00+00:00,4,1.0181398593575326,6.61538355183489,bls_employment_2023-12-08
USDJPY,2023-12-01 13:30:00+00:00,1,5.87557970715915,2.63276032938269,bls_employment_2023-12-08
USDJPY,2023-11-24 13:30:00+00:00,2,0.5347021710184742,2.1390946363543146,bls_employment_2023-12-08
USDJPY,2023-11-17 13:30:00+00:00,3,3.0136720482317756,19.338677011936614,bls_employment_2023-12-08
USDJPY,2023-11-10 13:30:00+00:00,4,1.4528068915023786,3.1704933024683357,bls_employment_2023-12-08
USDCHF,2023-12-01 13:30:00+00:00,1,5.822615888990667,1.4836541287069116,bls_employment_2023-12-08
USDCHF,2023-11-24 13:30:00+00:00,2,0.11322015092382755,4.529806201754617,bls_employment_2023-12-08
USDCHF,2023-11-17 13:30:00+00:00,3,6.88017802812914,4.9632271018391405,bls_employment_2023-12-08
USDCHF,2023-11-10 13:30:00+00:00,4,2.659545011853183,6.541056447499937,bls_employment_2023-12-08
USDCAD,2023-12-01 13:30:00+00:00,1,10.267358460856599,1.1086187730087174,bls_employment_2023-12-08
USDCAD,2023-11-24 13:30:00+00:00,2,14.332726402419445,3.5131891335385825,bls_employment_2023-12-08
USDCAD,2023-11-17 13:30:00+00:00,3,2.041738985348584,4.957786012689289,bls_employment_2023-12-08
USDCAD,2023-11-10 13:30:00+00:00,4,2.751051570608864,5.9339022936775265,bls_employment_2023-12-08
EURJPY,2023-12-01 13:30:00+00:00,1,0.1862318773169491,3.911597937612495,bls_employment_2023-12-08
EURJPY,2023-11-24 13:30:00+00:00,2,0.612456133021917,3.9800508134953714,bls_employment_2023-12-08
EURJPY,2023-11-17 13:30:00+00:00,3,1.5396980374636235,17.16696366442641,bls_employment_2023-12-08
EURJPY,2023-11-10 13:30:00+00:00,4,0.1854788600531767,1.5455520588165457,bls_employment_2023-12-08
XAUUSD,2023-12-01 13:30:00+00:00,1,7.755838743364965,8.540904824253497,bls_employment_2023-12-08
XAUUSD,2023-11-24 13:30:00+00:00,2,18.813786644067356,1.3998075287503948,bls_employment_2023-12-08
XAUUSD,2023-11-17 13:30:00+00:00,3,1.8092952593036196,25.007308923404157,bls_employment_2023-12-08
XAUUSD,2023-11-10 13:30:00+00:00,4,10.387394135380841,1.2335811647795356,bls_employment_2023-12-08
XAGUSD,2023-12-01 13:30:00+00:00,1,5.175674446182881,57.943568079686266,bls_employment_2023-12-08
XAGUSD,2023-11-24 13:30:00+00:00,2,48.621103412290374,22.97075372615107,bls_employment_2023-12-08
XAGUSD,2023-11-17 13:30:00+00:00,3,4.160426087636912,61.358848461222536,bls_employment_2023-12-08
XAGUSD,2023-11-10 13:30:00+00:00,4,24.037403071823956,6.687323313793381,bls_employment_2023-12-08
SPXUSD,2023-12-01 13:30:00+00:00,1,0.4209720376521411,6.112668712293818,bls_employment_2023-12-08
SPXUSD,2023-11-24 13:30:00+00:00,2,1.1101296932489022,3.264219510890463,bls_employment_2023-12-08
SPXUSD,2023-11-17 13:30:00+00:00,3,0.03978058795779232,15.918236240572536,bls_employment_2023-12-08
SPXUSD,2023-11-10 13:30:00+00:00,4,4.56655730690949,9.688138747846903,bls_employment_2023-12-08
NSXUSD,2023-12-01 13:30:00+00:00,1,1.2571106121158935,7.256616462745244,bls_employment_2023-12-08
NSXUSD,2023-11-24 13:30:00+00:00,2,1.9949152865042818,10.101807188289463,bls_employment_2023-12-08
NSXUSD,2023-11-17 13:30:00+00:00,3,1.6588942568010825,15.063742504259562,bls_employment_2023-12-08
NSXUSD,2023-11-10 13:30:00+00:00,4,5.165707259101103,16.366729659630355,bls_employment_2023-12-08
GRXEUR,2023-12-01 13:30:00+00:00,1,2.248015624773518,11.452284880214107,bls_employment_2023-12-08
GRXEUR,2023-11-24 13:30:00+00:00,2,4.630309953609127,11.548856262766682,bls_employment_2023-12-08
GRXEUR,2023-11-17 13:30:00+00:00,3,2.2356082238131414,9.19915755406713,bls_employment_2023-12-08
GRXEUR,2023-11-10 13:30:00+00:00,4,7.197538657275467,4.739919067091866,bls_employment_2023-12-08
UKXGBP,2023-12-01 13:30:00+00:00,1,2.1568760839678376,12.519864494519755,bls_employment_2023-12-08
UKXGBP,2023-11-24 13:30:00+00:00,2,3.3578595121741706,18.594244172926093,bls_employment_2023-12-08
UKXGBP,2023-11-17 13:30:00+00:00,3,3.571951439929811,0.23380941607817046,bls_employment_2023-12-08
UKXGBP,2023-11-10 13:30:00+00:00,4,8.448658607522116,8.193233646267213,bls_employment_2023-12-08
BCOUSD,2023-12-01 13:30:00+00:00,1,5.567894428090904,14.862892577294827,bls_employment_2023-12-08
BCOUSD,2023-11-24 13:30:00+00:00,2,29.51741209419657,12.924589904843057,bls_employment_2023-12-08
BCOUSD,2023-11-17 13:30:00+00:00,3,0.6351182274711635,22.88970708700534,bls_employment_2023-12-08
BCOUSD,2023-11-10 13:30:00+00:00,4,7.422711362294784,14.222026747774777,bls_employment_2023-12-08
EURUSD,2023-12-05 13:30:00+00:00,1,6.651270453058445,0.9234377748012059,bls_cpi_2023-12-12
EURUSD,2023-11-28 13:30:00+00:00,2,1.0948605432311385,11.945744039956388,bls_cpi_2023-12-12
EURUSD,2023-11-21 13:30:00+00:00,3,2.190160711797035,9.496243306107317,bls_cpi_2023-12-12
EURUSD,2023-11-07 13:30:00+00:00,5,4.963360203033477,7.399117126537443,bls_cpi_2023-12-12
GBPUSD,2023-12-05 13:30:00+00:00,1,3.9582014449662264,1.5037058463152764,bls_cpi_2023-12-12
GBPUSD,2023-11-28 13:30:00+00:00,2,2.3747140560087807,9.25600024945072,bls_cpi_2023-12-12
GBPUSD,2023-11-21 13:30:00+00:00,3,3.4255715263699096,7.33307328471212,bls_cpi_2023-12-12
GBPUSD,2023-11-07 13:30:00+00:00,5,6.178861985199884,5.202998345104669,bls_cpi_2023-12-12
AUDUSD,2023-12-05 13:30:00+00:00,1,2.895613166314502,1.8287107640108364,bls_cpi_2023-12-12
AUDUSD,2023-11-28 13:30:00+00:00,2,1.9651859809420105,12.386895645666682,bls_cpi_2023-12-12
AUDUSD,2023-11-21 13:30:00+00:00,3,3.9496271154040103,18.553727472863603,bls_cpi_2023-12-12
AUDUSD,2023-11-07 13:30:00+00:00,5,4.989164262582944,0.7793928533619546,bls_cpi_2023-12-12
NZDUSD,2023-12-05 13:30:00+00:00,1,0.325748815116919,2.9321214108318667,bls_cpi_2023-12-12
NZDUSD,2023-11-28 13:30:00+00:00,2,1.8042103758222807,13.603102949070049,bls_cpi_2023-12-12
NZDUSD,2023-11-21 13:30:00+00:00,3,4.1118759779660605,19.92540983475934,bls_cpi_2023-12-12
NZDUSD,2023-11-07 13:30:00+00:00,5,8.958377949627828,1.3515111604711891,bls_cpi_2023-12-12
USDJPY,2023-12-05 13:30:00+00:00,1,7.078248973458064,3.94966228712727,bls_cpi_2023-12-12
USDJPY,2023-11-28 13:30:00+00:00,2,3.5029573401612266,11.39309324339127,bls_cpi_2023-12-12
USDJPY,2023-11-21 13:30:00+00:00,3,6.5795054178680425,10.504665375833032,bls_cpi_2023-12-12
USDJPY,2023-11-07 13:30:00+00:00,5,2.523022594436406,0.2656113044340636,bls_cpi_2023-12-12
USDCHF,2023-12-05 13:30:00+00:00,1,3.3202622167233655,1.7178096823641684,bls_cpi_2023-12-12
USDCHF,2023-11-28 13:30:00+00:00,2,0.6819034200104401,11.827053485893224,bls_cpi_2023-12-12
USDCHF,2023-11-21 13:30:00+00:00,3,1.926356529223825,1.8127025178219613,bls_cpi_2023-12-12
USDCHF,2023-11-07 13:30:00+00:00,5,6.214350911309726,0.7770050897743578,bls_cpi_2023-12-12
USDCAD,2023-12-05 13:30:00+00:00,1,0.7360734899088425,1.913903780650468,bls_cpi_2023-12-12
USDCAD,2023-11-28 13:30:00+00:00,2,2.941847059879792,4.782348076859488,bls_cpi_2023-12-12
USDCAD,2023-11-21 13:30:00+00:00,3,9.774744008904717,2.9188345301047702,bls_cpi_2023-12-12
USDCAD,2023-11-07 13:30:00+00:00,5,1.8908540898785153,3.635940585156516,bls_cpi_2023-12-12
EURJPY,2023-12-05 13:30:00+00:00,1,0.4401145556026925,2.955556625139905,bls_cpi_2023-12-12
EURJPY,2023-11-28 13:30:00+00:00,2,4.671116604707838,0.6762177300722456,bls_cpi_2023-12-12
EURJPY,2023-11-21 13:30:00+00:00,3,3.899637011788336,1.2995411400402979,bls_cpi_2023-12-12
EURJPY,2023-11-07 13:30:00+00:00,5,2.238444042028312,6.841264283641687,bls_cpi_2023-12-12
XAUUSD,2023-12-05 13:30:00+00:00,1,18.58315137092788,4.925853688454539,bls_cpi_2023-12-12
XAUUSD,2023-11-28 13:30:00+00:00,2,8.534815865866044,33.22624114555769,bls_cpi_2023-12-12
XAUUSD,2023-11-21 13:30:00+00:00,3,15.471663410692809,3.5028110416470146,bls_cpi_2023-12-12
XAUUSD,2023-11-07 13:30:00+00:00,5,19.25352757398257,22.950628561859705,bls_cpi_2023-12-12
XAGUSD,2023-12-05 13:30:00+00:00,1,66.91171435351644,59.95490765631152,bls_cpi_2023-12-12
XAGUSD,2023-11-28 13:30:00+00:00,2,19.07893980267455,40.87667832295723,bls_cpi_2023-12-12
XAGUSD,2023-11-21 13:30:00+00:00,3,26.043869211386035,24.36157118832395,bls_cpi_2023-12-12
XAGUSD,2023-11-07 13:30:00+00:00,5,49.76903269752875,9.747021284723955,bls_cpi_2023-12-12
SPXUSD,2023-12-05 13:30:00+00:00,1,4.450102965611073,10.402028663872663,bls_cpi_2023-12-12
SPXUSD,2023-11-28 13:30:00+00:00,2,0.7196530087201337,2.5964824410210854,bls_cpi_2023-12-12
SPXUSD,2023-11-21 13:30:00+00:00,3,0.5000087557648817,10.434879755152997,bls_cpi_2023-12-12
SPXUSD,2023-11-07 13:30:00+00:00,5,7.978082152272334,5.748441091458944,bls_cpi_2023-12-12
NSXUSD,2023-12-05 13:30:00+00:00,1,3.1179815960891504,6.034047293903703,bls_cpi_2023-12-12
NSXUSD,2023-11-28 13:30:00+00:00,2,0.7529794931490332,7.984368373951672,bls_cpi_2023-12-12
NSXUSD,2023-11-21 13:30:00+00:00,3,0.5946619142206137,17.291949163225738,bls_cpi_2023-12-12
NSXUSD,2023-11-07 13:30:00+00:00,5,7.978711190318382,9.13239423045013,bls_cpi_2023-12-12
GRXEUR,2023-12-05 13:30:00+00:00,1,6.665950941018977,3.5570493109511254,bls_cpi_2023-12-12
GRXEUR,2023-11-28 13:30:00+00:00,2,7.287959345798499,4.865738013979008,bls_cpi_2023-12-12
GRXEUR,2023-11-21 13:30:00+00:00,3,2.263353158114309,2.2171571563308756,bls_cpi_2023-12-12
GRXEUR,2023-11-07 13:30:00+00:00,5,11.73649815746578,14.470529558539306,bls_cpi_2023-12-12
UKXGBP,2023-12-05 13:30:00+00:00,1,7.651218836826015,0.2073635880451131,bls_cpi_2023-12-12
UKXGBP,2023-11-28 13:30:00+00:00,2,10.47965173780429,8.129414917421272,bls_cpi_2023-12-12
UKXGBP,2023-11-21 13:30:00+00:00,3,6.0612464212827275,0.05769605303306438,bls_cpi_2023-12-12
UKXGBP,2023-11-07 13:30:00+00:00,5,1.9303268014243973,6.190168528740958,bls_cpi_2023-12-12
BCOUSD,2023-12-05 13:30:00+00:00,1,38.10611014183237,14.171972791204778,bls_cpi_2023-12-12
BCOUSD,2023-11-28 13:30:00+00:00,2,35.01404137438196,47.944998786638166,bls_cpi_2023-12-12
BCOUSD,2023-11-21 13:30:00+00:00,3,4.887406472908889,11.617172708724686,bls_cpi_2023-12-12
BCOUSD,2023-11-07 13:30:00+00:00,5,33.606215166159764,10.778056921605897,bls_cpi_2023-12-12
EURUSD,2023-12-29 13:30:00+00:00,1,3.4378873616269905,0.18097418403698343,bls_employment_2024-01-05
EURUSD,2023-12-22 13:30:00+00:00,2,2.9048656703911733,14.243918124218409,bls_employment_2024-01-05
EURUSD,2023-12-15 13:30:00+00:00,3,16.094080670602896,9.339120604078653,bls_employment_2024-01-05
EURUSD,2023-12-01 13:30:00+00:00,5,5.4233176405919545,6.346257530735487,bls_employment_2024-01-05
GBPUSD,2023-12-29 13:30:00+00:00,1,2.907490738121808,3.6945183986703145,bls_employment_2024-01-05
GBPUSD,2023-12-22 13:30:00+00:00,2,4.8762840536509175,18.862739903373438,bls_employment_2024-01-05
GBPUSD,2023-12-15 13:30:00+00:00,3,9.734882262313596,14.226821919445728,bls_employment_2024-01-05
GBPUSD,2023-12-01 13:30:00+00:00,5,3.9556962541142173,5.461431743190054,bls_employment_2024-01-05
AUDUSD,2023-12-29 13:30:00+00:00,1,6.479545480433731,4.420280317740061,bls_employment_2024-01-05
AUDUSD,2023-12-22 13:30:00+00:00,2,7.198736859155779,16.886811011409584,bls_employment_2024-01-05
AUDUSD,2023-12-15 13:30:00+00:00,3,17.92061648619499,28.590051881386955,bls_employment_2024-01-05
AUDUSD,2023-12-01 13:30:00+00:00,5,3.4761318559669268,6.04832631012996,bls_employment_2024-01-05
NZDUSD,2023-12-29 13:30:00+00:00,1,1.58473582785447,2.21905215683125,bls_employment_2024-01-05
NZDUSD,2023-12-22 13:30:00+00:00,2,4.602699802714262,14.435854182541753,bls_employment_2024-01-05
NZDUSD,2023-12-15 13:30:00+00:00,3,18.366661626054672,24.541474471920818,bls_employment_2024-01-05
NZDUSD,2023-12-01 13:30:00+00:00,5,4.539191129249189,13.305210465186914,bls_employment_2024-01-05
USDJPY,2023-12-29 13:30:00+00:00,1,7.98002916570681,9.031639574163684,bls_employment_2024-01-05
USDJPY,2023-12-22 13:30:00+00:00,2,8.297238480175707,19.910865031422492,bls_employment_2024-01-05
USDJPY,2023-12-15 13:30:00+00:00,3,23.952950971203308,13.079434807891847,bls_employment_2024-01-05
USDJPY,2023-12-01 13:30:00+00:00,5,5.87557970715915,2.63276032938269,bls_employment_2024-01-05
USDCHF,2023-12-29 13:30:00+00:00,1,5.013309247127666,17.288562261630304,bls_employment_2024-01-05
USDCHF,2023-12-22 13:30:00+00:00,2,3.8598071745269587,26.229216100675416,bls_employment_2024-01-05
USDCHF,2023-12-15 13:30:00+00:00,3,10.82712415286252,5.4091692489858705,bls_employment_2024-01-05
USDCHF,2023-12-01 13:30:00+00:00,5,5.822615888990667,1.4836541287069116,bls_employment_2024-01-05
USDCAD,2023-12-29 13:30:00+00:00,1,3.6970948046849346,0.6034775395041004,bls_employment_2024-01-05
USDCAD,2023-12-22 13:30:00+00:00,2,6.779661276630534,13.111494780052366,bls_employment_2024-01-05
USDCAD,2023-12-15 13:30:00+00:00,3,3.4350660841248555,6.791982736294138,bls_employment_2024-01-05
USDCAD,2023-12-01 13:30:00+00:00,5,10.267358460856599,1.1086187730087174,bls_employment_2024-01-05
EURJPY,2023-12-29 13:30:00+00:00,1,3.960952724790215,9.002136220955277,bls_employment_2024-01-05
EURJPY,2023-12-22 13:30:00+00:00,2,5.107969820799097,5.618910334662081,bls_employment_2024-01-05
EURJPY,2023-12-15 13:30:00+00:00,3,7.473119666453634,4.056338083787076,bls_employment_2024-01-05
EURJPY,2023-12-01 13:30:00+00:00,5,0.1862318773169491,3.911597937612495,bls_employment_2024-01-05
XAUUSD,2023-12-29 13:30:00+00:00,1,9.155145467556826,14.85497037983545,bls_employment_2024-01-05
XAUUSD,2023-12-22 13:30:00+00:00,2,6.454556267105199,37.22863298525681,bls_employment_2024-01-05
XAUUSD,2023-12-15 13:30:00+00:00,3,17.510132881514707,25.51071948396529,bls_employment_2024-01-05
XAUUSD,2023-12-01 13:30:00+00:00,5,7.755838743364965,8.540904824253497,bls_employment_2024-01-05
XAGUSD,2023-12-29 13:30:00+00:00,1,28.704114263040967,31.754795191449958,bls_employment_2024-01-05
XAGUSD,2023-12-22 13:30:00+00:00,2,0.8188666889621573,13.092755849271468,bls_employment_2024-01-05
XAGUSD,2023-12-15 13:30:00+00:00,3,4.979666465254438,59.08559610292734,bls_employment_2024-01-05
XAGUSD,2023-12-01 13:30:00+00:00,5,5.175674446182881,57.943568079686266,bls_employment_2024-01-05
SPXUSD,2023-12-29 13:30:00+00:00,1,1.0386152780880962,3.5885911611910966,bls_employment_2024-01-05
SPXUSD,2023-12-22 13:30:00+00:00,2,6.460027437628801,23.64678045775759,bls_employment_2024-01-05
SPXUSD,2023-12-15 13:30:00+00:00,3,6.775974554135522,12.499889132808711,bls_employment_2024-01-05
SPXUSD,2023-12-01 13:30:00+00:00,5,0.4209720376521411,6.112668712293818,bls_employment_2024-01-05
NSXUSD,2023-12-29 13:30:00+00:00,1,4.503890348347463,0.2011777299408406,bls_employment_2024-01-05
NSXUSD,2023-12-22 13:30:00+00:00,2,6.46743374436183,26.475652246985096,bls_employment_2024-01-05
NSXUSD,2023-12-15 13:30:00+00:00,3,1.3388310661863563,5.1398811924760315,bls_employment_2024-01-05
NSXUSD,2023-12-01 13:30:00+00:00,5,1.2571106121158935,7.256616462745244,bls_employment_2024-01-05
GRXEUR,2023-12-29 13:30:00+00:00,1,4.251098940288626,0.08941545184965903,bls_employment_2024-01-05
GRXEUR,2023-12-22 13:30:00+00:00,2,5.416543056527165,8.102778134163506,bls_employment_2024-01-05
GRXEUR,2023-12-15 13:30:00+00:00,3,4.4895418609543025,15.835808884101253,bls_employment_2024-01-05
GRXEUR,2023-12-01 13:30:00+00:00,5,2.248015624773518,11.452284880214107,bls_employment_2024-01-05
UKXGBP,2023-12-15 13:30:00+00:00,3,0.36741768909451145,15.124004275038741,bls_employment_2024-01-05
UKXGBP,2023-12-01 13:30:00+00:00,5,2.1568760839678376,12.519864494519755,bls_employment_2024-01-05
UKXGBP,2023-11-24 13:30:00+00:00,6,3.3578595121741706,18.594244172926093,bls_employment_2024-01-05
UKXGBP,2023-11-17 13:30:00+00:00,7,3.571951439929811,0.23380941607817046,bls_employment_2024-01-05
BCOUSD,2023-12-29 13:30:00+00:00,1,7.744634001389092,10.327512116817228,bls_employment_2024-01-05
BCOUSD,2023-12-22 13:30:00+00:00,2,22.609382472413174,26.938827600544137,bls_employment_2024-01-05
BCOUSD,2023-12-15 13:30:00+00:00,3,9.084067171959678,7.79291663352235,bls_employment_2024-01-05
BCOUSD,2023-12-01 13:30:00+00:00,5,5.567894428090904,14.862892577294827,bls_employment_2024-01-05
EURUSD,2024-01-04 13:30:00+00:00,1,8.862940243647612,6.305372111618438,bls_cpi_2024-01-11
EURUSD,2023-12-28 13:30:00+00:00,2,2.6991039138914728,32.71702715124331,bls_cpi_2024-01-11
EURUSD,2023-12-21 13:30:00+00:00,3,10.830539536682174,2.638294403467928,bls_cpi_2024-01-11
EURUSD,2023-12-14 13:30:00+00:00,4,9.798221536898561,33.4757430776322,bls_cpi_2024-01-11
GBPUSD,2024-01-04 13:30:00+00:00,1,8.909810447767422,2.998003982976542,bls_cpi_2024-01-11
GBPUSD,2023-12-28 13:30:00+00:00,2,8.070108522584478,21.560941509785927,bls_cpi_2024-01-11
GBPUSD,2023-12-21 13:30:00+00:00,3,15.080398738096655,6.7038668046916206,bls_cpi_2024-01-11
GBPUSD,2023-12-14 13:30:00+00:00,4,9.766856478978555,31.62891408508217,bls_cpi_2024-01-11
AUDUSD,2024-01-04 13:30:00+00:00,1,9.232785978719477,2.2350197892283488,bls_cpi_2024-01-11
AUDUSD,2023-12-28 13:30:00+00:00,2,2.1915246524646244,25.011897341175153,bls_cpi_2024-01-11
AUDUSD,2023-12-21 13:30:00+00:00,3,25.09559782408033,6.19423366166186,bls_cpi_2024-01-11
AUDUSD,2023-12-14 13:30:00+00:00,4,11.503956687140679,25.52983224633242,bls_cpi_2024-01-11
NZDUSD,2024-01-04 13:30:00+00:00,1,10.580484803710977,4.331608779074133,bls_cpi_2024-01-11
NZDUSD,2023-12-28 13:30:00+00:00,2,5.993407431430052,17.675098500486172,bls_cpi_2024-01-11
NZDUSD,2023-12-21 13:30:00+00:00,3,25.193749971636567,7.641243984200773,bls_cpi_2024-01-11
NZDUSD,2023-12-14 13:30:00+00:00,4,11.139903798965426,27.101599127188393,bls_cpi_2024-01-11
USDJPY,2024-01-04 13:30:00+00:00,1,9.766809558201162,9.75727980807322,bls_cpi_2024-01-11
USDJPY,2023-12-28 13:30:00+00:00,2,6.603308284260286,18.875293877924065,bls_cpi_2024-01-11
USDJPY,2023-12-21 13:30:00+00:00,3,24.7676841843347,10.6837616999905,bls_cpi_2024-01-11
USDJPY,2023-12-14 13:30:00+00:00,4,20.912923283694465,20.983411094590473,bls_cpi_2024-01-11
USDCHF,2024-01-04 13:30:00+00:00,1,16.321549825593415,11.26959090923259,bls_cpi_2024-01-11
USDCHF,2023-12-28 13:30:00+00:00,2,2.031439520874187,29.236821007531223,bls_cpi_2024-01-11
USDCHF,2023-12-21 13:30:00+00:00,3,16.080546008665074,5.129939136180856,bls_cpi_2024-01-11
USDCHF,2023-12-14 13:30:00+00:00,4,3.9069682423795036,14.256317157214783,bls_cpi_2024-01-11
USDCAD,2024-01-04 13:30:00+00:00,1,4.494516765297824,3.219828178849875,bls_cpi_2024-01-11
USDCAD,2023-12-28 13:30:00+00:00,2,0.1513752440940917,0.07568733561594948,bls_cpi_2024-01-11
USDCAD,2023-12-21 13:30:00+00:00,3,9.818066779565557,5.4753218119370874,bls_cpi_2024-01-11
USDCAD,2023-12-14 13:30:00+00:00,4,5.282639954697265,7.221641413180292,bls_cpi_2024-01-11
EURJPY,2024-01-04 13:30:00+00:00,1,1.0758914878882662,15.745395828600767,bls_cpi_2024-01-11
EURJPY,2023-12-28 13:30:00+00:00,2,9.773204951644635,13.237792948718036,bls_cpi_2024-01-11
EURJPY,2023-12-21 13:30:00+00:00,3,13.795484167562293,13.3025518302327,bls_cpi_2024-01-11
EURJPY,2023-12-14 13:30:00+00:00,4,11.671133327905569,12.301193993991472,bls_cpi_2024-01-11
XAUUSD,2024-01-04 13:30:00+00:00,1,12.487575262711195,6.862560347362833,bls_cpi_2024-01-11
XAUUSD,2023-12-28 13:30:00+00:00,2,5.088124057817182,23.560939267273678,bls_cpi_2024-01-11
XAUUSD,2023-12-21 13:30:00+00:00,3,29.989354751020084,3.0855687217278573,bls_cpi_2024-01-11
XAUUSD,2023-12-14 13:30:00+00:00,4,17.6690665123832,39.527589229633534,bls_cpi_2024-01-11
XAGUSD,2024-01-04 13:30:00+00:00,1,23.50484237028482,25.744532600293986,bls_cpi_2024-01-11
XAGUSD,2023-12-28 13:30:00+00:00,2,2.0568090736669213,59.00452430630496,bls_cpi_2024-01-11
XAGUSD,2023-12-21 13:30:00+00:00,3,43.74026945624601,17.720636810458327,bls_cpi_2024-01-11
XAGUSD,2023-12-14 13:30:00+00:00,4,31.157202780548605,26.178569312569735,bls_cpi_2024-01-11
SPXUSD,2024-01-04 13:30:00+00:00,1,7.4379055227875766,2.549286665357522,bls_cpi_2024-01-11
SPXUSD,2023-12-28 13:30:00+00:00,2,2.1077177536894673,6.263106465110785,bls_cpi_2024-01-11
SPXUSD,2023-12-21 13:30:00+00:00,3,21.135478279067637,4.766283200688403,bls_cpi_2024-01-11
SPXUSD,2023-12-14 13:30:00+00:00,4,0.5296005393850904,26.4379915624883,bls_cpi_2024-01-11
NSXUSD,2024-01-04 13:30:00+00:00,1,11.693636189191903,7.877006720365752,bls_cpi_2024-01-11
NSXUSD,2023-12-28 13:30:00+00:00,2,0.16507050367851867,8.257001270464055,bls_cpi_2024-01-11
NSXUSD,2023-12-21 13:30:00+00:00,3,26.135131331732897,10.493522961988331,bls_cpi_2024-01-11
NSXUSD,2023-12-14 13:30:00+00:00,4,4.04036906168519,15.652606631155498,bls_cpi_2024-01-11
GRXEUR,2024-01-04 13:30:00+00:00,1,10.792631530120245,2.0252614863154617,bls_cpi_2024-01-11
GRXEUR,2023-12-28 13:30:00+00:00,2,2.4058517612243357,3.602577353893515,bls_cpi_2024-01-11
GRXEUR,2023-12-21 13:30:00+00:00,3,0.005995716421104842,2.70969747825817,bls_cpi_2024-01-11
GRXEUR,2023-12-14 13:30:00+00:00,4,2.159586445218882,11.054063496489341,bls_cpi_2024-01-11
UKXGBP,2024-01-04 13:30:00+00:00,1,5.183397906091179,0.6539216940854393,bls_cpi_2024-01-11
UKXGBP,2023-12-28 13:30:00+00:00,2,3.9249846876726573,8.453889985061348,bls_cpi_2024-01-11
UKXGBP,2023-12-21 13:30:00+00:00,3,7.82035632041474,5.189462333064256,bls_cpi_2024-01-11
UKXGBP,2023-12-14 13:30:00+00:00,4,10.564741308482148,7.148852069027973,bls_cpi_2024-01-11
BCOUSD,2024-01-04 13:30:00+00:00,1,3.1763981183272594,8.256537423396795,bls_cpi_2024-01-11
BCOUSD,2023-12-28 13:30:00+00:00,2,17.817830175601745,36.80767723653013,bls_cpi_2024-01-11
BCOUSD,2023-12-21 13:30:00+00:00,3,35.16830040544595,21.04176608947669,bls_cpi_2024-01-11
BCOUSD,2023-12-14 13:30:00+00:00,4,4.606445156179171,51.840447875876976,bls_cpi_2024-01-11
EURUSD,2024-01-26 13:30:00+00:00,1,12.51460967763374,10.123321313654603,bls_employment_2024-02-02
EURUSD,2024-01-19 13:30:00+00:00,2,1.2861736352147854,5.053776886838619,bls_employment_2024-02-02
EURUSD,2024-01-12 13:30:00+00:00,3,15.88243681954272,8.029344032540001,bls_employment_2024-02-02
EURUSD,2023-12-29 13:30:00+00:00,5,3.4378873616269905,0.18097418403698343,bls_employment_2024-02-02
GBPUSD,2024-01-26 13:30:00+00:00,1,10.443783168931455,15.15169647335493,bls_employment_2024-02-02
GBPUSD,2024-01-19 13:30:00+00:00,2,1.1829233203455498,4.811996953222339,bls_employment_2024-02-02
GBPUSD,2024-01-12 13:30:00+00:00,3,16.083922294533824,0.7839816865892901,bls_employment_2024-02-02
GBPUSD,2023-12-29 13:30:00+00:00,5,2.907490738121808,3.6945183986703145,bls_employment_2024-02-02
AUDUSD,2024-01-26 13:30:00+00:00,1,13.191913906387324,19.554200908651886,bls_employment_2024-02-02
AUDUSD,2024-01-19 13:30:00+00:00,2,2.121951597153091,11.375271389268118,bls_employment_2024-02-02
AUDUSD,2024-01-12 13:30:00+00:00,3,41.36958444653298,9.841493122441003,bls_employment_2024-02-02
AUDUSD,2023-12-29 13:30:00+00:00,5,6.479545480433731,4.420280317740061,bls_employment_2024-02-02
NZDUSD,2024-01-26 13:30:00+00:00,1,15.884066057156689,18.66527491932843,bls_employment_2024-02-02
NZDUSD,2024-01-19 13:30:00+00:00,2,4.415769274215214,8.673666149427506,bls_employment_2024-02-02
NZDUSD,2024-01-12 13:30:00+00:00,3,39.0481716252023,9.108269179797723,bls_employment_2024-02-02
NZDUSD,2023-12-29 13:30:00+00:00,5,1.58473582785447,2.21905215683125,bls_employment_2024-02-02
USDJPY,2024-01-26 13:30:00+00:00,1,9.745138353622474,11.77657140118893,bls_employment_2024-02-02
USDJPY,2024-01-19 13:30:00+00:00,2,2.228472458886563,1.890435751068638,bls_employment_2024-02-02
USDJPY,2024-01-12 13:30:00+00:00,3,36.91972784379024,10.701871086893254,bls_employment_2024-02-02
USDJPY,2023-12-29 13:30:00+00:00,5,7.98002916570681,9.031639574163684,bls_employment_2024-02-02
USDCHF,2024-01-26 13:30:00+00:00,1,12.382039526539707,18.289158935248857,bls_employment_2024-02-02
USDCHF,2024-01-19 13:30:00+00:00,2,1.6116035490168132,3.56762670297189,bls_employment_2024-02-02
USDCHF,2024-01-12 13:30:00+00:00,3,19.340211972293147,1.8770530322607557,bls_employment_2024-02-02
USDCHF,2023-12-29 13:30:00+00:00,5,5.013309247127666,17.288562261630304,bls_employment_2024-02-02
USDCAD,2024-01-26 13:30:00+00:00,1,4.467277268842482,5.063065049411649,bls_employment_2024-02-02
USDCAD,2024-01-19 13:30:00+00:00,2,10.917801927459687,4.156029270769503,bls_employment_2024-02-02
USDCAD,2024-01-12 13:30:00+00:00,3,15.329111483198316,6.887052613817005,bls_employment_2024-02-02
USDCAD,2023-12-29 13:30:00+00:00,5,3.6970948046849346,0.6034775395041004,bls_employment_2024-02-02
EURJPY,2024-01-26 13:30:00+00:00,1,2.8023153535430203,1.4948893498284228,bls_employment_2024-02-02
EURJPY,2024-01-19 13:30:00+00:00,2,3.4121964639510263,2.7917104991426487,bls_employment_2024-02-02
EURJPY,2024-01-12 13:30:00+00:00,3,20.37057534528128,19.087882473970364,bls_employment_2024-02-02
EURJPY,2023-12-29 13:30:00+00:00,5,3.960952724790215,9.002136220955277,bls_employment_2024-02-02
XAUUSD,2024-01-26 13:30:00+00:00,1,13.719768139283751,23.949098743325575,bls_employment_2024-02-02
XAUUSD,2024-01-19 13:30:00+00:00,2,2.2920903596227657,10.32828364099313,bls_employment_2024-02-02
XAUUSD,2024-01-12 13:30:00+00:00,3,30.377079173907845,12.01806259752015,bls_employment_2024-02-02
XAUUSD,2023-12-29 13:30:00+00:00,5,9.155145467556826,14.85497037983545,bls_employment_2024-02-02
XAGUSD,2024-01-26 13:30:00+00:00,1,36.39955778569085,27.64068887151423,bls_employment_2024-02-02
XAGUSD,2024-01-19 13:30:00+00:00,2,5.277741249303691,15.409341107958065,bls_employment_2024-02-02
XAGUSD,2024-01-12 13:30:00+00:00,3,74.82248431222581,49.000742790383356,bls_employment_2024-02-02
XAGUSD,2023-12-29 13:30:00+00:00,5,28.704114263040967,31.754795191449958,bls_employment_2024-02-02
SPXUSD,2024-01-26 13:30:00+00:00,1,9.593574534279172,19.492442427971802,bls_employment_2024-02-02
SPXUSD,2024-01-19 13:30:00+00:00,2,2.01616826137675,12.399317013119886,bls_employment_2024-02-02
SPXUSD,2024-01-12 13:30:00+00:00,3,28.01601609618361,1.5332365660319278,bls_employment_2024-02-02
SPXUSD,2023-12-29 13:30:00+00:00,5,1.0386152780880962,3.5885911611910966,bls_employment_2024-02-02
NSXUSD,2024-01-26 13:30:00+00:00,1,15.00389306241896,21.862143872767632,bls_employment_2024-02-02
NSXUSD,2024-01-19 13:30:00+00:00,2,0.2659100639137988,12.865876362558868,bls_employment_2024-02-02
NSXUSD,2024-01-12 13:30:00+00:00,3,40.80582864748844,6.364387598863132,bls_employment_2024-02-02
NSXUSD,2023-12-29 13:30:00+00:00,5,4.503890348347463,0.2011777299408406,bls_employment_2024-02-02
GRXEUR,2024-01-26 13:30:00+00:00,1,2.363262388363839,15.954172138357603,bls_employment_2024-02-02
GRXEUR,2024-01-19 13:30:00+00:00,2,8.454999085531739,23.54208065317064,bls_employment_2024-02-02
GRXEUR,2024-01-12 13:30:00+00:00,3,16.520623266920772,10.48749630105202,bls_employment_2024-02-02
GRXEUR,2023-12-29 13:30:00+00:00,5,4.251098940288626,0.08941545184965903,bls_employment_2024-02-02
UKXGBP,2024-01-26 13:30:00+00:00,1,6.479962807906235,12.903416719658955,bls_employment_2024-02-02
UKXGBP,2024-01-19 13:30:00+00:00,2,1.0618223004269178,14.616302021366618,bls_employment_2024-02-02
UKXGBP,2024-01-12 13:30:00+00:00,3,8.133588405237132,7.187069451906384,bls_employment_2024-02-02
UKXGBP,2023-12-15 13:30:00+00:00,7,0.36741768909451145,15.124004275038741,bls_employment_2024-02-02
BCOUSD,2024-01-26 13:30:00+00:00,1,6.769605959765782,13.525479142406523,bls_employment_2024-02-02
BCOUSD,2024-01-19 13:30:00+00:00,2,12.036668943469731,10.124917017991088,bls_employment_2024-02-02
BCOUSD,2024-01-12 13:30:00+00:00,3,36.41024512591297,33.266204001108335,bls_employment_2024-02-02
BCOUSD,2023-12-29 13:30:00+00:00,5,7.744634001389092,10.327512116817228,bls_employment_2024-02-02
EURUSD,2024-02-06 13:30:00+00:00,1,3.7272058501347294,1.4910490489567394,bls_cpi_2024-02-13
EURUSD,2024-01-30 13:30:00+00:00,2,2.3986567637203646,2.214655491708007,bls_cpi_2024-02-13
EURUSD,2024-01-23 13:30:00+00:00,3,2.6681755817805617,2.39155231280834,bls_cpi_2024-02-13
EURUSD,2024-01-16 13:30:00+00:00,4,14.882869076938357,20.032720672716515,bls_cpi_2024-02-13
GBPUSD,2024-02-06 13:30:00+00:00,1,2.7071357077279736,4.617613890307502,bls_cpi_2024-02-13
GBPUSD,2024-01-30 13:30:00+00:00,2,1.0264711116615433,9.392228818977172,bls_cpi_2024-02-13
GBPUSD,2024-01-23 13:30:00+00:00,3,1.3372401742606856,5.0359203815142815,bls_cpi_2024-02-13
GBPUSD,2024-01-16 13:30:00+00:00,4,15.174749604323676,17.15232391812482,bls_cpi_2024-02-13
AUDUSD,2024-02-06 13:30:00+00:00,1,5.850114090116013,4.15874073165161,bls_cpi_2024-02-13
AUDUSD,2024-01-30 13:30:00+00:00,2,2.276988010110957,2.5805472421288633,bls_cpi_2024-02-13
AUDUSD,2024-01-23 13:30:00+00:00,3,5.003373591046705,9.857521707535893,bls_cpi_2024-02-13
AUDUSD,2024-01-16 13:30:00+00:00,4,16.804309489981684,20.59296327507995,bls_cpi_2024-02-13
NZDUSD,2024-02-06 13:30:00+00:00,1,7.264682407103379,3.7995490557633627,bls_cpi_2024-02-13
NZDUSD,2024-01-30 13:30:00+00:00,2,0.16342139023081104,4.738136367244468,bls_cpi_2024-02-13
NZDUSD,2024-01-23 13:30:00+00:00,3,4.264812084850906,9.352158651073234,bls_cpi_2024-02-13
NZDUSD,2024-01-16 13:30:00+00:00,4,18.83300878103979,22.246227723410158,bls_cpi_2024-02-13
USDJPY,2024-02-06 13:30:00+00:00,1,5.115089625593275,0.6055977419775462,bls_cpi_2024-02-13
USDJPY,2024-01-30 13:30:00+00:00,2,1.4914849794427198,3.5935005488790286,bls_cpi_2024-02-13
USDJPY,2024-01-23 13:30:00+00:00,3,5.677056733802659,9.324892054225128,bls_cpi_2024-02-13
USDJPY,2024-01-16 13:30:00+00:00,4,23.60631780339276,17.88042433943219,bls_cpi_2024-02-13
USDCHF,2024-02-06 13:30:00+00:00,1,2.292762903968052,5.844167172003792,bls_cpi_2024-02-13
USDCHF,2024-01-30 13:30:00+00:00,2,1.1581580667071794,15.416271273093836,bls_cpi_2024-02-13
USDCHF,2024-01-23 13:30:00+00:00,3,1.2660486064482737,0.23020787772314913,bls_cpi_2024-02-13
USDCHF,2024-01-16 13:30:00+00:00,4,13.833431443374312,18.13068533202785,bls_cpi_2024-02-13
USDCAD,2024-02-06 13:30:00+00:00,1,4.656611918590165,3.3248242767244087,bls_cpi_2024-02-13
USDCAD,2024-01-30 13:30:00+00:00,2,4.9883667856208325,1.4885825744238448,bls_cpi_2024-02-13
USDCAD,2024-01-23 13:30:00+00:00,3,0.6682333027694549,5.344259501918937,bls_cpi_2024-02-13
USDCAD,2024-01-16 13:30:00+00:00,4,18.267015304574855,8.76639111154008,bls_cpi_2024-02-13
EURJPY,2024-02-06 13:30:00+00:00,1,1.1915475394542159,0.9405951465954928,bls_cpi_2024-02-13
EURJPY,2024-01-30 13:30:00+00:00,2,0.6254495420619225,5.881138607757957,bls_cpi_2024-02-13
EURJPY,2024-01-23 13:30:00+00:00,3,2.8603229872729052,11.622740856493744,bls_cpi_2024-02-13
EURJPY,2024-01-16 13:30:00+00:00,4,8.83788186558917,1.944128268418417,bls_cpi_2024-02-13
XAUUSD,2024-02-06 13:30:00+00:00,1,1.3816482592242965,13.117957452680795,bls_cpi_2024-02-13
XAUUSD,2024-01-30 13:30:00+00:00,2,0.9827019890425391,11.195982401513442,bls_cpi_2024-02-13
XAUUSD,2024-01-23 13:30:00+00:00,3,0.8880227931690385,8.736427011745064,bls_cpi_2024-02-13
XAUUSD,2024-01-16 13:30:00+00:00,4,33.5491664598777,9.714240219916595,bls_cpi_2024-02-13
XAGUSD,2024-02-06 13:30:00+00:00,1,7.172636699672395,4.032348449539883,bls_cpi_2024-02-13
XAGUSD,2024-01-30 13:30:00+00:00,2,20.80174097876394,31.186407222902552,bls_cpi_2024-02-13
XAGUSD,2024-01-23 13:30:00+00:00,3,10.75268920806807,5.822938060658123,bls_cpi_2024-02-13
XAGUSD,2024-01-16 13:30:00+00:00,4,63.00122943490183,48.628091657015105,bls_cpi_2024-02-13
SPXUSD,2024-02-06 13:30:00+00:00,1,0.99466720983782,3.1592316679914125,bls_cpi_2024-02-13
SPXUSD,2024-01-30 13:30:00+00:00,2,1.1327703456499378,0.6426331366226247,bls_cpi_2024-02-13
SPXUSD,2024-01-23 13:30:00+00:00,3,2.5980416018078674,0.002058402434259081,bls_cpi_2024-02-13
SPXUSD,2024-01-16 13:30:00+00:00,4,16.64798157949364,17.79887868195243,bls_cpi_2024-02-13
NSXUSD,2024-02-06 13:30:00+00:00,1,0.1076660554849253,1.8256328075331234,bls_cpi_2024-02-13
NSXUSD,2024-01-30 13:30:00+00:00,2,0.30423387588383616,2.595479839729162,bls_cpi_2024-02-13
NSXUSD,2024-01-23 13:30:00+00:00,3,5.2244001271638005,5.562313316377314,bls_cpi_2024-02-13
NSXUSD,2024-01-16 13:30:00+00:00,4,23.65274516901961,15.286987895235965,bls_cpi_2024-02-13
GRXEUR,2024-02-06 13:30:00+00:00,1,0.8918968228268283,0.295117104553553,bls_cpi_2024-02-13
GRXEUR,2024-01-30 13:30:00+00:00,2,9.72703828211733,2.664146995604452,bls_cpi_2024-02-13
GRXEUR,2024-01-23 13:30:00+00:00,3,0.585847435673247,15.266596003431655,bls_cpi_2024-02-13
GRXEUR,2024-01-16 13:30:00+00:00,4,9.376860563830297,23.200225518170075,bls_cpi_2024-02-13
UKXGBP,2024-02-06 13:30:00+00:00,1,4.531020246559549,7.9139896384127315,bls_cpi_2024-02-13
UKXGBP,2024-01-30 13:30:00+00:00,2,2.2057877668476884,7.220752003886845,bls_cpi_2024-02-13
UKXGBP,2024-01-23 13:30:00+00:00,3,3.555907875229163,7.79046273384337,bls_cpi_2024-02-13
UKXGBP,2024-01-16 13:30:00+00:00,4,2.3012597450991312,18.82589988432336,bls_cpi_2024-02-13
BCOUSD,2024-02-06 13:30:00+00:00,1,0.0,12.730260270767298,bls_cpi_2024-02-13
BCOUSD,2024-01-30 13:30:00+00:00,2,1.2350558260937952,3.7047099635849183,bls_cpi_2024-02-13
BCOUSD,2024-01-23 13:30:00+00:00,3,17.035671760426496,54.45601897368638,bls_cpi_2024-02-13
BCOUSD,2024-01-16 13:30:00+00:00,4,8.244494096536393,56.62637370680149,bls_cpi_2024-02-13
EURUSD,2024-03-01 13:30:00+00:00,1,3.5147109512092856,0.7398364964725902,bls_employment_2024-03-08
EURUSD,2024-02-23 13:30:00+00:00,2,4.708728314904624,3.7856229879308274,bls_employment_2024-03-08
EURUSD,2024-02-16 13:30:00+00:00,3,26.604171893360643,12.287644087360809,bls_employment_2024-03-08
EURUSD,2024-02-09 13:30:00+00:00,4,10.30186406337632,3.431597627847105,bls_employment_2024-03-08
GBPUSD,2024-03-01 13:30:00+00:00,1,4.908480686301989,2.691449124110894,bls_employment_2024-03-08
GBPUSD,2024-02-23 13:30:00+00:00,2,7.723590434706466,9.062789989257382,bls_employment_2024-03-08
GBPUSD,2024-02-16 13:30:00+00:00,3,21.16554467856057,12.100081878179964,bls_employment_2024-03-08
GBPUSD,2024-02-09 13:30:00+00:00,4,11.658849156816707,3.1701247709598315,bls_employment_2024-03-08
AUDUSD,2024-03-01 13:30:00+00:00,1,4.771029170693862,1.8465799852430391,bls_employment_2024-03-08
AUDUSD,2024-02-23 13:30:00+00:00,2,7.603984854260969,0.6085316134055678,bls_employment_2024-03-08
AUDUSD,2024-02-16 13:30:00+00:00,3,31.033501116611454,15.37515678038534,bls_employment_2024-03-08
AUDUSD,2024-02-09 13:30:00+00:00,4,17.807803293632634,3.0671083543108693,bls_employment_2024-03-08
NZDUSD,2024-03-01 13:30:00+00:00,1,4.7644474553052865,2.299794671327676,bls_employment_2024-03-08
NZDUSD,2024-02-23 13:30:00+00:00,2,9.18813988700946,0.6450988616227757,bls_employment_2024-03-08
NZDUSD,2024-02-16 13:30:00+00:00,3,27.396153787709185,19.693445167423768,bls_employment_2024-03-08
NZDUSD,2024-02-09 13:30:00+00:00,4,20.03404828362179,5.859470536628264,bls_employment_2024-03-08
USDJPY,2024-03-01 13:30:00+00:00,1,7.106305983102657,7.571028560405013,bls_employment_2024-03-08
USDJPY,2024-02-23 13:30:00+00:00,2,2.6590971192455735,0.5317345848072244,bls_employment_2024-03-08
USDJPY,2024-02-16 13:30:00+00:00,3,18.40562655185146,10.893102555682058,bls_employment_2024-03-08
USDJPY,2024-02-09 13:30:00+00:00,4,10.978933602456095,5.424028578995635,bls_employment_2024-03-08
USDCHF,2024-03-01 13:30:00+00:00,1,0.22552490923549226,10.70657880604069,bls_employment_2024-03-08
USDCHF,2024-02-23 13:30:00+00:00,2,9.551533519764972,1.3639463535576404,bls_employment_2024-03-08
USDCHF,2024-02-16 13:30:00+00:00,3,23.458360853545134,13.365654528049008,bls_employment_2024-03-08
USDCHF,2024-02-09 13:30:00+00:00,4,7.54208174342837,0.3429453288310995,bls_employment_2024-03-08
USDCAD,2024-03-01 13:30:00+00:00,1,0.5156328842337246,7.510880083291457,bls_employment_2024-03-08
USDCAD,2024-02-23 13:30:00+00:00,2,1.336987768554619,1.633853446980738,bls_employment_2024-03-08
USDCAD,2024-02-16 13:30:00+00:00,3,17.49392606500506,8.965520396930124,bls_employment_2024-03-08
USDCAD,2024-02-09 13:30:00+00:00,4,14.211259046302967,5.731576303127487,bls_employment_2024-03-08
EURJPY,2024-03-01 13:30:00+00:00,1,3.378513302015202,6.817281765552864,bls_employment_2024-03-08
EURJPY,2024-02-23 13:30:00+00:00,2,2.0254283389829104,4.234518754991599,bls_employment_2024-03-08
EURJPY,2024-02-16 13:30:00+00:00,3,8.035157334208517,0.8656349128347234,bls_employment_2024-03-08
EURJPY,2024-02-09 13:30:00+00:00,4,0.3727703672837849,8.446051352282257,bls_employment_2024-03-08
XAUUSD,2024-03-01 13:30:00+00:00,1,8.914523468528225,9.401884966578287,bls_employment_2024-03-08
XAUUSD,2024-02-23 13:30:00+00:00,2,1.1497023492512723,6.33240507191126,bls_employment_2024-03-08
XAUUSD,2024-02-16 13:30:00+00:00,3,51.6738905412263,34.71192367605489,bls_employment_2024-03-08
XAUUSD,2024-02-09 13:30:00+00:00,4,18.384895066294202,21.493457948441502,bls_employment_2024-03-08
XAGUSD,2024-03-01 13:30:00+00:00,1,3.08798555512,6.618279930076141,bls_employment_2024-03-08
XAGUSD,2024-02-23 13:30:00+00:00,2,5.275421056975445,15.842981793778312,bls_employment_2024-03-08
XAGUSD,2024-02-16 13:30:00+00:00,3,58.96887378477718,93.31598696282116,bls_employment_2024-03-08
XAGUSD,2024-02-09 13:30:00+00:00,4,7.527620077824346,30.588519915903657,bls_employment_2024-03-08
SPXUSD,2024-03-01 13:30:00+00:00,1,2.9036885588722146,0.6106495516511716,bls_employment_2024-03-08
SPXUSD,2024-02-23 13:30:00+00:00,2,4.894211607926826,1.0205525555138524,bls_employment_2024-03-08
SPXUSD,2024-02-16 13:30:00+00:00,3,35.61490314324352,14.422314264102994,bls_employment_2024-03-08
SPXUSD,2024-02-09 13:30:00+00:00,4,16.395981709337057,11.865241237169348,bls_employment_2024-03-08
NSXUSD,2024-03-01 13:30:00+00:00,1,0.06148275977862135,5.570431977169837,bls_employment_2024-03-08
NSXUSD,2024-02-23 13:30:00+00:00,2,8.151172875301578,2.515283941329056,bls_employment_2024-03-08
NSXUSD,2024-02-16 13:30:00+00:00,3,43.880794441965854,15.822073776362235,bls_employment_2024-03-08
NSXUSD,2024-02-09 13:30:00+00:00,4,11.91769011646256,6.449122150443233,bls_employment_2024-03-08
GRXEUR,2024-03-01 13:30:00+00:00,1,3.403866733074273,6.749208838524817,bls_employment_2024-03-08
GRXEUR,2024-02-23 13:30:00+00:00,2,4.003063342046671,11.476824465659412,bls_employment_2024-03-08
GRXEUR,2024-02-16 13:30:00+00:00,3,11.660003184020859,5.527035220909333,bls_employment_2024-03-08
GRXEUR,2024-02-09 13:30:00+00:00,4,2.140511035295631,10.393395916294068,bls_employment_2024-03-08
UKXGBP,2024-02-23 13:30:00+00:00,2,0.6133074464073641,17.333921929763445,bls_employment_2024-03-08
UKXGBP,2024-02-16 13:30:00+00:00,3,3.1098090173206954,8.725538869249892,bls_employment_2024-03-08
UKXGBP,2024-02-09 13:30:00+00:00,4,0.38674775921296584,5.210713608001991,bls_employment_2024-03-08
UKXGBP,2024-01-26 13:30:00+00:00,6,6.479962807906235,12.903416719658955,bls_employment_2024-03-08
BCOUSD,2024-03-01 13:30:00+00:00,1,12.725091753137427,17.522808132213434,bls_employment_2024-03-08
BCOUSD,2024-02-23 13:30:00+00:00,2,7.300336139673481,42.51035758196207,bls_employment_2024-03-08
BCOUSD,2024-02-16 13:30:00+00:00,3,5.470093918115985,75.10362001179422,bls_employment_2024-03-08
BCOUSD,2024-02-09 13:30:00+00:00,4,7.983247886240243,33.70493627793535,bls_employment_2024-03-08
EURUSD,2024-03-05 13:30:00+00:00,1,3.963809549369919,3.1340449715449132,bls_cpi_2024-03-12
EURUSD,2024-02-27 13:30:00+00:00,2,0.0,3.2257916141869933,bls_cpi_2024-03-12
EURUSD,2024-02-20 13:30:00+00:00,3,6.661115983184676,7.396039758034471,bls_cpi_2024-03-12
EURUSD,2024-02-06 13:30:00+00:00,5,3.7272058501347294,1.4910490489567394,bls_cpi_2024-03-12
GBPUSD,2024-03-05 13:30:00+00:00,1,5.517154549334812,1.0243842868407174,bls_cpi_2024-03-12
GBPUSD,2024-02-27 13:30:00+00:00,2,2.6813880286847454,0.551991704493026,bls_cpi_2024-03-12
GBPUSD,2024-02-20 13:30:00+00:00,3,6.8161466049746195,13.618371067506475,bls_cpi_2024-03-12
GBPUSD,2024-02-06 13:30:00+00:00,5,2.7071357077279736,4.617613890307502,bls_cpi_2024-03-12
AUDUSD,2024-03-05 13:30:00+00:00,1,10.1641675673852,4.310809421212099,bls_cpi_2024-03-12
AUDUSD,2024-02-27 13:30:00+00:00,2,3.5112091896414994,2.5951227104384396,bls_cpi_2024-03-12
AUDUSD,2024-02-20 13:30:00+00:00,3,0.4571324084808879,9.442727517456456,bls_cpi_2024-03-12
AUDUSD,2024-02-06 13:30:00+00:00,5,5.850114090116013,4.15874073165161,bls_cpi_2024-03-12
NZDUSD,2024-03-05 13:30:00+00:00,1,11.512591110881058,1.479448004211683,bls_cpi_2024-03-12
NZDUSD,2024-02-27 13:30:00+00:00,2,4.702868025278974,1.7835861478842434,bls_cpi_2024-03-12
NZDUSD,2024-02-20 13:30:00+00:00,3,3.7255108835171513,11.81526248369032,bls_cpi_2024-03-12
NZDUSD,2024-02-06 13:30:00+00:00,5,7.264682407103379,3.7995490557633627,bls_cpi_2024-03-12
USDJPY,2024-03-05 13:30:00+00:00,1,6.856359541821113,6.394628729953789,bls_cpi_2024-03-12
USDJPY,2024-02-27 13:30:00+00:00,2,1.7973818186628765,5.391176571801742,bls_cpi_2024-03-12
USDJPY,2024-02-20 13:30:00+00:00,3,7.194484539084354,2.532624212095691,bls_cpi_2024-03-12
USDJPY,2024-02-06 13:30:00+00:00,5,5.115089625593275,0.6055977419775462,bls_cpi_2024-03-12
USDCHF,2024-03-05 13:30:00+00:00,1,9.145464318089958,0.5648090099835256,bls_cpi_2024-03-12
USDCHF,2024-02-27 13:30:00+00:00,2,0.11369256393950118,2.500909434642031,bls_cpi_2024-03-12
USDCHF,2024-02-20 13:30:00+00:00,3,5.334513862876616,7.836679466343197,bls_cpi_2024-03-12
USDCHF,2024-02-06 13:30:00+00:00,5,2.292762903968052,5.844167172003792,bls_cpi_2024-03-12
USDCAD,2024-03-05 13:30:00+00:00,1,8.241900224447406,4.342561958950664,bls_cpi_2024-03-12
USDCAD,2024-02-27 13:30:00+00:00,2,1.2595064973845407,1.1854222710262714,bls_cpi_2024-03-12
USDCAD,2024-02-20 13:30:00+00:00,3,27.715423505113744,0.666047489431225,bls_cpi_2024-03-12
USDCAD,2024-02-06 13:30:00+00:00,5,4.656611918590165,3.3248242767244087,bls_cpi_2024-03-12
EURJPY,2024-03-05 13:30:00+00:00,1,2.7613037210677174,9.394140098659868,bls_cpi_2024-03-12
EURJPY,2024-02-27 13:30:00+00:00,2,1.9016829951766465,2.3310452389666847,bls_cpi_2024-03-12
EURJPY,2024-02-20 13:30:00+00:00,3,0.5546636428634987,4.74446154640893,bls_cpi_2024-03-12
EURJPY,2024-02-06 13:30:00+00:00,5,1.1915475394542159,0.9405951465954928,bls_cpi_2024-03-12
XAUUSD,2024-03-05 13:30:00+00:00,1,48.94439956009345,62.28753863345003,bls_cpi_2024-03-12
XAUUSD,2024-02-27 13:30:00+00:00,2,4.32008921811874,11.000263838735352,bls_cpi_2024-03-12
XAUUSD,2024-02-20 13:30:00+00:00,3,2.0857818540114907,5.308644564532478,bls_cpi_2024-03-12
XAUUSD,2024-02-06 13:30:00+00:00,5,1.3816482592242965,13.117957452680795,bls_cpi_2024-03-12
XAGUSD,2024-03-05 13:30:00+00:00,1,41.833266632215306,87.17727177414454,bls_cpi_2024-03-12
XAGUSD,2024-02-27 13:30:00+00:00,2,8.405406498105117,5.746999561371502,bls_cpi_2024-03-12
XAGUSD,2024-02-20 13:30:00+00:00,3,10.817126728126476,3.026699839343123,bls_cpi_2024-03-12
XAGUSD,2024-02-06 13:30:00+00:00,5,7.172636699672395,4.032348449539883,bls_cpi_2024-03-12
SPXUSD,2024-03-05 13:30:00+00:00,1,4.486278204932426,7.729566542884889,bls_cpi_2024-03-12
SPXUSD,2024-02-27 13:30:00+00:00,2,3.819100101221098,6.416431328637852,bls_cpi_2024-03-12
SPXUSD,2024-02-20 13:30:00+00:00,3,2.041359392018563,1.4979733771781805,bls_cpi_2024-03-12
SPXUSD,2024-02-06 13:30:00+00:00,5,0.99466720983782,3.1592316679914125,bls_cpi_2024-03-12
NSXUSD,2024-03-05 13:30:00+00:00,1,6.908926988256065,14.389280785956474,bls_cpi_2024-03-12
NSXUSD,2024-02-27 13:30:00+00:00,2,8.939177442631026,7.530346021523806,bls_cpi_2024-03-12
NSXUSD,2024-02-20 13:30:00+00:00,3,4.556745545934446,2.8281188129032597,bls_cpi_2024-03-12
NSXUSD,2024-02-06 13:30:00+00:00,5,0.1076660554849253,1.8256328075331234,bls_cpi_2024-03-12
GRXEUR,2024-03-05 13:30:00+00:00,1,1.1481800328402465,4.536039299014417,bls_cpi_2024-03-12
GRXEUR,2024-02-27 13:30:00+00:00,2,0.5651821778234388,4.564289675044086,bls_cpi_2024-03-12
GRXEUR,2024-02-20 13:30:00+00:00,3,0.8598592139701597,7.922058990937449,bls_cpi_2024-03-12
GRXEUR,2024-02-06 13:30:00+00:00,5,0.8918968228268283,0.295117104553553,bls_cpi_2024-03-12
UKXGBP,2024-03-05 13:30:00+00:00,1,3.9189985143661477,7.277852583979482,bls_cpi_2024-03-12
UKXGBP,2024-02-27 13:30:00+00:00,2,4.819388937463957,5.940160939553956,bls_cpi_2024-03-12
UKXGBP,2024-02-20 13:30:00+00:00,3,0.569888083051781,15.319021722435876,bls_cpi_2024-03-12
UKXGBP,2024-02-06 13:30:00+00:00,5,4.531020246559549,7.9139896384127315,bls_cpi_2024-03-12
BCOUSD,2024-03-05 13:30:00+00:00,1,32.93971356267314,0.6090096895314416,bls_cpi_2024-03-12
BCOUSD,2024-02-27 13:30:00+00:00,2,14.725193781444514,51.443592990791764,bls_cpi_2024-03-12
BCOUSD,2024-02-20 13:30:00+00:00,3,7.828448981949817,31.277092189820294,bls_cpi_2024-03-12
BCOUSD,2024-02-06 13:30:00+00:00,5,0.0,12.730260270767298,bls_cpi_2024-03-12
EURUSD,2024-03-29 13:30:00+00:00,1,5.8339547069227,0.7410083274200823,bls_employment_2024-04-05
EURUSD,2024-03-22 13:30:00+00:00,2,3.0497243932447975,10.900794620245124,bls_employment_2024-04-05
EURUSD,2024-03-15 13:30:00+00:00,3,1.0103283116366224,2.3876430403426223,bls_employment_2024-04-05
EURUSD,2024-03-01 13:30:00+00:00,5,3.5147109512092856,0.7398364964725902,bls_employment_2024-04-05
GBPUSD,2024-03-29 13:30:00+00:00,1,0.39561500335378863,1.9779185241186938,bls_employment_2024-04-05
GBPUSD,2024-03-22 13:30:00+00:00,2,4.044264930683123,11.969451587366294,bls_employment_2024-04-05
GBPUSD,2024-03-15 13:30:00+00:00,3,2.1964918974997127,0.7844060089525021,bls_employment_2024-04-05
GBPUSD,2024-03-01 13:30:00+00:00,5,4.908480686301989,2.691449124110894,bls_employment_2024-04-05
AUDUSD,2024-03-29 13:30:00+00:00,1,0.9197516676965249,5.8231302502091875,bls_employment_2024-04-05
AUDUSD,2024-03-22 13:30:00+00:00,2,5.3664932788465665,13.027919904712428,bls_employment_2024-04-05
AUDUSD,2024-03-15 13:30:00+00:00,3,2.741729134338561,1.2186390863118874,bls_employment_2024-04-05
AUDUSD,2024-03-01 13:30:00+00:00,5,4.771029170693862,1.8465799852430391,bls_employment_2024-04-05
NZDUSD,2024-03-29 13:30:00+00:00,1,0.1672087015460034,6.686168239059376,bls_employment_2024-04-05
NZDUSD,2024-03-22 13:30:00+00:00,2,4.827982413375144,16.472138363407158,bls_employment_2024-04-05
NZDUSD,2024-03-15 13:30:00+00:00,3,2.624585822619223,2.132528448630403,bls_employment_2024-04-05
NZDUSD,2024-03-01 13:30:00+00:00,5,4.7644474553052865,2.299794671327676,bls_employment_2024-04-05
USDJPY,2024-03-29 13:30:00+00:00,1,0.26453626793825685,0.19840154489413275,bls_employment_2024-04-05
USDJPY,2024-03-22 13:30:00+00:00,2,3.7697041890035643,4.761967840883557,bls_employment_2024-04-05
USDJPY,2024-03-15 13:30:00+00:00,3,5.842788855385727,5.036683953830686,bls_employment_2024-04-05
USDJPY,2024-03-01 13:30:00+00:00,5,7.106305983102657,7.571028560405013,bls_employment_2024-04-05
USDCHF,2024-03-29 13:30:00+00:00,1,3.9945408473640067,0.33280638991275385,bls_employment_2024-04-05
USDCHF,2024-03-22 13:30:00+00:00,2,1.113164281934729,12.585973315137792,bls_employment_2024-04-05
USDCHF,2024-03-15 13:30:00+00:00,3,1.6993219746220178,3.172301304588893,bls_employment_2024-04-05
USDCHF,2024-03-01 13:30:00+00:00,5,0.22552490923549226,10.70657880604069,bls_employment_2024-04-05
USDCAD,2024-03-29 13:30:00+00:00,1,0.36914399204003323,1.32903121204003,bls_employment_2024-04-05
USDCAD,2024-03-22 13:30:00+00:00,2,0.958055590066591,0.0,bls_employment_2024-04-05
USDCAD,2024-03-15 13:30:00+00:00,3,0.29571581712126543,0.7393278034985642,bls_employment_2024-04-05
USDCAD,2024-03-01 13:30:00+00:00,5,0.5156328842337246,7.510880083291457,bls_employment_2024-04-05
EURJPY,2024-03-29 13:30:00+00:00,1,6.002879111992413,1.6542141142196818,bls_employment_2024-04-05
EURJPY,2024-03-22 13:30:00+00:00,2,0.4278375562556869,6.232128656875615,bls_employment_2024-04-05
EURJPY,2024-03-15 13:30:00+00:00,3,7.031958690180451,2.8985418070900617,bls_employment_2024-04-05
EURJPY,2024-03-01 13:30:00+00:00,5,3.378513302015202,6.817281765552864,bls_employment_2024-04-05
XAUUSD,2024-03-22 13:30:00+00:00,2,7.005885828417806,27.48018263380226,bls_employment_2024-04-05
XAUUSD,2024-03-15 13:30:00+00:00,3,9.17186894791421,18.474109098141238,bls_employment_2024-04-05
XAUUSD,2024-03-01 13:30:00+00:00,5,8.914523468528225,9.401884966578287,bls_employment_2024-04-05
XAUUSD,2024-02-23 13:30:00+00:00,6,1.1497023492512723,6.33240507191126,bls_employment_2024-04-05
XAGUSD,2024-03-22 13:30:00+00:00,2,4.442200981680416,62.78697274658854,bls_employment_2024-04-05
XAGUSD,2024-03-15 13:30:00+00:00,3,21.07314749743466,40.516440728671064,bls_employment_2024-04-05
XAGUSD,2024-03-01 13:30:00+00:00,5,3.08798555512,6.618279930076141,bls_employment_2024-04-05
XAGUSD,2024-02-23 13:30:00+00:00,6,5.275421056975445,15.842981793778312,bls_employment_2024-04-05
SPXUSD,2024-03-22 13:30:00+00:00,2,4.754154845775369,2.978955069101096,bls_employment_2024-04-05
SPXUSD,2024-03-15 13:30:00+00:00,3,8.144562229602927,12.882607862623281,bls_employment_2024-04-05
SPXUSD,2024-03-01 13:30:00+00:00,5,2.9036885588722146,0.6106495516511716,bls_employment_2024-04-05
SPXUSD,2024-02-23 13:30:00+00:00,6,4.894211607926826,1.0205525555138524,bls_employment_2024-04-05
NSXUSD,2024-03-22 13:30:00+00:00,2,0.30890328429087816,4.5487943418591135,bls_employment_2024-04-05
NSXUSD,2024-03-15 13:30:00+00:00,3,23.71290780636668,22.431841529706436,bls_employment_2024-04-05
NSXUSD,2024-03-01 13:30:00+00:00,5,0.06148275977862135,5.570431977169837,bls_employment_2024-04-05
NSXUSD,2024-02-23 13:30:00+00:00,6,8.151172875301578,2.515283941329056,bls_employment_2024-04-05
GRXEUR,2024-03-22 13:30:00+00:00,2,7.975608528566922,5.495787479935058,bls_employment_2024-04-05
GRXEUR,2024-03-15 13:30:00+00:00,3,1.1110309328540064,6.964313109880631,bls_employment_2024-04-05
GRXEUR,2024-03-01 13:30:00+00:00,5,3.403866733074273,6.749208838524817,bls_employment_2024-04-05
GRXEUR,2024-02-23 13:30:00+00:00,6,4.003063342046671,11.476824465659412,bls_employment_2024-04-05
UKXGBP,2024-03-22 13:30:00+00:00,2,2.1773748648653775,8.46184249199535,bls_employment_2024-04-05
UKXGBP,2024-03-15 13:30:00+00:00,3,1.4059314709675867,14.761942974634243,bls_employment_2024-04-05
UKXGBP,2024-02-23 13:30:00+00:00,6,0.6133074464073641,17.333921929763445,bls_employment_2024-04-05
UKXGBP,2024-02-16 13:30:00+00:00,7,3.1098090173206954,8.725538869249892,bls_employment_2024-04-05
BCOUSD,2024-03-22 13:30:00+00:00,2,9.89114009110855,33.23598840237621,bls_employment_2024-04-05
BCOUSD,2024-03-15 13:30:00+00:00,3,8.842202638105228,1.1794121823377368,bls_employment_2024-04-05
BCOUSD,2024-03-01 13:30:00+00:00,5,12.725091753137427,17.522808132213434,bls_employment_2024-04-05
BCOUSD,2024-02-23 13:30:00+00:00,6,7.300336139673481,42.51035758196207,bls_employment_2024-04-05
EURUSD,2024-04-03 13:30:00+00:00,1,0.6495404503590564,2.78326701676929,bls_cpi_2024-04-10
EURUSD,2024-03-27 13:30:00+00:00,2,2.7739764204967425,2.4041573544323716,bls_cpi_2024-04-10
EURUSD,2024-03-20 13:30:00+00:00,3,1.9370996144871964,4.1504683707567125,bls_cpi_2024-04-10
EURUSD,2024-03-13 13:30:00+00:00,4,0.3656875383242013,0.36570091155060547,bls_cpi_2024-04-10
GBPUSD,2024-04-03 13:30:00+00:00,1,0.7158338473154783,1.3519908085219665,bls_cpi_2024-04-10
GBPUSD,2024-03-27 13:30:00+00:00,2,0.07929050853076068,4.5185200634017475,bls_cpi_2024-04-10
GBPUSD,2024-03-20 13:30:00+00:00,3,1.5759944557609633,7.168769681397495,bls_cpi_2024-04-10
GBPUSD,2024-03-13 13:30:00+00:00,4,0.5470822930369446,1.875937974485744,bls_cpi_2024-04-10
AUDUSD,2024-04-03 13:30:00+00:00,1,3.8387421681199423,4.604546303325643,bls_cpi_2024-04-10
AUDUSD,2024-03-27 13:30:00+00:00,2,0.15347427387938462,7.670712064748971,bls_cpi_2024-04-10
AUDUSD,2024-03-20 13:30:00+00:00,3,0.30682846756994214,2.3009134727948037,bls_cpi_2024-04-10
AUDUSD,2024-03-13 13:30:00+00:00,4,0.9069197986806775,0.4534496180480399,bls_cpi_2024-04-10
NZDUSD,2024-04-03 13:30:00+00:00,1,1.1734039624216581,3.0166923872957216,bls_cpi_2024-04-10
NZDUSD,2024-03-27 13:30:00+00:00,2,0.5002876655123838,6.001500555227783,bls_cpi_2024-04-10
NZDUSD,2024-03-20 13:30:00+00:00,3,0.8292767881902746,3.150886005455799,bls_cpi_2024-04-10
NZDUSD,2024-03-13 13:30:00+00:00,4,0.0,1.2993340931062065,bls_cpi_2024-04-10
USDJPY,2024-04-03 13:30:00+00:00,1,1.6459984169728001,3.556281484228797,bls_cpi_2024-04-10
USDJPY,2024-03-27 13:30:00+00:00,2,1.3878379159750078,1.7180086999926767,bls_cpi_2024-04-10
USDJPY,2024-03-20 13:30:00+00:00,3,1.1201713214912559,2.108661995885209,bls_cpi_2024-04-10
USDJPY,2024-03-13 13:30:00+00:00,4,2.0967551100686284,3.3816458115933297,bls_cpi_2024-04-10
USDCHF,2024-04-03 13:30:00+00:00,1,0.1100273417947845,1.3204080079928535,bls_cpi_2024-04-10
USDCHF,2024-03-27 13:30:00+00:00,2,1.3233931820451377,7.944039078763386,bls_cpi_2024-04-10
USDCHF,2024-03-20 13:30:00+00:00,3,2.0201340090920286,1.9075296987275454,bls_cpi_2024-04-10
USDCHF,2024-03-13 13:30:00+00:00,4,1.9374654593425813,0.7978890140616467,bls_cpi_2024-04-10
USDCAD,2024-04-03 13:30:00+00:00,1,0.2948243584105285,1.4742521882485247,bls_cpi_2024-04-10
USDCAD,2024-03-27 13:30:00+00:00,2,3.161636871905965,9.049275020224583,bls_cpi_2024-04-10
USDCAD,2024-03-20 13:30:00+00:00,3,1.2509336028113103,1.1774922372700867,bls_cpi_2024-04-10
USDCAD,2024-03-13 13:30:00+00:00,4,4.004033746696748,7.567551887271335,bls_cpi_2024-04-10
EURJPY,2024-04-03 13:30:00+00:00,1,1.16078383586102,0.8554006335184385,bls_cpi_2024-04-10
EURJPY,2024-03-27 13:30:00+00:00,2,1.4675578030089407,4.096393702369954,bls_cpi_2024-04-10
EURJPY,2024-03-20 13:30:00+00:00,3,0.9725024928049006,2.370309154111457,bls_cpi_2024-04-10
EURJPY,2024-03-13 13:30:00+00:00,4,2.720751933676135,3.091706213604469,bls_cpi_2024-04-10
XAUUSD,2024-04-03 13:30:00+00:00,1,10.195394971710424,22.518185890583265,bls_cpi_2024-04-10
XAUUSD,2024-03-27 13:30:00+00:00,2,0.9602502145077982,25.905644110333633,bls_cpi_2024-04-10
XAUUSD,2024-03-20 13:30:00+00:00,3,1.5331152932722882,27.435075854001973,bls_cpi_2024-04-10
XAUUSD,2024-03-13 13:30:00+00:00,4,11.779815841649592,3.7066160750968455,bls_cpi_2024-04-10
XAGUSD,2024-04-03 13:30:00+00:00,1,20.900237510558757,46.20520263982658,bls_cpi_2024-04-10
XAGUSD,2024-03-27 13:30:00+00:00,2,29.811150204333206,16.704357201701615,bls_cpi_2024-04-10
XAGUSD,2024-03-20 13:30:00+00:00,3,10.859292800005337,25.693538563740276,bls_cpi_2024-04-10
XAGUSD,2024-03-13 13:30:00+00:00,4,12.712474287936843,1.2295333936270294,bls_cpi_2024-04-10
SPXUSD,2024-04-03 13:30:00+00:00,1,0.023078622906271353,0.9328055904311839,bls_cpi_2024-04-10
SPXUSD,2024-03-27 13:30:00+00:00,2,1.8988940241129242,11.020319121750505,bls_cpi_2024-04-10
SPXUSD,2024-03-20 13:30:00+00:00,3,5.584420347047202,3.148141535444604,bls_cpi_2024-04-10
SPXUSD,2024-03-13 13:30:00+00:00,4,5.223443388220481,15.173693696899928,bls_cpi_2024-04-10
NSXUSD,2024-04-03 13:30:00+00:00,1,1.7153847030183396,2.176748740202308,bls_cpi_2024-04-10
NSXUSD,2024-03-27 13:30:00+00:00,2,24.088581500972882,33.881140160429126,bls_cpi_2024-04-10
NSXUSD,2024-03-20 13:30:00+00:00,3,6.355788913559569,20.143549307990472,bls_cpi_2024-04-10
NSXUSD,2024-03-13 13:30:00+00:00,4,19.067155053343487,43.33040835842139,bls_cpi_2024-04-10
GRXEUR,2024-04-03 13:30:00+00:00,1,1.6380672895708888,2.7122390704397223,bls_cpi_2024-04-10
GRXEUR,2024-03-27 13:30:00+00:00,2,1.6041494899519078,5.6968910000398365,bls_cpi_2024-04-10
GRXEUR,2024-03-20 13:30:00+00:00,3,5.024199759959875,9.437158086476469,bls_cpi_2024-04-10
GRXEUR,2024-03-13 13:30:00+00:00,4,2.2308155586523033,5.562670663628022,bls_cpi_2024-04-10
UKXGBP,2024-04-03 13:30:00+00:00,1,2.7503261445877127,12.235651856511067,bls_cpi_2024-04-10
UKXGBP,2024-03-27 13:30:00+00:00,2,10.724483978090085,0.858018043292803,bls_cpi_2024-04-10
UKXGBP,2024-03-20 13:30:00+00:00,3,3.894606368362301,2.184398789736322,bls_cpi_2024-04-10
UKXGBP,2024-03-13 13:30:00+00:00,4,11.636117431661406,5.7454341854309225,bls_cpi_2024-04-10
BCOUSD,2024-04-03 13:30:00+00:00,1,11.7043168845035,14.493079305598389,bls_cpi_2024-04-10
BCOUSD,2024-03-27 13:30:00+00:00,2,22.287922139207396,30.511800043435997,bls_cpi_2024-04-10
BCOUSD,2024-03-20 13:30:00+00:00,3,10.43502552716906,19.719753977557847,bls_cpi_2024-04-10
BCOUSD,2024-03-13 13:30:00+00:00,4,1.1962008674751574,23.894017556600392,bls_cpi_2024-04-10
EURUSD,2024-04-26 13:30:00+00:00,1,5.874536849831447,7.8334829430990185,bls_employment_2024-05-03
EURUSD,2024-04-19 13:30:00+00:00,2,11.252286807764698,2.530660844031648,bls_employment_2024-05-03
EURUSD,2024-04-12 13:30:00+00:00,3,3.7566798905324315,5.825644274282676,bls_employment_2024-05-03
EURUSD,2024-03-29 13:30:00+00:00,5,5.8339547069227,0.7410083274200823,bls_employment_2024-05-03
GBPUSD,2024-04-26 13:30:00+00:00,1,7.191600520906698,5.513097741442323,bls_employment_2024-05-03
GBPUSD,2024-04-19 13:30:00+00:00,2,7.304924726897154,7.62614278580383,bls_employment_2024-05-03
GBPUSD,2024-04-12 13:30:00+00:00,3,2.4860361084438827,11.395555362058765,bls_employment_2024-05-03
GBPUSD,2024-03-29 13:30:00+00:00,5,0.39561500335378863,1.9779185241186938,bls_employment_2024-05-03
AUDUSD,2024-04-26 13:30:00+00:00,1,14.066635348539338,1.2222510824502348,bls_employment_2024-05-03
AUDUSD,2024-04-19 13:30:00+00:00,2,10.899013939733953,5.915133574294752,bls_employment_2024-05-03
AUDUSD,2024-04-12 13:30:00+00:00,3,0.9248127260813432,17.58771165202951,bls_employment_2024-05-03
AUDUSD,2024-03-29 13:30:00+00:00,5,0.9197516676965249,5.8231302502091875,bls_employment_2024-05-03
NZDUSD,2024-04-26 13:30:00+00:00,1,8.23384155205135,3.5267149016557284,bls_employment_2024-05-03
NZDUSD,2024-04-19 13:30:00+00:00,2,12.042778757363997,6.104385172772522,bls_employment_2024-05-03
NZDUSD,2024-04-12 13:30:00+00:00,3,1.0070493462685979,9.572030253010002,bls_employment_2024-05-03
NZDUSD,2024-03-29 13:30:00+00:00,5,0.1672087015460034,6.686168239059376,bls_employment_2024-05-03
USDJPY,2024-04-26 13:30:00+00:00,1,0.12749979281562565,2.4227740881690116,bls_employment_2024-05-03
USDJPY,2024-04-19 13:30:00+00:00,2,3.688449049008523,2.0061673534417537,bls_employment_2024-05-03
USDJPY,2024-04-12 13:30:00+00:00,3,3.265028957163237,22.550429353458437,bls_employment_2024-05-03
USDJPY,2024-03-29 13:30:00+00:00,5,0.26453626793825685,0.19840154489413275,bls_employment_2024-05-03
USDCHF,2024-04-26 13:30:00+00:00,1,4.056105865158442,5.919170612048089,bls_employment_2024-05-03
USDCHF,2024-04-19 13:30:00+00:00,2,7.709166580413672,2.9742398007298334,bls_employment_2024-05-03
USDCHF,2024-04-12 13:30:00+00:00,3,5.043140887256585,15.246831558444873,bls_employment_2024-05-03
USDCHF,2024-03-29 13:30:00+00:00,5,3.9945408473640067,0.33280638991275385,bls_employment_2024-05-03
USDCAD,2024-04-26 13:30:00+00:00,1,9.887684048142493,2.637671830302695,bls_employment_2024-05-03
USDCAD,2024-04-19 13:30:00+00:00,2,3.8548398718664867,5.163692809564514,bls_employment_2024-05-03
USDCAD,2024-04-12 13:30:00+00:00,3,4.362938362717495,5.668975593528338,bls_employment_2024-05-03
USDCAD,2024-03-29 13:30:00+00:00,5,0.36914399204003323,1.32903121204003,bls_employment_2024-05-03
EURJPY,2024-04-26 13:30:00+00:00,1,6.063704752595064,10.46516563280759,bls_employment_2024-05-03
EURJPY,2024-04-19 13:30:00+00:00,2,7.402688363298513,0.5459127814709018,bls_employment_2024-05-03
EURJPY,2024-04-12 13:30:00+00:00,3,0.7359434798725266,28.31358086534987,bls_employment_2024-05-03
EURJPY,2024-03-29 13:30:00+00:00,5,6.002879111992413,1.6542141142196818,bls_employment_2024-05-03
XAUUSD,2024-04-26 13:30:00+00:00,1,10.987950816788032,4.2197870273119475,bls_employment_2024-05-03
XAUUSD,2024-04-19 13:30:00+00:00,2,12.722327508315411,3.2735079076855027,bls_employment_2024-05-03
XAUUSD,2024-04-12 13:30:00+00:00,3,12.522411532417584,16.52627364451542,bls_employment_2024-05-03
XAUUSD,2024-03-22 13:30:00+00:00,6,7.005885828417806,27.48018263380226,bls_employment_2024-05-03
XAGUSD,2024-04-26 13:30:00+00:00,1,8.708273409537146,0.3626933609367419,bls_employment_2024-05-03
XAGUSD,2024-04-19 13:30:00+00:00,2,16.62393167350182,5.299698041261794,bls_employment_2024-05-03
XAGUSD,2024-04-12 13:30:00+00:00,3,9.951444638489289,26.032761156843158,bls_employment_2024-05-03
XAGUSD,2024-03-22 13:30:00+00:00,6,4.442200981680416,62.78697274658854,bls_employment_2024-05-03
SPXUSD,2024-04-26 13:30:00+00:00,1,21.073453116531454,10.04206659596548,bls_employment_2024-05-03
SPXUSD,2024-04-19 13:30:00+00:00,2,12.65424333833337,12.62030704015891,bls_employment_2024-05-03
SPXUSD,2024-04-12 13:30:00+00:00,3,2.797890652009476,47.05175042991687,bls_employment_2024-05-03
SPXUSD,2024-03-22 13:30:00+00:00,6,4.754154845775369,2.978955069101096,bls_employment_2024-05-03
NSXUSD,2024-04-26 13:30:00+00:00,1,16.301966614173203,6.167319447610705,bls_employment_2024-05-03
NSXUSD,2024-04-19 13:30:00+00:00,2,11.753895754706154,13.499779326321073,bls_employment_2024-05-03
NSXUSD,2024-04-12 13:30:00+00:00,3,3.84945215399134,47.5243278599757,bls_employment_2024-05-03
NSXUSD,2024-03-22 13:30:00+00:00,6,0.30890328429087816,4.5487943418591135,bls_employment_2024-05-03
GRXEUR,2024-04-26 13:30:00+00:00,1,15.760674824891238,1.9356784082313356,bls_employment_2024-05-03
GRXEUR,2024-04-19 13:30:00+00:00,2,1.1394574166330003,1.634277083142349,bls_employment_2024-05-03
GRXEUR,2024-04-12 13:30:00+00:00,3,10.171591745291687,87.49254288329732,bls_employment_2024-05-03
GRXEUR,2024-03-22 13:30:00+00:00,6,7.975608528566922,5.495787479935058,bls_employment_2024-05-03
UKXGBP,2024-04-26 13:30:00+00:00,1,10.450044743168924,2.8084228748858147,bls_employment_2024-05-03
UKXGBP,2024-04-19 13:30:00+00:00,2,3.506502302466995,1.7591633974183003,bls_employment_2024-05-03
UKXGBP,2024-04-12 13:30:00+00:00,3,0.5794745634676864,45.648819535715774,bls_employment_2024-05-03
UKXGBP,2024-03-22 13:30:00+00:00,6,2.1773748648653775,8.46184249199535,bls_employment_2024-05-03
BCOUSD,2024-04-26 13:30:00+00:00,1,2.827078911291052,11.313114235916549,bls_employment_2024-05-03
BCOUSD,2024-04-19 13:30:00+00:00,2,0.5786333838353446,25.428248288511647,bls_employment_2024-05-03
BCOUSD,2024-04-12 13:30:00+00:00,3,17.038494621708647,19.75027524314743,bls_employment_2024-05-03
BCOUSD,2024-03-22 13:30:00+00:00,6,9.89114009110855,33.23598840237621,bls_employment_2024-05-03
EURUSD,2024-05-08 13:30:00+00:00,1,2.885801411726966,6.04817154302355,bls_cpi_2024-05-15
EURUSD,2024-05-01 13:30:00+00:00,2,1.404540413278448,3.9316639869892827,bls_cpi_2024-05-15
EURUSD,2024-04-24 13:30:00+00:00,3,5.612932343143526,7.484610120562284,bls_cpi_2024-05-15
EURUSD,2024-04-17 13:30:00+00:00,4,2.9152462884267694,0.5641430668317158,bls_cpi_2024-05-15
GBPUSD,2024-05-08 13:30:00+00:00,1,0.9617157015515045,2.884592290896983,bls_cpi_2024-05-15
GBPUSD,2024-05-01 13:30:00+00:00,2,1.3611815076486622,2.1619630708834667,bls_cpi_2024-05-15
GBPUSD,2024-04-24 13:30:00+00:00,3,4.661143028787662,5.063067442936215,bls_cpi_2024-05-15
GBPUSD,2024-04-17 13:30:00+00:00,4,3.6950462702813036,0.24093966470422828,bls_cpi_2024-05-15
AUDUSD,2024-05-08 13:30:00+00:00,1,1.9817224281487125,3.809901217249256,bls_cpi_2024-05-15
AUDUSD,2024-05-01 13:30:00+00:00,2,1.541330788051293,3.854366659651808,bls_cpi_2024-05-15
AUDUSD,2024-04-24 13:30:00+00:00,3,1.6907859889486896,12.30523281414315,bls_cpi_2024-05-15
AUDUSD,2024-04-17 13:30:00+00:00,4,4.982483559672934,0.15566503997121459,bls_cpi_2024-05-15
NZDUSD,2024-05-08 13:30:00+00:00,1,2.8402208880326034,2.839414431610069,bls_cpi_2024-05-15
NZDUSD,2024-05-01 13:30:00+00:00,2,0.508651311158132,0.33911524834986667,bls_cpi_2024-05-15
NZDUSD,2024-04-24 13:30:00+00:00,3,3.0339806057967627,10.963711217730467,bls_cpi_2024-05-15
NZDUSD,2024-04-17 13:30:00+00:00,4,2.371836151125624,1.5244547986313994,bls_cpi_2024-05-15
USDJPY,2024-05-08 13:30:00+00:00,1,2.5706610596460515,2.4421123107441978,bls_cpi_2024-05-15
USDJPY,2024-05-01 13:30:00+00:00,2,2.280877387386498,1.0138902979381454,bls_cpi_2024-05-15
USDJPY,2024-04-24 13:30:00+00:00,3,0.3226316418023034,3.4849727040506067,bls_cpi_2024-05-15
USDJPY,2024-04-17 13:30:00+00:00,4,2.13363679199131,1.3580059320474234,bls_cpi_2024-05-15
USDCHF,2024-05-08 13:30:00+00:00,1,1.9805248455561042,4.95302887835625,bls_cpi_2024-05-15
USDCHF,2024-05-01 13:30:00+00:00,2,1.6313302446737752,3.153665074286164,bls_cpi_2024-05-15
USDCHF,2024-04-24 13:30:00+00:00,3,2.187944434939844,8.099559345196544,bls_cpi_2024-05-15
USDCHF,2024-04-17 13:30:00+00:00,4,2.852441050608193,2.8524410506072875,bls_cpi_2024-05-15
USDCAD,2024-05-08 13:30:00+00:00,1,3.417274720337873,2.691016747817293,bls_cpi_2024-05-15
USDCAD,2024-05-01 13:30:00+00:00,2,2.3253955093850784,0.7992937154336901,bls_cpi_2024-05-15
USDCAD,2024-04-24 13:30:00+00:00,3,13.950416209949656,9.119328865790555,bls_cpi_2024-05-15
USDCAD,2024-04-17 13:30:00+00:00,4,4.416849265368688,0.1448477650023953,bls_cpi_2024-05-15
EURJPY,2024-05-08 13:30:00+00:00,1,5.50407135684864,3.5281911808400332,bls_cpi_2024-05-15
EURJPY,2024-05-01 13:30:00+00:00,2,0.8304268398737861,2.7875887241656447,bls_cpi_2024-05-15
EURJPY,2024-04-24 13:30:00+00:00,3,5.674238506472494,10.626736901503518,bls_cpi_2024-05-15
EURJPY,2024-04-17 13:30:00+00:00,4,0.7904393326730796,0.668829214708898,bls_cpi_2024-05-15
XAUUSD,2024-05-08 13:30:00+00:00,1,0.11658073874743433,2.029562528288701,bls_cpi_2024-05-15
XAUUSD,2024-05-01 13:30:00+00:00,2,9.09993444662349,2.5238734629021207,bls_cpi_2024-05-15
XAUUSD,2024-04-24 13:30:00+00:00,3,7.385205739389168,23.544388362517747,bls_cpi_2024-05-15
XAUUSD,2024-04-17 13:30:00+00:00,4,1.7330720760069283,5.496119290862067,bls_cpi_2024-05-15
XAGUSD,2024-05-08 13:30:00+00:00,1,9.513356004726557,5.489579087153316,bls_cpi_2024-05-15
XAGUSD,2024-05-01 13:30:00+00:00,2,6.422243850439315,31.79412216526179,bls_cpi_2024-05-15
XAGUSD,2024-04-24 13:30:00+00:00,3,3.3199919149593446,69.46641919646162,bls_cpi_2024-05-15
XAGUSD,2024-04-17 13:30:00+00:00,4,28.861064662465363,11.591353446632041,bls_cpi_2024-05-15
SPXUSD,2024-05-08 13:30:00+00:00,1,1.6600021552369923,2.652389308524952,bls_cpi_2024-05-15
SPXUSD,2024-05-01 13:30:00+00:00,2,10.303471372887802,0.9553311065471928,bls_cpi_2024-05-15
SPXUSD,2024-04-24 13:30:00+00:00,3,0.5192167223568643,22.342004457219186,bls_cpi_2024-05-15
SPXUSD,2024-04-17 13:30:00+00:00,4,7.893156656278928,8.861266714873192,bls_cpi_2024-05-15
NSXUSD,2024-05-08 13:30:00+00:00,1,5.421995776836584,1.1741350732487355,bls_cpi_2024-05-15
NSXUSD,2024-05-01 13:30:00+00:00,2,10.567947950673934,3.9196172856335183,bls_cpi_2024-05-15
NSXUSD,2024-04-24 13:30:00+00:00,3,0.8142917352648277,25.53634656486298,bls_cpi_2024-05-15
NSXUSD,2024-04-17 13:30:00+00:00,4,8.460787440196844,10.585766481576256,bls_cpi_2024-05-15
GRXEUR,2024-05-08 13:30:00+00:00,1,8.378949746344604,1.874163485144971,bls_cpi_2024-05-15
GRXEUR,2024-05-01 13:30:00+00:00,2,10.477280489774753,2.36316270405945,bls_cpi_2024-05-15
GRXEUR,2024-04-24 13:30:00+00:00,3,3.0874466541646286,20.940650809472167,bls_cpi_2024-05-15
GRXEUR,2024-04-17 13:30:00+00:00,4,15.106924018544284,15.41291826166246,bls_cpi_2024-05-15
UKXGBP,2024-05-08 13:30:00+00:00,1,8.772656131611043,3.9919067801776578,bls_cpi_2024-05-15
UKXGBP,2024-05-01 13:30:00+00:00,2,9.645992838214417,12.643544900758672,bls_cpi_2024-05-15
UKXGBP,2024-04-24 13:30:00+00:00,3,7.943674168328553,14.04641465210245,bls_cpi_2024-05-15
UKXGBP,2024-04-17 13:30:00+00:00,4,7.32458559920245,10.089528906304093,bls_cpi_2024-05-15
BCOUSD,2024-05-08 13:30:00+00:00,1,0.0,37.69551388398518,bls_cpi_2024-05-15
BCOUSD,2024-05-01 13:30:00+00:00,2,16.431350011003115,32.88974339032384,bls_cpi_2024-05-15
BCOUSD,2024-04-24 13:30:00+00:00,3,11.350352511933325,30.616434311621898,bls_cpi_2024-05-15
BCOUSD,2024-04-17 13:30:00+00:00,4,5.043684013646188,21.32364476996459,bls_cpi_2024-05-15
EURUSD,2024-05-31 13:30:00+00:00,1,12.156824514114744,12.325920945353323,bls_employment_2024-06-07
EURUSD,2024-05-24 13:30:00+00:00,2,0.9222114637423712,5.070643388889309,bls_employment_2024-06-07
EURUSD,2024-05-17 13:30:00+00:00,3,2.859528012881622,2.0288465155002924,bls_employment_2024-06-07
EURUSD,2024-05-10 13:30:00+00:00,4,5.288673547685894,4.734343105505379,bls_employment_2024-06-07
GBPUSD,2024-05-31 13:30:00+00:00,1,13.680645595714932,14.3681005831603,bls_employment_2024-06-07
GBPUSD,2024-05-24 13:30:00+00:00,2,1.7300629943367964,1.0221692799861484,bls_employment_2024-06-07
GBPUSD,2024-05-17 13:30:00+00:00,3,3.2399157905327547,4.18662891650371,bls_employment_2024-06-07
GBPUSD,2024-05-10 13:30:00+00:00,4,7.583771094111854,0.8784925074236544,bls_employment_2024-06-07
AUDUSD,2024-05-31 13:30:00+00:00,1,17.73050109885593,5.853175514732955,bls_employment_2024-06-07
AUDUSD,2024-05-24 13:30:00+00:00,2,3.0245289526752615,4.0816635613061285,bls_employment_2024-06-07
AUDUSD,2024-05-17 13:30:00+00:00,3,6.307632444136834,3.752655047452122,bls_employment_2024-06-07
AUDUSD,2024-05-10 13:30:00+00:00,4,2.269683842785793,1.3618721223123469,bls_employment_2024-06-07
NZDUSD,2024-05-31 13:30:00+00:00,1,19.392957799189187,18.055391021875472,bls_employment_2024-06-07
NZDUSD,2024-05-24 13:30:00+00:00,2,2.6196011807008373,2.7825745541232565,bls_employment_2024-06-07
NZDUSD,2024-05-17 13:30:00+00:00,3,5.730706097941786,5.5638287121520635,bls_employment_2024-06-07
NZDUSD,2024-05-10 13:30:00+00:00,4,2.160132274958954,1.4957495810710952,bls_employment_2024-06-07
USDJPY,2024-05-31 13:30:00+00:00,1,9.996085168744425,8.667113310612184,bls_employment_2024-06-07
USDJPY,2024-05-24 13:30:00+00:00,2,0.700260051405096,0.5093108388819431,bls_employment_2024-06-07
USDJPY,2024-05-17 13:30:00+00:00,3,1.5401794339488715,3.0810706964329753,bls_employment_2024-06-07
USDJPY,2024-05-10 13:30:00+00:00,4,4.044775072559908,1.026984005625555,bls_employment_2024-06-07
USDCHF,2024-05-31 13:30:00+00:00,1,11.717369575508878,10.84526787871255,bls_employment_2024-06-07
USDCHF,2024-05-24 13:30:00+00:00,2,6.445586908101356,5.356274347435645,bls_employment_2024-06-07
USDCHF,2024-05-17 13:30:00+00:00,3,2.1996392680309342,6.051503983369108,bls_employment_2024-06-07
USDCHF,2024-05-10 13:30:00+00:00,4,5.951725073738074,1.6529016726431789,bls_employment_2024-06-07
USDCAD,2024-05-31 13:30:00+00:00,1,4.911213424961487,8.13780053047454,bls_employment_2024-06-07
USDCAD,2024-05-24 13:30:00+00:00,2,1.0208024974771432,2.1146351057173915,bls_employment_2024-06-07
USDCAD,2024-05-17 13:30:00+00:00,3,4.254164377589477,3.9624012669795796,bls_employment_2024-06-07
USDCAD,2024-05-10 13:30:00+00:00,4,17.635333769472,2.1241919909929665,bls_employment_2024-06-07
EURJPY,2024-05-31 13:30:00+00:00,1,2.1109788570035666,3.868970902014317,bls_employment_2024-06-07
EURJPY,2024-05-24 13:30:00+00:00,2,0.11741499154583275,4.4020672818507505,bls_employment_2024-06-07
EURJPY,2024-05-17 13:30:00+00:00,3,1.3615147168215056,1.1839153277592376,bls_employment_2024-06-07
EURJPY,2024-05-10 13:30:00+00:00,4,1.0722455214232922,3.932550846128302,bls_employment_2024-06-07
XAUUSD,2024-05-31 13:30:00+00:00,1,19.405924149178112,36.24301937518712,bls_employment_2024-06-07
XAUUSD,2024-05-24 13:30:00+00:00,2,5.686822972386554,2.863566056819133,bls_employment_2024-06-07
XAUUSD,2024-05-17 13:30:00+00:00,3,1.6623213958749645,28.380628657673082,bls_employment_2024-06-07
XAUUSD,2024-05-10 13:30:00+00:00,4,2.0284421464879863,13.334567406684432,bls_employment_2024-06-07
XAGUSD,2024-05-31 13:30:00+00:00,1,51.361508918740434,92.80000719640736,bls_employment_2024-06-07
XAGUSD,2024-05-24 13:30:00+00:00,2,0.9848497291413367,9.84413533147643,bls_employment_2024-06-07
XAGUSD,2024-05-17 13:30:00+00:00,3,18.803940935758035,185.13200122691788,bls_employment_2024-06-07
XAGUSD,2024-05-10 13:30:00+00:00,4,23.17823689119677,32.398957767435,bls_employment_2024-06-07
SPXUSD,2024-05-31 13:30:00+00:00,1,31.01957069650223,5.213251219889658,bls_employment_2024-06-07
SPXUSD,2024-05-24 13:30:00+00:00,2,12.710487180201204,1.3830959024983962,bls_employment_2024-06-07
SPXUSD,2024-05-17 13:30:00+00:00,3,3.6482141132881845,0.8770344020954838,bls_employment_2024-06-07
SPXUSD,2024-05-10 13:30:00+00:00,4,5.264660163920048,7.630455277520148,bls_employment_2024-06-07
NSXUSD,2024-05-31 13:30:00+00:00,1,34.88728067977298,8.007296382718742,bls_employment_2024-06-07
NSXUSD,2024-05-24 13:30:00+00:00,2,15.073389682263318,1.7535605363776021,bls_employment_2024-06-07
NSXUSD,2024-05-17 13:30:00+00:00,3,3.9346508346288984,0.316922001889238,bls_employment_2024-06-07
NSXUSD,2024-05-10 13:30:00+00:00,4,9.076445802105145,15.466681242193758,bls_employment_2024-06-07
GRXEUR,2024-05-31 13:30:00+00:00,1,28.63764103163866,5.668161071600149,bls_employment_2024-06-07
GRXEUR,2024-05-24 13:30:00+00:00,2,6.186466033461251,9.123182027748992,bls_employment_2024-06-07
GRXEUR,2024-05-17 13:30:00+00:00,3,1.5409048150716562,0.0,bls_employment_2024-06-07
GRXEUR,2024-05-10 13:30:00+00:00,4,4.773808356057311,8.264638071811858,bls_employment_2024-06-07
UKXGBP,2024-05-31 13:30:00+00:00,1,7.808834062911184,4.225455899008569,bls_employment_2024-06-07
UKXGBP,2024-05-24 13:30:00+00:00,2,4.211573634892462,4.569037397042368,bls_employment_2024-06-07
UKXGBP,2024-05-17 13:30:00+00:00,3,3.065083448799395,4.415779074498224,bls_employment_2024-06-07
UKXGBP,2024-05-10 13:30:00+00:00,4,0.37765524046950727,5.3358508383523695,bls_employment_2024-06-07
BCOUSD,2024-05-31 13:30:00+00:00,1,10.974540170842428,54.692763768729485,bls_employment_2024-06-07
BCOUSD,2024-05-24 13:30:00+00:00,2,20.97005751923921,17.14938269229647,bls_employment_2024-06-07
BCOUSD,2024-05-17 13:30:00+00:00,3,25.183492946999017,19.742634335851356,bls_employment_2024-06-07
BCOUSD,2024-05-10 13:30:00+00:00,4,0.5935387374795328,20.20010668103713,bls_employment_2024-06-07
EURUSD,2024-06-05 13:30:00+00:00,1,1.747102343260621,7.44475064600676,bls_cpi_2024-06-12
EURUSD,2024-05-29 13:30:00+00:00,2,1.0135773299073685,5.714812580642762,bls_cpi_2024-06-12
EURUSD,2024-05-22 13:30:00+00:00,3,3.1396884578863893,2.400273273402871,bls_cpi_2024-06-12
EURUSD,2024-05-08 13:30:00+00:00,5,2.885801411726966,6.04817154302355,bls_cpi_2024-06-12
GBPUSD,2024-06-05 13:30:00+00:00,1,1.0953930907291223,7.820748844251569,bls_cpi_2024-06-12
GBPUSD,2024-05-29 13:30:00+00:00,2,0.3137353328990344,3.294815402473084,bls_cpi_2024-06-12
GBPUSD,2024-05-22 13:30:00+00:00,3,1.6510407490775951,6.051484959687299,bls_cpi_2024-06-12
GBPUSD,2024-05-08 13:30:00+00:00,5,0.9617157015515045,2.884592290896983,bls_cpi_2024-06-12
AUDUSD,2024-06-05 13:30:00+00:00,1,1.3542489581700161,6.91979087723838,bls_cpi_2024-06-12
AUDUSD,2024-05-29 13:30:00+00:00,2,1.808836169597001,6.030726734560756,bls_cpi_2024-06-12
AUDUSD,2024-05-22 13:30:00+00:00,3,5.5666304517916085,1.8057332078267536,bls_cpi_2024-06-12
AUDUSD,2024-05-08 13:30:00+00:00,5,1.9817224281487125,3.809901217249256,bls_cpi_2024-06-12
NZDUSD,2024-06-05 13:30:00+00:00,1,0.8084139730673963,5.657525872441576,bls_cpi_2024-06-12
NZDUSD,2024-05-29 13:30:00+00:00,2,1.4679138524034796,2.12038918091278,bls_cpi_2024-06-12
NZDUSD,2024-05-22 13:30:00+00:00,3,5.727517605047802,7.526917264743172,bls_cpi_2024-06-12
NZDUSD,2024-05-08 13:30:00+00:00,5,2.8402208880326034,2.839414431610069,bls_cpi_2024-06-12
USDJPY,2024-06-05 13:30:00+00:00,1,5.571726514736666,0.44841469398367295,bls_cpi_2024-06-12
USDJPY,2024-05-29 13:30:00+00:00,2,5.279042008296978,0.06361990921464754,bls_cpi_2024-06-12
USDJPY,2024-05-22 13:30:00+00:00,3,0.5748062425546714,2.4912089199133423,bls_cpi_2024-06-12
USDJPY,2024-05-08 13:30:00+00:00,5,2.5706610596460515,2.4421123107441978,bls_cpi_2024-06-12
USDCHF,2024-06-05 13:30:00+00:00,1,4.930635031198256,2.354114947730051,bls_cpi_2024-06-12
USDCHF,2024-05-29 13:30:00+00:00,2,2.1931748486900315,3.6189964808194,bls_cpi_2024-06-12
USDCHF,2024-05-22 13:30:00+00:00,3,4.811004171214839,1.9688053790097628,bls_cpi_2024-06-12
USDCHF,2024-05-08 13:30:00+00:00,5,1.9805248455561042,4.95302887835625,bls_cpi_2024-06-12
USDCAD,2024-06-05 13:30:00+00:00,1,1.242576520556222,10.969243344633027,bls_cpi_2024-06-12
USDCAD,2024-05-29 13:30:00+00:00,2,1.6091987687800604,4.752938685164092,bls_cpi_2024-06-12
USDCAD,2024-05-22 13:30:00+00:00,3,1.3896253519271167,0.2193968779905661,bls_cpi_2024-06-12
USDCAD,2024-05-08 13:30:00+00:00,5,3.417274720337873,2.691016747817293,bls_cpi_2024-06-12
EURJPY,2024-06-05 13:30:00+00:00,1,3.6511180482277314,7.7128923930389135,bls_cpi_2024-06-12
EURJPY,2024-05-29 13:30:00+00:00,2,6.446697755944154,5.570949111256047,bls_cpi_2024-06-12
EURJPY,2024-05-22 13:30:00+00:00,3,2.4770869584175537,0.11794121809952937,bls_cpi_2024-06-12
EURJPY,2024-05-08 13:30:00+00:00,5,5.50407135684864,3.5281911808400332,bls_cpi_2024-06-12
XAUUSD,2024-06-05 13:30:00+00:00,1,3.8106656280953755,22.363721098257034,bls_cpi_2024-06-12
XAUUSD,2024-05-29 13:30:00+00:00,2,0.05550144164968454,16.506036055016203,bls_cpi_2024-06-12
XAUUSD,2024-05-22 13:30:00+00:00,3,13.25134028488682,6.758429531946906,bls_cpi_2024-06-12
XAUUSD,2024-05-08 13:30:00+00:00,5,0.11658073874743433,2.029562528288701,bls_cpi_2024-06-12
XAGUSD,2024-06-05 13:30:00+00:00,1,9.81005778655808,46.59651866963584,bls_cpi_2024-06-12
XAGUSD,2024-05-29 13:30:00+00:00,2,7.524926673508508,41.173663057527506,bls_cpi_2024-06-12
XAGUSD,2024-05-22 13:30:00+00:00,3,18.33818649739835,32.54295853186339,bls_cpi_2024-06-12
XAGUSD,2024-05-08 13:30:00+00:00,5,9.513356004726557,5.489579087153316,bls_cpi_2024-06-12
SPXUSD,2024-06-05 13:30:00+00:00,1,2.8045521381957346,11.366587960222477,bls_cpi_2024-06-12
SPXUSD,2024-05-29 13:30:00+00:00,2,10.373173440752165,5.059639708253951,bls_cpi_2024-06-12
SPXUSD,2024-05-22 13:30:00+00:00,3,2.358145913535958,4.217169814685405,bls_cpi_2024-06-12
SPXUSD,2024-05-08 13:30:00+00:00,5,1.6600021552369923,2.652389308524952,bls_cpi_2024-06-12
NSXUSD,2024-06-05 13:30:00+00:00,1,0.14295732729390986,15.930893505983127,bls_cpi_2024-06-12
NSXUSD,2024-05-29 13:30:00+00:00,2,13.43930827317798,6.2448692773564245,bls_cpi_2024-06-12
NSXUSD,2024-05-22 13:30:00+00:00,3,3.9979536612221276,7.761913861970524,bls_cpi_2024-06-12
NSXUSD,2024-05-08 13:30:00+00:00,5,5.421995776836584,1.1741350732487355,bls_cpi_2024-06-12
GRXEUR,2024-06-05 13:30:00+00:00,1,4.3014763437365175,6.991864309820422,bls_cpi_2024-06-12
GRXEUR,2024-05-29 13:30:00+00:00,2,12.451306797473539,12.737890711535425,bls_cpi_2024-06-12
GRXEUR,2024-05-22 13:30:00+00:00,3,6.371094855467624,17.614698430207643,bls_cpi_2024-06-12
GRXEUR,2024-05-08 13:30:00+00:00,5,8.378949746344604,1.874163485144971,bls_cpi_2024-06-12
UKXGBP,2024-06-05 13:30:00+00:00,1,4.847010139432561,6.175746804689102,bls_cpi_2024-06-12
UKXGBP,2024-05-29 13:30:00+00:00,2,11.584940874233427,5.496334422274899,bls_cpi_2024-06-12
UKXGBP,2024-05-22 13:30:00+00:00,3,8.382726329956594,10.761120757445951,bls_cpi_2024-06-12
UKXGBP,2024-05-08 13:30:00+00:00,5,8.772656131611043,3.9919067801776578,bls_cpi_2024-06-12
BCOUSD,2024-06-05 13:30:00+00:00,1,0.0,3.8516845176263734,bls_cpi_2024-06-12
BCOUSD,2024-05-29 13:30:00+00:00,2,2.360216206761064,33.101652204546035,bls_cpi_2024-06-12
BCOUSD,2024-05-22 13:30:00+00:00,3,20.722111805809856,24.505483323097987,bls_cpi_2024-06-12
BCOUSD,2024-05-08 13:30:00+00:00,5,0.0,37.69551388398518,bls_cpi_2024-06-12
EURUSD,2024-06-28 13:30:00+00:00,1,7.286315128526412,3.3622549839952662,bls_employment_2024-07-05
EURUSD,2024-06-21 13:30:00+00:00,2,0.4677334107504104,5.611095152407842,bls_employment_2024-07-05
EURUSD,2024-06-14 13:30:00+00:00,3,6.365491761940068,11.136952901907794,bls_employment_2024-07-05
EURUSD,2024-05-31 13:30:00+00:00,5,12.156824514114744,12.325920945353323,bls_employment_2024-07-05
GBPUSD,2024-06-28 13:30:00+00:00,1,8.14393460284849,1.8179734388815656,bls_employment_2024-07-05
GBPUSD,2024-06-21 13:30:00+00:00,2,1.5818154528890858,5.29809715818189,bls_employment_2024-07-05
GBPUSD,2024-06-14 13:30:00+00:00,3,11.989557901533427,18.687983234048296,bls_employment_2024-07-05
GBPUSD,2024-05-31 13:30:00+00:00,5,13.680645595714932,14.3681005831603,bls_employment_2024-07-05
AUDUSD,2024-06-28 13:30:00+00:00,1,13.5100670533269,2.699824527804572,bls_employment_2024-07-05
AUDUSD,2024-06-21 13:30:00+00:00,2,2.8522747084009774,2.401861454163933,bls_employment_2024-07-05
AUDUSD,2024-06-14 13:30:00+00:00,3,13.018272830525357,10.597551443736306,bls_employment_2024-07-05
AUDUSD,2024-05-31 13:30:00+00:00,5,17.73050109885593,5.853175514732955,bls_employment_2024-07-05
NZDUSD,2024-06-28 13:30:00+00:00,1,12.651054435643468,4.268172630296741,bls_employment_2024-07-05
NZDUSD,2024-06-21 13:30:00+00:00,2,3.1002439650797435,1.3052487333135014,bls_employment_2024-07-05
NZDUSD,2024-06-14 13:30:00+00:00,3,14.523619749572154,10.609214689152038,bls_employment_2024-07-05
NZDUSD,2024-05-31 13:30:00+00:00,5,19.392957799189187,18.055391021875472,bls_employment_2024-07-05
USDJPY,2024-06-28 13:30:00+00:00,1,7.474540196633498,0.8100773628313127,bls_employment_2024-07-05
USDJPY,2024-06-21 13:30:00+00:00,2,1.195205340845128,2.7051426184038294,bls_employment_2024-07-05
USDJPY,2024-06-14 13:30:00+00:00,3,20.923104124117874,8.198675324593353,bls_employment_2024-07-05
USDJPY,2024-05-31 13:30:00+00:00,5,9.996085168744425,8.667113310612184,bls_employment_2024-07-05
USDCHF,2024-06-28 13:30:00+00:00,1,12.67061032896028,0.5560652822074287,bls_employment_2024-07-05
USDCHF,2024-06-21 13:30:00+00:00,2,3.1366574691155895,2.5764679008205422,bls_employment_2024-07-05
USDCHF,2024-06-14 13:30:00+00:00,3,11.319762036758824,3.8091824162671104,bls_employment_2024-07-05
USDCHF,2024-05-31 13:30:00+00:00,5,11.717369575508878,10.84526787871255,bls_employment_2024-07-05
USDCAD,2024-06-28 13:30:00+00:00,1,6.714544539070959,1.8250506502224109,bls_employment_2024-07-05
USDCAD,2024-06-21 13:30:00+00:00,2,1.4602057455830495,1.3141947655563875,bls_employment_2024-07-05
USDCAD,2024-06-14 13:30:00+00:00,3,6.319666357621838,4.721212495040444,bls_employment_2024-07-05
USDCAD,2024-05-31 13:30:00+00:00,5,4.911213424961487,8.13780053047454,bls_employment_2024-07-05
EURJPY,2024-06-28 13:30:00+00:00,1,0.17455814968868003,4.073888757704604,bls_employment_2024-07-05
EURJPY,2024-06-21 13:30:00+00:00,2,1.8242215479380715,2.765120668069198,bls_employment_2024-07-05
EURJPY,2024-06-14 13:30:00+00:00,3,14.34750370396017,3.211972357067082,bls_employment_2024-07-05
EURJPY,2024-05-31 13:30:00+00:00,5,2.1109788570035666,3.868970902014317,bls_employment_2024-07-05
XAUUSD,2024-06-28 13:30:00+00:00,1,15.448126052424753,5.864650878914471,bls_employment_2024-07-05
XAUUSD,2024-06-21 13:30:00+00:00,2,10.250937305677986,8.04564890269232,bls_employment_2024-07-05
XAUUSD,2024-06-14 13:30:00+00:00,3,5.700021395176594,10.50836396200878,bls_employment_2024-07-05
XAUUSD,2024-05-31 13:30:00+00:00,5,19.405924149178112,36.24301937518712,bls_employment_2024-07-05
XAGUSD,2024-06-28 13:30:00+00:00,1,44.24785980355636,0.6792094005183287,bls_employment_2024-07-05
XAGUSD,2024-06-21 13:30:00+00:00,2,32.269776760060225,61.202738391634476,bls_employment_2024-07-05
XAGUSD,2024-06-14 13:30:00+00:00,3,3.4291201213886975,6.854714598182141,bls_employment_2024-07-05
XAGUSD,2024-05-31 13:30:00+00:00,5,51.361508918740434,92.80000719640736,bls_employment_2024-07-05
SPXUSD,2024-06-28 13:30:00+00:00,1,1.7183441453284602,14.998088510304456,bls_employment_2024-07-05
SPXUSD,2024-06-21 13:30:00+00:00,2,11.223962753752499,7.053579252639308,bls_employment_2024-07-05
SPXUSD,2024-06-14 13:30:00+00:00,3,6.023306626184714,0.913247581128435,bls_employment_2024-07-05
SPXUSD,2024-05-31 13:30:00+00:00,5,31.01957069650223,5.213251219889658,bls_employment_2024-07-05
NSXUSD,2024-06-28 13:30:00+00:00,1,5.504183539600863,24.216951052420217,bls_employment_2024-07-05
NSXUSD,2024-06-21 13:30:00+00:00,2,14.104363969071173,11.11526342725294,bls_employment_2024-07-05
NSXUSD,2024-06-14 13:30:00+00:00,3,3.7538692703126078,0.5861550536385038,bls_employment_2024-07-05
NSXUSD,2024-05-31 13:30:00+00:00,5,34.88728067977298,8.007296382718742,bls_employment_2024-07-05
GRXEUR,2024-06-28 13:30:00+00:00,1,1.6449373225499495,7.125153879107529,bls_employment_2024-07-05
GRXEUR,2024-06-21 13:30:00+00:00,2,5.795811644912128,15.441113420045877,bls_employment_2024-07-05
GRXEUR,2024-06-14 13:30:00+00:00,3,14.966789919031358,5.531417265378662,bls_employment_2024-07-05
GRXEUR,2024-05-31 13:30:00+00:00,5,28.63764103163866,5.668161071600149,bls_employment_2024-07-05
UKXGBP,2024-06-28 13:30:00+00:00,1,4.272225800599513,0.6394970723822718,bls_employment_2024-07-05
UKXGBP,2024-06-21 13:30:00+00:00,2,2.4605225355998552,16.987982174925236,bls_employment_2024-07-05
UKXGBP,2024-06-14 13:30:00+00:00,3,3.6850984525877406,3.7034837627238186,bls_employment_2024-07-05
UKXGBP,2024-05-31 13:30:00+00:00,5,7.808834062911184,4.225455899008569,bls_employment_2024-07-05
BCOUSD,2024-06-28 13:30:00+00:00,1,3.5055738983410825,11.694129710811284,bls_employment_2024-07-05
BCOUSD,2024-06-21 13:30:00+00:00,2,2.3352755147416593,13.420392839376042,bls_employment_2024-07-05
BCOUSD,2024-06-14 13:30:00+00:00,3,10.221814239712435,6.612921889891245,bls_employment_2024-07-05
BCOUSD,2024-05-31 13:30:00+00:00,5,10.974540170842428,54.692763768729485,bls_employment_2024-07-05
EURUSD,2024-07-04 13:30:00+00:00,1,0.7407750362210413,2.31527573652728,bls_cpi_2024-07-11
EURUSD,2024-06-27 13:30:00+00:00,2,4.110612912888882,13.72094432399893,bls_cpi_2024-07-11
EURUSD,2024-06-20 13:30:00+00:00,3,2.7975158242091114,2.611721045729761,bls_cpi_2024-07-11
EURUSD,2024-06-13 13:30:00+00:00,4,14.072903654872734,15.092106361273848,bls_cpi_2024-07-11
GBPUSD,2024-07-04 13:30:00+00:00,1,2.5089184341086557,3.2154719374207352,bls_cpi_2024-07-11
GBPUSD,2024-06-27 13:30:00+00:00,2,6.324160876080448,0.7902389686743098,bls_cpi_2024-07-11
GBPUSD,2024-06-20 13:30:00+00:00,3,2.7590012590525643,3.390672529004437,bls_cpi_2024-07-11
GBPUSD,2024-06-13 13:30:00+00:00,4,20.48860549693596,14.619257021747043,bls_cpi_2024-07-11
AUDUSD,2024-07-04 13:30:00+00:00,1,5.350773017081552,0.14867125069939577,bls_cpi_2024-07-11
AUDUSD,2024-06-27 13:30:00+00:00,2,5.5591866989522805,10.358883668264069,bls_cpi_2024-07-11
AUDUSD,2024-06-20 13:30:00+00:00,3,1.3491736331977202,9.599376777693594,bls_cpi_2024-07-11
AUDUSD,2024-06-13 13:30:00+00:00,4,31.231256616787306,18.907284935093607,bls_cpi_2024-07-11
NZDUSD,2024-07-04 13:30:00+00:00,1,5.065400969424381,1.3076168701219004,bls_cpi_2024-07-11
NZDUSD,2024-06-27 13:30:00+00:00,2,3.6064391722317652,6.717622542016479,bls_cpi_2024-07-11
NZDUSD,2024-06-20 13:30:00+00:00,3,0.9786970288050847,7.506527767625147,bls_cpi_2024-07-11
NZDUSD,2024-06-13 13:30:00+00:00,4,28.94030458973913,22.62773508348301,bls_cpi_2024-07-11
USDJPY,2024-07-04 13:30:00+00:00,1,2.3595889457154224,4.717508250019637,bls_cpi_2024-07-11
USDJPY,2024-06-27 13:30:00+00:00,2,0.5609031789109871,3.3660799200783944,bls_cpi_2024-07-11
USDJPY,2024-06-20 13:30:00+00:00,3,3.9137708418670187,6.4354532590702345,bls_cpi_2024-07-11
USDJPY,2024-06-13 13:30:00+00:00,4,23.396148078230258,21.613083367362236,bls_cpi_2024-07-11
USDCHF,2024-07-04 13:30:00+00:00,1,5.5586438340674675,2.778163651707496,bls_cpi_2024-07-11
USDCHF,2024-06-27 13:30:00+00:00,2,3.230531896178309,15.052435482461137,bls_cpi_2024-07-11
USDCHF,2024-06-20 13:30:00+00:00,3,5.163549942981586,7.06749486735481,bls_cpi_2024-07-11
USDCHF,2024-06-13 13:30:00+00:00,4,15.983103788695379,9.615277850855941,bls_cpi_2024-07-11
USDCAD,2024-07-04 13:30:00+00:00,1,0.07345083017707302,1.8364326246113978,bls_cpi_2024-07-11
USDCAD,2024-06-27 13:30:00+00:00,2,0.8038027180156839,1.315279900765569,bls_cpi_2024-07-11
USDCAD,2024-06-20 13:30:00+00:00,3,1.3859761123669005,6.494762457975332,bls_cpi_2024-07-11
USDCAD,2024-06-13 13:30:00+00:00,4,12.822195808983542,12.749388845727788,bls_cpi_2024-07-11
EURJPY,2024-07-04 13:30:00+00:00,1,1.782433831864307,2.4718823509876495,bls_cpi_2024-07-11
EURJPY,2024-06-27 13:30:00+00:00,2,3.4933887972936923,10.240239213122404,bls_cpi_2024-07-11
EURJPY,2024-06-20 13:30:00+00:00,3,1.1773016260360283,3.8841122643633237,bls_cpi_2024-07-11
EURJPY,2024-06-13 13:30:00+00:00,4,9.384711872819237,6.670543306290522,bls_cpi_2024-07-11
XAUUSD,2024-07-04 13:30:00+00:00,1,3.6900995473142197,3.011562726889923,bls_cpi_2024-07-11
XAUUSD,2024-06-27 13:30:00+00:00,2,4.141188709736687,9.453599505483913,bls_cpi_2024-07-11
XAUUSD,2024-06-20 13:30:00+00:00,3,10.127513514327063,3.378118377445547,bls_cpi_2024-07-11
XAUUSD,2024-06-13 13:30:00+00:00,4,63.19272919467815,6.46099198699452,bls_cpi_2024-07-11
XAGUSD,2024-07-04 13:30:00+00:00,1,7.269363259581736,7.599663337233621,bls_cpi_2024-07-11
XAGUSD,2024-06-27 13:30:00+00:00,2,27.56911250616405,3.7848160515118163,bls_cpi_2024-07-11
XAGUSD,2024-06-20 13:30:00+00:00,3,11.859662071998082,58.18390575562698,bls_cpi_2024-07-11
XAGUSD,2024-06-13 13:30:00+00:00,4,107.32577300675068,25.189787632864256,bls_cpi_2024-07-11
SPXUSD,2024-07-04 13:30:00+00:00,1,0.45684366718439495,2.2677616296965,bls_cpi_2024-07-11
SPXUSD,2024-06-27 13:30:00+00:00,2,7.677550577196178,4.375137819979091,bls_cpi_2024-07-11
SPXUSD,2024-06-20 13:30:00+00:00,3,6.812483130078104,5.447875177174008,bls_cpi_2024-07-11
SPXUSD,2024-06-13 13:30:00+00:00,4,20.39353618080079,20.30704289024168,bls_cpi_2024-07-11
NSXUSD,2024-07-04 13:30:00+00:00,1,0.17604045300955462,1.3170049857958368,bls_cpi_2024-07-11
NSXUSD,2024-06-27 13:30:00+00:00,2,9.263028065655163,6.9600073002583045,bls_cpi_2024-07-11
NSXUSD,2024-06-20 13:30:00+00:00,3,6.8130494731162,4.814039013332295,bls_cpi_2024-07-11
NSXUSD,2024-06-13 13:30:00+00:00,4,22.39874906423073,27.382048889264887,bls_cpi_2024-07-11
GRXEUR,2024-07-04 13:30:00+00:00,1,3.056399492435414,14.558919591155545,bls_cpi_2024-07-11
GRXEUR,2024-06-27 13:30:00+00:00,2,9.592987391928363,10.417745577419584,bls_cpi_2024-07-11
GRXEUR,2024-06-20 13:30:00+00:00,3,4.206649439352181,10.466708107299302,bls_cpi_2024-07-11
GRXEUR,2024-06-13 13:30:00+00:00,4,21.948235274917145,18.946884427538155,bls_cpi_2024-07-11
UKXGBP,2024-07-04 13:30:00+00:00,1,8.506401425139948,1.0791040830572143,bls_cpi_2024-07-11
UKXGBP,2024-06-27 13:30:00+00:00,2,10.12622431363271,1.587176590237603,bls_cpi_2024-07-11
UKXGBP,2024-06-20 13:30:00+00:00,3,5.509270705484018,2.426130445022093,bls_cpi_2024-07-11
UKXGBP,2024-06-13 13:30:00+00:00,4,9.164967667962932,7.592326732955172,bls_cpi_2024-07-11
BCOUSD,2024-07-04 13:30:00+00:00,1,2.3024763234484253,1.7269069412760427,bls_cpi_2024-07-11
BCOUSD,2024-06-27 13:30:00+00:00,2,1.1770521918518255,24.689048257786673,bls_cpi_2024-07-11
BCOUSD,2024-06-20 13:30:00+00:00,3,2.3443086155207844,39.76939025664565,bls_cpi_2024-07-11
BCOUSD,2024-06-13 13:30:00+00:00,4,17.024799510550853,8.501542934746979,bls_cpi_2024-07-11
EURUSD,2024-07-26 13:30:00+00:00,1,6.354790943229729,0.6445049053663419,bls_employment_2024-08-02
EURUSD,2024-07-19 13:30:00+00:00,2,0.18371377394507815,2.571685754177226,bls_employment_2024-08-02
EURUSD,2024-07-12 13:30:00+00:00,3,3.306453124411644,5.051084942657826,bls_employment_2024-08-02
EURUSD,2024-06-28 13:30:00+00:00,5,7.286315128526412,3.3622549839952662,bls_employment_2024-08-02
GBPUSD,2024-07-26 13:30:00+00:00,1,7.77375309286113,0.7771034250861909,bls_employment_2024-08-02
GBPUSD,2024-07-19 13:30:00+00:00,2,1.0837758762105136,1.6256197711169724,bls_employment_2024-08-02
GBPUSD,2024-07-12 13:30:00+00:00,3,3.6265292583827446,8.408450602060238,bls_employment_2024-08-02
GBPUSD,2024-06-28 13:30:00+00:00,5,8.14393460284849,1.8179734388815656,bls_employment_2024-08-02
AUDUSD,2024-07-26 13:30:00+00:00,1,10.066347223857775,4.572264722332297,bls_employment_2024-08-02
AUDUSD,2024-07-19 13:30:00+00:00,2,0.0,1.943300477738113,bls_employment_2024-08-02
AUDUSD,2024-07-12 13:30:00+00:00,3,2.0665731861875787,3.690009709694809,bls_employment_2024-08-02
AUDUSD,2024-06-28 13:30:00+00:00,5,13.5100670533269,2.699824527804572,bls_employment_2024-08-02
NZDUSD,2024-07-26 13:30:00+00:00,1,13.24525996423818,4.411190923397653,bls_employment_2024-08-02
NZDUSD,2024-07-19 13:30:00+00:00,2,1.3289478075295658,1.993487945999843,bls_employment_2024-08-02
NZDUSD,2024-07-12 13:30:00+00:00,3,4.417286385600558,5.071533265894731,bls_employment_2024-08-02
NZDUSD,2024-06-28 13:30:00+00:00,5,12.651054435643468,4.268172630296741,bls_employment_2024-08-02
USDJPY,2024-07-26 13:30:00+00:00,1,27.060287115313653,7.52255179667339,bls_employment_2024-08-02
USDJPY,2024-07-19 13:30:00+00:00,2,2.537571937922654,3.4889954267468535,bls_employment_2024-08-02
USDJPY,2024-07-12 13:30:00+00:00,3,14.490199602051652,6.9274759049208825,bls_employment_2024-08-02
USDJPY,2024-06-28 13:30:00+00:00,5,7.474540196633498,0.8100773628313127,bls_employment_2024-08-02
USDCHF,2024-07-26 13:30:00+00:00,1,15.736357054941426,0.11330096702490462,bls_employment_2024-08-02
USDCHF,2024-07-19 13:30:00+00:00,2,0.786627335705567,0.7866892188304256,bls_employment_2024-08-02
USDCHF,2024-07-12 13:30:00+00:00,3,6.25747285567435,7.375290876064077,bls_employment_2024-08-02
USDCHF,2024-06-28 13:30:00+00:00,5,12.67061032896028,0.5560652822074287,bls_employment_2024-08-02
USDCAD,2024-07-26 13:30:00+00:00,1,2.67643688281,0.5787832530687784,bls_employment_2024-08-02
USDCAD,2024-07-19 13:30:00+00:00,2,4.591485426172562,1.0201479223336287,bls_employment_2024-08-02
USDCAD,2024-07-12 13:30:00+00:00,3,3.5959476259763417,1.90752887550101,bls_employment_2024-08-02
USDCAD,2024-06-28 13:30:00+00:00,5,6.714544539070959,1.8250506502224109,bls_employment_2024-08-02
EURJPY,2024-07-26 13:30:00+00:00,1,20.569575619599302,8.299424591888247,bls_employment_2024-08-02
EURJPY,2024-07-19 13:30:00+00:00,2,2.5640428102535684,6.059405664500634,bls_employment_2024-08-02
EURJPY,2024-07-12 13:30:00+00:00,3,11.340887424764537,2.0820561536349653,bls_employment_2024-08-02
EURJPY,2024-06-28 13:30:00+00:00,5,0.17455814968868003,4.073888757704604,bls_employment_2024-08-02
XAUUSD,2024-07-26 13:30:00+00:00,1,8.383324837170315,13.718317996684645,bls_employment_2024-08-02
XAUUSD,2024-07-19 13:30:00+00:00,2,17.207737750677957,2.6211665589356983,bls_employment_2024-08-02
XAUUSD,2024-07-12 13:30:00+00:00,3,20.166547460390642,7.100429680414692,bls_employment_2024-08-02
XAUUSD,2024-06-28 13:30:00+00:00,5,15.448126052424753,5.864650878914471,bls_employment_2024-08-02
XAGUSD,2024-07-26 13:30:00+00:00,1,49.416660521076906,11.866876628593378,bls_employment_2024-08-02
XAGUSD,2024-07-19 13:30:00+00:00,2,18.613634687198324,23.433741511455562,bls_employment_2024-08-02
XAGUSD,2024-07-12 13:30:00+00:00,3,46.66881828316346,15.36274347292084,bls_employment_2024-08-02
XAGUSD,2024-06-28 13:30:00+00:00,5,44.24785980355636,0.6792094005183287,bls_employment_2024-08-02
SPXUSD,2024-07-26 13:30:00+00:00,1,12.400769507574283,1.8155890791110156,bls_employment_2024-08-02
SPXUSD,2024-07-19 13:30:00+00:00,2,7.41480687047776,8.795136289761006,bls_employment_2024-08-02
SPXUSD,2024-07-12 13:30:00+00:00,3,0.5601267928099393,9.4124051420901,bls_employment_2024-08-02
SPXUSD,2024-06-28 13:30:00+00:00,5,1.7183441453284602,14.998088510304456,bls_employment_2024-08-02
NSXUSD,2024-07-26 13:30:00+00:00,1,19.152061648652452,2.6005537969581547,bls_employment_2024-08-02
NSXUSD,2024-07-19 13:30:00+00:00,2,8.749144362026499,7.44632324743667,bls_employment_2024-08-02
NSXUSD,2024-07-12 13:30:00+00:00,3,2.720760412919934,10.347955084100708,bls_employment_2024-08-02
NSXUSD,2024-06-28 13:30:00+00:00,5,5.504183539600863,24.216951052420217,bls_employment_2024-08-02
GRXEUR,2024-07-26 13:30:00+00:00,1,16.595347677564174,4.833448646944518,bls_employment_2024-08-02
GRXEUR,2024-07-19 13:30:00+00:00,2,8.281784273058413,7.069738106384749,bls_employment_2024-08-02
GRXEUR,2024-07-12 13:30:00+00:00,3,2.965209654542654,16.41141224172219,bls_employment_2024-08-02
GRXEUR,2024-06-28 13:30:00+00:00,5,1.6449373225499495,7.125153879107529,bls_employment_2024-08-02
UKXGBP,2024-07-26 13:30:00+00:00,1,11.651073271122263,20.918633085594152,bls_employment_2024-08-02
UKXGBP,2024-07-19 13:30:00+00:00,2,7.842348012798971,5.481945968409782,bls_employment_2024-08-02
UKXGBP,2024-07-12 13:30:00+00:00,3,1.470498148771265,7.161024474502918,bls_employment_2024-08-02
UKXGBP,2024-06-28 13:30:00+00:00,5,4.272225800599513,0.6394970723822718,bls_employment_2024-08-02
BCOUSD,2024-07-26 13:30:00+00:00,1,1.8328333822485516,29.371112617628132,bls_employment_2024-08-02
BCOUSD,2024-07-19 13:30:00+00:00,2,5.8849147797283035,5.296579122300733,bls_employment_2024-08-02
BCOUSD,2024-07-12 13:30:00+00:00,3,4.6526235820034145,15.135993947815185,bls_employment_2024-08-02
BCOUSD,2024-06-28 13:30:00+00:00,5,3.5055738983410825,11.694129710811284,bls_employment_2024-08-02
EURUSD,2024-08-07 13:30:00+00:00,1,0.0,5.128815813928852,bls_cpi_2024-08-14
EURUSD,2024-07-31 13:30:00+00:00,2,2.674968308352869,0.9223220386165905,bls_cpi_2024-08-14
EURUSD,2024-07-24 13:30:00+00:00,3,0.4609165787879283,8.845481089046363,bls_cpi_2024-08-14
EURUSD,2024-07-17 13:30:00+00:00,4,4.023004324129123,2.6506409679201552,bls_cpi_2024-08-14
GBPUSD,2024-08-07 13:30:00+00:00,1,2.200427520509034,3.615243793257497,bls_cpi_2024-08-14
GBPUSD,2024-07-31 13:30:00+00:00,2,0.9342156487916787,1.6346674072048202,bls_cpi_2024-08-14
GBPUSD,2024-07-24 13:30:00+00:00,3,2.0128357052122747,9.131926000465741,bls_cpi_2024-08-14
GBPUSD,2024-07-17 13:30:00+00:00,4,3.9152915665013595,2.686078073578457,bls_cpi_2024-08-14
AUDUSD,2024-08-07 13:30:00+00:00,1,0.7618757384355261,1.8284042652768446,bls_cpi_2024-08-14
AUDUSD,2024-07-31 13:30:00+00:00,2,4.602850780131354,7.973259338651457,bls_cpi_2024-08-14
AUDUSD,2024-07-24 13:30:00+00:00,3,2.1216300259909393,15.447292980962247,bls_cpi_2024-08-14
AUDUSD,2024-07-17 13:30:00+00:00,4,2.0769972628634235,4.451236775426646,bls_cpi_2024-08-14
NZDUSD,2024-08-07 13:30:00+00:00,1,2.8231464985367314,3.3214315675269326,bls_cpi_2024-08-14
NZDUSD,2024-07-31 13:30:00+00:00,2,4.218021135769903,8.26216397653188,bls_cpi_2024-08-14
NZDUSD,2024-07-24 13:30:00+00:00,3,1.5158277711811514,16.997791014370836,bls_cpi_2024-08-14
NZDUSD,2024-07-17 13:30:00+00:00,4,2.4671661432600387,7.397848385591704,bls_cpi_2024-08-14
USDJPY,2024-08-07 13:30:00+00:00,1,4.897226363331181,4.965226512933365,bls_cpi_2024-08-14
USDJPY,2024-07-31 13:30:00+00:00,2,5.864242947707814,12.849321852459921,bls_cpi_2024-08-14
USDJPY,2024-07-24 13:30:00+00:00,3,1.6239829842283702,7.083649090196684,bls_cpi_2024-08-14
USDJPY,2024-07-17 13:30:00+00:00,4,4.661781459650659,4.725656571033128,bls_cpi_2024-08-14
USDCHF,2024-08-07 13:30:00+00:00,1,0.11616897939874372,4.993989895147352,bls_cpi_2024-08-14
USDCHF,2024-07-31 13:30:00+00:00,2,1.4790627320222975,4.665479519534977,bls_cpi_2024-08-14
USDCHF,2024-07-24 13:30:00+00:00,3,5.19451200207294,12.765262150396959,bls_cpi_2024-08-14
USDCHF,2024-07-17 13:30:00+00:00,4,3.3860045470231297,2.37008279470047,bls_cpi_2024-08-14
USDCAD,2024-08-07 13:30:00+00:00,1,1.6737193357316436,2.1831677851140707,bls_cpi_2024-08-14
USDCAD,2024-07-31 13:30:00+00:00,2,5.643585997413635,4.922649353408622,bls_cpi_2024-08-14
USDCAD,2024-07-24 13:30:00+00:00,3,0.6528101666636613,5.151105243602122,bls_cpi_2024-08-14
USDCAD,2024-07-17 13:30:00+00:00,4,0.8043552183227165,2.998380165873756,bls_cpi_2024-08-14
EURJPY,2024-08-07 13:30:00+00:00,1,4.797851651493563,9.904722371821133,bls_cpi_2024-08-14
EURJPY,2024-07-31 13:30:00+00:00,2,8.605693811897302,11.605951655075256,bls_cpi_2024-08-14
EURJPY,2024-07-24 13:30:00+00:00,3,0.9581067817336827,1.6167519488636692,bls_cpi_2024-08-14
EURJPY,2024-07-17 13:30:00+00:00,4,8.933498584096988,2.1596570315113204,bls_cpi_2024-08-14
XAUUSD,2024-08-07 13:30:00+00:00,1,0.48723679072358805,5.537006494449374,bls_cpi_2024-08-14
XAUUSD,2024-07-31 13:30:00+00:00,2,3.211770401319367,9.669390276060918,bls_cpi_2024-08-14
XAUUSD,2024-07-24 13:30:00+00:00,3,7.567518752692791,14.870229036063266,bls_cpi_2024-08-14
XAUUSD,2024-07-17 13:30:00+00:00,4,0.17380503481329715,0.7679529208207039,bls_cpi_2024-08-14
XAGUSD,2024-08-07 13:30:00+00:00,1,31.435518407111513,20.351909927724055,bls_cpi_2024-08-14
XAGUSD,2024-07-31 13:30:00+00:00,2,20.930726960429226,4.189651621929122,bls_cpi_2024-08-14
XAGUSD,2024-07-24 13:30:00+00:00,3,10.589060100304039,37.483857696198946,bls_cpi_2024-08-14
XAGUSD,2024-07-17 13:30:00+00:00,4,18.07968465621605,0.969477613905244,bls_cpi_2024-08-14
SPXUSD,2024-08-07 13:30:00+00:00,1,7.612466527086589,7.070811848596479,bls_cpi_2024-08-14
SPXUSD,2024-07-31 13:30:00+00:00,2,5.493006558749799,9.013267779587675,bls_cpi_2024-08-14
SPXUSD,2024-07-24 13:30:00+00:00,3,5.32897728397883,0.2707021022533084,bls_cpi_2024-08-14
SPXUSD,2024-07-17 13:30:00+00:00,4,0.2529053841927364,12.715846948624598,bls_cpi_2024-08-14
NSXUSD,2024-08-07 13:30:00+00:00,1,14.446383107922767,4.372847177928951,bls_cpi_2024-08-14
NSXUSD,2024-07-31 13:30:00+00:00,2,11.356746522324812,18.602479509220856,bls_cpi_2024-08-14
NSXUSD,2024-07-24 13:30:00+00:00,3,13.011452672534078,3.272175505361247,bls_cpi_2024-08-14
NSXUSD,2024-07-17 13:30:00+00:00,4,3.502870979988042,16.877084230807903,bls_cpi_2024-08-14
GRXEUR,2024-08-07 13:30:00+00:00,1,3.4857170801144144,30.747123832073846,bls_cpi_2024-08-14
GRXEUR,2024-07-31 13:30:00+00:00,2,7.829564716038311,4.05218156357212,bls_cpi_2024-08-14
GRXEUR,2024-07-24 13:30:00+00:00,3,1.616609849990756,15.747824728423238,bls_cpi_2024-08-14
GRXEUR,2024-07-17 13:30:00+00:00,4,0.5363985610724651,9.236146139928016,bls_cpi_2024-08-14
UKXGBP,2024-08-07 13:30:00+00:00,1,1.262729314091464,27.65870325200021,bls_cpi_2024-08-14
UKXGBP,2024-07-31 13:30:00+00:00,2,1.059368150591548,3.6371948180891738,bls_cpi_2024-08-14
UKXGBP,2024-07-24 13:30:00+00:00,3,1.5493070678604335,14.583817785903953,bls_cpi_2024-08-14
UKXGBP,2024-07-17 13:30:00+00:00,4,0.6484656631763271,1.256593369691593,bls_cpi_2024-08-14
BCOUSD,2024-08-07 13:30:00+00:00,1,10.87366824762399,0.6399549473895397,bls_cpi_2024-08-14
BCOUSD,2024-07-31 13:30:00+00:00,2,6.2206078295482845,4.976176657429621,bls_cpi_2024-08-14
BCOUSD,2024-07-24 13:30:00+00:00,3,2.4469920472514675,12.853393534846813,bls_cpi_2024-08-14
BCOUSD,2024-07-17 13:30:00+00:00,4,5.343751797083668,8.306831065788332,bls_cpi_2024-08-14
EURUSD,2024-08-30 13:30:00+00:00,1,8.12318401257743,6.774364259200894,bls_employment_2024-09-06
EURUSD,2024-08-23 13:30:00+00:00,2,1.7098555213731141,0.17996778577301817,bls_employment_2024-09-06
EURUSD,2024-08-16 13:30:00+00:00,3,1.4561472190565234,6.187161836973279,bls_employment_2024-09-06
EURUSD,2024-08-09 13:30:00+00:00,4,3.2074339429043213,0.4582678393010315,bls_employment_2024-09-06
GBPUSD,2024-08-30 13:30:00+00:00,1,11.081174523905657,11.701684402007345,bls_employment_2024-09-06
GBPUSD,2024-08-23 13:30:00+00:00,2,0.7623810689223595,0.7623810689227689,bls_employment_2024-09-06
GBPUSD,2024-08-16 13:30:00+00:00,3,1.8596001913185543,7.2867655412965195,bls_employment_2024-09-06
GBPUSD,2024-08-09 13:30:00+00:00,4,9.188325975983645,5.262723934503643,bls_employment_2024-09-06
AUDUSD,2024-08-30 13:30:00+00:00,1,6.030875321613512,17.819672621579578,bls_employment_2024-09-06
AUDUSD,2024-08-23 13:30:00+00:00,2,3.269625211187261,1.1888309347802797,bls_employment_2024-09-06
AUDUSD,2024-08-16 13:30:00+00:00,3,4.677303845975313,1.6602144733357989,bls_employment_2024-09-06
AUDUSD,2024-08-09 13:30:00+00:00,4,10.806122491043135,6.089392466815204,bls_employment_2024-09-06
NZDUSD,2024-08-30 13:30:00+00:00,1,2.7159803657784427,16.311391203878596,bls_employment_2024-09-06
NZDUSD,2024-08-23 13:30:00+00:00,2,2.76258807506467,5.360493293730863,bls_employment_2024-09-06
NZDUSD,2024-08-16 13:30:00+00:00,3,4.482257804862335,3.486374123253717,bls_employment_2024-09-06
NZDUSD,2024-08-09 13:30:00+00:00,4,11.148180423976358,1.664696779325881,bls_employment_2024-09-06
USDJPY,2024-08-30 13:30:00+00:00,1,15.743325230117167,3.5714531386021915,bls_employment_2024-09-06
USDJPY,2024-08-23 13:30:00+00:00,2,1.8476888544525794,8.89941664875007,bls_employment_2024-09-06
USDJPY,2024-08-16 13:30:00+00:00,3,14.46953199437326,10.019226920631281,bls_employment_2024-09-06
USDJPY,2024-08-09 13:30:00+00:00,4,16.50289175080495,13.572548709333933,bls_employment_2024-09-06
USDCHF,2024-08-30 13:30:00+00:00,1,9.652055930844117,0.35294740499091254,bls_employment_2024-09-06
USDCHF,2024-08-23 13:30:00+00:00,2,1.290163676643136,4.105644145250505,bls_employment_2024-09-06
USDCHF,2024-08-16 13:30:00+00:00,3,4.034651950729731,6.920335681774977,bls_employment_2024-09-06
USDCHF,2024-08-09 13:30:00+00:00,4,1.6199953749847782,6.015803233289356,bls_employment_2024-09-06
USDCAD,2024-08-30 13:30:00+00:00,1,1.113532013341,11.42636795538188,bls_employment_2024-09-06
USDCAD,2024-08-23 13:30:00+00:00,2,7.2128303180786295,1.693561158174687,bls_employment_2024-09-06
USDCAD,2024-08-16 13:30:00+00:00,3,2.7670171731613236,6.8461227401554865,bls_employment_2024-09-06
USDCAD,2024-08-09 13:30:00+00:00,4,0.6547002020994092,5.894231464649546,bls_employment_2024-09-06
EURJPY,2024-08-30 13:30:00+00:00,1,7.384035307288472,2.9777783512223266,bls_employment_2024-09-06
EURJPY,2024-08-23 13:30:00+00:00,2,3.5718684946820987,8.74718236359086,bls_employment_2024-09-06
EURJPY,2024-08-16 13:30:00+00:00,3,15.937729324745066,3.880588789446136,bls_employment_2024-09-06
EURJPY,2024-08-09 13:30:00+00:00,4,18.997274855932538,13.564239997703007,bls_employment_2024-09-06
XAUUSD,2024-08-30 13:30:00+00:00,1,20.866854476020748,1.2707111035563494,bls_employment_2024-09-06
XAUUSD,2024-08-23 13:30:00+00:00,2,0.08001616326455618,4.199949662342269,bls_employment_2024-09-06
XAUUSD,2024-08-16 13:30:00+00:00,3,14.36303550680979,52.136375036406214,bls_employment_2024-09-06
XAUUSD,2024-08-09 13:30:00+00:00,4,5.935244189014534,13.135682349946523,bls_employment_2024-09-06
XAGUSD,2024-08-30 13:30:00+00:00,1,29.51005313031024,19.04114822159512,bls_employment_2024-09-06
XAGUSD,2024-08-23 13:30:00+00:00,2,12.583965609266382,27.228497813575093,bls_employment_2024-09-06
XAGUSD,2024-08-16 13:30:00+00:00,3,13.825132034195342,46.65143643722623,bls_employment_2024-09-06
XAGUSD,2024-08-09 13:30:00+00:00,4,2.1862702317087237,24.017478794090287,bls_employment_2024-09-06
SPXUSD,2024-08-30 13:30:00+00:00,1,12.013875600825598,1.786405247128315,bls_employment_2024-09-06
SPXUSD,2024-08-23 13:30:00+00:00,2,0.34444028323554343,8.462721541029833,bls_employment_2024-09-06
SPXUSD,2024-08-16 13:30:00+00:00,3,13.561994969278912,2.2811485817867627,bls_employment_2024-09-06
SPXUSD,2024-08-09 13:30:00+00:00,4,24.99556635416261,7.307753628822302,bls_employment_2024-09-06
NSXUSD,2024-08-30 13:30:00+00:00,1,17.929245984474417,7.2257751107703125,bls_employment_2024-09-06
NSXUSD,2024-08-23 13:30:00+00:00,2,2.4871552653982585,12.86399943271511,bls_employment_2024-09-06
NSXUSD,2024-08-16 13:30:00+00:00,3,19.46416260422727,1.208558369886543,bls_employment_2024-09-06
NSXUSD,2024-08-09 13:30:00+00:00,4,33.70592037658384,5.1291113807001665,bls_employment_2024-09-06
GRXEUR,2024-08-30 13:30:00+00:00,1,6.5815578039475175,2.1165340728201216,bls_employment_2024-09-06
GRXEUR,2024-08-23 13:30:00+00:00,2,1.8777235017727696,1.889207687467549,bls_employment_2024-09-06
GRXEUR,2024-08-16 13:30:00+00:00,3,13.443224647198644,5.211503968867318,bls_employment_2024-09-06
GRXEUR,2024-08-09 13:30:00+00:00,4,22.850010784100064,8.981622548988868,bls_employment_2024-09-06
UKXGBP,2024-08-30 13:30:00+00:00,1,1.3041970650720793,14.363872531804196,bls_employment_2024-09-06
UKXGBP,2024-08-23 13:30:00+00:00,2,6.574908376926575,2.836673661884448,bls_employment_2024-09-06
UKXGBP,2024-08-16 13:30:00+00:00,3,7.9654623709587264,4.581217342454611,bls_employment_2024-09-06
UKXGBP,2024-08-09 13:30:00+00:00,4,12.833441815438643,1.8695487766704693,bls_employment_2024-09-06
BCOUSD,2024-08-30 13:30:00+00:00,1,0.6336693895446867,92.94338834317244,bls_employment_2024-09-06
BCOUSD,2024-08-23 13:30:00+00:00,2,1.2753800649868559,19.150245868845722,bls_employment_2024-09-06
BCOUSD,2024-08-16 13:30:00+00:00,3,11.373977568314006,34.713271962227566,bls_employment_2024-09-06
BCOUSD,2024-08-09 13:30:00+00:00,4,5.663904091603903,9.446974836767112,bls_employment_2024-09-06
EURUSD,2024-09-04 13:30:00+00:00,1,2.716874524277905,6.788958698749229,bls_cpi_2024-09-11
EURUSD,2024-08-28 13:30:00+00:00,2,6.391300847241536,7.20117410251921,bls_cpi_2024-09-11
EURUSD,2024-08-21 13:30:00+00:00,3,6.293436154030023,0.179757507126822,bls_cpi_2024-09-11
EURUSD,2024-08-07 13:30:00+00:00,5,0.0,5.128815813928852,bls_cpi_2024-09-11
GBPUSD,2024-09-04 13:30:00+00:00,1,4.195318848552709,7.699550223526794,bls_cpi_2024-09-11
GBPUSD,2024-08-28 13:30:00+00:00,2,4.316857394902926,6.890937932411963,bls_cpi_2024-09-11
GBPUSD,2024-08-21 13:30:00+00:00,3,5.904477989490189,0.9198644739494093,bls_cpi_2024-09-11
GBPUSD,2024-08-07 13:30:00+00:00,5,2.200427520509034,3.615243793257497,bls_cpi_2024-09-11
AUDUSD,2024-09-04 13:30:00+00:00,1,8.193607954805815,11.459784113584641,bls_cpi_2024-09-11
AUDUSD,2024-08-28 13:30:00+00:00,2,2.9526832723555754,3.6907178865138883,bls_cpi_2024-09-11
AUDUSD,2024-08-21 13:30:00+00:00,3,0.14830084309261893,1.1864683301026142,bls_cpi_2024-09-11
AUDUSD,2024-08-07 13:30:00+00:00,5,0.7618757384355261,1.8284042652768446,bls_cpi_2024-09-11
NZDUSD,2024-09-04 13:30:00+00:00,1,7.765482820829359,10.667702122062412,bls_cpi_2024-09-11
NZDUSD,2024-08-28 13:30:00+00:00,2,4.97069704215863,0.0,bls_cpi_2024-09-11
NZDUSD,2024-08-21 13:30:00+00:00,3,2.278312106064641,0.6508509878960245,bls_cpi_2024-09-11
NZDUSD,2024-08-07 13:30:00+00:00,5,2.8231464985367314,3.3214315675269326,bls_cpi_2024-09-11
USDJPY,2024-09-04 13:30:00+00:00,1,8.198557099889872,2.0679244316248355,bls_cpi_2024-09-11
USDJPY,2024-08-28 13:30:00+00:00,2,6.359256734274072,2.1418824464788844,bls_cpi_2024-09-11
USDJPY,2024-08-21 13:30:00+00:00,3,7.608342125506515,9.947553207873517,bls_cpi_2024-09-11
USDJPY,2024-08-07 13:30:00+00:00,5,4.897226363331181,4.965226512933365,bls_cpi_2024-09-11
USDCHF,2024-09-04 13:30:00+00:00,1,1.5270134583062847,2.5847079423934014,bls_cpi_2024-09-11
USDCHF,2024-08-28 13:30:00+00:00,2,8.289812296007248,2.3678166473426625,bls_cpi_2024-09-11
USDCHF,2024-08-21 13:30:00+00:00,3,3.9801927406966358,4.216049155999762,bls_cpi_2024-09-11
USDCHF,2024-08-07 13:30:00+00:00,5,0.11616897939874372,4.993989895147352,bls_cpi_2024-09-11
USDCAD,2024-09-04 13:30:00+00:00,1,6.932204792391257,2.8037452317102436,bls_cpi_2024-09-11
USDCAD,2024-08-28 13:30:00+00:00,2,1.3358268788224612,4.750417606497893,bls_cpi_2024-09-11
USDCAD,2024-08-21 13:30:00+00:00,3,0.5149463169607613,3.2363650019530756,bls_cpi_2024-09-11
USDCAD,2024-08-07 13:30:00+00:00,5,1.6737193357316436,2.1831677851140707,bls_cpi_2024-09-11
EURJPY,2024-09-04 13:30:00+00:00,1,5.67790095150181,4.991732546791679,bls_cpi_2024-09-11
EURJPY,2024-08-28 13:30:00+00:00,2,0.3111203756090398,9.640233480465396,bls_cpi_2024-09-11
EURJPY,2024-08-21 13:30:00+00:00,3,1.3557483751778983,10.359053073086509,bls_cpi_2024-09-11
EURJPY,2024-08-07 13:30:00+00:00,5,4.797851651493563,9.904722371821133,bls_cpi_2024-09-11
XAUUSD,2024-09-04 13:30:00+00:00,1,3.095328089289555,9.570475413979949,bls_cpi_2024-09-11
XAUUSD,2024-08-28 13:30:00+00:00,2,15.099148585408784,21.392403668133767,bls_cpi_2024-09-11
XAUUSD,2024-08-21 13:30:00+00:00,3,9.76204594363504,12.469823054377153,bls_cpi_2024-09-11
XAUUSD,2024-08-07 13:30:00+00:00,5,0.48723679072358805,5.537006494449374,bls_cpi_2024-09-11
XAGUSD,2024-09-04 13:30:00+00:00,1,35.9092345406036,44.81760365112652,bls_cpi_2024-09-11
XAGUSD,2024-08-28 13:30:00+00:00,2,24.60362094050158,35.51916302581678,bls_cpi_2024-09-11
XAGUSD,2024-08-21 13:30:00+00:00,3,11.14657864814697,2.7040730264483375,bls_cpi_2024-09-11
XAGUSD,2024-08-07 13:30:00+00:00,5,31.435518407111513,20.351909927724055,bls_cpi_2024-09-11
SPXUSD,2024-09-04 13:30:00+00:00,1,3.227447827861569,15.417690048869328,bls_cpi_2024-09-11
SPXUSD,2024-08-28 13:30:00+00:00,2,4.426315218257893,0.3769340540089346,bls_cpi_2024-09-11
SPXUSD,2024-08-21 13:30:00+00:00,3,0.9288804723824003,3.5234278895403817,bls_cpi_2024-09-11
SPXUSD,2024-08-07 13:30:00+00:00,5,7.612466527086589,7.070811848596479,bls_cpi_2024-09-11
NSXUSD,2024-09-04 13:30:00+00:00,1,6.224769873357524,27.602985327000052,bls_cpi_2024-09-11
NSXUSD,2024-08-28 13:30:00+00:00,2,7.729368146502205,2.196612009461878,bls_cpi_2024-09-11
NSXUSD,2024-08-21 13:30:00+00:00,3,1.2089895905737957,5.640839543323962,bls_cpi_2024-09-11
NSXUSD,2024-08-07 13:30:00+00:00,5,14.446383107922767,4.372847177928951,bls_cpi_2024-09-11
GRXEUR,2024-09-04 13:30:00+00:00,1,8.092402722663637,9.759127728563683,bls_cpi_2024-09-11
GRXEUR,2024-08-28 13:30:00+00:00,2,5.909721605306807,2.9170397870473983,bls_cpi_2024-09-11
GRXEUR,2024-08-21 13:30:00+00:00,3,2.7620047325731423,2.9786002954350295,bls_cpi_2024-09-11
GRXEUR,2024-08-07 13:30:00+00:00,5,3.4857170801144144,30.747123832073846,bls_cpi_2024-09-11
UKXGBP,2024-09-04 13:30:00+00:00,1,6.626326673711269,9.315580505531829,bls_cpi_2024-09-11
UKXGBP,2024-08-28 13:30:00+00:00,2,1.4831050049322438,4.592415411884985,bls_cpi_2024-09-11
UKXGBP,2024-08-21 13:30:00+00:00,3,5.458691563559343,1.9642658124997245,bls_cpi_2024-09-11
UKXGBP,2024-08-07 13:30:00+00:00,5,1.262729314091464,27.65870325200021,bls_cpi_2024-09-11
BCOUSD,2024-09-04 13:30:00+00:00,1,16.292618976135476,10.185997172999544,bls_cpi_2024-09-11
BCOUSD,2024-08-28 13:30:00+00:00,2,5.155768774868826,31.39275656301171,bls_cpi_2024-09-11
BCOUSD,2024-08-21 13:30:00+00:00,3,5.8150430336491725,6.457195477032685,bls_cpi_2024-09-11
BCOUSD,2024-08-07 13:30:00+00:00,5,10.87366824762399,0.6399549473895397,bls_cpi_2024-09-11
EURUSD,2024-09-27 13:30:00+00:00,1,9.765757017481343,26.829088075369235,bls_employment_2024-10-04
EURUSD,2024-09-20 13:30:00+00:00,2,3.6710555592274856,7.519739670048852,bls_employment_2024-10-04
EURUSD,2024-09-13 13:30:00+00:00,3,2.6159945664334585,6.04123385775394,bls_employment_2024-10-04
EURUSD,2024-08-30 13:30:00+00:00,5,8.12318401257743,6.774364259200894,bls_employment_2024-10-04
GBPUSD,2024-09-27 13:30:00+00:00,1,16.574465684285098,11.406972909573012,bls_employment_2024-10-04
GBPUSD,2024-09-20 13:30:00+00:00,2,0.3004356316893183,6.082062982908654,bls_employment_2024-10-04
GBPUSD,2024-09-13 13:30:00+00:00,3,2.2097511072017,10.965330858159943,bls_employment_2024-10-04
GBPUSD,2024-08-30 13:30:00+00:00,5,11.081174523905657,11.701684402007345,bls_employment_2024-10-04
AUDUSD,2024-09-27 13:30:00+00:00,1,16.518630681494294,21.838016936717537,bls_employment_2024-10-04
AUDUSD,2024-09-20 13:30:00+00:00,2,2.347039074306154,5.133432692427284,bls_employment_2024-10-04
AUDUSD,2024-09-13 13:30:00+00:00,3,2.088585885769341,6.412216236827137,bls_employment_2024-10-04
AUDUSD,2024-08-30 13:30:00+00:00,5,6.030875321613512,17.819672621579578,bls_employment_2024-10-04
NZDUSD,2024-09-27 13:30:00+00:00,1,19.43758068987608,28.377310903304117,bls_employment_2024-10-04
NZDUSD,2024-09-20 13:30:00+00:00,2,1.1225594366923983,9.297405411412724,bls_employment_2024-10-04
NZDUSD,2024-09-13 13:30:00+00:00,3,5.674402921365454,3.4030968509481623,bls_employment_2024-10-04
NZDUSD,2024-08-30 13:30:00+00:00,5,2.7159803657784427,16.311391203878596,bls_employment_2024-10-04
USDJPY,2024-09-27 13:30:00+00:00,1,17.340721467862455,26.348260562117265,bls_employment_2024-10-04
USDJPY,2024-09-20 13:30:00+00:00,2,6.465045532636425,14.326052215817274,bls_employment_2024-10-04
USDJPY,2024-09-13 13:30:00+00:00,3,1.2783636962119371,11.441526879665567,bls_employment_2024-10-04
USDJPY,2024-08-30 13:30:00+00:00,5,15.743325230117167,3.5714531386021915,bls_employment_2024-10-04
USDCHF,2024-09-27 13:30:00+00:00,1,12.800001747626998,26.60049781885541,bls_employment_2024-10-04
USDCHF,2024-09-20 13:30:00+00:00,2,1.2959853925237035,13.675215806398025,bls_employment_2024-10-04
USDCHF,2024-09-13 13:30:00+00:00,3,2.9530407675157284,12.412302775119413,bls_employment_2024-10-04
USDCHF,2024-08-30 13:30:00+00:00,5,9.652055930844117,0.35294740499091254,bls_employment_2024-10-04
USDCAD,2024-09-27 13:30:00+00:00,1,6.898879762068785,0.4452524953424959,bls_employment_2024-10-04
USDCAD,2024-09-20 13:30:00+00:00,2,4.646720273608349,5.7560754011616275,bls_employment_2024-10-04
USDCAD,2024-09-13 13:30:00+00:00,3,0.883398729952326,5.449350631183562,bls_employment_2024-10-04
USDCAD,2024-08-30 13:30:00+00:00,5,1.113532013341,11.42636795538188,bls_employment_2024-10-04
EURJPY,2024-09-27 13:30:00+00:00,1,7.642865569437569,0.3760152411957878,bls_employment_2024-10-04
EURJPY,2024-09-20 13:30:00+00:00,2,2.5519016473772953,6.723484512235008,bls_employment_2024-10-04
EURJPY,2024-09-13 13:30:00+00:00,3,1.4734380782270868,5.446396382385182,bls_employment_2024-10-04
EURJPY,2024-08-30 13:30:00+00:00,5,7.384035307288472,2.9777783512223266,bls_employment_2024-10-04
XAUUSD,2024-09-27 13:30:00+00:00,1,16.938391462109195,3.3336842126188246,bls_employment_2024-10-04
XAUUSD,2024-09-20 13:30:00+00:00,2,7.413762804917851,4.856318088673453,bls_employment_2024-10-04
XAUUSD,2024-09-13 13:30:00+00:00,3,10.003971281740915,15.822419037826291,bls_employment_2024-10-04
XAUUSD,2024-08-30 13:30:00+00:00,5,20.866854476020748,1.2707111035563494,bls_employment_2024-10-04
XAGUSD,2024-09-27 13:30:00+00:00,1,30.277987328351173,16.220097757457843,bls_employment_2024-10-04
XAGUSD,2024-09-20 13:30:00+00:00,2,15.624255844945434,8.293461400402768,bls_employment_2024-10-04
XAGUSD,2024-09-13 13:30:00+00:00,3,7.983766765845826,39.16107487154942,bls_employment_2024-10-04
XAGUSD,2024-08-30 13:30:00+00:00,5,29.51005313031024,19.04114822159512,bls_employment_2024-10-04
SPXUSD,2024-09-27 13:30:00+00:00,1,6.957421574929551,0.4187160515932505,bls_employment_2024-10-04
SPXUSD,2024-09-20 13:30:00+00:00,2,0.5429526325946167,3.528665275643594,bls_employment_2024-10-04
SPXUSD,2024-09-13 13:30:00+00:00,3,1.3480167324269612,0.4832385327848493,bls_employment_2024-10-04
SPXUSD,2024-08-30 13:30:00+00:00,5,12.013875600825598,1.786405247128315,bls_employment_2024-10-04
NSXUSD,2024-09-27 13:30:00+00:00,1,8.410030999361084,2.5587396989633775,bls_employment_2024-10-04
NSXUSD,2024-09-20 13:30:00+00:00,2,1.9613155554104542,4.34622869336289,bls_employment_2024-10-04
NSXUSD,2024-09-13 13:30:00+00:00,3,3.9275059985386465,0.43436893791321735,bls_employment_2024-10-04
NSXUSD,2024-08-30 13:30:00+00:00,5,17.929245984474417,7.2257751107703125,bls_employment_2024-10-04
GRXEUR,2024-09-27 13:30:00+00:00,1,4.8939876012065255,0.06837402080288034,bls_employment_2024-10-04
GRXEUR,2024-09-20 13:30:00+00:00,2,4.492603971402457,18.828027636899012,bls_employment_2024-10-04
GRXEUR,2024-09-13 13:30:00+00:00,3,5.83682720686165,7.506728517214635,bls_employment_2024-10-04
GRXEUR,2024-08-30 13:30:00+00:00,5,6.5815578039475175,2.1165340728201216,bls_employment_2024-10-04
UKXGBP,2024-09-27 13:30:00+00:00,1,6.740241068443336,6.024837532097492,bls_employment_2024-10-04
UKXGBP,2024-09-20 13:30:00+00:00,2,4.220436165092376,18.214919200325728,bls_employment_2024-10-04
UKXGBP,2024-09-13 13:30:00+00:00,3,0.7417529149410189,5.218849265390752,bls_employment_2024-10-04
UKXGBP,2024-08-30 13:30:00+00:00,5,1.3041970650720793,14.363872531804196,bls_employment_2024-10-04
BCOUSD,2024-09-27 13:30:00+00:00,1,0.0,31.06776678779719,bls_employment_2024-10-04
BCOUSD,2024-09-20 13:30:00+00:00,2,19.48022030828691,0.6723638297704972,bls_employment_2024-10-04
BCOUSD,2024-09-13 13:30:00+00:00,3,1.3754779807640751,0.6877153411364594,bls_employment_2024-10-04
BCOUSD,2024-08-30 13:30:00+00:00,5,0.6336693895446867,92.94338834317244,bls_employment_2024-10-04
EURUSD,2024-10-03 13:30:00+00:00,1,2.2652827396227124,1.9032341443278789,bls_cpi_2024-10-10
EURUSD,2024-09-26 13:30:00+00:00,2,15.060378818127209,4.036254589975214,bls_cpi_2024-10-10
EURUSD,2024-09-19 13:30:00+00:00,3,20.547430053003293,4.132528447486957,bls_cpi_2024-10-10
EURUSD,2024-09-12 13:30:00+00:00,4,1.088731628730862,3.537559393054169,bls_cpi_2024-10-10
GBPUSD,2024-10-03 13:30:00+00:00,1,3.813620774010007,1.9825081843406325,bls_cpi_2024-10-10
GBPUSD,2024-09-26 13:30:00+00:00,2,14.808391134606355,10.472850095833172,bls_cpi_2024-10-10
GBPUSD,2024-09-19 13:30:00+00:00,3,16.571884324384296,16.297339445481285,bls_cpi_2024-10-10
GBPUSD,2024-09-12 13:30:00+00:00,4,5.364231434284553,0.9192936766714696,bls_cpi_2024-10-10
AUDUSD,2024-10-03 13:30:00+00:00,1,2.631578962555159,1.4620738080897724,bls_cpi_2024-10-10
AUDUSD,2024-09-26 13:30:00+00:00,2,8.718903133131505,13.365878326394013,bls_cpi_2024-10-10
AUDUSD,2024-09-19 13:30:00+00:00,3,15.704926794871753,0.5875440659730405,bls_cpi_2024-10-10
AUDUSD,2024-09-12 13:30:00+00:00,4,0.29929366696839194,7.035981098502993,bls_cpi_2024-10-10
NZDUSD,2024-10-03 13:30:00+00:00,1,2.734239938545345,3.3765586756684813,bls_cpi_2024-10-10
NZDUSD,2024-09-26 13:30:00+00:00,2,13.31515905439206,16.324464165202603,bls_cpi_2024-10-10
NZDUSD,2024-09-19 13:30:00+00:00,3,22.426203193442916,6.577206207924923,bls_cpi_2024-10-10
NZDUSD,2024-09-12 13:30:00+00:00,4,1.6293013591838044,4.886311909067,bls_cpi_2024-10-10
USDJPY,2024-10-03 13:30:00+00:00,1,5.590629705043609,8.8617437529801,bls_cpi_2024-10-10
USDJPY,2024-09-26 13:30:00+00:00,2,30.951309325809458,3.180727583670985,bls_cpi_2024-10-10
USDJPY,2024-09-19 13:30:00+00:00,3,44.03322881414161,19.16023062851455,bls_cpi_2024-10-10
USDJPY,2024-09-12 13:30:00+00:00,4,0.8430636939612609,21.24053942102266,bls_cpi_2024-10-10
USDCHF,2024-10-03 13:30:00+00:00,1,0.11762284235778664,2.7049754070990115,bls_cpi_2024-10-10
USDCHF,2024-09-26 13:30:00+00:00,2,24.42752909547035,3.535276200810961,bls_cpi_2024-10-10
USDCHF,2024-09-19 13:30:00+00:00,3,22.977815906150706,9.411543952510133,bls_cpi_2024-10-10
USDCHF,2024-09-12 13:30:00+00:00,4,5.976270867780988,5.393427184640545,bls_cpi_2024-10-10
USDCAD,2024-10-03 13:30:00+00:00,1,0.738568801711896,3.841153575180353,bls_cpi_2024-10-10
USDCAD,2024-09-26 13:30:00+00:00,2,6.458437950675449,11.063549706018767,bls_cpi_2024-10-10
USDCAD,2024-09-19 13:30:00+00:00,3,10.251683390705587,0.22114353321954033,bls_cpi_2024-10-10
USDCAD,2024-09-12 13:30:00+00:00,4,0.5889324864224122,2.7971204563550183,bls_cpi_2024-10-10
EURJPY,2024-10-03 13:30:00+00:00,1,7.72231819111729,7.104752142230386,bls_cpi_2024-10-10
EURJPY,2024-09-26 13:30:00+00:00,2,15.952580158730177,0.8062640519134303,bls_cpi_2024-10-10
EURJPY,2024-09-19 13:30:00+00:00,3,24.017896404169665,14.520694537494437,bls_cpi_2024-10-10
EURJPY,2024-09-12 13:30:00+00:00,4,0.19121616669431,17.35181225892541,bls_cpi_2024-10-10
XAUUSD,2024-10-03 13:30:00+00:00,1,10.27781322916364,21.245837741550023,bls_cpi_2024-10-10
XAUUSD,2024-09-26 13:30:00+00:00,2,26.462804015210324,22.31860061365584,bls_cpi_2024-10-10
XAUUSD,2024-09-19 13:30:00+00:00,3,30.11860647533332,26.94768316281871,bls_cpi_2024-10-10
XAUUSD,2024-09-12 13:30:00+00:00,4,8.75958755152347,4.357117320938866,bls_cpi_2024-10-10
XAGUSD,2024-10-03 13:30:00+00:00,1,16.799534832055613,3.806140619406973,bls_cpi_2024-10-10
XAGUSD,2024-09-26 13:30:00+00:00,2,60.28863968886611,53.813453301020424,bls_cpi_2024-10-10
XAGUSD,2024-09-19 13:30:00+00:00,3,22.125676403733966,66.02597379431606,bls_cpi_2024-10-10
XAGUSD,2024-09-12 13:30:00+00:00,4,7.2874918638213115,54.31505629535656,bls_cpi_2024-10-10
SPXUSD,2024-10-03 13:30:00+00:00,1,5.298176954622025,8.78150456102911,bls_cpi_2024-10-10
SPXUSD,2024-09-26 13:30:00+00:00,2,0.46796266914359563,1.9101186948977633,bls_cpi_2024-10-10
SPXUSD,2024-09-19 13:30:00+00:00,3,3.6779503092682133,9.256905353285452,bls_cpi_2024-10-10
SPXUSD,2024-09-12 13:30:00+00:00,4,11.626733953493519,5.793252632635448,bls_cpi_2024-10-10
NSXUSD,2024-10-03 13:30:00+00:00,1,9.140680776034383,14.483133728171275,bls_cpi_2024-10-10
NSXUSD,2024-09-26 13:30:00+00:00,2,2.3787541413296855,6.551840922004923,bls_cpi_2024-10-10
NSXUSD,2024-09-19 13:30:00+00:00,3,0.6288375439239597,7.901528303010189,bls_cpi_2024-10-10
NSXUSD,2024-09-12 13:30:00+00:00,4,19.149562069086592,8.739271336532767,bls_cpi_2024-10-10
GRXEUR,2024-10-03 13:30:00+00:00,1,8.391905502725459,3.6658253400475003,bls_cpi_2024-10-10
GRXEUR,2024-09-26 13:30:00+00:00,2,8.63520994615581,27.89213180391483,bls_cpi_2024-10-10
GRXEUR,2024-09-19 13:30:00+00:00,3,5.245839567119488,8.364965929145985,bls_cpi_2024-10-10
GRXEUR,2024-09-12 13:30:00+00:00,4,24.29317211744687,18.852982384073755,bls_cpi_2024-10-10
UKXGBP,2024-10-03 13:30:00+00:00,1,11.957099861920511,2.2241621212625327,bls_cpi_2024-10-10
UKXGBP,2024-09-26 13:30:00+00:00,2,11.094250578377926,4.110730119081123,bls_cpi_2024-10-10
UKXGBP,2024-09-19 13:30:00+00:00,3,5.901211778378565,5.0621548858505,bls_cpi_2024-10-10
UKXGBP,2024-09-12 13:30:00+00:00,4,18.406380340429028,3.644839421884146,bls_cpi_2024-10-10
BCOUSD,2024-10-03 13:30:00+00:00,1,1.3300879207726384,36.51310892533112,bls_cpi_2024-10-10
BCOUSD,2024-09-26 13:30:00+00:00,2,36.32151290640551,2.0914522423411364,bls_cpi_2024-10-10
BCOUSD,2024-09-19 13:30:00+00:00,3,19.49069432592706,32.177216817223076,bls_cpi_2024-10-10
BCOUSD,2024-09-12 13:30:00+00:00,4,21.001939897396376,5.607974686767584,bls_cpi_2024-10-10
EURUSD,2024-10-25 13:30:00+00:00,1,4.710424440914186,7.845780065280114,bls_employment_2024-11-01
EURUSD,2024-10-18 13:30:00+00:00,2,9.12228064973837,1.9339598809647336,bls_employment_2024-11-01
EURUSD,2024-10-11 13:30:00+00:00,3,1.1881749190245439,8.411659787205647,bls_employment_2024-11-01
EURUSD,2024-09-27 13:30:00+00:00,5,9.765757017481343,26.829088075369235,bls_employment_2024-11-01
GBPUSD,2024-10-25 13:30:00+00:00,1,3.7736866670652884,3.6183210615359025,bls_employment_2024-11-01
GBPUSD,2024-10-18 13:30:00+00:00,2,8.12310377867305,2.604805114016879,bls_employment_2024-11-01
GBPUSD,2024-10-11 13:30:00+00:00,3,2.6780010030408214,5.050543806039783,bls_employment_2024-11-01
GBPUSD,2024-09-27 13:30:00+00:00,5,16.574465684285098,11.406972909573012,bls_employment_2024-11-01
AUDUSD,2024-10-25 13:30:00+00:00,1,7.987040322122551,9.335241210960064,bls_employment_2024-11-01
AUDUSD,2024-10-18 13:30:00+00:00,2,4.320072763583388,2.532230088976661,bls_employment_2024-11-01
AUDUSD,2024-10-11 13:30:00+00:00,3,6.677994772219714,10.835443346556152,bls_employment_2024-11-01
AUDUSD,2024-09-27 13:30:00+00:00,5,16.518630681494294,21.838016936717537,bls_employment_2024-11-01
NZDUSD,2024-10-25 13:30:00+00:00,1,7.496564425879834,9.487587785261326,bls_employment_2024-11-01
NZDUSD,2024-10-18 13:30:00+00:00,2,7.080578927290409,3.1280097058717526,bls_employment_2024-11-01
NZDUSD,2024-10-11 13:30:00+00:00,3,2.297228567936726,6.236562871390909,bls_employment_2024-11-01
NZDUSD,2024-09-27 13:30:00+00:00,5,19.43758068987608,28.377310903304117,bls_employment_2024-11-01
USDJPY,2024-10-25 13:30:00+00:00,1,0.7895204325406827,2.2373131278855314,bls_employment_2024-11-01
USDJPY,2024-10-18 13:30:00+00:00,2,9.804478163404879,1.3345077020883231,bls_employment_2024-11-01
USDJPY,2024-10-11 13:30:00+00:00,3,1.6779255510241946,4.831663595474917,bls_employment_2024-11-01
USDJPY,2024-09-27 13:30:00+00:00,5,17.340721467862455,26.348260562117265,bls_employment_2024-11-01
USDCHF,2024-10-25 13:30:00+00:00,1,4.732143460707403,5.196394973654408,bls_employment_2024-11-01
USDCHF,2024-10-18 13:30:00+00:00,2,7.274113138769213,4.852350018958494,bls_employment_2024-11-01
USDCHF,2024-10-11 13:30:00+00:00,3,0.23330961353345375,2.9159790022855403,bls_employment_2024-11-01
USDCHF,2024-09-27 13:30:00+00:00,5,12.800001747626998,26.60049781885541,bls_employment_2024-11-01
USDCAD,2024-10-25 13:30:00+00:00,1,2.311153492545212,4.696175593224674,bls_employment_2024-11-01
USDCAD,2024-10-18 13:30:00+00:00,2,0.0,2.029926929600797,bls_employment_2024-11-01
USDCAD,2024-10-11 13:30:00+00:00,3,31.693213220539736,10.187672343287426,bls_employment_2024-11-01
USDCAD,2024-09-27 13:30:00+00:00,5,6.898879762068785,0.4452524953424959,bls_employment_2024-11-01
EURJPY,2024-10-25 13:30:00+00:00,1,3.706933527299697,5.8918035785731115,bls_employment_2024-11-01
EURJPY,2024-10-18 13:30:00+00:00,2,0.43019872114705643,2.9495625029486736,bls_employment_2024-11-01
EURJPY,2024-10-11 13:30:00+00:00,3,0.18402367771927663,3.9880114769736017,bls_employment_2024-11-01
EURJPY,2024-09-27 13:30:00+00:00,5,7.642865569437569,0.3760152411957878,bls_employment_2024-11-01
XAUUSD,2024-10-25 13:30:00+00:00,1,7.885307697169696,10.710387662208253,bls_employment_2024-11-01
XAUUSD,2024-10-18 13:30:00+00:00,2,11.827997989006668,15.92499925162929,bls_employment_2024-11-01
XAUUSD,2024-10-11 13:30:00+00:00,3,3.283533111097437,13.605909762128203,bls_employment_2024-11-01
XAUUSD,2024-09-27 13:30:00+00:00,5,16.938391462109195,3.3336842126188246,bls_employment_2024-11-01
XAGUSD,2024-10-25 13:30:00+00:00,1,38.999269445248004,30.493297170846645,bls_employment_2024-11-01
XAGUSD,2024-10-18 13:30:00+00:00,2,15.826470742844355,24.46616993369394,bls_employment_2024-11-01
XAGUSD,2024-10-11 13:30:00+00:00,3,24.876428073474155,58.14155598500381,bls_employment_2024-11-01
XAGUSD,2024-09-27 13:30:00+00:00,5,30.277987328351173,16.220097757457843,bls_employment_2024-11-01
SPXUSD,2024-10-25 13:30:00+00:00,1,0.43403697366969873,9.441626128821289,bls_employment_2024-11-01
SPXUSD,2024-10-18 13:30:00+00:00,2,2.9728970537034196,0.8587482852707805,bls_employment_2024-11-01
SPXUSD,2024-10-11 13:30:00+00:00,3,7.801338760905213,8.562433402181348,bls_employment_2024-11-01
SPXUSD,2024-09-27 13:30:00+00:00,5,6.957421574929551,0.4187160515932505,bls_employment_2024-11-01
NSXUSD,2024-10-25 13:30:00+00:00,1,0.36032846601758617,16.465853534448524,bls_employment_2024-11-01
NSXUSD,2024-10-18 13:30:00+00:00,2,3.5449068855588597,3.249296863522166,bls_employment_2024-11-01
NSXUSD,2024-10-11 13:30:00+00:00,3,5.93662698003771,13.963106425113002,bls_employment_2024-11-01
NSXUSD,2024-09-27 13:30:00+00:00,5,8.410030999361084,2.5587396989633775,bls_employment_2024-11-01
GRXEUR,2024-10-25 13:30:00+00:00,1,5.139227698514133,1.6039260362459007,bls_employment_2024-11-01
GRXEUR,2024-10-18 13:30:00+00:00,2,6.563967444540615,7.70569116352113,bls_employment_2024-11-01
GRXEUR,2024-10-11 13:30:00+00:00,3,6.498013474090962,6.436147462044423,bls_employment_2024-11-01
GRXEUR,2024-09-27 13:30:00+00:00,5,4.8939876012065255,0.06837402080288034,bls_employment_2024-11-01
UKXGBP,2024-10-25 13:30:00+00:00,1,4.8694672246848,4.066758501902096,bls_employment_2024-11-01
UKXGBP,2024-10-18 13:30:00+00:00,2,12.61428499993,3.590940056253086,bls_employment_2024-11-01
UKXGBP,2024-10-11 13:30:00+00:00,3,8.95578112851313,5.231330407000318,bls_employment_2024-11-01
UKXGBP,2024-09-27 13:30:00+00:00,5,6.740241068443336,6.024837532097492,bls_employment_2024-11-01
BCOUSD,2024-10-25 13:30:00+00:00,1,1.9998533507540976,43.895891069644506,bls_employment_2024-11-01
BCOUSD,2024-10-18 13:30:00+00:00,2,22.19517863561172,26.96945996726816,bls_employment_2024-11-01
BCOUSD,2024-10-11 13:30:00+00:00,3,6.977880403151711,33.02932447083125,bls_employment_2024-11-01
BCOUSD,2024-09-27 13:30:00+00:00,5,0.0,31.06776678779719,bls_employment_2024-11-01
EURUSD,2024-11-06 13:30:00+00:00,1,5.883589159009945,2.520478904332736,bls_cpi_2024-11-13
EURUSD,2024-10-30 13:30:00+00:00,2,2.957103538654902,19.015448854225077,bls_cpi_2024-11-13
EURUSD,2024-10-23 13:30:00+00:00,3,4.736541577404865,4.548682585031705,bls_cpi_2024-11-13
EURUSD,2024-10-16 13:30:00+00:00,4,3.4870703456841103,6.885946056742443,bls_cpi_2024-11-13
GBPUSD,2024-11-06 13:30:00+00:00,1,3.188713536664076,3.1876970713752977,bls_cpi_2024-11-13
GBPUSD,2024-10-30 13:30:00+00:00,2,2.0826664376452273,24.41966032252269,bls_cpi_2024-11-13
GBPUSD,2024-10-23 13:30:00+00:00,3,2.1615112135357877,0.3860184131256321,bls_cpi_2024-11-13
GBPUSD,2024-10-16 13:30:00+00:00,4,4.527578014992687,11.058974639324038,bls_cpi_2024-11-13
AUDUSD,2024-11-06 13:30:00+00:00,1,2.439061583153507,5.642609475267608,bls_cpi_2024-11-13
AUDUSD,2024-10-30 13:30:00+00:00,2,4.261601513441591,28.275230902181686,bls_cpi_2024-11-13
AUDUSD,2024-10-23 13:30:00+00:00,3,1.80932708603907,2.5626531137040525,bls_cpi_2024-11-13
AUDUSD,2024-10-16 13:30:00+00:00,4,4.786191927918812,16.769734566244047,bls_cpi_2024-11-13
NZDUSD,2024-11-06 13:30:00+00:00,1,4.039180101365952,6.396122148339392,bls_cpi_2024-11-13
NZDUSD,2024-10-30 13:30:00+00:00,2,1.0041504895308635,22.06805208891944,bls_cpi_2024-11-13
NZDUSD,2024-10-23 13:30:00+00:00,3,3.99553836870402,3.8275601435813233,bls_cpi_2024-11-13
NZDUSD,2024-10-16 13:30:00+00:00,4,4.607385061428889,15.318352896160643,bls_cpi_2024-11-13
USDJPY,2024-11-06 13:30:00+00:00,1,10.439734183808094,7.911854575195861,bls_cpi_2024-11-13
USDJPY,2024-10-30 13:30:00+00:00,2,1.3052274377334196,15.804704208757263,bls_cpi_2024-11-13
USDJPY,2024-10-23 13:30:00+00:00,3,3.5928809085194806,3.919570465263085,bls_cpi_2024-11-13
USDJPY,2024-10-16 13:30:00+00:00,4,4.087088542358887,11.715992328886566,bls_cpi_2024-11-13
USDCHF,2024-11-06 13:30:00+00:00,1,9.471696883487251,0.4566731362821556,bls_cpi_2024-11-13
USDCHF,2024-10-30 13:30:00+00:00,2,1.7276826635469265,19.597903533503242,bls_cpi_2024-11-13
USDCHF,2024-10-23 13:30:00+00:00,3,0.11523591673107282,6.916586248900915,bls_cpi_2024-11-13
USDCHF,2024-10-16 13:30:00+00:00,4,2.783157277947033,8.808224669250798,bls_cpi_2024-11-13
USDCAD,2024-11-06 13:30:00+00:00,1,3.01464257235728,5.739663382832221,bls_cpi_2024-11-13
USDCAD,2024-10-30 13:30:00+00:00,2,0.07178055249504725,12.92880717930118,bls_cpi_2024-11-13
USDCAD,2024-10-23 13:30:00+00:00,3,1.2278934059490785,0.0,bls_cpi_2024-11-13
USDCAD,2024-10-16 13:30:00+00:00,4,1.6694309094003217,1.0160389006475028,bls_cpi_2024-11-13
EURJPY,2024-11-06 13:30:00+00:00,1,4.784153038804141,10.594728449237587,bls_cpi_2024-11-13
EURJPY,2024-10-30 13:30:00+00:00,2,4.100955942042967,3.436270775776938,bls_cpi_2024-11-13
EURJPY,2024-10-23 13:30:00+00:00,3,8.251025779338004,0.48514251070872183,bls_cpi_2024-11-13
EURJPY,2024-10-16 13:30:00+00:00,4,0.676317512887308,4.671489859922134,bls_cpi_2024-11-13
XAUUSD,2024-11-06 13:30:00+00:00,1,48.54097080441931,13.118032458509209,bls_cpi_2024-11-13
XAUUSD,2024-10-30 13:30:00+00:00,2,36.7033806026602,17.949023119254484,bls_cpi_2024-11-13
XAUUSD,2024-10-23 13:30:00+00:00,3,2.2941542864753375,16.325433580487857,bls_cpi_2024-11-13
XAUUSD,2024-10-16 13:30:00+00:00,4,7.437895504406692,14.73605937246673,bls_cpi_2024-11-13
XAGUSD,2024-11-06 13:30:00+00:00,1,79.40361253105837,34.13192391398564,bls_cpi_2024-11-13
XAGUSD,2024-10-30 13:30:00+00:00,2,98.13621448324622,82.7361048235054,bls_cpi_2024-11-13
XAGUSD,2024-10-23 13:30:00+00:00,3,6.376626980510319,67.20123036855216,bls_cpi_2024-11-13
XAGUSD,2024-10-16 13:30:00+00:00,4,2.1950110622611034,29.123041862538475,bls_cpi_2024-11-13
SPXUSD,2024-11-06 13:30:00+00:00,1,6.261546092645677,13.202343462473335,bls_cpi_2024-11-13
SPXUSD,2024-10-30 13:30:00+00:00,2,3.242619509074489,15.340830605701147,bls_cpi_2024-11-13
SPXUSD,2024-10-23 13:30:00+00:00,3,7.2471791429590455,5.832395435092808,bls_cpi_2024-11-13
SPXUSD,2024-10-16 13:30:00+00:00,4,2.642244872101375,2.6979403365498564,bls_cpi_2024-11-13
NSXUSD,2024-11-06 13:30:00+00:00,1,4.167371350574446,10.794915511096214,bls_cpi_2024-11-13
NSXUSD,2024-10-30 13:30:00+00:00,2,11.381035243825059,1.5541856162099152,bls_cpi_2024-11-13
NSXUSD,2024-10-23 13:30:00+00:00,3,10.544156121739872,6.284722255458256,bls_cpi_2024-11-13
NSXUSD,2024-10-16 13:30:00+00:00,4,3.914014406274023,0.29236540762443997,bls_cpi_2024-11-13
GRXEUR,2024-11-06 13:30:00+00:00,1,38.39388066055202,18.47984612086413,bls_cpi_2024-11-13
GRXEUR,2024-10-30 13:30:00+00:00,2,10.73470923256551,25.433553042956856,bls_cpi_2024-11-13
GRXEUR,2024-10-23 13:30:00+00:00,3,8.573836614853038,10.004705286310118,bls_cpi_2024-11-13
GRXEUR,2024-10-16 13:30:00+00:00,4,4.872497260963336,1.5427496735674768,bls_cpi_2024-11-13
UKXGBP,2024-11-06 13:30:00+00:00,1,25.65752579515179,27.374478658274523,bls_cpi_2024-11-13
UKXGBP,2024-10-30 13:30:00+00:00,2,15.270435798307698,15.587776321037776,bls_cpi_2024-11-13
UKXGBP,2024-10-23 13:30:00+00:00,3,5.51095535778755,2.0129224358886453,bls_cpi_2024-11-13
UKXGBP,2024-10-16 13:30:00+00:00,4,4.9866557814922166,0.8267307035194019,bls_cpi_2024-11-13
BCOUSD,2024-11-06 13:30:00+00:00,1,21.052496383405487,6.1165822446460725,bls_cpi_2024-11-13
BCOUSD,2024-10-30 13:30:00+00:00,2,12.530806535034039,14.639147688292597,bls_cpi_2024-11-13
BCOUSD,2024-10-23 13:30:00+00:00,3,8.692687323120056,2.6754779232025383,bls_cpi_2024-11-13
BCOUSD,2024-10-16 13:30:00+00:00,4,4.039968812522845,38.31396557667999,bls_cpi_2024-11-13
EURUSD,2024-11-29 13:30:00+00:00,1,2.2717807072075478,1.5148072436743552,bls_employment_2024-12-06
EURUSD,2024-11-22 13:30:00+00:00,2,3.9327971807081603,6.330085379789401,bls_employment_2024-12-06
EURUSD,2024-11-15 13:30:00+00:00,3,24.119074737652436,0.568208722156172,bls_employment_2024-12-06
EURUSD,2024-11-08 13:30:00+00:00,4,8.831089726102121,0.3720065101577422,bls_employment_2024-12-06
GBPUSD,2024-11-29 13:30:00+00:00,1,3.8609582747591995,2.12810398561489,bls_employment_2024-12-06
GBPUSD,2024-11-22 13:30:00+00:00,2,6.151117979863213,6.710122951159916,bls_employment_2024-12-06
GBPUSD,2024-11-15 13:30:00+00:00,3,22.503414617016777,0.0,bls_employment_2024-12-06
GBPUSD,2024-11-08 13:30:00+00:00,4,3.2465524989886876,5.487604721020681,bls_employment_2024-12-06
AUDUSD,2024-11-29 13:30:00+00:00,1,3.690661131560118,2.921885713543347,bls_employment_2024-12-06
AUDUSD,2024-11-22 13:30:00+00:00,2,1.0759877962605486,3.2286582130807124,bls_employment_2024-12-06
AUDUSD,2024-11-15 13:30:00+00:00,3,22.728160995670176,6.034956507102802,bls_employment_2024-12-06
AUDUSD,2024-11-08 13:30:00+00:00,4,8.1643765591045,5.900642433420405,bls_employment_2024-12-06
NZDUSD,2024-11-29 13:30:00+00:00,1,0.3382606636981856,4.734608384153491,bls_employment_2024-12-06
NZDUSD,2024-11-22 13:30:00+00:00,2,3.4234265410266,0.34240712210221774,bls_employment_2024-12-06
NZDUSD,2024-11-15 13:30:00+00:00,3,23.513786839659282,4.434362974099405,bls_employment_2024-12-06
NZDUSD,2024-11-08 13:30:00+00:00,4,8.192267960787202,1.170872050112712,bls_employment_2024-12-06
USDJPY,2024-11-29 13:30:00+00:00,1,6.262950853998571,5.133213671066514,bls_employment_2024-12-06
USDJPY,2024-11-22 13:30:00+00:00,2,0.12964031295380257,2.592486987273622,bls_employment_2024-12-06
USDJPY,2024-11-15 13:30:00+00:00,3,23.28993795552979,23.869661170064816,bls_employment_2024-12-06
USDJPY,2024-11-08 13:30:00+00:00,4,2.6854869243914563,4.321464650884264,bls_employment_2024-12-06
USDCHF,2024-11-29 13:30:00+00:00,1,2.0426227346840147,9.535811096189153,bls_employment_2024-12-06
USDCHF,2024-11-22 13:30:00+00:00,2,8.177027490218135,0.8957864451103968,bls_employment_2024-12-06
USDCHF,2024-11-15 13:30:00+00:00,3,21.052994879709715,10.689832737506087,bls_employment_2024-12-06
USDCHF,2024-11-08 13:30:00+00:00,4,2.750148983735293,12.938463959954321,bls_employment_2024-12-06
USDCAD,2024-11-29 13:30:00+00:00,1,16.051768605681616,3.9926991176105764,bls_employment_2024-12-06
USDCAD,2024-11-22 13:30:00+00:00,2,12.018888268960794,3.006076591702996,bls_employment_2024-12-06
USDCAD,2024-11-15 13:30:00+00:00,3,8.328499251713163,4.623948578715352,bls_employment_2024-12-06
USDCAD,2024-11-08 13:30:00+00:00,4,5.606590046377717,1.3654182692614345,bls_employment_2024-12-06
EURJPY,2024-11-29 13:30:00+00:00,1,8.514261902175129,6.56408208474243,bls_employment_2024-12-06
EURJPY,2024-11-22 13:30:00+00:00,2,4.16582475363766,8.827003743398356,bls_employment_2024-12-06
EURJPY,2024-11-15 13:30:00+00:00,3,0.7302334924830841,24.493687759261796,bls_employment_2024-12-06
EURJPY,2024-11-08 13:30:00+00:00,4,6.21057522580642,4.019047905126957,bls_employment_2024-12-06
XAUUSD,2024-11-29 13:30:00+00:00,1,16.31177646970745,3.648029164516405,bls_employment_2024-12-06
XAUUSD,2024-11-22 13:30:00+00:00,2,3.7847937089898664,10.062641716781318,bls_employment_2024-12-06
XAUUSD,2024-11-15 13:30:00+00:00,3,23.241157803313556,3.9474071834390907,bls_employment_2024-12-06
XAUUSD,2024-11-08 13:30:00+00:00,4,4.827249545567382,16.2548257501642,bls_employment_2024-12-06
XAGUSD,2024-11-29 13:30:00+00:00,1,13.949039616010545,35.44661521882693,bls_employment_2024-12-06
XAGUSD,2024-11-22 13:30:00+00:00,2,0.9640877327304267,10.610080570944953,bls_employment_2024-12-06
XAGUSD,2024-11-15 13:30:00+00:00,3,24.171169697359407,2.28896556106323,bls_employment_2024-12-06
XAGUSD,2024-11-08 13:30:00+00:00,4,9.801287598743317,36.941771958285955,bls_employment_2024-12-06
SPXUSD,2024-11-29 13:30:00+00:00,1,8.002500001986798,1.6592564621977584,bls_employment_2024-12-06
SPXUSD,2024-11-22 13:30:00+00:00,2,3.7631167255748084,2.1175859028064847,bls_employment_2024-12-06
SPXUSD,2024-11-15 13:30:00+00:00,3,7.627760924380894,3.6634029333348876,bls_employment_2024-12-06
SPXUSD,2024-11-08 13:30:00+00:00,4,2.4257535796078633,4.680738945532201,bls_employment_2024-12-06
NSXUSD,2024-11-29 13:30:00+00:00,1,8.646626903543321,3.097533706836231,bls_employment_2024-12-06
NSXUSD,2024-11-22 13:30:00+00:00,2,5.003836233984489,6.561675906213233,bls_employment_2024-12-06
NSXUSD,2024-11-15 13:30:00+00:00,3,9.122308880701954,2.290772537803499,bls_employment_2024-12-06
NSXUSD,2024-11-08 13:30:00+00:00,4,6.801766157168578,2.845254946126778,bls_employment_2024-12-06
GRXEUR,2024-11-29 13:30:00+00:00,1,9.686695209535618,4.172888125526834,bls_employment_2024-12-06
GRXEUR,2024-11-22 13:30:00+00:00,2,4.663586816977179,11.714266533779389,bls_employment_2024-12-06
GRXEUR,2024-11-15 13:30:00+00:00,3,12.55170597864427,3.057582552797749,bls_employment_2024-12-06
GRXEUR,2024-11-08 13:30:00+00:00,4,3.901674523326368,2.098249649718696,bls_employment_2024-12-06
UKXGBP,2024-11-29 13:30:00+00:00,1,9.724522854238318,5.743657325708951,bls_employment_2024-12-06
UKXGBP,2024-11-22 13:30:00+00:00,2,2.5493231090984954,7.3052685854472195,bls_employment_2024-12-06
UKXGBP,2024-11-15 13:30:00+00:00,3,8.399710615197838,5.645035260969977,bls_employment_2024-12-06
UKXGBP,2024-11-08 13:30:00+00:00,4,5.614216485105752,4.819642472864472,bls_employment_2024-12-06
BCOUSD,2024-11-29 13:30:00+00:00,1,10.974991841472388,4.117033598252444,bls_employment_2024-12-06
BCOUSD,2024-11-22 13:30:00+00:00,2,29.15434193100248,4.062948673134201,bls_employment_2024-12-06
BCOUSD,2024-11-15 13:30:00+00:00,3,34.65583329366828,40.351810750007125,bls_employment_2024-12-06
BCOUSD,2024-11-08 13:30:00+00:00,4,18.791195145971706,41.56170513199096,bls_employment_2024-12-06
EURUSD,2024-12-04 13:30:00+00:00,1,3.5278245606893077,6.866101754536982,bls_cpi_2024-12-11
EURUSD,2024-11-27 13:30:00+00:00,2,15.842226157455451,22.628835371609558,bls_cpi_2024-12-11
EURUSD,2024-11-20 13:30:00+00:00,3,0.3788022274015192,2.9360926500777524,bls_cpi_2024-12-11
EURUSD,2024-11-06 13:30:00+00:00,5,5.883589159009945,2.520478904332736,bls_cpi_2024-12-11
GBPUSD,2024-12-04 13:30:00+00:00,1,4.734736482003907,4.655805834416787,bls_cpi_2024-12-11
GBPUSD,2024-11-27 13:30:00+00:00,2,9.498405773603421,18.180098595303065,bls_cpi_2024-12-11
GBPUSD,2024-11-20 13:30:00+00:00,3,0.47358201660087806,3.314446281072435,bls_cpi_2024-12-11
GBPUSD,2024-11-06 13:30:00+00:00,5,3.188713536664076,3.1876970713752977,bls_cpi_2024-12-11
AUDUSD,2024-12-04 13:30:00+00:00,1,8.584964353355565,4.057428270396333,bls_cpi_2024-12-11
AUDUSD,2024-11-27 13:30:00+00:00,2,6.169888058015545,16.485763580915673,bls_cpi_2024-12-11
AUDUSD,2024-11-20 13:30:00+00:00,3,3.9957584019922687,4.6124752897221795,bls_cpi_2024-12-11
AUDUSD,2024-11-06 13:30:00+00:00,5,2.439061583153507,5.642609475267608,bls_cpi_2024-12-11
NZDUSD,2024-12-04 13:30:00+00:00,1,8.397241399991717,3.597954344794309,bls_cpi_2024-12-11
NZDUSD,2024-11-27 13:30:00+00:00,2,6.112054519645825,20.854711311420782,bls_cpi_2024-12-11
NZDUSD,2024-11-20 13:30:00+00:00,3,4.420190140139873,3.571580462304834,bls_cpi_2024-12-11
NZDUSD,2024-11-06 13:30:00+00:00,5,4.039180101365952,6.396122148339392,bls_cpi_2024-12-11
USDJPY,2024-12-04 13:30:00+00:00,1,15.101240773940008,11.261859264371259,bls_cpi_2024-12-11
USDJPY,2024-11-27 13:30:00+00:00,2,0.7918231071316558,13.536671584138222,bls_cpi_2024-12-11
USDJPY,2024-11-20 13:30:00+00:00,3,1.1558689257503083,0.5779177624619772,bls_cpi_2024-12-11
USDJPY,2024-11-06 13:30:00+00:00,5,10.439734183808094,7.911854575195861,bls_cpi_2024-12-11
USDCHF,2024-12-04 13:30:00+00:00,1,4.962611337650622,8.23207737278402,bls_cpi_2024-12-11
USDCHF,2024-11-27 13:30:00+00:00,2,10.531621314178437,11.563578288351588,bls_cpi_2024-12-11
USDCHF,2024-11-20 13:30:00+00:00,3,1.0175757961411973,0.22614201719676566,bls_cpi_2024-12-11
USDCHF,2024-11-06 13:30:00+00:00,5,9.471696883487251,0.4566731362821556,bls_cpi_2024-12-11
USDCAD,2024-12-04 13:30:00+00:00,1,0.28442017394154284,2.1328934913849955,bls_cpi_2024-12-11
USDCAD,2024-11-27 13:30:00+00:00,2,8.60845460266279,4.769854609871512,bls_cpi_2024-12-11
USDCAD,2024-11-20 13:30:00+00:00,3,0.7865429653139834,0.5005201835806069,bls_cpi_2024-12-11
USDCAD,2024-11-06 13:30:00+00:00,5,3.01464257235728,5.739663382832221,bls_cpi_2024-12-11
EURJPY,2024-12-04 13:30:00+00:00,1,11.683240301708771,4.359129127677321,bls_cpi_2024-12-11
EURJPY,2024-11-27 13:30:00+00:00,2,14.898001541141914,9.253123589199898,bls_cpi_2024-12-11
EURJPY,2024-11-20 13:30:00+00:00,3,1.337857726906687,3.5274656133779407,bls_cpi_2024-12-11
EURJPY,2024-11-06 13:30:00+00:00,5,4.784153038804141,10.594728449237587,bls_cpi_2024-12-11
XAUUSD,2024-12-04 13:30:00+00:00,1,2.3336503597973377,12.54774069114572,bls_cpi_2024-12-11
XAUUSD,2024-11-27 13:30:00+00:00,2,12.87139227044089,14.704975645428211,bls_cpi_2024-12-11
XAUUSD,2024-11-20 13:30:00+00:00,3,3.0319855758152423,11.973953060354566,bls_cpi_2024-12-11
XAUUSD,2024-11-06 13:30:00+00:00,5,48.54097080441931,13.118032458509209,bls_cpi_2024-12-11
XAGUSD,2024-12-04 13:30:00+00:00,1,20.555662490202117,17.2601934958016,bls_cpi_2024-12-11
XAGUSD,2024-11-27 13:30:00+00:00,2,6.247431358152713,33.4722853783559,bls_cpi_2024-12-11
XAGUSD,2024-11-20 13:30:00+00:00,3,3.8476337527391404,38.221312328588674,bls_cpi_2024-12-11
XAGUSD,2024-11-06 13:30:00+00:00,5,79.40361253105837,34.13192391398564,bls_cpi_2024-12-11
SPXUSD,2024-12-04 13:30:00+00:00,1,0.10053768708932678,4.547861125413014,bls_cpi_2024-12-11
SPXUSD,2024-11-27 13:30:00+00:00,2,0.811052114532764,0.8359131562546387,bls_cpi_2024-12-11
SPXUSD,2024-11-20 13:30:00+00:00,3,6.199597368143837,8.027227841038917,bls_cpi_2024-12-11
SPXUSD,2024-11-06 13:30:00+00:00,5,6.261546092645677,13.202343462473335,bls_cpi_2024-12-11
NSXUSD,2024-12-04 13:30:00+00:00,1,1.2267981580106475,6.782104251397585,bls_cpi_2024-12-11
NSXUSD,2024-11-27 13:30:00+00:00,2,3.3050493263331315,0.78804209162847,bls_cpi_2024-12-11
NSXUSD,2024-11-20 13:30:00+00:00,3,6.502313611510218,11.327022942706819,bls_cpi_2024-12-11
NSXUSD,2024-11-06 13:30:00+00:00,5,4.167371350574446,10.794915511096214,bls_cpi_2024-12-11
GRXEUR,2024-12-04 13:30:00+00:00,1,3.459976712154803,9.673448315146493,bls_cpi_2024-12-11
GRXEUR,2024-11-27 13:30:00+00:00,2,4.695545335216604,7.301320733113052,bls_cpi_2024-12-11
GRXEUR,2024-11-20 13:30:00+00:00,3,0.24963421799199217,19.32433510971125,bls_cpi_2024-12-11
GRXEUR,2024-11-06 13:30:00+00:00,5,38.39388066055202,18.47984612086413,bls_cpi_2024-12-11
UKXGBP,2024-12-04 13:30:00+00:00,1,1.1661824383260095,4.816859869980099,bls_cpi_2024-12-11
UKXGBP,2024-11-27 13:30:00+00:00,2,4.34809257171893,6.397333535187732,bls_cpi_2024-12-11
UKXGBP,2024-11-20 13:30:00+00:00,3,7.112059083109971,14.161350414583653,bls_cpi_2024-12-11
UKXGBP,2024-11-06 13:30:00+00:00,5,25.65752579515179,27.374478658274523,bls_cpi_2024-12-11
BCOUSD,2024-12-04 13:30:00+00:00,1,11.520660527021079,26.410075552066992,bls_cpi_2024-12-11
BCOUSD,2024-11-27 13:30:00+00:00,2,6.88914023223379,5.511691815499858,bls_cpi_2024-12-11
BCOUSD,2024-11-20 13:30:00+00:00,3,3.3946405741122554,18.995161946626666,bls_cpi_2024-12-11
BCOUSD,2024-11-06 13:30:00+00:00,5,21.052496383405487,6.1165822446460725,bls_cpi_2024-12-11
EURUSD,2025-01-03 13:30:00+00:00,1,3.9826899225275527,4.468492346777188,bls_employment_2025-01-10
EURUSD,2024-12-27 13:30:00+00:00,2,1.4378076334013759,4.407988112310938,bls_employment_2025-01-10
EURUSD,2024-12-20 13:30:00+00:00,3,15.563457844158945,9.219865620512392,bls_employment_2025-01-10
EURUSD,2024-12-13 13:30:00+00:00,4,4.945833711562033,5.6145828364960435,bls_employment_2025-01-10
GBPUSD,2025-01-03 13:30:00+00:00,1,1.3702549904757026,5.9660100450630145,bls_employment_2025-01-10
GBPUSD,2024-12-27 13:30:00+00:00,2,8.35884155328382,4.137031261768324,bls_employment_2025-01-10
GBPUSD,2024-12-20 13:30:00+00:00,3,11.161961199067887,3.186844732029365,bls_employment_2025-01-10
GBPUSD,2024-12-13 13:30:00+00:00,4,6.716261902216319,9.243568675423006,bls_employment_2025-01-10
AUDUSD,2025-01-03 13:30:00+00:00,1,3.538342805830424,3.055767785428524,bls_employment_2025-01-10
AUDUSD,2024-12-27 13:30:00+00:00,2,0.0,5.308154575847813,bls_employment_2025-01-10
AUDUSD,2024-12-20 13:30:00+00:00,3,13.941974807086083,16.50813360224455,bls_employment_2025-01-10
AUDUSD,2024-12-13 13:30:00+00:00,4,3.292439178412186,0.0,bls_employment_2025-01-10
NZDUSD,2025-01-03 13:30:00+00:00,1,3.389860780549766,2.319254280947057,bls_employment_2025-01-10
NZDUSD,2024-12-27 13:30:00+00:00,2,0.17749221253277023,7.097106452860094,bls_employment_2025-01-10
NZDUSD,2024-12-20 13:30:00+00:00,3,15.416924453878499,17.013136114933907,bls_employment_2025-01-10
NZDUSD,2024-12-13 13:30:00+00:00,4,5.19651498763045,1.3860013882204272,bls_employment_2025-01-10
USDJPY,2025-01-03 13:30:00+00:00,1,4.7081579247818715,2.9905733533736973,bls_employment_2025-01-10
USDJPY,2024-12-27 13:30:00+00:00,2,2.8520092598432183,2.7252705633468075,bls_employment_2025-01-10
USDJPY,2024-12-20 13:30:00+00:00,3,11.945868118782178,0.4474287230810668,bls_employment_2025-01-10
USDJPY,2024-12-13 13:30:00+00:00,4,1.1081090781755885,5.41134374258831,bls_employment_2025-01-10
USDCHF,2025-01-03 13:30:00+00:00,1,3.299350057973604,2.4196298084457952,bls_employment_2025-01-10
USDCHF,2024-12-27 13:30:00+00:00,2,3.1077961535877416,1.4432337342077892,bls_employment_2025-01-10
USDCHF,2024-12-20 13:30:00+00:00,3,11.300384408600275,6.155258183583413,bls_employment_2025-01-10
USDCHF,2024-12-13 13:30:00+00:00,4,3.812428563141088,3.810975655880197,bls_employment_2025-01-10
USDCAD,2025-01-03 13:30:00+00:00,1,1.1099318097059498,2.1506047791634537,bls_employment_2025-01-10
USDCAD,2024-12-27 13:30:00+00:00,2,2.8498246855618086,2.779534306923682,bls_employment_2025-01-10
USDCAD,2024-12-20 13:30:00+00:00,3,4.519396980788206,10.56524134199868,bls_employment_2025-01-10
USDCAD,2024-12-13 13:30:00+00:00,4,1.89819355816885,9.14276132862492,bls_employment_2025-01-10
EURJPY,2025-01-03 13:30:00+00:00,1,0.8034486492481089,1.4216442266553966,bls_employment_2025-01-10
EURJPY,2024-12-27 13:30:00+00:00,2,1.2752971915195914,7.10315695361556,bls_employment_2025-01-10
EURJPY,2024-12-20 13:30:00+00:00,3,3.436805768385098,8.962719373193375,bls_employment_2025-01-10
EURJPY,2024-12-13 13:30:00+00:00,4,4.215799390390258,10.981819059879664,bls_employment_2025-01-10
XAUUSD,2025-01-03 13:30:00+00:00,1,4.365582301981608,7.736345736314112,bls_employment_2025-01-10
XAUUSD,2024-12-27 13:30:00+00:00,2,3.2059661777989747,6.342443664726881,bls_employment_2025-01-10
XAUUSD,2024-12-20 13:30:00+00:00,3,22.953264891234753,1.5717905793949665,bls_employment_2025-01-10
XAUUSD,2024-12-13 13:30:00+00:00,4,20.63950933837527,11.348677365456998,bls_employment_2025-01-10
XAGUSD,2025-01-03 13:30:00+00:00,1,27.199936177221346,6.704659989677837,bls_employment_2025-01-10
XAGUSD,2024-12-27 13:30:00+00:00,2,2.381884081559653,16.996978630514892,bls_employment_2025-01-10
XAGUSD,2024-12-20 13:30:00+00:00,3,49.080701318558305,6.553193191559899,bls_employment_2025-01-10
XAGUSD,2024-12-13 13:30:00+00:00,4,38.17857176952365,26.516965106503584,bls_employment_2025-01-10
SPXUSD,2025-01-03 13:30:00+00:00,1,5.931470136116495,11.146056419965305,bls_employment_2025-01-10
SPXUSD,2024-12-27 13:30:00+00:00,2,5.742181218462347,2.3957487553140946,bls_employment_2025-01-10
SPXUSD,2024-12-20 13:30:00+00:00,3,40.0042524017685,16.93621518395386,bls_employment_2025-01-10
SPXUSD,2024-12-13 13:30:00+00:00,4,0.02139656886325621,5.71286341609944,bls_employment_2025-01-10
NSXUSD,2025-01-03 13:30:00+00:00,1,8.131073555289834,18.75561169665297,bls_employment_2025-01-10
NSXUSD,2024-12-27 13:30:00+00:00,2,9.736022334590523,3.6409855730278586,bls_employment_2025-01-10
NSXUSD,2024-12-20 13:30:00+00:00,3,50.80108633608521,4.48216347355284,bls_employment_2025-01-10
NSXUSD,2024-12-13 13:30:00+00:00,4,0.04171909538083581,10.4173401171576,bls_employment_2025-01-10
GRXEUR,2025-01-03 13:30:00+00:00,1,0.2563741011009808,14.554487788511386,bls_employment_2025-01-10
GRXEUR,2024-12-27 13:30:00+00:00,2,8.281901725236503,5.783490129474181,bls_employment_2025-01-10
GRXEUR,2024-12-20 13:30:00+00:00,3,23.06746000222119,20.54174441927402,bls_employment_2025-01-10
GRXEUR,2024-12-13 13:30:00+00:00,4,3.4014375851443344,0.7226353448294225,bls_employment_2025-01-10
UKXGBP,2025-01-03 13:30:00+00:00,1,0.7574940863032879,8.131881334479006,bls_employment_2025-01-10
UKXGBP,2024-12-27 13:30:00+00:00,2,10.335480908263298,6.869167863636265,bls_employment_2025-01-10
UKXGBP,2024-12-20 13:30:00+00:00,3,9.0386084006875,32.31172493048756,bls_employment_2025-01-10
UKXGBP,2024-12-13 13:30:00+00:00,4,0.9176095471995751,1.3446966231912902,bls_employment_2025-01-10
BCOUSD,2025-01-03 13:30:00+00:00,1,9.867058641230127,11.170909487941831,bls_employment_2025-01-10
BCOUSD,2024-12-27 13:30:00+00:00,2,0.6807305603009665,17.00437762219984,bls_employment_2025-01-10
BCOUSD,2024-12-20 13:30:00+00:00,3,0.688747925418191,57.32812131222878,bls_employment_2025-01-10
BCOUSD,2024-12-13 13:30:00+00:00,4,1.3554176062399144,13.564290022448022,bls_employment_2025-01-10
EURUSD,2025-01-08 13:30:00+00:00,1,5.728906372549294,9.028820022403645,bls_cpi_2025-01-15
EURUSD,2024-12-18 13:30:00+00:00,4,4.100295183342182,3.240904049946846,bls_cpi_2025-01-15
EURUSD,2024-12-04 13:30:00+00:00,6,3.5278245606893077,6.866101754536982,bls_cpi_2025-01-15
EURUSD,2024-11-27 13:30:00+00:00,7,15.842226157455451,22.628835371609558,bls_cpi_2025-01-15
GBPUSD,2025-01-08 13:30:00+00:00,1,11.826460245029072,18.46259016824973,bls_cpi_2025-01-15
GBPUSD,2024-12-18 13:30:00+00:00,4,4.485981383640147,15.670343347544708,bls_cpi_2025-01-15
GBPUSD,2024-12-04 13:30:00+00:00,6,4.734736482003907,4.655805834416787,bls_cpi_2025-01-15
GBPUSD,2024-11-27 13:30:00+00:00,7,9.498405773603421,18.180098595303065,bls_cpi_2025-01-15
AUDUSD,2025-01-08 13:30:00+00:00,1,9.515899526972335,14.028753177579407,bls_cpi_2025-01-15
AUDUSD,2024-12-18 13:30:00+00:00,4,1.581602799571111,1.4232286757175499,bls_cpi_2025-01-15
AUDUSD,2024-12-04 13:30:00+00:00,6,8.584964353355565,4.057428270396333,bls_cpi_2025-01-15
AUDUSD,2024-11-27 13:30:00+00:00,7,6.169888058015545,16.485763580915673,bls_cpi_2025-01-15
NZDUSD,2025-01-08 13:30:00+00:00,1,8.57510414129238,12.324401192022444,bls_cpi_2025-01-15
NZDUSD,2024-12-18 13:30:00+00:00,4,0.17441201350365118,2.267118937536723,bls_cpi_2025-01-15
NZDUSD,2024-12-04 13:30:00+00:00,6,8.397241399991717,3.597954344794309,bls_cpi_2025-01-15
NZDUSD,2024-11-27 13:30:00+00:00,7,6.112054519645825,20.854711311420782,bls_cpi_2025-01-15
USDJPY,2025-01-08 13:30:00+00:00,1,6.0030649027915715,6.698389477424486,bls_cpi_2025-01-15
USDJPY,2024-12-18 13:30:00+00:00,4,0.9747443740602855,8.711085080877162,bls_cpi_2025-01-15
USDJPY,2024-12-04 13:30:00+00:00,6,15.101240773940008,11.261859264371259,bls_cpi_2025-01-15
USDJPY,2024-11-27 13:30:00+00:00,7,0.7918231071316558,13.536671584138222,bls_cpi_2025-01-15
USDCHF,2025-01-08 13:30:00+00:00,1,0.1097712915142377,9.994234927606048,bls_cpi_2025-01-15
USDCHF,2024-12-18 13:30:00+00:00,4,3.8052176707884744,1.119457288276598,bls_cpi_2025-01-15
USDCHF,2024-12-04 13:30:00+00:00,6,4.962611337650622,8.23207737278402,bls_cpi_2025-01-15
USDCHF,2024-11-27 13:30:00+00:00,7,10.531621314178437,11.563578288351588,bls_cpi_2025-01-15
USDCAD,2025-01-08 13:30:00+00:00,1,11.187276856696974,5.487845255456988,bls_cpi_2025-01-15
USDCAD,2024-12-18 13:30:00+00:00,4,1.9565779514160706,1.2578440569486469,bls_cpi_2025-01-15
USDCAD,2024-12-04 13:30:00+00:00,6,0.28442017394154284,2.1328934913849955,bls_cpi_2025-01-15
USDCAD,2024-11-27 13:30:00+00:00,7,8.60845460266279,4.769854609871512,bls_cpi_2025-01-15
EURJPY,2025-01-08 13:30:00+00:00,1,0.4908698214210506,2.4539877423784513,bls_cpi_2025-01-15
EURJPY,2024-12-18 13:30:00+00:00,4,4.895202489587003,5.329070203387712,bls_cpi_2025-01-15
EURJPY,2024-12-04 13:30:00+00:00,6,11.683240301708771,4.359129127677321,bls_cpi_2025-01-15
EURJPY,2024-11-27 13:30:00+00:00,7,14.898001541141914,9.253123589199898,bls_cpi_2025-01-15
XAUUSD,2025-01-08 13:30:00+00:00,1,9.855593225540268,18.694406527741872,bls_cpi_2025-01-15
XAUUSD,2024-12-18 13:30:00+00:00,4,7.9362234168507735,2.6089915828412247,bls_cpi_2025-01-15
XAUUSD,2024-12-04 13:30:00+00:00,6,2.3336503597973377,12.54774069114572,bls_cpi_2025-01-15
XAUUSD,2024-11-27 13:30:00+00:00,7,12.87139227044089,14.704975645428211,bls_cpi_2025-01-15
XAGUSD,2025-01-08 13:30:00+00:00,1,21.26246648225831,30.88215773542115,bls_cpi_2025-01-15
XAGUSD,2024-12-18 13:30:00+00:00,4,3.2932653022818337,12.19050280285743,bls_cpi_2025-01-15
XAGUSD,2024-12-04 13:30:00+00:00,6,20.555662490202117,17.2601934958016,bls_cpi_2025-01-15
XAGUSD,2024-11-27 13:30:00+00:00,7,6.247431358152713,33.4722853783559,bls_cpi_2025-01-15
SPXUSD,2025-01-08 13:30:00+00:00,1,8.10977288946992,10.462119001962114,bls_cpi_2025-01-15
SPXUSD,2024-12-18 13:30:00+00:00,4,4.0442333831500825,21.090130785783394,bls_cpi_2025-01-15
SPXUSD,2024-12-04 13:30:00+00:00,6,0.10053768708932678,4.547861125413014,bls_cpi_2025-01-15
SPXUSD,2024-11-27 13:30:00+00:00,7,0.811052114532764,0.8359131562546387,bls_cpi_2025-01-15
NSXUSD,2025-01-08 13:30:00+00:00,1,13.60781796981437,14.767395002532762,bls_cpi_2025-01-15
NSXUSD,2024-12-18 13:30:00+00:00,4,7.33267077008273,28.91148149910947,bls_cpi_2025-01-15
NSXUSD,2024-12-04 13:30:00+00:00,6,1.2267981580106475,6.782104251397585,bls_cpi_2025-01-15
NSXUSD,2024-11-27 13:30:00+00:00,7,3.3050493263331315,0.78804209162847,bls_cpi_2025-01-15
GRXEUR,2025-01-08 13:30:00+00:00,1,5.964308278374353,15.519500555198887,bls_cpi_2025-01-15
GRXEUR,2024-12-18 13:30:00+00:00,4,1.4850960820601535,12.580618679111753,bls_cpi_2025-01-15
GRXEUR,2024-12-04 13:30:00+00:00,6,3.459976712154803,9.673448315146493,bls_cpi_2025-01-15
GRXEUR,2024-11-27 13:30:00+00:00,7,4.695545335216604,7.301320733113052,bls_cpi_2025-01-15
UKXGBP,2025-01-08 13:30:00+00:00,1,1.4910916446087084,5.810710337228996,bls_cpi_2025-01-15
UKXGBP,2024-12-18 13:30:00+00:00,4,3.671346790421584,12.928525941048676,bls_cpi_2025-01-15
UKXGBP,2024-12-04 13:30:00+00:00,6,1.1661824383260095,4.816859869980099,bls_cpi_2025-01-15
UKXGBP,2024-11-27 13:30:00+00:00,7,4.34809257171893,6.397333535187732,bls_cpi_2025-01-15
BCOUSD,2025-01-08 13:30:00+00:00,1,9.702395959084475,3.235178060062773,bls_cpi_2025-01-15
BCOUSD,2024-12-18 13:30:00+00:00,4,3.3907270721762206,5.425715310184274,bls_cpi_2025-01-15
BCOUSD,2024-12-04 13:30:00+00:00,6,11.520660527021079,26.410075552066992,bls_cpi_2025-01-15
BCOUSD,2024-11-27 13:30:00+00:00,7,6.88914023223379,5.511691815499858,bls_cpi_2025-01-15
EURUSD,2025-01-31 13:30:00+00:00,1,7.319234503721847,0.1926800836307355,bls_employment_2025-02-07
EURUSD,2025-01-24 13:30:00+00:00,2,0.0,2.770228657104643,bls_employment_2025-02-07
EURUSD,2025-01-17 13:30:00+00:00,3,3.498984358304076,3.304564216371951,bls_employment_2025-02-07
EURUSD,2025-01-03 13:30:00+00:00,5,3.9826899225275527,4.468492346777188,bls_employment_2025-02-07
GBPUSD,2025-01-31 13:30:00+00:00,1,7.812720633553166,1.2891166346130862,bls_employment_2025-02-07
GBPUSD,2025-01-24 13:30:00+00:00,2,2.98188707304897,3.62542149495493,bls_employment_2025-02-07
GBPUSD,2025-01-17 13:30:00+00:00,3,3.6941415440494927,1.4774928614709515,bls_employment_2025-02-07
GBPUSD,2025-01-03 13:30:00+00:00,5,1.3702549904757026,5.9660100450630145,bls_employment_2025-02-07
AUDUSD,2025-01-31 13:30:00+00:00,1,7.878130557388806,2.251527831963313,bls_employment_2025-02-07
AUDUSD,2025-01-24 13:30:00+00:00,2,2.695097317252343,2.2200374326047894,bls_employment_2025-02-07
AUDUSD,2025-01-17 13:30:00+00:00,3,2.264932385272801,8.738995895367195,bls_employment_2025-02-07
AUDUSD,2025-01-03 13:30:00+00:00,5,3.538342805830424,3.055767785428524,bls_employment_2025-02-07
NZDUSD,2025-01-31 13:30:00+00:00,1,8.854886704750623,2.6572894033072143,bls_employment_2025-02-07
NZDUSD,2025-01-24 13:30:00+00:00,2,2.2799217910208562,0.52620962449525,bls_employment_2025-02-07
NZDUSD,2025-01-17 13:30:00+00:00,3,0.3584807585849942,9.32467879493178,bls_employment_2025-02-07
NZDUSD,2025-01-03 13:30:00+00:00,5,3.389860780549766,2.319254280947057,bls_employment_2025-02-07
USDJPY,2025-01-31 13:30:00+00:00,1,10.781324177362318,13.559236561782146,bls_employment_2025-02-07
USDJPY,2025-01-24 13:30:00+00:00,2,3.9016403374493485,1.0874954032058768,bls_employment_2025-02-07
USDJPY,2025-01-17 13:30:00+00:00,3,2.6986564709858354,1.9271659799220087,bls_employment_2025-02-07
USDJPY,2025-01-03 13:30:00+00:00,5,4.7081579247818715,2.9905733533736973,bls_employment_2025-02-07
USDCHF,2025-01-31 13:30:00+00:00,1,6.2615002183069866,6.701050997481506,bls_employment_2025-02-07
USDCHF,2025-01-24 13:30:00+00:00,2,1.5446571443529558,0.11034178367582038,bls_employment_2025-02-07
USDCHF,2025-01-17 13:30:00+00:00,3,2.4102193416262527,5.586439337991374,bls_employment_2025-02-07
USDCHF,2025-01-03 13:30:00+00:00,5,3.299350057973604,2.4196298084457952,bls_employment_2025-02-07
USDCAD,2025-01-31 13:30:00+00:00,1,7.461758833964153,9.38837567232934,bls_employment_2025-02-07
USDCAD,2025-01-24 13:30:00+00:00,2,3.418600709340877,8.374157839792383,bls_employment_2025-02-07
USDCAD,2025-01-17 13:30:00+00:00,3,2.4952693980701,4.018847060742718,bls_employment_2025-02-07
USDCAD,2025-01-03 13:30:00+00:00,5,1.1099318097059498,2.1506047791634537,bls_employment_2025-02-07
EURJPY,2025-01-31 13:30:00+00:00,1,3.668253175470093,13.498342748920892,bls_employment_2025-02-07
EURJPY,2025-01-24 13:30:00+00:00,2,4.277499805514914,4.21640554623846,bls_employment_2025-02-07
EURJPY,2025-01-17 13:30:00+00:00,3,5.870450569529913,1.0614219942840935,bls_employment_2025-02-07
EURJPY,2025-01-03 13:30:00+00:00,5,0.8034486492481089,1.4216442266553966,bls_employment_2025-02-07
XAUUSD,2025-01-31 13:30:00+00:00,1,2.7808924348185364,5.642977895269806,bls_employment_2025-02-07
XAUUSD,2025-01-24 13:30:00+00:00,2,1.592868268306839,6.506508535225526,bls_employment_2025-02-07
XAUUSD,2025-01-17 13:30:00+00:00,3,13.59114864198583,7.061390019281626,bls_employment_2025-02-07
XAUUSD,2025-01-03 13:30:00+00:00,5,4.365582301981608,7.736345736314112,bls_employment_2025-02-07
XAGUSD,2025-01-31 13:30:00+00:00,1,41.127584942080446,23.43182098669875,bls_employment_2025-02-07
XAGUSD,2025-01-24 13:30:00+00:00,2,21.98798014508882,7.754944165303904,bls_employment_2025-02-07
XAGUSD,2025-01-17 13:30:00+00:00,3,44.58763889237787,20.212402712937784,bls_employment_2025-02-07
XAGUSD,2025-01-03 13:30:00+00:00,5,27.199936177221346,6.704659989677837,bls_employment_2025-02-07
SPXUSD,2025-01-31 13:30:00+00:00,1,6.975860084669919,5.360675310991568,bls_employment_2025-02-07
SPXUSD,2025-01-24 13:30:00+00:00,2,2.440711871676203,2.8548044063589213,bls_employment_2025-02-07
SPXUSD,2025-01-17 13:30:00+00:00,3,9.804842289775905,7.967922849284579,bls_employment_2025-02-07
SPXUSD,2025-01-03 13:30:00+00:00,5,5.931470136116495,11.146056419965305,bls_employment_2025-02-07
NSXUSD,2025-01-31 13:30:00+00:00,1,11.712453461843657,6.447585498795304,bls_employment_2025-02-07
NSXUSD,2025-01-24 13:30:00+00:00,2,4.008132246686865,3.133775984070762,bls_employment_2025-02-07
NSXUSD,2025-01-17 13:30:00+00:00,3,19.692611951532495,32.81856977394011,bls_employment_2025-02-07
NSXUSD,2025-01-03 13:30:00+00:00,5,8.131073555289834,18.75561169665297,bls_employment_2025-02-07
GRXEUR,2025-01-31 13:30:00+00:00,1,6.907801107599102,10.97705558772334,bls_employment_2025-02-07
GRXEUR,2025-01-24 13:30:00+00:00,2,2.098880115242026,5.132451177661561,bls_employment_2025-02-07
GRXEUR,2025-01-17 13:30:00+00:00,3,0.888934570833882,0.46840502732576594,bls_employment_2025-02-07
GRXEUR,2025-01-03 13:30:00+00:00,5,0.2563741011009808,14.554487788511386,bls_employment_2025-02-07
UKXGBP,2025-01-31 13:30:00+00:00,1,1.7561759475321612,9.347742014677646,bls_employment_2025-02-07
UKXGBP,2025-01-24 13:30:00+00:00,2,5.615188435044936,4.784592368253257,bls_employment_2025-02-07
UKXGBP,2025-01-17 13:30:00+00:00,3,3.5394361948980553,4.630655905989558,bls_employment_2025-02-07
UKXGBP,2025-01-03 13:30:00+00:00,5,0.7574940863032879,8.131881334479006,bls_employment_2025-02-07
BCOUSD,2025-01-31 13:30:00+00:00,1,13.158762343500328,13.158762343499278,bls_employment_2025-02-07
BCOUSD,2025-01-24 13:30:00+00:00,2,4.446279490151479,15.259412930439286,bls_employment_2025-02-07
BCOUSD,2025-01-17 13:30:00+00:00,3,12.999958497626782,3.0967614316702754,bls_employment_2025-02-07
BCOUSD,2025-01-03 13:30:00+00:00,5,9.867058641230127,11.170909487941831,bls_employment_2025-02-07
EURUSD,2025-02-05 13:30:00+00:00,1,5.858034076896629,2.593996354127872,bls_cpi_2025-02-12
EURUSD,2025-01-29 13:30:00+00:00,2,2.0221181274760522,1.925446709583561,bls_cpi_2025-02-12
EURUSD,2025-01-22 13:30:00+00:00,3,2.586913108518518,4.408875329000225,bls_cpi_2025-02-12
EURUSD,2025-01-08 13:30:00+00:00,5,5.728906372549294,9.028820022403645,bls_cpi_2025-02-12
GBPUSD,2025-02-05 13:30:00+00:00,1,6.705623395248201,5.431657108427659,bls_cpi_2025-02-12
GBPUSD,2025-01-29 13:30:00+00:00,2,0.8068094723808639,2.8235484123601355,bls_cpi_2025-02-12
GBPUSD,2025-01-22 13:30:00+00:00,3,4.2902995368071535,4.778159851512204,bls_cpi_2025-02-12
GBPUSD,2025-01-08 13:30:00+00:00,5,11.826460245029072,18.46259016824973,bls_cpi_2025-02-12
AUDUSD,2025-02-05 13:30:00+00:00,1,7.801492231984709,3.82336078065922,bls_cpi_2025-02-12
AUDUSD,2025-01-29 13:30:00+00:00,2,1.1262982610608192,3.3792754189629153,bls_cpi_2025-02-12
AUDUSD,2025-01-22 13:30:00+00:00,3,5.408845184363432,3.660584301956476,bls_cpi_2025-02-12
AUDUSD,2025-01-08 13:30:00+00:00,5,9.515899526972335,14.028753177579407,bls_cpi_2025-02-12
NZDUSD,2025-02-05 13:30:00+00:00,1,8.621069370547163,5.457986842654487,bls_cpi_2025-02-12
NZDUSD,2025-01-29 13:30:00+00:00,2,3.3707965156429367,1.2417402118048317,bls_cpi_2025-02-12
NZDUSD,2025-01-22 13:30:00+00:00,3,5.989711968238129,2.643660957068472,bls_cpi_2025-02-12
NZDUSD,2025-01-08 13:30:00+00:00,5,8.57510414129238,12.324401192022444,bls_cpi_2025-02-12
USDJPY,2025-02-05 13:30:00+00:00,1,2.941705229667266,11.826936078883614,bls_cpi_2025-02-12
USDJPY,2025-01-29 13:30:00+00:00,2,4.698446702747458,3.2827088435522715,bls_cpi_2025-02-12
USDJPY,2025-01-22 13:30:00+00:00,3,1.8606501421900643,2.694847083737458,bls_cpi_2025-02-12
USDJPY,2025-01-08 13:30:00+00:00,5,6.0030649027915715,6.698389477424486,bls_cpi_2025-02-12
USDCHF,2025-02-05 13:30:00+00:00,1,2.7700984670112376,4.652038673665058,bls_cpi_2025-02-12
USDCHF,2025-01-29 13:30:00+00:00,2,1.1014671553632487,2.312940914669726,bls_cpi_2025-02-12
USDCHF,2025-01-22 13:30:00+00:00,3,3.865758813751453,4.526560498590611,bls_cpi_2025-02-12
USDCHF,2025-01-08 13:30:00+00:00,5,0.1097712915142377,9.994234927606048,bls_cpi_2025-02-12
USDCAD,2025-02-05 13:30:00+00:00,1,10.575526697837976,3.149485085227765,bls_cpi_2025-02-12
USDCAD,2025-01-29 13:30:00+00:00,2,0.4844776812465186,12.380818922935521,bls_cpi_2025-02-12
USDCAD,2025-01-22 13:30:00+00:00,3,3.275980470998859,3.692903744278955,bls_cpi_2025-02-12
USDCAD,2025-01-08 13:30:00+00:00,5,11.187276856696974,5.487845255456988,bls_cpi_2025-02-12
EURJPY,2025-02-05 13:30:00+00:00,1,8.788891407720206,8.977140285292698,bls_cpi_2025-02-12
EURJPY,2025-01-29 13:30:00+00:00,2,3.098719014365919,5.4531034466508785,bls_cpi_2025-02-12
EURJPY,2025-01-22 13:30:00+00:00,3,0.6147301643876165,7.133632920439274,bls_cpi_2025-02-12
EURJPY,2025-01-08 13:30:00+00:00,5,0.4908698214210506,2.4539877423784513,bls_cpi_2025-02-12
XAUUSD,2025-02-05 13:30:00+00:00,1,18.43064336062246,3.214877923482554,bls_cpi_2025-02-12
XAUUSD,2025-01-29 13:30:00+00:00,2,10.01609554026545,6.320217672279171,bls_cpi_2025-02-12
XAUUSD,2025-01-22 13:30:00+00:00,3,12.237903435305583,20.944202448043328,bls_cpi_2025-02-12
XAUUSD,2025-01-08 13:30:00+00:00,5,9.855593225540268,18.694406527741872,bls_cpi_2025-02-12
XAGUSD,2025-02-05 13:30:00+00:00,1,44.38037791931729,12.138001210145978,bls_cpi_2025-02-12
XAGUSD,2025-01-29 13:30:00+00:00,2,20.315220460453542,21.25399312313315,bls_cpi_2025-02-12
XAGUSD,2025-01-22 13:30:00+00:00,3,10.722119457885393,14.618223403274651,bls_cpi_2025-02-12
XAGUSD,2025-01-08 13:30:00+00:00,5,21.26246648225831,30.88215773542115,bls_cpi_2025-02-12
SPXUSD,2025-02-05 13:30:00+00:00,1,0.7949195663660783,8.601064276029081,bls_cpi_2025-02-12
SPXUSD,2025-01-29 13:30:00+00:00,2,2.8366162910049444,4.940842556274566,bls_cpi_2025-02-12
SPXUSD,2025-01-22 13:30:00+00:00,3,2.4813428714167887,1.1442687847248205,bls_cpi_2025-02-12
SPXUSD,2025-01-08 13:30:00+00:00,5,8.10977288946992,10.462119001962114,bls_cpi_2025-02-12
NSXUSD,2025-02-05 13:30:00+00:00,1,4.063915638595067,6.2796887534271955,bls_cpi_2025-02-12
NSXUSD,2025-01-29 13:30:00+00:00,2,2.9934258803356895,13.586021629875821,bls_cpi_2025-02-12
NSXUSD,2025-01-22 13:30:00+00:00,3,6.077855850909562,2.203705190260904,bls_cpi_2025-02-12
NSXUSD,2025-01-08 13:30:00+00:00,5,13.60781796981437,14.767395002532762,bls_cpi_2025-02-12
UKXGBP,2025-02-05 13:30:00+00:00,1,8.323095801334013,8.324311352647177,bls_cpi_2025-02-12
UKXGBP,2025-01-29 13:30:00+00:00,2,2.0159178153099484,1.5019720126530627,bls_cpi_2025-02-12
UKXGBP,2025-01-22 13:30:00+00:00,3,3.95359939490918,3.244752855509664,bls_cpi_2025-02-12
UKXGBP,2025-01-08 13:30:00+00:00,5,1.4910916446087084,5.810710337228996,bls_cpi_2025-02-12
BCOUSD,2025-02-05 13:30:00+00:00,1,9.293804357270666,3.9804164041052803,bls_cpi_2025-02-12
BCOUSD,2025-01-29 13:30:00+00:00,2,3.9385585385066855,19.716094714846943,bls_cpi_2025-02-12
BCOUSD,2025-01-22 13:30:00+00:00,3,10.735102919694919,20.80588863452817,bls_cpi_2025-02-12
BCOUSD,2025-01-08 13:30:00+00:00,5,9.702395959084475,3.235178060062773,bls_cpi_2025-02-12
EURUSD,2025-02-28 13:30:00+00:00,1,0.28812493099192044,4.51504140854204,bls_employment_2025-03-07
EURUSD,2025-02-21 13:30:00+00:00,2,1.910675907413026,8.688968898771428,bls_employment_2025-03-07
EURUSD,2025-02-14 13:30:00+00:00,3,1.6210778295904236,2.288133179332997,bls_employment_2025-03-07
EURUSD,2025-01-31 13:30:00+00:00,5,7.319234503721847,0.1926800836307355,bls_employment_2025-03-07
GBPUSD,2025-02-28 13:30:00+00:00,1,1.8249985172945842,0.9522146933933142,bls_employment_2025-03-07
GBPUSD,2025-02-21 13:30:00+00:00,2,0.07907732576351653,2.3720477999782936,bls_employment_2025-03-07
GBPUSD,2025-02-14 13:30:00+00:00,3,4.048534842929334,2.6187670518297472,bls_employment_2025-03-07
GBPUSD,2025-01-31 13:30:00+00:00,5,7.812720633553166,1.2891166346130862,bls_employment_2025-03-07
AUDUSD,2025-02-28 13:30:00+00:00,1,2.0909566202673275,7.239790201433486,bls_employment_2025-03-07
AUDUSD,2025-02-21 13:30:00+00:00,2,0.6267333095127325,5.012766995640114,bls_employment_2025-03-07
AUDUSD,2025-02-14 13:30:00+00:00,3,3.151194328715789,9.919776595013815,bls_employment_2025-03-07
AUDUSD,2025-01-31 13:30:00+00:00,5,7.878130557388806,2.251527831963313,bls_employment_2025-03-07
NZDUSD,2025-02-28 13:30:00+00:00,1,0.7138395648607339,1.6062106847548279,bls_employment_2025-03-07
NZDUSD,2025-02-21 13:30:00+00:00,2,0.17377251440686958,3.9960040491791053,bls_employment_2025-03-07
NZDUSD,2025-02-14 13:30:00+00:00,3,5.60282957543063,8.74814157794555,bls_employment_2025-03-07
NZDUSD,2025-01-31 13:30:00+00:00,5,8.854886704750623,2.6572894033072143,bls_employment_2025-03-07
USDJPY,2025-02-28 13:30:00+00:00,1,13.728203662177398,17.047022724076452,bls_employment_2025-03-07
USDJPY,2025-02-21 13:30:00+00:00,2,2.859375279237189,1.1967050734632647,bls_employment_2025-03-07
USDJPY,2025-02-14 13:30:00+00:00,3,32.25386302135227,10.24859500015723,bls_employment_2025-03-07
USDJPY,2025-01-31 13:30:00+00:00,5,10.781324177362318,13.559236561782146,bls_employment_2025-03-07
USDCHF,2025-02-28 13:30:00+00:00,1,2.327966088721315,0.9976333927263495,bls_employment_2025-03-07
USDCHF,2025-02-21 13:30:00+00:00,2,0.8890963452875835,3.2236370686175295,bls_employment_2025-03-07
USDCHF,2025-02-14 13:30:00+00:00,3,10.219270878030956,11.56480869042103,bls_employment_2025-03-07
USDCHF,2025-01-31 13:30:00+00:00,5,6.2615002183069866,6.701050997481506,bls_employment_2025-03-07
USDCAD,2025-02-28 13:30:00+00:00,1,7.3529925135362895,2.7753493649142795,bls_employment_2025-03-07
USDCAD,2025-02-21 13:30:00+00:00,2,5.497758744583684,5.218617889944873,bls_employment_2025-03-07
USDCAD,2025-02-14 13:30:00+00:00,3,1.4114824117446905,6.91816823210058,bls_employment_2025-03-07
USDCAD,2025-01-31 13:30:00+00:00,5,7.461758833964153,9.38837567232934,bls_employment_2025-03-07
EURJPY,2025-02-28 13:30:00+00:00,1,13.567010682988306,21.409873283363336,bls_employment_2025-03-07
EURJPY,2025-02-21 13:30:00+00:00,2,4.700770631788627,9.965945225036775,bls_employment_2025-03-07
EURJPY,2025-02-14 13:30:00+00:00,3,30.63095869330931,8.079695039615789,bls_employment_2025-03-07
EURJPY,2025-01-31 13:30:00+00:00,5,3.668253175470093,13.498342748920892,bls_employment_2025-03-07
XAUUSD,2025-02-28 13:30:00+00:00,1,3.6518118626841782,30.46673929317506,bls_employment_2025-03-07
XAUUSD,2025-02-21 13:30:00+00:00,2,16.47969583575863,5.598635990822892,bls_employment_2025-03-07
XAUUSD,2025-02-14 13:30:00+00:00,3,19.117168425645787,47.75881520593576,bls_employment_2025-03-07
XAUUSD,2025-01-31 13:30:00+00:00,5,2.7808924348185364,5.642977895269806,bls_employment_2025-03-07
XAGUSD,2025-02-28 13:30:00+00:00,1,21.835472037112034,58.54930671264829,bls_employment_2025-03-07
XAGUSD,2025-02-21 13:30:00+00:00,2,14.606539021982758,24.33239232040187,bls_employment_2025-03-07
XAGUSD,2025-02-14 13:30:00+00:00,3,23.14015848270477,89.85436604635382,bls_employment_2025-03-07
XAGUSD,2025-01-31 13:30:00+00:00,5,41.127584942080446,23.43182098669875,bls_employment_2025-03-07
SPXUSD,2025-02-28 13:30:00+00:00,1,16.243614510176116,5.199509829056882,bls_employment_2025-03-07
SPXUSD,2025-02-21 13:30:00+00:00,2,0.014701374651697595,1.2250404156162968,bls_employment_2025-03-07
SPXUSD,2025-02-14 13:30:00+00:00,3,1.2226780773406758,6.569933163277481,bls_employment_2025-03-07
SPXUSD,2025-01-31 13:30:00+00:00,5,6.975860084669919,5.360675310991568,bls_employment_2025-03-07
NSXUSD,2025-02-28 13:30:00+00:00,1,28.931592692945035,10.484644854036883,bls_employment_2025-03-07
NSXUSD,2025-02-21 13:30:00+00:00,2,1.7801753481355773,2.2668607001497607,bls_employment_2025-03-07
NSXUSD,2025-02-14 13:30:00+00:00,3,0.989839646785399,6.2944141868607755,bls_employment_2025-03-07
NSXUSD,2025-01-31 13:30:00+00:00,5,11.712453461843657,6.447585498795304,bls_employment_2025-03-07
GRXEUR,2025-02-28 13:30:00+00:00,1,11.591155089692403,1.5446212116739617,bls_employment_2025-03-07
GRXEUR,2025-02-21 13:30:00+00:00,2,0.004913506318167431,12.0775390627926,bls_employment_2025-03-07
GRXEUR,2025-02-14 13:30:00+00:00,3,6.657228737792007,10.812199397944836,bls_employment_2025-03-07
GRXEUR,2025-01-31 13:30:00+00:00,5,6.907801107599102,10.97705558772334,bls_employment_2025-03-07
UKXGBP,2025-02-28 13:30:00+00:00,1,6.1468999399344195,5.575506784464715,bls_employment_2025-03-07
UKXGBP,2025-02-21 13:30:00+00:00,2,4.660262726315797,1.164403841264062,bls_employment_2025-03-07
UKXGBP,2025-02-14 13:30:00+00:00,3,1.7389517688335012,3.9572421537222495,bls_employment_2025-03-07
UKXGBP,2025-01-31 13:30:00+00:00,5,1.7561759475321612,9.347742014677646,bls_employment_2025-03-07
BCOUSD,2025-02-28 13:30:00+00:00,1,16.498250803497026,8.24572299863995,bls_employment_2025-03-07
BCOUSD,2025-02-21 13:30:00+00:00,2,16.452242860774007,19.08711541406007,bls_employment_2025-03-07
BCOUSD,2025-02-14 13:30:00+00:00,3,15.189040397478456,39.069016354265294,bls_employment_2025-03-07
BCOUSD,2025-01-31 13:30:00+00:00,5,13.158762343500328,13.158762343499278,bls_employment_2025-03-07
EURUSD,2025-03-05 13:30:00+00:00,1,9.993136388035486,1.6801075308349458,bls_cpi_2025-03-12
EURUSD,2025-02-26 13:30:00+00:00,2,4.957621968467581,3.3382453538795596,bls_cpi_2025-03-12
EURUSD,2025-02-19 13:30:00+00:00,3,2.4933351363354825,3.4512841995740255,bls_cpi_2025-03-12
EURUSD,2025-02-05 13:30:00+00:00,5,5.858034076896629,2.593996354127872,bls_cpi_2025-03-12
GBPUSD,2025-03-05 13:30:00+00:00,1,1.326120281052239,0.15600258964621713,bls_cpi_2025-03-12
GBPUSD,2025-02-26 13:30:00+00:00,2,0.07898987744740149,4.740497366939246,bls_cpi_2025-03-12
GBPUSD,2025-02-19 13:30:00+00:00,3,1.8270861601381476,0.9531298408336875,bls_cpi_2025-03-12
GBPUSD,2025-02-05 13:30:00+00:00,5,6.705623395248201,5.431657108427659,bls_cpi_2025-03-12
AUDUSD,2025-03-05 13:30:00+00:00,1,3.5009548416144094,15.426825054634877,bls_cpi_2025-03-12
AUDUSD,2025-02-26 13:30:00+00:00,2,8.399033812556883,5.391776086472219,bls_cpi_2025-03-12
AUDUSD,2025-02-19 13:30:00+00:00,3,2.834824259880482,2.519804098566204,bls_cpi_2025-03-12
AUDUSD,2025-02-05 13:30:00+00:00,5,7.801492231984709,3.82336078065922,bls_cpi_2025-03-12
NZDUSD,2025-03-05 13:30:00+00:00,1,1.9349334707111485,10.72329606758737,bls_cpi_2025-03-12
NZDUSD,2025-02-26 13:30:00+00:00,2,6.14504070674766,4.215925721621059,bls_cpi_2025-03-12
NZDUSD,2025-02-19 13:30:00+00:00,3,4.026223019614879,0.7000962635227754,bls_cpi_2025-03-12
NZDUSD,2025-02-05 13:30:00+00:00,5,8.621069370547163,5.457986842654487,bls_cpi_2025-03-12
USDJPY,2025-03-05 13:30:00+00:00,1,9.720160712221748,5.970850352657582,bls_cpi_2025-03-12
USDJPY,2025-02-26 13:30:00+00:00,2,8.90099542442528,5.015866963990678,bls_cpi_2025-03-12
USDJPY,2025-02-19 13:30:00+00:00,3,6.718969483843721,4.349975352824096,bls_cpi_2025-03-12
USDJPY,2025-02-05 13:30:00+00:00,5,2.941705229667266,11.826936078883614,bls_cpi_2025-03-12
USDCHF,2025-03-05 13:30:00+00:00,1,7.319366807446677,5.743340417001853,bls_cpi_2025-03-12
USDCHF,2025-02-26 13:30:00+00:00,2,3.3521051534040014,1.5641759059417297,bls_cpi_2025-03-12
USDCHF,2025-02-19 13:30:00+00:00,3,5.310322063058611,2.98829586352552,bls_cpi_2025-03-12
USDCHF,2025-02-05 13:30:00+00:00,5,2.7700984670112376,4.652038673665058,bls_cpi_2025-03-12
USDCAD,2025-03-05 13:30:00+00:00,1,7.087418739251378,9.033863702713525,bls_cpi_2025-03-12
USDCAD,2025-02-26 13:30:00+00:00,2,0.9062043636451368,4.320768327693608,bls_cpi_2025-03-12
USDCAD,2025-02-19 13:30:00+00:00,3,0.6338095122842154,0.3521337545210035,bls_cpi_2025-03-12
USDCAD,2025-02-05 13:30:00+00:00,5,10.575526697837976,3.149485085227765,bls_cpi_2025-03-12
EURJPY,2025-03-05 13:30:00+00:00,1,0.0,4.132955999015303,bls_cpi_2025-03-12
EURJPY,2025-02-26 13:30:00+00:00,2,3.892080940609282,1.7860218324861654,bls_cpi_2025-03-12
EURJPY,2025-02-19 13:30:00+00:00,3,4.232296273375829,1.0741511846519207,bls_cpi_2025-03-12
EURJPY,2025-02-05 13:30:00+00:00,5,8.788891407720206,8.977140285292698,bls_cpi_2025-03-12
XAUUSD,2025-03-05 13:30:00+00:00,1,21.39259440946819,26.561291218283245,bls_cpi_2025-03-12
XAUUSD,2025-02-26 13:30:00+00:00,2,4.327465563724044,25.751943047457456,bls_cpi_2025-03-12
XAUUSD,2025-02-19 13:30:00+00:00,3,4.897834336833859,12.35122546418241,bls_cpi_2025-03-12
XAUUSD,2025-02-05 13:30:00+00:00,5,18.43064336062246,3.214877923482554,bls_cpi_2025-03-12
XAGUSD,2025-03-05 13:30:00+00:00,1,28.831418294580825,34.20933207137252,bls_cpi_2025-03-12
XAGUSD,2025-02-26 13:30:00+00:00,2,7.557627264880307,34.68612565403745,bls_cpi_2025-03-12
XAGUSD,2025-02-19 13:30:00+00:00,3,10.632966232004485,33.45603655922163,bls_cpi_2025-03-12
XAGUSD,2025-02-05 13:30:00+00:00,5,44.38037791931729,12.138001210145978,bls_cpi_2025-03-12
SPXUSD,2025-03-05 13:30:00+00:00,1,0.21778064926452514,13.852639660353603,bls_cpi_2025-03-12
SPXUSD,2025-02-26 13:30:00+00:00,2,2.822771398980709,15.867973262284224,bls_cpi_2025-03-12
SPXUSD,2025-02-19 13:30:00+00:00,3,5.6866165894933625,1.9703929313395039,bls_cpi_2025-03-12
SPXUSD,2025-02-05 13:30:00+00:00,5,0.7949195663660783,8.601064276029081,bls_cpi_2025-03-12
NSXUSD,2025-03-05 13:30:00+00:00,1,0.287595301792424,20.141452055412483,bls_cpi_2025-03-12
NSXUSD,2025-02-26 13:30:00+00:00,2,4.051711790723295,22.79175440337012,bls_cpi_2025-03-12
NSXUSD,2025-02-19 13:30:00+00:00,3,6.3788346361800805,0.7645718479373307,bls_cpi_2025-03-12
NSXUSD,2025-02-05 13:30:00+00:00,5,4.063915638595067,6.2796887534271955,bls_cpi_2025-03-12
GRXEUR,2025-03-05 13:30:00+00:00,1,6.886411602516207,30.145536657798168,bls_cpi_2025-03-12
GRXEUR,2025-02-26 13:30:00+00:00,2,4.38282107728268,22.79718165880199,bls_cpi_2025-03-12
GRXEUR,2025-02-19 13:30:00+00:00,3,0.4921429119337035,11.533406046641415,bls_cpi_2025-03-12
GRXEUR,2025-02-05 13:30:00+00:00,5,4.937689087090904,8.527134208217126,bls_cpi_2025-03-12
UKXGBP,2025-03-05 13:30:00+00:00,1,1.5381027442002364,11.007977739609645,bls_cpi_2025-03-12
UKXGBP,2025-02-26 13:30:00+00:00,2,0.3471294769808322,10.707356480985327,bls_cpi_2025-03-12
UKXGBP,2025-02-19 13:30:00+00:00,3,2.606528674663157,7.742100935039153,bls_cpi_2025-03-12
UKXGBP,2025-02-05 13:30:00+00:00,5,8.323095801334013,8.324311352647177,bls_cpi_2025-03-12
BCOUSD,2025-03-05 13:30:00+00:00,1,13.58453002672232,25.78982731818483,bls_cpi_2025-03-12
BCOUSD,2025-02-26 13:30:00+00:00,2,4.14364646812853,12.436093906209656,bls_cpi_2025-03-12
BCOUSD,2025-02-19 13:30:00+00:00,3,9.151523713616536,10.459568188993975,bls_cpi_2025-03-12
BCOUSD,2025-02-05 13:30:00+00:00,5,9.293804357270666,3.9804164041052803,bls_cpi_2025-03-12
EURUSD,2025-03-28 13:30:00+00:00,1,5.64535175816188,7.865600435133016,bls_employment_2025-04-04
EURUSD,2025-03-21 13:30:00+00:00,2,3.323915603147742,0.2769431020561814,bls_employment_2025-04-04
EURUSD,2025-03-14 13:30:00+00:00,3,5.691049601476216,18.002135726198283,bls_employment_2025-04-04
EURUSD,2025-02-28 13:30:00+00:00,5,0.28812493099192044,4.51504140854204,bls_employment_2025-04-04
GBPUSD,2025-03-28 13:30:00+00:00,1,3.4723428245691164,0.5402505992307911,bls_employment_2025-04-04
GBPUSD,2025-03-21 13:30:00+00:00,2,1.547257103062197,7.578101197798175,bls_employment_2025-04-04
GBPUSD,2025-03-14 13:30:00+00:00,3,2.241242739834523,5.178804121203206,bls_employment_2025-04-04
GBPUSD,2025-02-28 13:30:00+00:00,5,1.8249985172945842,0.9522146933933142,bls_employment_2025-04-04
AUDUSD,2025-03-28 13:30:00+00:00,1,4.120509099648966,0.31703257512400324,bls_employment_2025-04-04
AUDUSD,2025-03-21 13:30:00+00:00,2,1.1157601127339085,2.0720268481295676,bls_employment_2025-04-04
AUDUSD,2025-03-14 13:30:00+00:00,3,3.006828688809374,4.74803756704299,bls_employment_2025-04-04
AUDUSD,2025-02-28 13:30:00+00:00,5,2.0909566202673275,7.239790201433486,bls_employment_2025-04-04
NZDUSD,2025-03-28 13:30:00+00:00,1,3.140046079808407,0.697873231609266,bls_employment_2025-04-04
NZDUSD,2025-03-21 13:30:00+00:00,2,1.914058767446713,1.0440774714952867,bls_employment_2025-04-04
NZDUSD,2025-03-14 13:30:00+00:00,3,2.6140829510231813,1.7426460381470321,bls_employment_2025-04-04
NZDUSD,2025-02-28 13:30:00+00:00,5,0.7138395648607339,1.6062106847548279,bls_employment_2025-04-04
USDJPY,2025-03-28 13:30:00+00:00,1,2.590252032721002,10.564469154614022,bls_employment_2025-04-04
USDJPY,2025-03-21 13:30:00+00:00,2,1.2768259468392194,0.06719730135725109,bls_employment_2025-04-04
USDJPY,2025-03-14 13:30:00+00:00,3,4.777750577911757,7.3339190298780155,bls_employment_2025-04-04
USDJPY,2025-02-28 13:30:00+00:00,5,13.728203662177398,17.047022724076452,bls_employment_2025-04-04
USDCHF,2025-03-28 13:30:00+00:00,1,1.813915000382191,1.7005356728334604,bls_employment_2025-04-04
USDCHF,2025-03-21 13:30:00+00:00,2,1.0210622459764978,1.0209579998086078,bls_employment_2025-04-04
USDCHF,2025-03-14 13:30:00+00:00,3,0.7908666207570856,2.4851736925416588,bls_employment_2025-04-04
USDCHF,2025-02-28 13:30:00+00:00,5,2.327966088721315,0.9976333927263495,bls_employment_2025-04-04
USDCAD,2025-03-28 13:30:00+00:00,1,6.156300258099036,7.480399256816687,bls_employment_2025-04-04
USDCAD,2025-03-21 13:30:00+00:00,2,2.714091370192166,9.400623918793752,bls_employment_2025-04-04
USDCAD,2025-03-14 13:30:00+00:00,3,0.3472234278944103,3.4728975427536795,bls_employment_2025-04-04
USDCAD,2025-02-28 13:30:00+00:00,5,7.3529925135362895,2.7753493649142795,bls_employment_2025-04-04
EURJPY,2025-03-28 13:30:00+00:00,1,3.0118538187797355,2.889773603274815,bls_employment_2025-04-04
EURJPY,2025-03-21 13:30:00+00:00,2,4.653601506124128,0.5582866803549857,bls_employment_2025-04-04
EURJPY,2025-03-14 13:30:00+00:00,3,0.9265235914964247,10.50563074784621,bls_employment_2025-04-04
EURJPY,2025-02-28 13:30:00+00:00,5,13.567010682988306,21.409873283363336,bls_employment_2025-04-04
XAUUSD,2025-03-28 13:30:00+00:00,1,2.829802062845854,31.246016141959913,bls_employment_2025-04-04
XAUUSD,2025-03-21 13:30:00+00:00,2,26.598132996802544,57.93414848517733,bls_employment_2025-04-04
XAUUSD,2025-03-14 13:30:00+00:00,3,17.288567402033266,12.183102809080022,bls_employment_2025-04-04
XAUUSD,2025-02-28 13:30:00+00:00,5,3.6518118626841782,30.46673929317506,bls_employment_2025-04-04
XAGUSD,2025-03-28 13:30:00+00:00,1,21.22926945646624,43.86290456130381,bls_employment_2025-04-04
XAGUSD,2025-03-21 13:30:00+00:00,2,33.813394533176464,70.71242344742834,bls_employment_2025-04-04
XAGUSD,2025-03-14 13:30:00+00:00,3,29.497676325004942,43.8168685169802,bls_employment_2025-04-04
XAGUSD,2025-02-28 13:30:00+00:00,5,21.835472037112034,58.54930671264829,bls_employment_2025-04-04
SPXUSD,2025-03-28 13:30:00+00:00,1,13.651698894005053,22.962758800893194,bls_employment_2025-04-04
SPXUSD,2025-03-21 13:30:00+00:00,2,8.92792274539575,19.15660239225336,bls_employment_2025-04-04
SPXUSD,2025-03-14 13:30:00+00:00,3,14.796234377212366,10.08955438466151,bls_employment_2025-04-04
SPXUSD,2025-02-28 13:30:00+00:00,5,16.243614510176116,5.199509829056882,bls_employment_2025-04-04
NSXUSD,2025-03-28 13:30:00+00:00,1,26.440178295241086,10.904642643081434,bls_employment_2025-04-04
NSXUSD,2025-03-21 13:30:00+00:00,2,1.8407203527813878,46.58178031143392,bls_employment_2025-04-04
NSXUSD,2025-03-14 13:30:00+00:00,3,47.282030114927416,39.17672544359423,bls_employment_2025-04-04
NSXUSD,2025-02-28 13:30:00+00:00,5,28.931592692945035,10.484644854036883,bls_employment_2025-04-04
GRXEUR,2025-03-28 13:30:00+00:00,1,5.090986974119909,27.0948066030307,bls_employment_2025-04-04
GRXEUR,2025-03-21 13:30:00+00:00,2,16.266131507291693,4.181833669815705,bls_employment_2025-04-04
GRXEUR,2025-03-14 13:30:00+00:00,3,15.304019335635205,18.799100745508852,bls_employment_2025-04-04
GRXEUR,2025-02-28 13:30:00+00:00,5,11.591155089692403,1.5446212116739617,bls_employment_2025-04-04
UKXGBP,2025-03-28 13:30:00+00:00,1,7.483111886707463,13.970998889867737,bls_employment_2025-04-04
UKXGBP,2025-03-21 13:30:00+00:00,2,6.5551445763677165,16.065657385824537,bls_employment_2025-04-04
UKXGBP,2025-03-14 13:30:00+00:00,3,0.44007791947385433,22.918812835222223,bls_employment_2025-04-04
UKXGBP,2025-02-28 13:30:00+00:00,5,6.1468999399344195,5.575506784464715,bls_employment_2025-04-04
BCOUSD,2025-03-28 13:30:00+00:00,1,9.577234279727424,2.7380382127403284,bls_employment_2025-04-04
BCOUSD,2025-03-21 13:30:00+00:00,2,23.03585535785088,19.54898339532883,bls_employment_2025-04-04
BCOUSD,2025-03-14 13:30:00+00:00,3,3.5664610385535642,12.828738128891231,bls_employment_2025-04-04
BCOUSD,2025-02-28 13:30:00+00:00,5,16.498250803497026,8.24572299863995,bls_employment_2025-04-04
EURUSD,2025-04-03 13:30:00+00:00,1,5.770548722900849,11.995654141740424,bls_cpi_2025-04-10
EURUSD,2025-03-27 13:30:00+00:00,2,2.504463988230413,0.9275061222057637,bls_cpi_2025-04-10
EURUSD,2025-03-20 13:30:00+00:00,3,3.9727084693086043,5.635234219198197,bls_cpi_2025-04-10
EURUSD,2025-03-13 13:30:00+00:00,4,7.566181377218276,8.021279870252389,bls_cpi_2025-04-10
GBPUSD,2025-04-03 13:30:00+00:00,1,5.850152688681636,8.130359741360277,bls_cpi_2025-04-10
GBPUSD,2025-03-27 13:30:00+00:00,2,0.07731829234946108,3.711952529629962,bls_cpi_2025-04-10
GBPUSD,2025-03-20 13:30:00+00:00,3,2.9364263902087044,14.673516939497445,bls_cpi_2025-04-10
GBPUSD,2025-03-13 13:30:00+00:00,4,1.4694565744028776,7.962245464542682,bls_cpi_2025-04-10
AUDUSD,2025-04-03 13:30:00+00:00,1,6.1366588606130215,3.4600443859966608,bls_cpi_2025-04-10
AUDUSD,2025-03-27 13:30:00+00:00,2,2.064163743147084,6.349912108336652,bls_cpi_2025-04-10
AUDUSD,2025-03-20 13:30:00+00:00,3,8.605166817873503,14.656218770845529,bls_cpi_2025-04-10
AUDUSD,2025-03-13 13:30:00+00:00,4,1.4339316039187031,3.663557992889575,bls_cpi_2025-04-10
NZDUSD,2025-04-03 13:30:00+00:00,1,9.960502283226663,2.574378087382114,bls_cpi_2025-04-10
NZDUSD,2025-03-27 13:30:00+00:00,2,0.17433295852260883,1.9174954082459017,bls_cpi_2025-04-10
NZDUSD,2025-03-20 13:30:00+00:00,3,8.207242041720294,12.221098626417561,bls_cpi_2025-04-10
NZDUSD,2025-03-13 13:30:00+00:00,4,4.922038526427707,2.2844089191292287,bls_cpi_2025-04-10
USDJPY,2025-04-03 13:30:00+00:00,1,11.362626399630024,1.232868269586871,bls_cpi_2025-04-10
USDJPY,2025-03-27 13:30:00+00:00,2,9.28763882124529,14.259613559970985,bls_cpi_2025-04-10
USDJPY,2025-03-20 13:30:00+00:00,3,1.9507929362437704,13.443391909822934,bls_cpi_2025-04-10
USDJPY,2025-03-13 13:30:00+00:00,4,7.690699355664619,8.101867923628538,bls_cpi_2025-04-10
USDCHF,2025-04-03 13:30:00+00:00,1,2.559270389251359,5.117885959592572,bls_cpi_2025-04-10
USDCHF,2025-03-27 13:30:00+00:00,2,6.22830729085219,4.077148770478546,bls_cpi_2025-04-10
USDCHF,2025-03-20 13:30:00+00:00,3,2.4911394827226254,4.414586317428993,bls_cpi_2025-04-10
USDCHF,2025-03-13 13:30:00+00:00,4,5.885082617596621,1.4715953818465508,bls_cpi_2025-04-10
USDCAD,2025-04-03 13:30:00+00:00,1,7.102323468462109,7.599297253197074,bls_cpi_2025-04-10
USDCAD,2025-03-27 13:30:00+00:00,2,6.354815383011565,9.35904578117079,bls_cpi_2025-04-10
USDCAD,2025-03-20 13:30:00+00:00,3,0.20841945109992935,17.801146477059007,bls_cpi_2025-04-10
USDCAD,2025-03-13 13:30:00+00:00,4,2.7109030601124693,6.88008867010527,bls_cpi_2025-04-10
EURJPY,2025-04-03 13:30:00+00:00,1,5.616088079502722,13.52858350820271,bls_cpi_2025-04-10
EURJPY,2025-03-27 13:30:00+00:00,2,6.707341713598183,13.410187599248234,bls_cpi_2025-04-10
EURJPY,2025-03-20 13:30:00+00:00,3,2.175162757361478,18.939105588089433,bls_cpi_2025-04-10
EURJPY,2025-03-13 13:30:00+00:00,4,0.3734897010644654,0.31124238625688,bls_cpi_2025-04-10
XAUUSD,2025-04-03 13:30:00+00:00,1,33.2052845749428,19.442523686352537,bls_cpi_2025-04-10
XAUUSD,2025-03-27 13:30:00+00:00,2,5.033689636211319,9.768966384876736,bls_cpi_2025-04-10
XAUUSD,2025-03-20 13:30:00+00:00,3,13.738278921969771,6.492586485541746,bls_cpi_2025-04-10
XAUUSD,2025-03-13 13:30:00+00:00,4,17.09795826632033,6.509699512287155,bls_cpi_2025-04-10
XAGUSD,2025-04-03 13:30:00+00:00,1,81.00249141286547,49.80511164548448,bls_cpi_2025-04-10
XAGUSD,2025-03-27 13:30:00+00:00,2,8.585597448416442,44.62380145981042,bls_cpi_2025-04-10
XAGUSD,2025-03-20 13:30:00+00:00,3,21.624877026015717,7.497713548715381,bls_cpi_2025-04-10
XAGUSD,2025-03-13 13:30:00+00:00,4,27.752657330142277,15.676819611008254,bls_cpi_2025-04-10
SPXUSD,2025-04-03 13:30:00+00:00,1,12.215503268161786,39.911949593025966,bls_cpi_2025-04-10
SPXUSD,2025-03-27 13:30:00+00:00,2,20.687359052347112,48.73531039974446,bls_cpi_2025-04-10
SPXUSD,2025-03-20 13:30:00+00:00,3,14.167130205734956,52.51389577370387,bls_cpi_2025-04-10
SPXUSD,2025-03-13 13:30:00+00:00,4,11.178257890429105,57.39084542960255,bls_cpi_2025-04-10
NSXUSD,2025-04-03 13:30:00+00:00,1,14.13201515196661,64.47561218470972,bls_cpi_2025-04-10
NSXUSD,2025-03-27 13:30:00+00:00,2,18.8210158801666,53.435984346181954,bls_cpi_2025-04-10
NSXUSD,2025-03-20 13:30:00+00:00,3,35.37526848153419,50.85458217904501,bls_cpi_2025-04-10
NSXUSD,2025-03-13 13:30:00+00:00,4,20.233039217785088,94.42248322033525,bls_cpi_2025-04-10
GRXEUR,2025-04-03 13:30:00+00:00,1,9.778941391314508,25.58319232770133,bls_cpi_2025-04-10
GRXEUR,2025-03-27 13:30:00+00:00,2,3.5959321001483766,39.81379488917215,bls_cpi_2025-04-10
GRXEUR,2025-03-20 13:30:00+00:00,3,1.9647267003938818,35.51674153836664,bls_cpi_2025-04-10
GRXEUR,2025-03-13 13:30:00+00:00,4,12.839975770750844,59.52683156615792,bls_cpi_2025-04-10
UKXGBP,2025-04-03 13:30:00+00:00,1,12.703055488191069,3.784924873421535,bls_cpi_2025-04-10
UKXGBP,2025-03-27 13:30:00+00:00,2,4.453901095601765,36.01315447863924,bls_cpi_2025-04-10
UKXGBP,2025-03-20 13:30:00+00:00,3,2.919138391455783,9.6997826189473,bls_cpi_2025-04-10
UKXGBP,2025-03-13 13:30:00+00:00,4,11.692416814114816,23.624515747671314,bls_cpi_2025-04-10
BCOUSD,2025-04-03 13:30:00+00:00,1,21.376664831156965,5.7049135113564,bls_cpi_2025-04-10
BCOUSD,2025-03-27 13:30:00+00:00,2,36.070410361120025,42.861582099209556,bls_cpi_2025-04-10
BCOUSD,2025-03-20 13:30:00+00:00,3,31.839274075931872,52.30433185190911,bls_cpi_2025-04-10
BCOUSD,2025-03-13 13:30:00+00:00,4,0.711009989991796,2.844343331413119,bls_cpi_2025-04-10
EURUSD,2025-04-25 13:30:00+00:00,1,0.8805762496655218,3.5227703429996398,bls_employment_2025-05-02
EURUSD,2025-04-18 13:30:00+00:00,2,2.8108640078273455,3.337988980493546,bls_employment_2025-05-02
EURUSD,2025-04-11 13:30:00+00:00,3,2.203215822714594,43.533582962878434,bls_employment_2025-05-02
EURUSD,2025-03-28 13:30:00+00:00,5,5.64535175816188,7.865600435133016,bls_employment_2025-05-02
GBPUSD,2025-04-25 13:30:00+00:00,1,0.1501377513888586,1.3511586205707489,bls_employment_2025-05-02
GBPUSD,2025-04-18 13:30:00+00:00,2,1.9582442143735983,1.6569509128540496,bls_employment_2025-05-02
GBPUSD,2025-04-11 13:30:00+00:00,3,1.0686207169923307,17.158614591176637,bls_employment_2025-05-02
GBPUSD,2025-03-28 13:30:00+00:00,5,3.4723428245691164,0.5402505992307911,bls_employment_2025-05-02
AUDUSD,2025-04-25 13:30:00+00:00,1,3.1349436750614452,2.5078763121469265,bls_employment_2025-05-02
AUDUSD,2025-04-18 13:30:00+00:00,2,0.627519884741596,1.2551579162042013,bls_employment_2025-05-02
AUDUSD,2025-04-11 13:30:00+00:00,3,7.683442560091633,16.467488432971813,bls_employment_2025-05-02
AUDUSD,2025-03-28 13:30:00+00:00,5,4.120509099648966,0.31703257512400324,bls_employment_2025-05-02
NZDUSD,2025-04-25 13:30:00+00:00,1,1.3432735596804208,0.5037064399927853,bls_employment_2025-05-02
NZDUSD,2025-04-18 13:30:00+00:00,2,0.8430352646649946,0.674422525966626,bls_employment_2025-05-02
NZDUSD,2025-04-11 13:30:00+00:00,3,0.34437040483886805,21.156020584399638,bls_employment_2025-05-02
NZDUSD,2025-03-28 13:30:00+00:00,5,3.140046079808407,0.697873231609266,bls_employment_2025-05-02
USDJPY,2025-04-25 13:30:00+00:00,1,1.1159157495173555,1.7433691000608411,bls_employment_2025-05-02
USDJPY,2025-04-18 13:30:00+00:00,2,1.194529058342489,0.9134505601243833,bls_employment_2025-05-02
USDJPY,2025-04-11 13:30:00+00:00,3,1.1202442144104459,20.394082274342015,bls_employment_2025-05-02
USDJPY,2025-03-28 13:30:00+00:00,5,2.590252032721002,10.564469154614022,bls_employment_2025-05-02
USDCHF,2025-04-25 13:30:00+00:00,1,1.927455403444391,4.215826274038577,bls_employment_2025-05-02
USDCHF,2025-04-18 13:30:00+00:00,2,0.12228152876520967,0.8560021038421829,bls_employment_2025-05-02
USDCHF,2025-04-11 13:30:00+00:00,3,1.3502316895342268,38.98448634349337,bls_employment_2025-05-02
USDCHF,2025-03-28 13:30:00+00:00,5,1.813915000382191,1.7005356728334604,bls_employment_2025-05-02
USDCAD,2025-04-25 13:30:00+00:00,1,1.5140427493646187,4.181084259292356,bls_employment_2025-05-02
USDCAD,2025-04-18 13:30:00+00:00,2,3.3215394918709915,3.176092710858802,bls_employment_2025-05-02
USDCAD,2025-04-11 13:30:00+00:00,3,0.649615463964276,1.0105311793565024,bls_employment_2025-05-02
USDCAD,2025-03-28 13:30:00+00:00,5,6.156300258099036,7.480399256816687,bls_employment_2025-05-02
EURJPY,2025-04-25 13:30:00+00:00,1,1.7809056259204177,1.9037383952488935,bls_employment_2025-05-02
EURJPY,2025-04-18 13:30:00+00:00,2,3.7651881032798293,3.2713121648148658,bls_employment_2025-05-02
EURJPY,2025-04-11 13:30:00+00:00,3,0.8638189440876883,22.496642697278883,bls_employment_2025-05-02
EURJPY,2025-03-28 13:30:00+00:00,5,3.0118538187797355,2.889773603274815,bls_employment_2025-05-02
XAUUSD,2025-04-25 13:30:00+00:00,1,1.0008917043530126,22.95699761547766,bls_employment_2025-05-02
XAUUSD,2025-04-11 13:30:00+00:00,3,20.193943098045665,13.966093467738636,bls_employment_2025-05-02
XAUUSD,2025-03-28 13:30:00+00:00,5,2.829802062845854,31.246016141959913,bls_employment_2025-05-02
XAUUSD,2025-03-21 13:30:00+00:00,6,26.598132996802544,57.93414848517733,bls_employment_2025-05-02
XAGUSD,2025-04-25 13:30:00+00:00,1,6.60323582537044,29.147093157107033,bls_employment_2025-05-02
XAGUSD,2025-04-11 13:30:00+00:00,3,1.271577075178234,9.849243834223447,bls_employment_2025-05-02
XAGUSD,2025-03-28 13:30:00+00:00,5,21.22926945646624,43.86290456130381,bls_employment_2025-05-02
XAGUSD,2025-03-21 13:30:00+00:00,6,33.813394533176464,70.71242344742834,bls_employment_2025-05-02
SPXUSD,2025-04-25 13:30:00+00:00,1,11.20682518402337,22.29809826930454,bls_employment_2025-05-02
SPXUSD,2025-04-11 13:30:00+00:00,3,35.850719020368444,59.54097858638601,bls_employment_2025-05-02
SPXUSD,2025-03-28 13:30:00+00:00,5,13.651698894005053,22.962758800893194,bls_employment_2025-05-02
SPXUSD,2025-03-21 13:30:00+00:00,6,8.92792274539575,19.15660239225336,bls_employment_2025-05-02
NSXUSD,2025-04-25 13:30:00+00:00,1,10.258593371195534,26.815091453656485,bls_employment_2025-05-02
NSXUSD,2025-04-11 13:30:00+00:00,3,44.10813089360979,74.11027667746814,bls_employment_2025-05-02
NSXUSD,2025-03-28 13:30:00+00:00,5,26.440178295241086,10.904642643081434,bls_employment_2025-05-02
NSXUSD,2025-03-21 13:30:00+00:00,6,1.8407203527813878,46.58178031143392,bls_employment_2025-05-02
GRXEUR,2025-04-25 13:30:00+00:00,1,8.813862112640825,14.678933907161559,bls_employment_2025-05-02
GRXEUR,2025-04-11 13:30:00+00:00,3,35.470237358012696,31.77151465058774,bls_employment_2025-05-02
GRXEUR,2025-03-28 13:30:00+00:00,5,5.090986974119909,27.0948066030307,bls_employment_2025-05-02
GRXEUR,2025-03-21 13:30:00+00:00,6,16.266131507291693,4.181833669815705,bls_employment_2025-05-02
UKXGBP,2025-04-25 13:30:00+00:00,1,5.923552405593299,5.351339152240296,bls_employment_2025-05-02
UKXGBP,2025-04-11 13:30:00+00:00,3,30.105833815942702,18.836925531454195,bls_employment_2025-05-02
UKXGBP,2025-03-28 13:30:00+00:00,5,7.483111886707463,13.970998889867737,bls_employment_2025-05-02
UKXGBP,2025-03-21 13:30:00+00:00,6,6.5551445763677165,16.065657385824537,bls_employment_2025-05-02
BCOUSD,2025-04-25 13:30:00+00:00,1,3.0483158291238275,17.50980615611908,bls_employment_2025-05-02
BCOUSD,2025-04-11 13:30:00+00:00,3,20.007410989061857,29.15798590498489,bls_employment_2025-05-02
BCOUSD,2025-03-28 13:30:00+00:00,5,9.577234279727424,2.7380382127403284,bls_employment_2025-05-02
BCOUSD,2025-03-21 13:30:00+00:00,6,23.03585535785088,19.54898339532883,bls_employment_2025-05-02
EURUSD,2025-05-06 13:30:00+00:00,1,3.9698818819898234,0.26460276511416825,bls_cpi_2025-05-13
EURUSD,2025-04-29 13:30:00+00:00,2,0.2634687416434391,19.214493108527247,bls_cpi_2025-05-13
EURUSD,2025-04-22 13:30:00+00:00,3,7.586228308179451,3.1384309846401908,bls_cpi_2025-05-13
EURUSD,2025-04-15 13:30:00+00:00,4,1.0587892754523374,22.081303465877753,bls_cpi_2025-05-13
GBPUSD,2025-05-06 13:30:00+00:00,1,7.172958256082912,2.6138616967906527,bls_cpi_2025-05-13
GBPUSD,2025-04-29 13:30:00+00:00,2,1.4933174073896647,12.536940837922682,bls_cpi_2025-05-13
GBPUSD,2025-04-22 13:30:00+00:00,3,2.1706343202633906,6.658661555837062,bls_cpi_2025-05-13
GBPUSD,2025-04-15 13:30:00+00:00,4,0.0,9.9775513390832,bls_cpi_2025-05-13
AUDUSD,2025-05-06 13:30:00+00:00,1,6.033276019740972,1.8556605431578699,bls_cpi_2025-05-13
AUDUSD,2025-04-29 13:30:00+00:00,2,1.0923248584994554,2.652581992039625,bls_cpi_2025-05-13
AUDUSD,2025-04-22 13:30:00+00:00,3,4.383218604929839,2.8175628268100494,bls_cpi_2025-05-13
AUDUSD,2025-04-15 13:30:00+00:00,4,6.750445707246871,0.15693536617417292,bls_cpi_2025-05-13
NZDUSD,2025-05-06 13:30:00+00:00,1,6.183826983056498,1.002422521931696,bls_cpi_2025-05-13
NZDUSD,2025-04-29 13:30:00+00:00,2,1.0074720854794543,1.8472958160906872,bls_cpi_2025-05-13
NZDUSD,2025-04-22 13:30:00+00:00,3,8.683745243587756,0.16692400784845937,bls_cpi_2025-05-13
NZDUSD,2025-04-15 13:30:00+00:00,4,0.8422825863061003,5.897468472036358,bls_cpi_2025-05-13
USDJPY,2025-05-06 13:30:00+00:00,1,2.731867248242223,12.267574837241309,bls_cpi_2025-05-13
USDJPY,2025-04-29 13:30:00+00:00,2,6.593345168996658,14.042875198674333,bls_cpi_2025-05-13
USDJPY,2025-04-22 13:30:00+00:00,3,5.409522314514721,7.401766797960969,bls_cpi_2025-05-13
USDJPY,2025-04-15 13:30:00+00:00,4,2.7339738479936813,16.17823015691549,bls_cpi_2025-05-13
USDCHF,2025-05-06 13:30:00+00:00,1,5.5807634962127555,4.125212385605151,bls_cpi_2025-05-13
USDCHF,2025-04-29 13:30:00+00:00,2,6.914161569486024,14.936341188127061,bls_cpi_2025-05-13
USDCHF,2025-04-22 13:30:00+00:00,3,0.24613264089287878,5.2905171791646435,bls_cpi_2025-05-13
USDCHF,2025-04-15 13:30:00+00:00,4,3.918591316583386,13.94751556624006,bls_cpi_2025-05-13
USDCAD,2025-05-06 13:30:00+00:00,1,4.7098890423773945,4.275222974513783,bls_cpi_2025-05-13
USDCAD,2025-04-29 13:30:00+00:00,2,5.346434633531542,6.86418691759028,bls_cpi_2025-05-13
USDCAD,2025-04-22 13:30:00+00:00,3,4.330285361295915,4.25994324111104,bls_cpi_2025-05-13
USDCAD,2025-04-15 13:30:00+00:00,4,13.030818645720434,2.95024521555715,bls_cpi_2025-05-13
EURJPY,2025-05-06 13:30:00+00:00,1,1.2976780849641283,12.24194688527624,bls_cpi_2025-05-13
EURJPY,2025-04-29 13:30:00+00:00,2,6.345471056095384,4.68248451321437,bls_cpi_2025-05-13
EURJPY,2025-04-22 13:30:00+00:00,3,2.172273727442445,4.219069013338033,bls_cpi_2025-05-13
EURJPY,2025-04-15 13:30:00+00:00,4,4.0822133585202325,5.6289415674307115,bls_cpi_2025-05-13
XAUUSD,2025-05-06 13:30:00+00:00,1,23.07403199500322,21.281439466494827,bls_cpi_2025-05-13
XAUUSD,2025-04-29 13:30:00+00:00,2,0.21163061388810764,7.01151034589211,bls_cpi_2025-05-13
XAUUSD,2025-04-22 13:30:00+00:00,3,0.5790748412434401,53.96881812210765,bls_cpi_2025-05-13
XAUUSD,2025-04-15 13:30:00+00:00,4,7.30601021763065,11.212887607848822,bls_cpi_2025-05-13
XAGUSD,2025-05-06 13:30:00+00:00,1,15.715195594281196,8.156730509788554,bls_cpi_2025-05-13
XAGUSD,2025-04-29 13:30:00+00:00,2,38.411954921319676,25.49147416472762,bls_cpi_2025-05-13
XAGUSD,2025-04-22 13:30:00+00:00,3,33.9278671241557,53.54232681301309,bls_cpi_2025-05-13
XAGUSD,2025-04-15 13:30:00+00:00,4,12.408873935992233,26.350476380048107,bls_cpi_2025-05-13
SPXUSD,2025-05-06 13:30:00+00:00,1,9.580417910232404,11.171802457391976,bls_cpi_2025-05-13
SPXUSD,2025-04-29 13:30:00+00:00,2,11.781062043949829,24.488926921295594,bls_cpi_2025-05-13
SPXUSD,2025-04-22 13:30:00+00:00,3,5.0156885555069115,19.47539238118875,bls_cpi_2025-05-13
SPXUSD,2025-04-15 13:30:00+00:00,4,0.01670805468445646,30.34958826153548,bls_cpi_2025-05-13
NSXUSD,2025-05-06 13:30:00+00:00,1,12.601250390109852,13.10312689430714,bls_cpi_2025-05-13
NSXUSD,2025-04-29 13:30:00+00:00,2,17.47950143701327,33.21430499939565,bls_cpi_2025-05-13
NSXUSD,2025-04-22 13:30:00+00:00,3,6.3874421179272325,27.786293128890218,bls_cpi_2025-05-13
NSXUSD,2025-04-15 13:30:00+00:00,4,0.09395029997236665,39.48391352603174,bls_cpi_2025-05-13
GRXEUR,2025-05-06 13:30:00+00:00,1,2.962552976977317,13.147677971064404,bls_cpi_2025-05-13
GRXEUR,2025-04-29 13:30:00+00:00,2,2.466983005787252,3.3554303169466646,bls_cpi_2025-05-13
GRXEUR,2025-04-22 13:30:00+00:00,3,8.998562633301622,5.221636186541099,bls_cpi_2025-05-13
GRXEUR,2025-04-15 13:30:00+00:00,4,9.71625326302226,37.641764774673725,bls_cpi_2025-05-13
UKXGBP,2025-05-06 13:30:00+00:00,1,3.6339191880253536,11.359612890426579,bls_cpi_2025-05-13
UKXGBP,2025-04-29 13:30:00+00:00,2,9.27946910336564,8.130236096533634,bls_cpi_2025-05-13
UKXGBP,2025-04-22 13:30:00+00:00,3,1.4682153109884968,11.9997075990806,bls_cpi_2025-05-13
UKXGBP,2025-04-15 13:30:00+00:00,4,1.0142894596740566,16.02740649703702,bls_cpi_2025-05-13
BCOUSD,2025-05-06 13:30:00+00:00,1,22.692286259228887,10.5421085869313,bls_cpi_2025-05-13
BCOUSD,2025-04-29 13:30:00+00:00,2,10.992463418446649,16.484167161375094,bls_cpi_2025-05-13
BCOUSD,2025-04-22 13:30:00+00:00,3,6.271090479354532,11.493996772304563,bls_cpi_2025-05-13
BCOUSD,2025-04-15 13:30:00+00:00,4,4.200602148066258,39.13716965020574,bls_cpi_2025-05-13
EURUSD,2025-05-30 13:30:00+00:00,1,5.0233764314328315,1.4103253467670533,bls_employment_2025-06-06
EURUSD,2025-05-23 13:30:00+00:00,2,12.710183095973084,1.3232239046459817,bls_employment_2025-06-06
EURUSD,2025-05-16 13:30:00+00:00,3,2.6796959598685914,1.0719645547317576,bls_employment_2025-06-06
EURUSD,2025-05-09 13:30:00+00:00,4,0.8885966399119254,1.3328653514718498,bls_employment_2025-06-06
GBPUSD,2025-05-30 13:30:00+00:00,1,0.296584092734858,3.632441448289048,bls_employment_2025-06-06
GBPUSD,2025-05-23 13:30:00+00:00,2,10.222980370291545,9.768733431792711,bls_employment_2025-06-06
GBPUSD,2025-05-16 13:30:00+00:00,3,2.1078464662465004,1.279980726744129,bls_employment_2025-06-06
GBPUSD,2025-05-09 13:30:00+00:00,4,1.7319472778298572,5.4207480453737125,bls_employment_2025-06-06
AUDUSD,2025-05-30 13:30:00+00:00,1,1.090249278790904,0.4672351361683503,bls_employment_2025-06-06
AUDUSD,2025-05-23 13:30:00+00:00,2,12.719293157175754,13.477195375701017,bls_employment_2025-06-06
AUDUSD,2025-05-16 13:30:00+00:00,3,4.523863456477928,4.523863456477932,bls_employment_2025-06-06
AUDUSD,2025-05-09 13:30:00+00:00,4,1.248770742923546,4.213450331916988,bls_employment_2025-06-06
NZDUSD,2025-05-30 13:30:00+00:00,1,0.33548040797613154,3.691027489726432,bls_employment_2025-06-06
NZDUSD,2025-05-23 13:30:00+00:00,2,10.751063542904037,11.41035445553937,bls_employment_2025-06-06
NZDUSD,2025-05-16 13:30:00+00:00,3,4.412388701202412,5.091044962066675,bls_employment_2025-06-06
NZDUSD,2025-05-09 13:30:00+00:00,4,0.16954756233312296,2.20385675823308,bls_employment_2025-06-06
USDJPY,2025-05-30 13:30:00+00:00,1,5.640688313514138,7.933360193958741,bls_employment_2025-06-06
USDJPY,2025-05-23 13:30:00+00:00,2,2.104140957151491,0.4208636121939611,bls_employment_2025-06-06
USDJPY,2025-05-16 13:30:00+00:00,3,3.8463652323211535,7.1444276505639195,bls_employment_2025-06-06
USDJPY,2025-05-09 13:30:00+00:00,4,3.6489189621970484,2.2029616154199654,bls_employment_2025-06-06
USDCHF,2025-05-30 13:30:00+00:00,1,1.2158793862625463,1.702189749633745,bls_employment_2025-06-06
USDCHF,2025-05-23 13:30:00+00:00,2,6.682421229041065,2.4304880539652007,bls_employment_2025-06-06
USDCHF,2025-05-16 13:30:00+00:00,3,8.11959733198607,4.894850357099845,bls_employment_2025-06-06
USDCHF,2025-05-09 13:30:00+00:00,4,8.905898941053255,11.796002764063163,bls_employment_2025-06-06
USDCAD,2025-05-30 13:30:00+00:00,1,8.042808460421531,1.9573373025863603,bls_employment_2025-06-06
USDCAD,2025-05-23 13:30:00+00:00,2,3.9816266556593645,12.824369505429507,bls_employment_2025-06-06
USDCAD,2025-05-16 13:30:00+00:00,3,0.6443137523841992,7.591220330886932,bls_employment_2025-06-06
USDCAD,2025-05-09 13:30:00+00:00,4,0.6468514507898763,0.14373908481715467,bls_employment_2025-06-06
EURJPY,2025-05-30 13:30:00+00:00,1,0.49096622162362075,9.262468956661271,bls_employment_2025-06-06
EURJPY,2025-05-23 13:30:00+00:00,2,10.709986382621949,1.1756807359688277,bls_employment_2025-06-06
EURJPY,2025-05-16 13:30:00+00:00,3,1.2883475120501968,6.259243326858138,bls_employment_2025-06-06
EURJPY,2025-05-09 13:30:00+00:00,4,2.8753299945129447,0.7952213319260107,bls_employment_2025-06-06
XAUUSD,2025-05-30 13:30:00+00:00,1,8.32911120811252,11.658814186996798,bls_employment_2025-06-06
XAUUSD,2025-05-23 13:30:00+00:00,2,12.771679645077578,22.6177350816124,bls_employment_2025-06-06
XAUUSD,2025-05-16 13:30:00+00:00,3,3.2751212323778573,15.164937299082856,bls_employment_2025-06-06
XAUUSD,2025-05-09 13:30:00+00:00,4,7.071429230563076,12.710580687730275,bls_employment_2025-06-06
XAGUSD,2025-05-30 13:30:00+00:00,1,2.1094185616665437,12.647175644638375,bls_employment_2025-06-06
XAGUSD,2025-05-23 13:30:00+00:00,2,5.431175077685995,18.985916951528946,bls_employment_2025-06-06
XAGUSD,2025-05-16 13:30:00+00:00,3,28.14084778720601,18.769361408467176,bls_employment_2025-06-06
XAGUSD,2025-05-09 13:30:00+00:00,4,9.192585295723275,12.26994018968702,bls_employment_2025-06-06
SPXUSD,2025-05-30 13:30:00+00:00,1,10.299646894151083,3.370336032331056,bls_employment_2025-06-06
SPXUSD,2025-05-23 13:30:00+00:00,2,25.586508538856144,22.321414596695433,bls_employment_2025-06-06
SPXUSD,2025-05-16 13:30:00+00:00,3,4.547385681243729,14.837603678704848,bls_employment_2025-06-06
SPXUSD,2025-05-09 13:30:00+00:00,4,9.715863715344007,5.686389783164659,bls_employment_2025-06-06
NSXUSD,2025-05-30 13:30:00+00:00,1,15.04508957090693,3.0789910819343547,bls_employment_2025-06-06
NSXUSD,2025-05-23 13:30:00+00:00,2,31.963710958694374,27.986439798242227,bls_employment_2025-06-06
NSXUSD,2025-05-16 13:30:00+00:00,3,8.878916009770006,17.52158622131555,bls_employment_2025-06-06
NSXUSD,2025-05-09 13:30:00+00:00,4,12.127934871156771,3.2743985718862354,bls_employment_2025-06-06
GRXEUR,2025-05-30 13:30:00+00:00,1,17.23965521763433,1.2454190907376996,bls_employment_2025-06-06
GRXEUR,2025-05-23 13:30:00+00:00,2,29.032891010369397,31.58385634993655,bls_employment_2025-06-06
GRXEUR,2025-05-16 13:30:00+00:00,3,11.556778267687388,27.17857474251544,bls_employment_2025-06-06
GRXEUR,2025-05-09 13:30:00+00:00,4,4.722932250871865,3.7758899627401994,bls_employment_2025-06-06
UKXGBP,2025-05-30 13:30:00+00:00,1,11.248401727318926,2.4611492983631424,bls_employment_2025-06-06
UKXGBP,2025-05-23 13:30:00+00:00,2,21.607679719843667,15.539314765901777,bls_employment_2025-06-06
UKXGBP,2025-05-16 13:30:00+00:00,3,0.8493394198521,12.117864152384076,bls_employment_2025-06-06
UKXGBP,2025-05-09 13:30:00+00:00,4,1.412848214948876,1.105364876695779,bls_employment_2025-06-06
BCOUSD,2025-05-30 13:30:00+00:00,1,6.373994319856194,3.1885213502494376,bls_employment_2025-06-06
BCOUSD,2025-05-23 13:30:00+00:00,2,12.53427504486912,7.83208060086105,bls_employment_2025-06-06
BCOUSD,2025-05-16 13:30:00+00:00,3,14.671250845954958,16.96091687148216,bls_employment_2025-06-06
BCOUSD,2025-05-09 13:30:00+00:00,4,7.8076206339705125,51.643307266548575,bls_employment_2025-06-06
EURUSD,2025-06-04 13:30:00+00:00,1,8.42009294307039,13.679053017294933,bls_cpi_2025-06-11
EURUSD,2025-05-28 13:30:00+00:00,2,1.1490849318994119,2.65223850483243,bls_cpi_2025-06-11
EURUSD,2025-05-21 13:30:00+00:00,3,6.269786458661834,13.417844212219679,bls_cpi_2025-06-11
EURUSD,2025-05-14 13:30:00+00:00,4,2.13804654629051,5.345973718212595,bls_cpi_2025-06-11
GBPUSD,2025-06-04 13:30:00+00:00,1,7.096288052258713,17.58365616733099,bls_cpi_2025-06-11
GBPUSD,2025-05-28 13:30:00+00:00,2,2.301145758045393,0.37120213816567427,bls_cpi_2025-06-11
GBPUSD,2025-05-21 13:30:00+00:00,3,10.214467405907655,15.578475044132707,bls_cpi_2025-06-11
GBPUSD,2025-05-14 13:30:00+00:00,4,2.7754753179611784,8.629002234965204,bls_cpi_2025-06-11
AUDUSD,2025-06-04 13:30:00+00:00,1,6.780497085272635,10.477013161001965,bls_cpi_2025-06-11
AUDUSD,2025-05-28 13:30:00+00:00,2,5.906307486193342,16.02676656893777,bls_cpi_2025-06-11
AUDUSD,2025-05-21 13:30:00+00:00,3,14.88672410395278,4.654482350451772,bls_cpi_2025-06-11
AUDUSD,2025-05-14 13:30:00+00:00,4,5.872172254288731,14.53218980625685,bls_cpi_2025-06-11
NZDUSD,2025-06-04 13:30:00+00:00,1,8.474365552891205,13.953954222714875,bls_cpi_2025-06-11
NZDUSD,2025-05-28 13:30:00+00:00,2,6.5409355869606065,8.727908038230426,bls_cpi_2025-06-11
NZDUSD,2025-05-21 13:30:00+00:00,3,11.615087451052215,9.76431054009827,bls_cpi_2025-06-11
NZDUSD,2025-05-14 13:30:00+00:00,4,3.5315782317334037,12.7868649228173,bls_cpi_2025-06-11
USDJPY,2025-06-04 13:30:00+00:00,1,5.704982970210585,17.891147264519784,bls_cpi_2025-06-11
USDJPY,2025-05-28 13:30:00+00:00,2,0.4154980783816784,9.2057774481124,bls_cpi_2025-06-11
USDJPY,2025-05-21 13:30:00+00:00,3,6.610098383242941,7.793419130673505,bls_cpi_2025-06-11
USDJPY,2025-05-14 13:30:00+00:00,4,11.493860944497474,11.288729232837385,bls_cpi_2025-06-11
USDCHF,2025-06-04 13:30:00+00:00,1,8.032617726375308,12.904012990286187,bls_cpi_2025-06-11
USDCHF,2025-05-28 13:30:00+00:00,2,3.0244557722413035,8.947031754267039,bls_cpi_2025-06-11
USDCHF,2025-05-21 13:30:00+00:00,3,2.302486089220448,9.69826355882882,bls_cpi_2025-06-11
USDCHF,2025-05-14 13:30:00+00:00,4,4.301640664259944,13.973571923625236,bls_cpi_2025-06-11
USDCAD,2025-06-04 13:30:00+00:00,1,3.4310952465513527,3.577125416388416,bls_cpi_2025-06-11
USDCAD,2025-05-28 13:30:00+00:00,2,0.14461838823042916,5.6384864326835515,bls_cpi_2025-06-11
USDCAD,2025-05-21 13:30:00+00:00,3,6.48307579812072,13.691426263062251,bls_cpi_2025-06-11
USDCAD,2025-05-14 13:30:00+00:00,4,0.07178364409782236,9.901275059840977,bls_cpi_2025-06-11
EURJPY,2025-06-04 13:30:00+00:00,1,2.9290260587621875,3.784595520751164,bls_cpi_2025-06-11
EURJPY,2025-05-28 13:30:00+00:00,2,0.6121037395322891,6.425221355738512,bls_cpi_2025-06-11
EURJPY,2025-05-21 13:30:00+00:00,3,0.4301035628598558,5.46684739305532,bls_cpi_2025-06-11
EURJPY,2025-05-14 13:30:00+00:00,4,8.959236077855955,5.72996053470972,bls_cpi_2025-06-11
XAUUSD,2025-06-04 13:30:00+00:00,1,4.3243269709921135,15.959954843535261,bls_cpi_2025-06-11
XAUUSD,2025-05-28 13:30:00+00:00,2,17.513618161669704,4.82171950889989,bls_cpi_2025-06-11
XAUUSD,2025-05-21 13:30:00+00:00,3,28.018400085922206,34.808011545399516,bls_cpi_2025-06-11
XAUUSD,2025-05-14 13:30:00+00:00,4,14.284249611625308,81.11199184272212,bls_cpi_2025-06-11
XAGUSD,2025-06-04 13:30:00+00:00,1,12.235268226050394,11.361816782117158,bls_cpi_2025-06-11
XAGUSD,2025-05-28 13:30:00+00:00,2,15.060697446013824,1.8057603805042404,bls_cpi_2025-06-11
XAGUSD,2025-05-21 13:30:00+00:00,3,49.57838384737713,53.19643797675233,bls_cpi_2025-06-11
XAGUSD,2025-05-14 13:30:00+00:00,4,57.94794750202924,39.026252840252965,bls_cpi_2025-06-11
SPXUSD,2025-06-04 13:30:00+00:00,1,4.812751320645057,3.3389194401532354,bls_cpi_2025-06-11
SPXUSD,2025-05-28 13:30:00+00:00,2,3.790204870775579,1.250222396958569,bls_cpi_2025-06-11
SPXUSD,2025-05-21 13:30:00+00:00,3,11.095957970875679,3.2806334948483387,bls_cpi_2025-06-11
SPXUSD,2025-05-14 13:30:00+00:00,4,3.3996364445106737,6.348177384303331,bls_cpi_2025-06-11
NSXUSD,2025-06-04 13:30:00+00:00,1,10.395938776711963,7.222277945167049,bls_cpi_2025-06-11
NSXUSD,2025-05-28 13:30:00+00:00,2,4.908531468530125,1.3399561208886355,bls_cpi_2025-06-11
NSXUSD,2025-05-21 13:30:00+00:00,3,11.20066195770458,4.563421713802427,bls_cpi_2025-06-11
NSXUSD,2025-05-14 13:30:00+00:00,4,5.878924934157018,7.3100921722612435,bls_cpi_2025-06-11
GRXEUR,2025-06-04 13:30:00+00:00,1,7.232076626792432,10.333505045639146,bls_cpi_2025-06-11
GRXEUR,2025-05-28 13:30:00+00:00,2,2.6534988050552184,14.366819315365877,bls_cpi_2025-06-11
GRXEUR,2025-05-21 13:30:00+00:00,3,2.0937844571681725,7.289662222167272,bls_cpi_2025-06-11
GRXEUR,2025-05-14 13:30:00+00:00,4,1.700494217912787,0.43331219353032724,bls_cpi_2025-06-11
UKXGBP,2025-06-04 13:30:00+00:00,1,6.8148495057841005,6.243151724794251,bls_cpi_2025-06-11
UKXGBP,2025-05-28 13:30:00+00:00,2,6.306529803746946,12.522260133334392,bls_cpi_2025-06-11
UKXGBP,2025-05-21 13:30:00+00:00,3,1.468896350045132,5.037529472673618,bls_cpi_2025-06-11
UKXGBP,2025-05-14 13:30:00+00:00,4,0.023238374364144977,3.189979331696211,bls_cpi_2025-06-11
BCOUSD,2025-06-04 13:30:00+00:00,1,25.997873642908644,15.324499206196126,bls_cpi_2025-06-11
BCOUSD,2025-05-28 13:30:00+00:00,2,0.0,34.19603860795529,bls_cpi_2025-06-11
BCOUSD,2025-05-21 13:30:00+00:00,3,18.880041857920574,9.075097045734681,bls_cpi_2025-06-11
BCOUSD,2025-05-14 13:30:00+00:00,4,9.86380443417989,20.45532740971676,bls_cpi_2025-06-11
EURUSD,2025-06-26 13:30:00+00:00,1,9.914107046820705,11.707852006723709,bls_employment_2025-07-03
EURUSD,2025-06-19 13:30:00+00:00,2,3.5734363328080363,0.08714103340632401,bls_employment_2025-07-03
EURUSD,2025-06-12 13:30:00+00:00,3,19.81068529635141,6.714009290300273,bls_employment_2025-07-03
EURUSD,2025-06-05 13:30:00+00:00,4,8.91935909706164,11.806738208121079,bls_employment_2025-07-03
GBPUSD,2025-06-26 13:30:00+00:00,1,11.304669302497635,13.41831801466272,bls_employment_2025-07-03
GBPUSD,2025-06-19 13:30:00+00:00,2,8.488143169995553,2.678970100855605,bls_employment_2025-07-03
GBPUSD,2025-06-12 13:30:00+00:00,3,15.88667839262099,6.171343124166654,bls_employment_2025-07-03
GBPUSD,2025-06-05 13:30:00+00:00,4,7.729540109153058,9.644444701201321,bls_employment_2025-07-03
AUDUSD,2025-06-26 13:30:00+00:00,1,8.414482585105656,14.071153403045045,bls_employment_2025-07-03
AUDUSD,2025-06-19 13:30:00+00:00,2,2.630133610478054,3.5585812466983384,bls_employment_2025-07-03
AUDUSD,2025-06-12 13:30:00+00:00,3,9.506870195912347,3.0648053322320608,bls_employment_2025-07-03
AUDUSD,2025-06-05 13:30:00+00:00,4,6.292638588131917,2.455192744963462,bls_employment_2025-07-03
NZDUSD,2025-06-26 13:30:00+00:00,1,11.893161183178641,12.718550148195268,bls_employment_2025-07-03
NZDUSD,2025-06-19 13:30:00+00:00,2,2.5099351731841835,8.368901651732642,bls_employment_2025-07-03
NZDUSD,2025-06-12 13:30:00+00:00,3,12.212230249504449,1.6491581085249247,bls_employment_2025-07-03
NZDUSD,2025-06-05 13:30:00+00:00,4,6.606874693196917,4.954746748651308,bls_employment_2025-07-03
USDJPY,2025-06-26 13:30:00+00:00,1,16.905471975143502,12.329859907209526,bls_employment_2025-07-03
USDJPY,2025-06-19 13:30:00+00:00,2,7.759044310258554,1.3739094615281617,bls_employment_2025-07-03
USDJPY,2025-06-12 13:30:00+00:00,3,23.770945823221798,1.5355515103020685,bls_employment_2025-07-03
USDJPY,2025-06-05 13:30:00+00:00,4,21.323833084863526,38.907972818200435,bls_employment_2025-07-03
USDCHF,2025-06-26 13:30:00+00:00,1,7.615148270405981,14.236299968013874,bls_employment_2025-07-03
USDCHF,2025-06-19 13:30:00+00:00,2,7.336667770183696,0.6116320179029732,bls_employment_2025-07-03
USDCHF,2025-06-12 13:30:00+00:00,3,24.278587007634478,6.414289282322357,bls_employment_2025-07-03
USDCHF,2025-06-05 13:30:00+00:00,4,13.429375721146188,25.13483838699487,bls_employment_2025-07-03
USDCAD,2025-06-26 13:30:00+00:00,1,0.2192573752807257,9.798402328287006,bls_employment_2025-07-03
USDCAD,2025-06-19 13:30:00+00:00,2,2.3336372029341077,5.614393410208314,bls_employment_2025-07-03
USDCAD,2025-06-12 13:30:00+00:00,3,3.66988642150556,4.185314014710536,bls_employment_2025-07-03
USDCAD,2025-06-05 13:30:00+00:00,4,2.5637175509688035,3.003146001102562,bls_employment_2025-07-03
EURJPY,2025-06-26 13:30:00+00:00,1,6.928140071584339,0.5919611675202733,bls_employment_2025-07-03
EURJPY,2025-06-19 13:30:00+00:00,2,4.2489655006852045,1.2570823136090052,bls_employment_2025-07-03
EURJPY,2025-06-12 13:30:00+00:00,3,3.9027905447447124,8.050562772594567,bls_employment_2025-07-03
EURJPY,2025-06-05 13:30:00+00:00,4,12.655172732474904,27.30781618732405,bls_employment_2025-07-03
XAUUSD,2025-06-26 13:30:00+00:00,1,15.888650903880048,37.60363453667056,bls_employment_2025-07-03
XAUUSD,2025-06-19 13:30:00+00:00,2,15.565596323858014,12.743406166749587,bls_employment_2025-07-03
XAUUSD,2025-06-12 13:30:00+00:00,3,6.236643882890061,13.612514983694522,bls_employment_2025-07-03
XAUUSD,2025-06-05 13:30:00+00:00,4,8.541224294014704,51.65303789685217,bls_employment_2025-07-03
XAGUSD,2025-06-26 13:30:00+00:00,1,24.86441982134429,39.472653428029666,bls_employment_2025-07-03
XAGUSD,2025-06-19 13:30:00+00:00,2,36.60638506011856,8.79531706095533,bls_employment_2025-07-03
XAGUSD,2025-06-12 13:30:00+00:00,3,3.864734347619605,29.4997663719585,bls_employment_2025-07-03
XAGUSD,2025-06-05 13:30:00+00:00,4,17.87260661740678,57.08065527684127,bls_employment_2025-07-03
SPXUSD,2025-06-26 13:30:00+00:00,1,9.785107919664728,4.888843537395165,bls_employment_2025-07-03
SPXUSD,2025-06-19 13:30:00+00:00,2,5.368754800657966,11.044179096575949,bls_employment_2025-07-03
SPXUSD,2025-06-12 13:30:00+00:00,3,10.836684961830565,18.746717196130387,bls_employment_2025-07-03
SPXUSD,2025-06-05 13:30:00+00:00,4,4.1800362448780675,18.818980232706583,bls_employment_2025-07-03
NSXUSD,2025-06-26 13:30:00+00:00,1,15.446864576168956,3.4795402869072634,bls_employment_2025-07-03
NSXUSD,2025-06-19 13:30:00+00:00,2,5.69142810147262,14.42224156559192,bls_employment_2025-07-03
NSXUSD,2025-06-12 13:30:00+00:00,3,14.18169315087335,18.562001681602393,bls_employment_2025-07-03
NSXUSD,2025-06-05 13:30:00+00:00,4,4.0758148132198855,20.029878595264815,bls_employment_2025-07-03
GRXEUR,2025-06-26 13:30:00+00:00,1,20.638476993651285,7.019332832600651,bls_employment_2025-07-03
GRXEUR,2025-06-19 13:30:00+00:00,2,8.188726560529506,3.8857122720946267,bls_employment_2025-07-03
GRXEUR,2025-06-12 13:30:00+00:00,3,0.20600712132523594,3.163719430718238,bls_employment_2025-07-03
GRXEUR,2025-06-05 13:30:00+00:00,4,6.762631431869552,15.159415328927553,bls_employment_2025-07-03
UKXGBP,2025-06-26 13:30:00+00:00,1,2.2725987424455507,3.212484970533082,bls_employment_2025-07-03
UKXGBP,2025-06-19 13:30:00+00:00,2,1.0143026898950278,8.856358315846572,bls_employment_2025-07-03
UKXGBP,2025-06-12 13:30:00+00:00,3,3.4017207900382465,7.624797290202605,bls_employment_2025-07-03
UKXGBP,2025-06-05 13:30:00+00:00,4,11.4294038784938,7.954687167239063,bls_employment_2025-07-03
BCOUSD,2025-06-26 13:30:00+00:00,1,13.246009737177113,20.639842208514825,bls_employment_2025-07-03
BCOUSD,2025-06-19 13:30:00+00:00,2,5.7972883197947205,3.2211306446988024,bls_employment_2025-07-03
BCOUSD,2025-06-12 13:30:00+00:00,3,21.120870165350723,28.393597758639686,bls_employment_2025-07-03
BCOUSD,2025-06-05 13:30:00+00:00,4,4.605465233383229,82.57558963592399,bls_employment_2025-07-03
EURUSD,2025-07-08 13:30:00+00:00,1,4.4368222841971185,1.023707357083639,bls_cpi_2025-07-15
EURUSD,2025-07-01 13:30:00+00:00,2,2.1166619473579855,5.505418741440142,bls_cpi_2025-07-15
EURUSD,2025-06-24 13:30:00+00:00,3,4.998750416509929,3.01618833642754,bls_cpi_2025-07-15
EURUSD,2025-06-17 13:30:00+00:00,4,3.890159243018766,10.381162584289966,bls_cpi_2025-07-15
GBPUSD,2025-07-08 13:30:00+00:00,1,3.3133672581670983,3.3870101124149867,bls_cpi_2025-07-15
GBPUSD,2025-07-01 13:30:00+00:00,2,0.3637038142026775,6.5489316667482775,bls_cpi_2025-07-15
GBPUSD,2025-06-24 13:30:00+00:00,3,2.3525606260448035,0.8820675669489723,bls_cpi_2025-07-15
GBPUSD,2025-06-17 13:30:00+00:00,4,0.7372076053669182,13.205217610250788,bls_cpi_2025-07-15
AUDUSD,2025-07-08 13:30:00+00:00,1,7.492297809980191,1.222848933823445,bls_cpi_2025-07-15
AUDUSD,2025-07-01 13:30:00+00:00,2,7.449809158131758,2.4337932308574532,bls_cpi_2025-07-15
AUDUSD,2025-06-24 13:30:00+00:00,3,1.3838808654426942,2.459759878344588,bls_cpi_2025-07-15
AUDUSD,2025-06-17 13:30:00+00:00,4,5.6614312691954005,16.85023606056368,bls_cpi_2025-07-15
NZDUSD,2025-07-08 13:30:00+00:00,1,5.658367878303733,0.4991389853538346,bls_cpi_2025-07-15
NZDUSD,2025-07-01 13:30:00+00:00,2,6.225222179349133,2.2944801464241134,bls_cpi_2025-07-15
NZDUSD,2025-06-24 13:30:00+00:00,3,2.1570856197731803,0.3319006289821748,bls_cpi_2025-07-15
NZDUSD,2025-06-17 13:30:00+00:00,4,6.257204221937825,16.485060029744645,bls_cpi_2025-07-15
USDJPY,2025-07-08 13:30:00+00:00,1,3.138239473425359,5.798149529584571,bls_cpi_2025-07-15
USDJPY,2025-07-01 13:30:00+00:00,2,3.846947494640926,7.340065551270594,bls_cpi_2025-07-15
USDJPY,2025-06-24 13:30:00+00:00,3,11.30605752781162,7.245352078784102,bls_cpi_2025-07-15
USDJPY,2025-06-17 13:30:00+00:00,4,3.9409412445571568,16.375832383590858,bls_cpi_2025-07-15
USDCHF,2025-07-08 13:30:00+00:00,1,3.384285666008852,5.7651336350527735,bls_cpi_2025-07-15
USDCHF,2025-07-01 13:30:00+00:00,2,6.331518509604884,1.1392477179893157,bls_cpi_2025-07-15
USDCHF,2025-06-24 13:30:00+00:00,3,4.822584627809616,7.919028353162272,bls_cpi_2025-07-15
USDCHF,2025-06-17 13:30:00+00:00,4,0.3689651143920277,12.782381721244967,bls_cpi_2025-07-15
USDCAD,2025-07-08 13:30:00+00:00,1,3.2225697342684696,3.5154791300885635,bls_cpi_2025-07-15
USDCAD,2025-07-01 13:30:00+00:00,2,3.6709102801255478,3.522806538947126,bls_cpi_2025-07-15
USDCAD,2025-06-24 13:30:00+00:00,3,1.8223500347480814,10.866118109636238,bls_cpi_2025-07-15
USDCAD,2025-06-17 13:30:00+00:00,4,1.475024156193878,14.517373652726143,bls_cpi_2025-07-15
EURJPY,2025-07-08 13:30:00+00:00,1,1.222404937709748,5.004480860473541,bls_cpi_2025-07-15
EURJPY,2025-07-01 13:30:00+00:00,2,1.6581390979816433,2.0130850596440673,bls_cpi_2025-07-15
EURJPY,2025-06-24 13:30:00+00:00,3,6.3574115000118105,10.28736320972473,bls_cpi_2025-07-15
EURJPY,2025-06-17 13:30:00+00:00,4,7.769961720408931,5.97742940521348,bls_cpi_2025-07-15
XAUUSD,2025-07-08 13:30:00+00:00,1,11.67027682027359,2.7037192526521876,bls_cpi_2025-07-15
XAUUSD,2025-07-01 13:30:00+00:00,2,4.441596066638594,0.17881810176094515,bls_cpi_2025-07-15
XAUUSD,2025-06-24 13:30:00+00:00,3,26.555024350745118,33.552112701511575,bls_cpi_2025-07-15
XAUUSD,2025-06-17 13:30:00+00:00,4,2.6566713009641347,0.8854786814990762,bls_cpi_2025-07-15
XAGUSD,2025-07-08 13:30:00+00:00,1,16.370188093188496,11.987795681467555,bls_cpi_2025-07-15
XAGUSD,2025-07-01 13:30:00+00:00,2,36.47487143429392,20.902672700488615,bls_cpi_2025-07-15
XAGUSD,2025-06-24 13:30:00+00:00,3,54.62819126104519,32.088424090406356,bls_cpi_2025-07-15
XAGUSD,2025-06-17 13:30:00+00:00,4,23.832748795721564,27.69558369731735,bls_cpi_2025-07-15
SPXUSD,2025-07-08 13:30:00+00:00,1,6.381589931677264,6.782408370919375,bls_cpi_2025-07-15
SPXUSD,2025-07-01 13:30:00+00:00,2,10.811124864798249,0.5108291744701423,bls_cpi_2025-07-15
SPXUSD,2025-06-24 13:30:00+00:00,3,2.39717026320686,4.457053888713036,bls_cpi_2025-07-15
SPXUSD,2025-06-17 13:30:00+00:00,4,5.719851426499208,9.686438961113662,bls_cpi_2025-07-15
NSXUSD,2025-07-08 13:30:00+00:00,1,9.70349022458735,7.476455989304313,bls_cpi_2025-07-15
NSXUSD,2025-07-01 13:30:00+00:00,2,12.688820335265717,2.903051860276888,bls_cpi_2025-07-15
NSXUSD,2025-06-24 13:30:00+00:00,3,3.8001438296916854,5.2351427860367,bls_cpi_2025-07-15
NSXUSD,2025-06-17 13:30:00+00:00,4,6.118785243296586,12.017262402911422,bls_cpi_2025-07-15
GRXEUR,2025-07-08 13:30:00+00:00,1,6.286732226016238,15.297220234294821,bls_cpi_2025-07-15
GRXEUR,2025-07-01 13:30:00+00:00,2,0.19212112125086306,2.5142978966152825,bls_cpi_2025-07-15
GRXEUR,2025-06-24 13:30:00+00:00,3,2.302447115606757,3.7983089963178274,bls_cpi_2025-07-15
GRXEUR,2025-06-17 13:30:00+00:00,4,6.221839802352748,5.314463348022035,bls_cpi_2025-07-15
UKXGBP,2025-07-08 13:30:00+00:00,1,4.125867614094105,2.307825068934334,bls_cpi_2025-07-15
UKXGBP,2025-07-01 13:30:00+00:00,2,1.369925334345064,2.53857304716459,bls_cpi_2025-07-15
UKXGBP,2025-06-24 13:30:00+00:00,3,2.8744174938379503,0.8031456009456253,bls_cpi_2025-07-15
UKXGBP,2025-06-17 13:30:00+00:00,4,0.4678438704164124,2.3711975336716975,bls_cpi_2025-07-15
BCOUSD,2025-07-08 13:30:00+00:00,1,2.872737738802375,10.058194683729939,bls_cpi_2025-07-15
BCOUSD,2025-07-01 13:30:00+00:00,2,4.462293692965067,1.4869888503215853,bls_cpi_2025-07-15
BCOUSD,2025-06-24 13:30:00+00:00,3,4.3805213520811765,61.12666391549378,bls_cpi_2025-07-15
BCOUSD,2025-06-17 13:30:00+00:00,4,30.127562707209496,43.67846207678515,bls_cpi_2025-07-15
EURUSD,2025-07-25 13:30:00+00:00,1,4.691211740710985,0.34126489837739543,bls_employment_2025-08-01
EURUSD,2025-07-18 13:30:00+00:00,2,5.236298829025488,9.01159982541282,bls_employment_2025-08-01
EURUSD,2025-07-11 13:30:00+00:00,3,7.013102815578914,7.269773032864471,bls_employment_2025-08-01
EURUSD,2025-07-04 13:30:00+00:00,4,2.039775631754142,0.1699625232666497,bls_employment_2025-08-01
GBPUSD,2025-07-25 13:30:00+00:00,1,11.676640239656184,2.381625768539546,bls_employment_2025-08-01
GBPUSD,2025-07-18 13:30:00+00:00,2,7.726253300267869,3.3438230611804394,bls_employment_2025-08-01
GBPUSD,2025-07-11 13:30:00+00:00,3,5.553313804976782,5.331122031249148,bls_employment_2025-08-01
GBPUSD,2025-07-04 13:30:00+00:00,4,0.5131456931706917,2.8592899624780577,bls_employment_2025-08-01
AUDUSD,2025-07-25 13:30:00+00:00,1,7.159886661716569,3.0483158291218437,bls_employment_2025-08-01
AUDUSD,2025-07-18 13:30:00+00:00,2,1.2253588019065667,4.900534562612737,bls_employment_2025-08-01
AUDUSD,2025-07-11 13:30:00+00:00,3,15.651714626314526,11.850502754213608,bls_employment_2025-08-01
AUDUSD,2025-07-04 13:30:00+00:00,4,1.2209639525552678,1.0683353056808729,bls_employment_2025-08-01
NZDUSD,2025-07-25 13:30:00+00:00,1,7.820885489874446,3.6629427159019414,bls_employment_2025-08-01
NZDUSD,2025-07-18 13:30:00+00:00,2,3.34576847057739,3.8475372054709926,bls_employment_2025-08-01
NZDUSD,2025-07-11 13:30:00+00:00,3,15.628640164474827,12.63403043956165,bls_employment_2025-08-01
NZDUSD,2025-07-04 13:30:00+00:00,4,1.1552584903727086,1.320306312983213,bls_employment_2025-08-01
USDJPY,2025-07-25 13:30:00+00:00,1,8.597608769770064,2.8416779622897823,bls_employment_2025-08-01
USDJPY,2025-07-18 13:30:00+00:00,2,2.9645800283154364,6.132261615189449,bls_employment_2025-08-01
USDJPY,2025-07-11 13:30:00+00:00,3,5.446808645299529,10.210333743882074,bls_employment_2025-08-01
USDJPY,2025-07-04 13:30:00+00:00,4,2.9774166629855525,1.177224176004265,bls_employment_2025-08-01
USDCHF,2025-07-25 13:30:00+00:00,1,2.7602128048378134,2.383775284011178,bls_employment_2025-08-01
USDCHF,2025-07-18 13:30:00+00:00,2,2.87401207813874,9.374824908652748,bls_employment_2025-08-01
USDCHF,2025-07-11 13:30:00+00:00,3,3.8932741042737424,5.02329563866508,bls_employment_2025-08-01
USDCHF,2025-07-04 13:30:00+00:00,4,1.3851200354562,1.3851200354570272,bls_employment_2025-08-01
USDCAD,2025-07-25 13:30:00+00:00,1,3.2898945702775353,2.4119016499582324,bls_employment_2025-08-01
USDCAD,2025-07-18 13:30:00+00:00,2,0.21884312231630262,4.450849200635825,bls_employment_2025-08-01
USDCAD,2025-07-11 13:30:00+00:00,3,29.036088755560282,18.733174896487718,bls_employment_2025-08-01
USDCAD,2025-07-04 13:30:00+00:00,4,0.22070913847074217,7.133638347606643,bls_employment_2025-08-01
EURJPY,2025-07-25 13:30:00+00:00,1,3.695534219975022,2.655321915657913,bls_employment_2025-08-01
EURJPY,2025-07-18 13:30:00+00:00,2,2.1976369707842816,2.8915272670073073,bls_employment_2025-08-01
EURJPY,2025-07-11 13:30:00+00:00,3,1.688662961442817,2.7944018997485585,bls_employment_2025-08-01
EURJPY,2025-07-04 13:30:00+00:00,4,1.2946659779862975,1.4123545739621812,bls_employment_2025-08-01
XAUUSD,2025-07-25 13:30:00+00:00,1,7.9231714076612745,9.778789371177186,bls_employment_2025-08-01
XAUUSD,2025-07-18 13:30:00+00:00,2,8.516733960398206,5.737575604508018,bls_employment_2025-08-01
XAUUSD,2025-07-11 13:30:00+00:00,3,20.360890780686958,10.079969599619178,bls_employment_2025-08-01
XAUUSD,2025-07-04 13:30:00+00:00,4,3.5683015263544653,7.668922481411642,bls_employment_2025-08-01
XAGUSD,2025-07-25 13:30:00+00:00,1,12.381027659108977,7.472782670755394,bls_employment_2025-08-01
XAGUSD,2025-07-18 13:30:00+00:00,2,8.345069070326975,5.214852016386726,bls_employment_2025-08-01
XAGUSD,2025-07-11 13:30:00+00:00,3,39.88094193638603,0.26534700756416,bls_employment_2025-08-01
XAGUSD,2025-07-04 13:30:00+00:00,4,12.74697432000695,0.5427555701627672,bls_employment_2025-08-01
SPXUSD,2025-07-25 13:30:00+00:00,1,0.004706533884416517,3.9134650842970276,bls_employment_2025-08-01
SPXUSD,2025-07-18 13:30:00+00:00,2,0.30126337175482604,2.0055484794432417,bls_employment_2025-08-01
SPXUSD,2025-07-11 13:30:00+00:00,3,1.9249617309160933,3.17329592510333,bls_employment_2025-08-01
SPXUSD,2025-07-04 13:30:00+00:00,4,4.8972508383959985,0.8753638938188724,bls_employment_2025-08-01
NSXUSD,2025-07-25 13:30:00+00:00,1,0.7505586694899616,6.557672135341812,bls_employment_2025-08-01
NSXUSD,2025-07-18 13:30:00+00:00,2,0.8031244359040852,2.785331804529126,bls_employment_2025-08-01
NSXUSD,2025-07-11 13:30:00+00:00,3,4.123768409561176,3.388969833587491,bls_employment_2025-08-01
NSXUSD,2025-07-04 13:30:00+00:00,4,6.571216246514972,1.8873579934616975,bls_employment_2025-08-01
GRXEUR,2025-07-25 13:30:00+00:00,1,9.529954817328532,16.728478119089086,bls_employment_2025-08-01
GRXEUR,2025-07-18 13:30:00+00:00,2,5.756489073543598,15.620282245084912,bls_employment_2025-08-01
GRXEUR,2025-07-11 13:30:00+00:00,3,7.221773690128787,18.55348431606861,bls_employment_2025-08-01
GRXEUR,2025-07-04 13:30:00+00:00,4,6.255882714452059,5.035284863270264,bls_employment_2025-08-01
UKXGBP,2025-07-25 13:30:00+00:00,1,1.668015294226457,5.8567271818722855,bls_employment_2025-08-01
UKXGBP,2025-07-18 13:30:00+00:00,2,8.191486340635892,11.396935631829248,bls_employment_2025-08-01
UKXGBP,2025-07-11 13:30:00+00:00,3,2.961389187674697,14.697601700253891,bls_employment_2025-08-01
UKXGBP,2025-07-04 13:30:00+00:00,4,5.881276338278429,2.0683053071821385,bls_employment_2025-08-01
BCOUSD,2025-07-25 13:30:00+00:00,1,20.158394155329077,32.377622989269796,bls_employment_2025-08-01
BCOUSD,2025-07-18 13:30:00+00:00,2,35.415818289887326,41.240103955282976,bls_employment_2025-08-01
BCOUSD,2025-07-11 13:30:00+00:00,3,5.776173445795243,19.48122842754679,bls_employment_2025-08-01
BCOUSD,2025-07-04 13:30:00+00:00,4,4.3891734428124485,30.031152399846214,bls_employment_2025-08-01
EURUSD,2025-08-05 13:30:00+00:00,1,3.2073648305672067,2.7739972611266155,bls_cpi_2025-08-12
EURUSD,2025-07-29 13:30:00+00:00,2,2.0810030509776025,5.638225582965516,bls_cpi_2025-08-12
EURUSD,2025-07-22 13:30:00+00:00,3,0.4276483191939778,1.8815158231136442,bls_cpi_2025-08-12
EURUSD,2025-07-08 13:30:00+00:00,5,4.4368222841971185,1.023707357083639,bls_cpi_2025-08-12
GBPUSD,2025-08-05 13:30:00+00:00,1,1.8076508872817842,5.346687628548971,bls_cpi_2025-08-12
GBPUSD,2025-07-29 13:30:00+00:00,2,4.425691586536797,10.359272474452395,bls_cpi_2025-08-12
GBPUSD,2025-07-22 13:30:00+00:00,3,0.9643952692759022,4.821046557138311,bls_cpi_2025-08-12
GBPUSD,2025-07-08 13:30:00+00:00,5,3.3133672581670983,3.3870101124149867,bls_cpi_2025-08-12
AUDUSD,2025-08-05 13:30:00+00:00,1,0.773760243036702,5.415064842343059,bls_cpi_2025-08-12
AUDUSD,2025-07-29 13:30:00+00:00,2,2.3086690625472452,2.770338922512797,bls_cpi_2025-08-12
AUDUSD,2025-07-22 13:30:00+00:00,3,0.15332132316430536,7.816272036369274,bls_cpi_2025-08-12
AUDUSD,2025-07-08 13:30:00+00:00,5,7.492297809980191,1.222848933823445,bls_cpi_2025-08-12
NZDUSD,2025-08-05 13:30:00+00:00,1,3.3947788627617923,3.225067287580793,bls_cpi_2025-08-12
NZDUSD,2025-07-29 13:30:00+00:00,2,2.8588005004213906,0.16819018947168493,bls_cpi_2025-08-12
NZDUSD,2025-07-22 13:30:00+00:00,3,0.0,10.228979084053355,bls_cpi_2025-08-12
NZDUSD,2025-07-08 13:30:00+00:00,5,5.658367878303733,0.4991389853538346,bls_cpi_2025-08-12
USDJPY,2025-08-05 13:30:00+00:00,1,6.433590334498969,3.656480475182481,bls_cpi_2025-08-12
USDJPY,2025-07-29 13:30:00+00:00,2,1.9506485968407548,0.6725944661451659,bls_cpi_2025-08-12
USDJPY,2025-07-22 13:30:00+00:00,3,2.4462338313814564,26.4030149368751,bls_cpi_2025-08-12
USDJPY,2025-07-08 13:30:00+00:00,5,3.138239473425359,5.798149529584571,bls_cpi_2025-08-12
USDCHF,2025-08-05 13:30:00+00:00,1,7.284625441748027,6.420070347435483,bls_cpi_2025-08-12
USDCHF,2025-07-29 13:30:00+00:00,2,2.2294610989452033,0.0,bls_cpi_2025-08-12
USDCHF,2025-07-22 13:30:00+00:00,3,3.008385898317734,3.6363408780581885,bls_cpi_2025-08-12
USDCHF,2025-07-08 13:30:00+00:00,5,3.384285666008852,5.7651336350527735,bls_cpi_2025-08-12
USDCAD,2025-08-05 13:30:00+00:00,1,1.7393447062691194,0.507365865258299,bls_cpi_2025-08-12
USDCAD,2025-07-29 13:30:00+00:00,2,0.21778663444288385,1.6695763307379217,bls_cpi_2025-08-12
USDCAD,2025-07-22 13:30:00+00:00,3,3.2168681142149143,1.973864577366891,bls_cpi_2025-08-12
USDCAD,2025-07-08 13:30:00+00:00,5,3.2225697342684696,3.5154791300885635,bls_cpi_2025-08-12
EURJPY,2025-08-05 13:30:00+00:00,1,3.463610114321115,1.0565674481400447,bls_cpi_2025-08-12
EURJPY,2025-07-29 13:30:00+00:00,2,0.1166452817001513,6.475947333587005,bls_cpi_2025-08-12
EURJPY,2025-07-22 13:30:00+00:00,3,3.022148887080116,24.26839579358782,bls_cpi_2025-08-12
EURJPY,2025-07-08 13:30:00+00:00,5,1.222404937709748,5.004480860473541,bls_cpi_2025-08-12
XAUUSD,2025-08-05 13:30:00+00:00,1,14.12074375814548,7.202909288220671,bls_cpi_2025-08-12
XAUUSD,2025-07-29 13:30:00+00:00,2,6.6327924002755925,6.864544447264598,bls_cpi_2025-08-12
XAUUSD,2025-07-22 13:30:00+00:00,3,4.548286939389455,26.466361518103085,bls_cpi_2025-08-12
XAUUSD,2025-07-08 13:30:00+00:00,5,11.67027682027359,2.7037192526521876,bls_cpi_2025-08-12
XAGUSD,2025-08-05 13:30:00+00:00,1,11.734586368951843,17.34004249287689,bls_cpi_2025-08-12
XAGUSD,2025-07-29 13:30:00+00:00,2,4.987727668471268,12.348762095244682,bls_cpi_2025-08-12
XAGUSD,2025-07-22 13:30:00+00:00,3,13.335386907235899,24.34930910459498,bls_cpi_2025-08-12
XAGUSD,2025-07-08 13:30:00+00:00,5,16.370188093188496,11.987795681467555,bls_cpi_2025-08-12
SPXUSD,2025-08-05 13:30:00+00:00,1,2.3562379537141394,1.9623781878063415,bls_cpi_2025-08-12
SPXUSD,2025-07-29 13:30:00+00:00,2,0.004685067059343861,4.290881193667686,bls_cpi_2025-08-12
SPXUSD,2025-07-22 13:30:00+00:00,3,2.6831382672136104,0.7970370508390863,bls_cpi_2025-08-12
SPXUSD,2025-07-08 13:30:00+00:00,5,6.381589931677264,6.782408370919375,bls_cpi_2025-08-12
NSXUSD,2025-08-05 13:30:00+00:00,1,0.9984201869325307,2.337377026284508,bls_cpi_2025-08-12
NSXUSD,2025-07-29 13:30:00+00:00,2,1.3076172603730216,6.601237866205924,bls_cpi_2025-08-12
NSXUSD,2025-07-22 13:30:00+00:00,3,3.304401259899417,1.3137754683421623,bls_cpi_2025-08-12
NSXUSD,2025-07-08 13:30:00+00:00,5,9.70349022458735,7.476455989304313,bls_cpi_2025-08-12
GRXEUR,2025-08-05 13:30:00+00:00,1,7.091457745716521,4.8089029653989135,bls_cpi_2025-08-12
GRXEUR,2025-07-29 13:30:00+00:00,2,4.317762730924937,8.254124253112947,bls_cpi_2025-08-12
GRXEUR,2025-07-22 13:30:00+00:00,3,4.0118139357126585,26.41138555827765,bls_cpi_2025-08-12
GRXEUR,2025-07-08 13:30:00+00:00,5,6.286732226016238,15.297220234294821,bls_cpi_2025-08-12
UKXGBP,2025-08-05 13:30:00+00:00,1,4.136262803198046,3.230524810536849,bls_cpi_2025-08-12
UKXGBP,2025-07-29 13:30:00+00:00,2,4.230484244363125,21.234875401979007,bls_cpi_2025-08-12
UKXGBP,2025-07-22 13:30:00+00:00,3,5.192344834591,0.9165760790384382,bls_cpi_2025-08-12
UKXGBP,2025-07-08 13:30:00+00:00,5,4.125867614094105,2.307825068934334,bls_cpi_2025-08-12
BCOUSD,2025-08-05 13:30:00+00:00,1,9.571140064351955,8.834573202160446,bls_cpi_2025-08-12
BCOUSD,2025-07-29 13:30:00+00:00,2,17.220352967504304,4.302308972142555,bls_cpi_2025-08-12
BCOUSD,2025-07-22 13:30:00+00:00,3,19.597175569668313,63.28444470381882,bls_cpi_2025-08-12
BCOUSD,2025-07-08 13:30:00+00:00,5,2.872737738802375,10.058194683729939,bls_cpi_2025-08-12
EURUSD,2025-08-29 13:30:00+00:00,1,3.7733907793823636,0.7717141060294536,bls_employment_2025-09-05
EURUSD,2025-08-22 13:30:00+00:00,2,1.2057531665630223,1.5504677275368175,bls_employment_2025-09-05
EURUSD,2025-08-15 13:30:00+00:00,3,2.6533031640102513,13.088503235073942,bls_employment_2025-09-05
EURUSD,2025-08-08 13:30:00+00:00,4,1.8031090801051992,4.207760374317018,bls_employment_2025-09-05
GBPUSD,2025-08-29 13:30:00+00:00,1,4.458347958732657,0.44572549260044136,bls_employment_2025-09-05
GBPUSD,2025-08-22 13:30:00+00:00,2,2.1613000676640204,2.0872158107820598,bls_employment_2025-09-05
GBPUSD,2025-08-15 13:30:00+00:00,3,0.1475633600187815,8.554951330794674,bls_employment_2025-09-05
GBPUSD,2025-08-08 13:30:00+00:00,4,3.8724187462142456,4.542797324147446,bls_employment_2025-09-05
AUDUSD,2025-08-29 13:30:00+00:00,1,1.5319096816019382,0.9190331777445143,bls_employment_2025-09-05
AUDUSD,2025-08-22 13:30:00+00:00,2,0.7783736664550281,3.4255640837600403,bls_employment_2025-09-05
AUDUSD,2025-08-15 13:30:00+00:00,3,0.0,11.208095566963436,bls_employment_2025-09-05
AUDUSD,2025-08-08 13:30:00+00:00,4,2.607901957667231,2.454477131994463,bls_employment_2025-09-05
NZDUSD,2025-08-29 13:30:00+00:00,1,2.718684173614106,2.717945250133469,bls_employment_2025-09-05
NZDUSD,2025-08-22 13:30:00+00:00,2,0.688562969356228,0.3442992649550209,bls_employment_2025-09-05
NZDUSD,2025-08-15 13:30:00+00:00,3,1.5194361232958216,13.66454600878766,bls_employment_2025-09-05
NZDUSD,2025-08-08 13:30:00+00:00,4,2.520478904332736,2.5198437830217877,bls_employment_2025-09-05
USDJPY,2025-08-29 13:30:00+00:00,1,6.8604112824089425,7.607300658255235,bls_employment_2025-09-05
USDJPY,2025-08-22 13:30:00+00:00,2,0.4037168868594393,6.0537982705374045,bls_employment_2025-09-05
USDJPY,2025-08-15 13:30:00+00:00,3,6.117580076188904,23.74352675967415,bls_employment_2025-09-05
USDJPY,2025-08-08 13:30:00+00:00,4,9.13381095620612,5.481287630764086,bls_employment_2025-09-05
USDCHF,2025-08-29 13:30:00+00:00,1,9.968599738929505,1.2466185488047439,bls_employment_2025-09-05
USDCHF,2025-08-22 13:30:00+00:00,2,0.9900867571626502,1.2374706116510326,bls_employment_2025-09-05
USDCHF,2025-08-15 13:30:00+00:00,3,4.589631235478392,14.271976608882573,bls_employment_2025-09-05
USDCHF,2025-08-08 13:30:00+00:00,4,7.183374513146043,6.811947179764417,bls_employment_2025-09-05
USDCAD,2025-08-29 13:30:00+00:00,1,12.065270206583834,2.2515406806898213,bls_employment_2025-09-05
USDCAD,2025-08-22 13:30:00+00:00,2,2.2997261989854305,2.5152984174832436,bls_employment_2025-09-05
USDCAD,2025-08-15 13:30:00+00:00,3,1.5946304477716704,5.219736521824812,bls_employment_2025-09-05
USDCAD,2025-08-08 13:30:00+00:00,4,11.853383055840899,2.907505017756023,bls_employment_2025-09-05
EURJPY,2025-08-29 13:30:00+00:00,1,2.970859386611585,6.581304092854999,bls_employment_2025-09-05
EURJPY,2025-08-22 13:30:00+00:00,2,0.8112979032384487,4.461324160220595,bls_employment_2025-09-05
EURJPY,2025-08-15 13:30:00+00:00,3,3.4907263392315606,10.301149459874198,bls_employment_2025-09-05
EURJPY,2025-08-08 13:30:00+00:00,4,7.31915618409809,1.6269421657960044,bls_employment_2025-09-05
XAUUSD,2025-08-29 13:30:00+00:00,1,10.672375249754513,13.529325114359356,bls_employment_2025-09-05
XAUUSD,2025-08-22 13:30:00+00:00,2,5.704754602926708,0.601603634830087,bls_employment_2025-09-05
XAUUSD,2025-08-15 13:30:00+00:00,3,0.8897686053266154,20.3501796253939,bls_employment_2025-09-05
XAUUSD,2025-08-08 13:30:00+00:00,4,23.813798394138608,22.67571328891178,bls_employment_2025-09-05
XAGUSD,2025-08-29 13:30:00+00:00,1,22.15353816911572,25.441709836338266,bls_employment_2025-09-05
XAGUSD,2025-08-22 13:30:00+00:00,2,5.812571169491006,10.306418639348044,bls_employment_2025-09-05
XAGUSD,2025-08-15 13:30:00+00:00,3,13.223317276440138,9.245929148020688,bls_employment_2025-09-05
XAGUSD,2025-08-08 13:30:00+00:00,4,13.047678059916857,27.15831825432021,bls_employment_2025-09-05
SPXUSD,2025-08-29 13:30:00+00:00,1,8.480636056361261,0.7844808424640946,bls_employment_2025-09-05
SPXUSD,2025-08-22 13:30:00+00:00,2,4.683771522278278,1.5993424715821198,bls_employment_2025-09-05
SPXUSD,2025-08-15 13:30:00+00:00,3,6.077650747199045,1.5443149704299601,bls_employment_2025-09-05
SPXUSD,2025-08-08 13:30:00+00:00,4,0.8417861385149312,3.165377467798084,bls_employment_2025-09-05
NSXUSD,2025-08-29 13:30:00+00:00,1,12.37408668019378,0.2850737683634378,bls_employment_2025-09-05
NSXUSD,2025-08-22 13:30:00+00:00,2,7.596044375195934,2.9297992226879974,bls_employment_2025-09-05
NSXUSD,2025-08-15 13:30:00+00:00,3,6.132428893562884,1.0864907319739645,bls_employment_2025-09-05
NSXUSD,2025-08-08 13:30:00+00:00,4,0.824264204333391,6.4092011332084695,bls_employment_2025-09-05
GRXEUR,2025-08-29 13:30:00+00:00,1,10.630455810252853,8.788434901146488,bls_employment_2025-09-05
GRXEUR,2025-08-22 13:30:00+00:00,2,1.4498292421282624,1.0247221746927413,bls_employment_2025-09-05
GRXEUR,2025-08-15 13:30:00+00:00,3,11.129738391217934,6.205907088222783,bls_employment_2025-09-05
GRXEUR,2025-08-08 13:30:00+00:00,4,5.9919258545649985,2.900312123448682,bls_employment_2025-09-05
UKXGBP,2025-08-29 13:30:00+00:00,1,0.7674123251500793,7.9445821794176075,bls_employment_2025-09-05
UKXGBP,2025-08-22 13:30:00+00:00,2,0.4196966087893684,0.43470553778157556,bls_employment_2025-09-05
UKXGBP,2025-08-15 13:30:00+00:00,3,1.467745423994051,4.308908647847109,bls_employment_2025-09-05
UKXGBP,2025-08-08 13:30:00+00:00,4,5.348574367245558,4.924714585114891,bls_employment_2025-09-05
BCOUSD,2025-08-29 13:30:00+00:00,1,8.85543560193865,4.424778833254236,bls_employment_2025-09-05
BCOUSD,2025-08-22 13:30:00+00:00,2,5.911039037191234,2.9542097703769064,bls_employment_2025-09-05
BCOUSD,2025-08-15 13:30:00+00:00,3,2.255723908959262,58.071734523034806,bls_employment_2025-09-05
BCOUSD,2025-08-08 13:30:00+00:00,4,8.236924349041413,11.983224921086444,bls_employment_2025-09-05
EURUSD,2025-09-04 13:30:00+00:00,1,4.4668551505955705,7.128839031257564,bls_cpi_2025-09-11
EURUSD,2025-08-28 13:30:00+00:00,2,3.6845194903761773,0.9426807275908311,bls_cpi_2025-09-11
EURUSD,2025-08-21 13:30:00+00:00,3,9.52973822416089,5.321797176296283,bls_cpi_2025-09-11
EURUSD,2025-08-14 13:30:00+00:00,4,10.443865179062735,14.056502588738578,bls_cpi_2025-09-11
GBPUSD,2025-09-04 13:30:00+00:00,1,4.318432327289907,11.090147653125566,bls_cpi_2025-09-11
GBPUSD,2025-08-28 13:30:00+00:00,2,5.701908812869454,0.0,bls_cpi_2025-09-11
GBPUSD,2025-08-21 13:30:00+00:00,3,5.644975750237174,13.523556824031107,bls_cpi_2025-09-11
GBPUSD,2025-08-14 13:30:00+00:00,4,8.840561067315903,13.496920989954036,bls_cpi_2025-09-11
AUDUSD,2025-09-04 13:30:00+00:00,1,3.223454496617284,12.427603149101504,bls_cpi_2025-09-11
AUDUSD,2025-08-28 13:30:00+00:00,2,4.5962924051102885,3.983575464826887,bls_cpi_2025-09-11
AUDUSD,2025-08-21 13:30:00+00:00,3,6.535337736109305,12.763442258175994,bls_cpi_2025-09-11
AUDUSD,2025-08-14 13:30:00+00:00,4,15.955818052210153,16.904096352344,bls_cpi_2025-09-11
NZDUSD,2025-09-04 13:30:00+00:00,1,3.5888540832447475,11.787115827843117,bls_cpi_2025-09-11
NZDUSD,2025-08-28 13:30:00+00:00,2,9.877216790478908,7.49395409257963,bls_cpi_2025-09-11
NZDUSD,2025-08-21 13:30:00+00:00,3,8.066523508512299,15.108595886303464,bls_cpi_2025-09-11
NZDUSD,2025-08-14 13:30:00+00:00,4,18.337670535161735,19.38360754222936,bls_cpi_2025-09-11
USDJPY,2025-09-04 13:30:00+00:00,1,8.963321746464679,5.457908543699491,bls_cpi_2025-09-11
USDJPY,2025-08-28 13:30:00+00:00,2,9.7954527004918,1.4956829180092635,bls_cpi_2025-09-11
USDJPY,2025-08-21 13:30:00+00:00,3,13.336088275227608,7.787186747654961,bls_cpi_2025-09-11
USDJPY,2025-08-14 13:30:00+00:00,4,24.892514754635634,14.293690068894497,bls_cpi_2025-09-11
USDCHF,2025-09-04 13:30:00+00:00,1,4.345262180788677,2.979404885918413,bls_cpi_2025-09-11
USDCHF,2025-08-28 13:30:00+00:00,2,4.242257942991758,4.115765309817082,bls_cpi_2025-09-11
USDCHF,2025-08-21 13:30:00+00:00,3,12.035860869146259,8.9352202519581,bls_cpi_2025-09-11
USDCHF,2025-08-14 13:30:00+00:00,4,11.789600457157341,8.43034477967413,bls_cpi_2025-09-11
USDCAD,2025-09-04 13:30:00+00:00,1,1.591596374519828,7.815723026545658,bls_cpi_2025-09-11
USDCAD,2025-08-28 13:30:00+00:00,2,2.6889437337031765,1.1626977507620417,bls_cpi_2025-09-11
USDCAD,2025-08-21 13:30:00+00:00,3,3.889453148712492,9.14501390481235,bls_cpi_2025-09-11
USDCAD,2025-08-14 13:30:00+00:00,4,6.382500561176552,5.871203366648116,bls_cpi_2025-09-11
EURJPY,2025-09-04 13:30:00+00:00,1,4.2260656248054564,1.9098272243142305,bls_cpi_2025-09-11
EURJPY,2025-08-28 13:30:00+00:00,2,6.23675802069466,2.3887553824162686,bls_cpi_2025-09-11
EURJPY,2025-08-21 13:30:00+00:00,3,3.6033732612776364,2.3249055611833396,bls_cpi_2025-09-11
EURJPY,2025-08-14 13:30:00+00:00,4,14.420286642667342,0.2916940130005646,bls_cpi_2025-09-11
XAUUSD,2025-09-04 13:30:00+00:00,1,5.1049908739365595,2.2284656964931586,bls_cpi_2025-09-11
XAUUSD,2025-08-28 13:30:00+00:00,2,10.279802416978052,14.08579332405474,bls_cpi_2025-09-11
XAUUSD,2025-08-21 13:30:00+00:00,3,18.74339028515139,0.5982874024890404,bls_cpi_2025-09-11
XAUUSD,2025-08-14 13:30:00+00:00,4,13.062093014485303,2.9249060433230403,bls_cpi_2025-09-11
XAGUSD,2025-09-04 13:30:00+00:00,1,20.031764363069005,14.682853068544878,bls_cpi_2025-09-11
XAGUSD,2025-08-28 13:30:00+00:00,2,37.94195338006458,2.0550232546833436,bls_cpi_2025-09-11
XAGUSD,2025-08-21 13:30:00+00:00,3,31.97888420669916,33.191990642854385,bls_cpi_2025-09-11
XAGUSD,2025-08-14 13:30:00+00:00,4,4.968554383668799,8.897263370205476,bls_cpi_2025-09-11
SPXUSD,2025-09-04 13:30:00+00:00,1,3.1178707241216963,4.279850199295556,bls_cpi_2025-09-11
SPXUSD,2025-08-28 13:30:00+00:00,2,7.407203747562328,1.8582684091638475,bls_cpi_2025-09-11
SPXUSD,2025-08-21 13:30:00+00:00,3,4.300624880702329,12.846170621208522,bls_cpi_2025-09-11
SPXUSD,2025-08-14 13:30:00+00:00,4,48.02569438738446,6.210741301992617,bls_cpi_2025-09-11
NSXUSD,2025-09-04 13:30:00+00:00,1,4.289479751030786,2.485605494301696,bls_cpi_2025-09-11
NSXUSD,2025-08-28 13:30:00+00:00,2,11.204089044257277,4.502810259420864,bls_cpi_2025-09-11
NSXUSD,2025-08-21 13:30:00+00:00,3,5.614404819700108,19.221152616560204,bls_cpi_2025-09-11
NSXUSD,2025-08-14 13:30:00+00:00,4,58.62299658799799,4.355825891060738,bls_cpi_2025-09-11
GRXEUR,2025-09-04 13:30:00+00:00,1,7.372600331472211,11.358702038938857,bls_cpi_2025-09-11
GRXEUR,2025-08-28 13:30:00+00:00,2,8.270596543810932,12.868212447657296,bls_cpi_2025-09-11
GRXEUR,2025-08-21 13:30:00+00:00,3,4.75977500976442,7.804294046698645,bls_cpi_2025-09-11
GRXEUR,2025-08-14 13:30:00+00:00,4,24.484564942090923,3.28707913061385,bls_cpi_2025-09-11
UKXGBP,2025-09-04 13:30:00+00:00,1,2.5538550711365473,4.203905564030247,bls_cpi_2025-09-11
UKXGBP,2025-08-28 13:30:00+00:00,2,3.980313485165953,2.643243577605349,bls_cpi_2025-09-11
UKXGBP,2025-08-21 13:30:00+00:00,3,6.938382143345857,7.105540534282318,bls_cpi_2025-09-11
UKXGBP,2025-08-14 13:30:00+00:00,4,16.043183706021118,2.27832678744614,bls_cpi_2025-09-11
BCOUSD,2025-09-04 13:30:00+00:00,1,22.88758413274466,11.538434001343983,bls_cpi_2025-09-11
BCOUSD,2025-08-28 13:30:00+00:00,2,0.0,5.20117409652163,bls_cpi_2025-09-11
BCOUSD,2025-08-21 13:30:00+00:00,3,18.61851217416045,17.90644364158396,bls_cpi_2025-09-11
BCOUSD,2025-08-14 13:30:00+00:00,4,15.18257332562321,34.12843174556283,bls_cpi_2025-09-11
EURUSD,2025-10-17 13:30:00+00:00,1,0.2569692193837751,1.0278108494480342,bls_cpi_2025-10-24
EURUSD,2025-10-10 13:30:00+00:00,2,0.4320494265220295,1.555532513764435,bls_cpi_2025-10-24
EURUSD,2025-10-03 13:30:00+00:00,3,2.556389709966787,4.601031052921782,bls_cpi_2025-10-24
EURUSD,2025-09-26 13:30:00+00:00,4,6.1666011992002465,11.216955045306753,bls_cpi_2025-10-24
GBPUSD,2025-10-17 13:30:00+00:00,1,2.160849147607015,6.559919130789656,bls_cpi_2025-10-24
GBPUSD,2025-10-10 13:30:00+00:00,2,2.2588490507232706,1.2049281576155224,bls_cpi_2025-10-24
GBPUSD,2025-10-03 13:30:00+00:00,3,4.089721100848811,8.772256444782014,bls_cpi_2025-10-24
GBPUSD,2025-09-26 13:30:00+00:00,4,0.7481446017373975,8.749790226747017,bls_cpi_2025-10-24
AUDUSD,2025-10-17 13:30:00+00:00,1,4.47700141016005,11.891617811765313,bls_cpi_2025-10-24
AUDUSD,2025-10-10 13:30:00+00:00,2,0.305068716750432,1.830607766889483,bls_cpi_2025-10-24
AUDUSD,2025-10-03 13:30:00+00:00,3,5.1487848491127215,5.451572004904783,bls_cpi_2025-10-24
AUDUSD,2025-09-26 13:30:00+00:00,4,1.2245897639598913,8.873793822918863,bls_cpi_2025-10-24
NZDUSD,2025-10-17 13:30:00+00:00,1,6.2943667497570255,6.123323931455881,bls_cpi_2025-10-24
NZDUSD,2025-10-10 13:30:00+00:00,2,1.3906271750977115,2.2598673727878507,bls_cpi_2025-10-24
NZDUSD,2025-10-03 13:30:00+00:00,3,5.99946879844529,1.0287360272411747,bls_cpi_2025-10-24
NZDUSD,2025-09-26 13:30:00+00:00,4,1.5613750541317581,6.590814724496795,bls_cpi_2025-10-24
USDJPY,2025-10-17 13:30:00+00:00,1,3.8557677444132628,0.3989414753393512,bls_cpi_2025-10-24
USDJPY,2025-10-10 13:30:00+00:00,2,0.7209214690260818,1.7696273014464,bls_cpi_2025-10-24
USDJPY,2025-10-03 13:30:00+00:00,3,3.1906696943228066,3.4622630647459656,bls_cpi_2025-10-24
USDJPY,2025-09-26 13:30:00+00:00,4,4.341509911730899,9.82118180314281,bls_cpi_2025-10-24
USDCHF,2025-10-17 13:30:00+00:00,1,6.4334237493021815,4.5437335124775045,bls_cpi_2025-10-24
USDCHF,2025-10-10 13:30:00+00:00,2,0.7449714431048429,2.2345813977191678,bls_cpi_2025-10-24
USDCHF,2025-10-03 13:30:00+00:00,3,3.5178089438716436,3.3921515988840185,bls_cpi_2025-10-24
USDCHF,2025-09-26 13:30:00+00:00,4,3.7538477379673516,8.009912694683718,bls_cpi_2025-10-24
USDCAD,2025-10-17 13:30:00+00:00,1,0.35606829393642614,0.9970231744937482,bls_cpi_2025-10-24
USDCAD,2025-10-10 13:30:00+00:00,2,21.288003181731256,0.4290832636731818,bls_cpi_2025-10-24
USDCAD,2025-10-03 13:30:00+00:00,3,2.2921158478398516,8.383101020082325,bls_cpi_2025-10-24
USDCAD,2025-09-26 13:30:00+00:00,4,1.0041312838371934,4.663359353295444,bls_cpi_2025-10-24
EURJPY,2025-10-17 13:30:00+00:00,1,3.473477754840113,1.1389781100710283,bls_cpi_2025-10-24
EURJPY,2025-10-10 13:30:00+00:00,2,0.2831361290391914,3.3981627593860315,bls_cpi_2025-10-24
EURJPY,2025-10-03 13:30:00+00:00,3,0.4049344151427995,1.1568651281678224,bls_cpi_2025-10-24
EURJPY,2025-09-26 13:30:00+00:00,4,1.601757360066704,1.5445561576976228,bls_cpi_2025-10-24
XAUUSD,2025-10-17 13:30:00+00:00,1,31.95774282372711,6.22135825513932,bls_cpi_2025-10-24
XAUUSD,2025-10-10 13:30:00+00:00,2,14.616586784292894,0.20071529915375672,bls_cpi_2025-10-24
XAUUSD,2025-10-03 13:30:00+00:00,3,10.814713720336956,15.70964360153129,bls_cpi_2025-10-24
XAUUSD,2025-09-26 13:30:00+00:00,4,8.260268182291728,3.615026133757072,bls_cpi_2025-10-24
XAGUSD,2025-10-17 13:30:00+00:00,1,38.69639467558628,6.747132724664459,bls_cpi_2025-10-24
XAGUSD,2025-10-10 13:30:00+00:00,2,43.36754236343739,7.012412256542724,bls_cpi_2025-10-24
XAGUSD,2025-10-03 13:30:00+00:00,3,2.9388303666738427,40.008013064094236,bls_cpi_2025-10-24
XAGUSD,2025-09-26 13:30:00+00:00,4,35.24994504982213,17.68894460264342,bls_cpi_2025-10-24
SPXUSD,2025-10-17 13:30:00+00:00,1,3.4712292046512774,6.039791840991911,bls_cpi_2025-10-24
SPXUSD,2025-10-10 13:30:00+00:00,2,1.0467946889330784,4.814293828975286,bls_cpi_2025-10-24
SPXUSD,2025-10-03 13:30:00+00:00,3,0.3197003916903658,4.457539335143236,bls_cpi_2025-10-24
SPXUSD,2025-09-26 13:30:00+00:00,4,20.145072426961853,7.304316707900411,bls_cpi_2025-10-24
NSXUSD,2025-10-17 13:30:00+00:00,1,4.0336766204102945,7.514845405829477,bls_cpi_2025-10-24
NSXUSD,2025-10-10 13:30:00+00:00,2,1.0641315072904944,7.9851950202383195,bls_cpi_2025-10-24
NSXUSD,2025-10-03 13:30:00+00:00,3,0.2788484186391426,5.688599848841657,bls_cpi_2025-10-24
NSXUSD,2025-09-26 13:30:00+00:00,4,26.610612840029354,13.712260479912752,bls_cpi_2025-10-24
GRXEUR,2025-10-17 13:30:00+00:00,1,1.1988626500163213,11.496097392179161,bls_cpi_2025-10-24
GRXEUR,2025-10-10 13:30:00+00:00,2,6.897062733340048,0.8083133631712003,bls_cpi_2025-10-24
GRXEUR,2025-10-03 13:30:00+00:00,3,1.8428095800337028,10.450130633846012,bls_cpi_2025-10-24
GRXEUR,2025-09-26 13:30:00+00:00,4,8.694515351372546,9.019531549891253,bls_cpi_2025-10-24
UKXGBP,2025-10-17 13:30:00+00:00,1,12.506369573473993,6.92108324283582,bls_cpi_2025-10-24
UKXGBP,2025-10-10 13:30:00+00:00,2,0.5351608851021891,2.6697809713195992,bls_cpi_2025-10-24
UKXGBP,2025-10-03 13:30:00+00:00,3,4.934335242774577,3.3638634858762453,bls_cpi_2025-10-24
UKXGBP,2025-09-26 13:30:00+00:00,4,9.031168287260869,5.4311768999753145,bls_cpi_2025-10-24
BCOUSD,2025-10-17 13:30:00+00:00,1,32.746652267513355,22.092223525337516,bls_cpi_2025-10-24
BCOUSD,2025-10-10 13:30:00+00:00,2,11.206924561173327,58.57332533642766,bls_cpi_2025-10-24
BCOUSD,2025-10-03 13:30:00+00:00,3,22.2244762656168,16.012813669738275,bls_cpi_2025-10-24
BCOUSD,2025-09-26 13:30:00+00:00,4,10.211525322059845,33.47892501125549,bls_cpi_2025-10-24
EURUSD,2025-11-13 13:30:00+00:00,1,2.324270125084199,6.627048064862594,bls_employment_2025-11-20
EURUSD,2025-11-06 13:30:00+00:00,2,5.722063913786768,1.9069908608900863,bls_employment_2025-11-20
EURUSD,2025-10-30 13:30:00+00:00,3,6.051123532466502,2.5922181755953977,bls_employment_2025-11-20
EURUSD,2025-10-23 13:30:00+00:00,4,5.606856037749285,4.224629653345234,bls_employment_2025-11-20
GBPUSD,2025-11-13 13:30:00+00:00,1,5.8472206485745435,4.480644072605924,bls_employment_2025-11-20
GBPUSD,2025-11-06 13:30:00+00:00,2,8.091232904066068,0.15260419051388407,bls_employment_2025-11-20
GBPUSD,2025-10-30 13:30:00+00:00,3,8.37106703881383,6.00762758611581,bls_employment_2025-11-20
GBPUSD,2025-10-23 13:30:00+00:00,4,7.947755177641986,1.8735503459040141,bls_employment_2025-11-20
AUDUSD,2025-11-13 13:30:00+00:00,1,9.460883009261067,6.4099631332606295,bls_employment_2025-11-20
AUDUSD,2025-11-06 13:30:00+00:00,2,3.6847681315996796,11.673093312526495,bls_employment_2025-11-20
AUDUSD,2025-10-30 13:30:00+00:00,3,0.9172068002027438,8.403811240773466,bls_employment_2025-11-20
AUDUSD,2025-10-23 13:30:00+00:00,4,2.4608948553066514,3.3827418982998845,bls_employment_2025-11-20
NZDUSD,2025-11-13 13:30:00+00:00,1,8.474876032512325,7.415909230131551,bls_employment_2025-11-20
NZDUSD,2025-11-06 13:30:00+00:00,2,5.119107621873859,12.36094100528303,bls_employment_2025-11-20
NZDUSD,2025-10-30 13:30:00+00:00,3,3.4885749525265686,10.632643213300838,bls_employment_2025-11-20
NZDUSD,2025-10-23 13:30:00+00:00,4,3.309210957561456,3.308116232102046,bls_employment_2025-11-20
USDJPY,2025-11-13 13:30:00+00:00,1,1.0990254241506077,4.267480570137038,bls_employment_2025-11-20
USDJPY,2025-11-06 13:30:00+00:00,2,8.401856718296248,2.6711228973055916,bls_employment_2025-11-20
USDJPY,2025-10-30 13:30:00+00:00,3,4.990553698559943,2.5934787123502097,bls_employment_2025-11-20
USDJPY,2025-10-23 13:30:00+00:00,4,7.994653182657051,1.770172596449299,bls_employment_2025-11-20
USDCHF,2025-11-13 13:30:00+00:00,1,1.633689187983048,3.3933453054429945,bls_employment_2025-11-20
USDCHF,2025-11-06 13:30:00+00:00,2,7.305099655639349,2.9722098598962714,bls_employment_2025-11-20
USDCHF,2025-10-30 13:30:00+00:00,3,10.71744678437956,4.489785812869072,bls_employment_2025-11-20
USDCHF,2025-10-23 13:30:00+00:00,4,5.892936796390164,5.770919743650096,bls_employment_2025-11-20
USDCAD,2025-11-13 13:30:00+00:00,1,2.499348397181025,0.5712245628100497,bls_employment_2025-11-20
USDCAD,2025-11-06 13:30:00+00:00,2,2.483246964575336,4.114759273698252,bls_employment_2025-11-20
USDCAD,2025-10-30 13:30:00+00:00,3,3.357370710260645,1.3573707035949767,bls_employment_2025-11-20
USDCAD,2025-10-23 13:30:00+00:00,4,0.21439214468071696,0.28585721433933653,bls_employment_2025-11-20
EURJPY,2025-11-13 13:30:00+00:00,1,1.1130465765835014,2.337254738016057,bls_employment_2025-11-20
EURJPY,2025-11-06 13:30:00+00:00,2,2.9927355802718667,0.8470915118025502,bls_employment_2025-11-20
EURJPY,2025-10-30 13:30:00+00:00,3,0.9524049633092995,0.2801018450492146,bls_employment_2025-11-20
EURJPY,2025-10-23 13:30:00+00:00,4,2.543630339441305,2.3740751110597342,bls_employment_2025-11-20
XAUUSD,2025-11-13 13:30:00+00:00,1,34.126255207212296,17.657080968548772,bls_employment_2025-11-20
XAUUSD,2025-11-06 13:30:00+00:00,2,2.1922258279687687,6.604493289152967,bls_employment_2025-11-20
XAUUSD,2025-10-30 13:30:00+00:00,3,10.971477904903185,61.71350501743726,bls_employment_2025-11-20
XAUUSD,2025-10-23 13:30:00+00:00,4,38.749555907729096,27.638491804632903,bls_employment_2025-11-20
XAGUSD,2025-11-13 13:30:00+00:00,1,111.65764774704651,79.18826916790631,bls_employment_2025-11-20
XAGUSD,2025-11-06 13:30:00+00:00,2,8.01949396793294,23.06616065116301,bls_employment_2025-11-20
XAGUSD,2025-10-30 13:30:00+00:00,3,11.419200028357,46.63269209812425,bls_employment_2025-11-20
XAGUSD,2025-10-23 13:30:00+00:00,4,14.466917097058106,11.599158835337306,bls_employment_2025-11-20
SPXUSD,2025-11-13 13:30:00+00:00,1,9.51114822084834,2.639849636142905,bls_employment_2025-11-20
SPXUSD,2025-11-06 13:30:00+00:00,2,2.8687240530447857,16.156289110421973,bls_employment_2025-11-20
SPXUSD,2025-10-30 13:30:00+00:00,3,19.09946359967804,40.00371362327739,bls_employment_2025-11-20
SPXUSD,2025-10-23 13:30:00+00:00,4,5.541935138502607,20.928396716194264,bls_employment_2025-11-20
NSXUSD,2025-11-13 13:30:00+00:00,1,14.3523887641153,9.026578491786326,bls_employment_2025-11-20
NSXUSD,2025-11-06 13:30:00+00:00,2,4.477696658013851,21.107553281655456,bls_employment_2025-11-20
NSXUSD,2025-10-30 13:30:00+00:00,3,38.21884711074345,50.18529901057001,bls_employment_2025-11-20
NSXUSD,2025-10-23 13:30:00+00:00,4,7.719922963206369,27.545841959167095,bls_employment_2025-11-20
GRXEUR,2025-11-13 13:30:00+00:00,1,4.129648752060317,1.2287872772187616,bls_employment_2025-11-20
GRXEUR,2025-11-06 13:30:00+00:00,2,1.2507609333128131,1.0841193661073085,bls_employment_2025-11-20
GRXEUR,2025-10-30 13:30:00+00:00,3,23.106664185723016,19.63466385844475,bls_employment_2025-11-20
GRXEUR,2025-10-23 13:30:00+00:00,4,9.126989743058266,7.670235236415062,bls_employment_2025-11-20
UKXGBP,2025-11-13 13:30:00+00:00,1,1.9417783741637,10.571500516429962,bls_employment_2025-11-20
UKXGBP,2025-11-06 13:30:00+00:00,2,5.437857159716504,15.06679584036345,bls_employment_2025-11-20
UKXGBP,2025-10-30 13:30:00+00:00,3,7.824181505003238,6.182733455843028,bls_employment_2025-11-20
UKXGBP,2025-10-23 13:30:00+00:00,4,5.000940981346253,10.426510378765473,bls_employment_2025-11-20
BCOUSD,2025-11-13 13:30:00+00:00,1,9.171266119355959,8.68912728946006,bls_employment_2025-11-20
BCOUSD,2025-11-06 13:30:00+00:00,2,4.695056192167004,48.1732025234065,bls_employment_2025-11-20
BCOUSD,2025-10-30 13:30:00+00:00,3,8.319141567716219,6.277956731343584,bls_employment_2025-11-20
BCOUSD,2025-10-23 13:30:00+00:00,4,17.57134032449327,55.66372220743472,bls_employment_2025-11-20
EURUSD,2025-12-09 13:30:00+00:00,1,1.2895848844148947,1.9770405486647098,bls_employment_2025-12-16
EURUSD,2025-12-02 13:30:00+00:00,2,2.8413371695978094,4.907257243055213,bls_employment_2025-12-16
EURUSD,2025-11-25 13:30:00+00:00,3,4.675446200653708,10.559937275457438,bls_employment_2025-12-16
EURUSD,2025-11-18 13:30:00+00:00,4,1.2072087623534982,0.17244947230844512,bls_employment_2025-12-16
GBPUSD,2025-12-09 13:30:00+00:00,1,0.9012256675159305,0.0751052412178318,bls_employment_2025-12-16
GBPUSD,2025-12-02 13:30:00+00:00,2,3.0299357885412186,5.226065308428277,bls_employment_2025-12-16
GBPUSD,2025-11-25 13:30:00+00:00,3,1.8253588021571039,5.018935178586523,bls_employment_2025-12-16
GBPUSD,2025-11-18 13:30:00+00:00,4,3.4984713558241873,2.965136855185543,bls_employment_2025-12-16
AUDUSD,2025-12-09 13:30:00+00:00,1,6.480442102505047,7.083060479534856,bls_employment_2025-12-16
AUDUSD,2025-12-02 13:30:00+00:00,2,1.0677160800558412,10.824409335278068,bls_employment_2025-12-16
AUDUSD,2025-11-25 13:30:00+00:00,3,5.57042736485982,0.9287063127759432,bls_employment_2025-12-16
AUDUSD,2025-11-18 13:30:00+00:00,4,3.22677302451749,5.9934074314298496,bls_employment_2025-12-16
NZDUSD,2025-12-09 13:30:00+00:00,1,5.533555969589413,5.533555969589693,bls_employment_2025-12-16
NZDUSD,2025-12-02 13:30:00+00:00,2,1.7466943853253616,12.045985692092824,bls_employment_2025-12-16
NZDUSD,2025-11-25 13:30:00+00:00,3,9.81118017997079,5.352746086482661,bls_employment_2025-12-16
NZDUSD,2025-11-18 13:30:00+00:00,4,6.3471915809112875,8.111015555850638,bls_employment_2025-12-16
USDJPY,2025-12-09 13:30:00+00:00,1,0.7669201767676602,7.4165956112439595,bls_employment_2025-12-16
USDJPY,2025-12-02 13:30:00+00:00,2,0.8331811180345778,3.140814265887252,bls_employment_2025-12-16
USDJPY,2025-11-25 13:30:00+00:00,3,7.105569208575365,9.283060363116046,bls_employment_2025-12-16
USDJPY,2025-11-18 13:30:00+00:00,4,0.902335114984249,0.966784507709848,bls_employment_2025-12-16
USDCHF,2025-12-09 13:30:00+00:00,1,2.4797282344924874,5.828337042858899,bls_employment_2025-12-16
USDCHF,2025-12-02 13:30:00+00:00,2,2.11291676515523,3.35601755736738,bls_employment_2025-12-16
USDCHF,2025-11-25 13:30:00+00:00,3,3.584561702111433,10.262688612104022,bls_employment_2025-12-16
USDCHF,2025-11-18 13:30:00+00:00,4,3.015302683851707,3.64227809679734,bls_employment_2025-12-16
USDCAD,2025-12-09 13:30:00+00:00,1,4.045132172062221,5.49021887978071,bls_employment_2025-12-16
USDCAD,2025-12-02 13:30:00+00:00,2,1.8572357242692417,2.785982952089426,bls_employment_2025-12-16
USDCAD,2025-11-25 13:30:00+00:00,3,5.102149391067681,5.173030909064732,bls_employment_2025-12-16
USDCAD,2025-11-18 13:30:00+00:00,4,3.5678098307699244,1.427480428098801,bls_employment_2025-12-16
EURJPY,2025-12-09 13:30:00+00:00,1,0.6043939441564776,5.7707053128319545,bls_employment_2025-12-16
EURJPY,2025-12-02 13:30:00+00:00,2,1.9865795580083787,1.4899716657018736,bls_employment_2025-12-16
EURJPY,2025-11-25 13:30:00+00:00,3,2.327849963955729,1.3299567229518443,bls_employment_2025-12-16
EURJPY,2025-11-18 13:30:00+00:00,4,0.1667301167423438,0.7780371238779501,bls_employment_2025-12-16
XAUUSD,2025-12-09 13:30:00+00:00,1,6.8095483924696145,5.762227331671717,bls_employment_2025-12-16
XAUUSD,2025-12-02 13:30:00+00:00,2,9.036635847600774,25.163373144704405,bls_employment_2025-12-16
XAUUSD,2025-11-25 13:30:00+00:00,3,18.100360553398435,2.787734084622145,bls_employment_2025-12-16
XAUUSD,2025-11-18 13:30:00+00:00,4,22.307977821818103,8.813794404113239,bls_employment_2025-12-16
XAGUSD,2025-12-09 13:30:00+00:00,1,23.172217350960203,33.37820915352815,bls_employment_2025-12-16
XAGUSD,2025-12-02 13:30:00+00:00,2,18.955043976703827,20.34482560950263,bls_employment_2025-12-16
XAGUSD,2025-11-25 13:30:00+00:00,3,25.07021942561199,20.94079176843034,bls_employment_2025-12-16
XAGUSD,2025-11-18 13:30:00+00:00,4,1.3918576350937166,17.511745301379086,bls_employment_2025-12-16
SPXUSD,2025-12-09 13:30:00+00:00,1,7.60012484836266,1.08140194807374,bls_employment_2025-12-16
SPXUSD,2025-12-02 13:30:00+00:00,2,1.6596014126259953,6.780091780725035,bls_employment_2025-12-16
SPXUSD,2025-11-25 13:30:00+00:00,3,6.044907252944744,3.725088513925946,bls_employment_2025-12-16
SPXUSD,2025-11-18 13:30:00+00:00,4,4.527083966620513,0.2921052386108429,bls_employment_2025-12-16
NSXUSD,2025-12-09 13:30:00+00:00,1,10.4668091146474,0.18721278447301165,bls_employment_2025-12-16
NSXUSD,2025-12-02 13:30:00+00:00,2,4.481165298983965,6.530679196781225,bls_employment_2025-12-16
NSXUSD,2025-11-25 13:30:00+00:00,3,11.553518387147848,8.775554601335646,bls_employment_2025-12-16
NSXUSD,2025-11-18 13:30:00+00:00,4,4.6530748515430345,0.31318408869930664,bls_employment_2025-12-16
GRXEUR,2025-12-09 13:30:00+00:00,1,4.349478978064268,2.059904236875661,bls_employment_2025-12-16
GRXEUR,2025-12-02 13:30:00+00:00,2,8.60917849508795,17.31390178103909,bls_employment_2025-12-16
GRXEUR,2025-11-25 13:30:00+00:00,3,2.781585868339762,13.877566645703569,bls_employment_2025-12-16
GRXEUR,2025-11-18 13:30:00+00:00,4,6.24410466948381,12.92616076675869,bls_employment_2025-12-16
UKXGBP,2025-12-09 13:30:00+00:00,1,2.5790969473955796,12.954147682803583,bls_employment_2025-12-16
UKXGBP,2025-12-02 13:30:00+00:00,2,0.523881347478803,10.305848384997558,bls_employment_2025-12-16
UKXGBP,2025-11-25 13:30:00+00:00,3,1.8454700368974521,16.928585130522066,bls_employment_2025-12-16
UKXGBP,2025-11-18 13:30:00+00:00,4,3.3494543581033143,10.16277488270212,bls_employment_2025-12-16
BCOUSD,2025-12-09 13:30:00+00:00,1,8.010638555804016,6.409024125038461,bls_employment_2025-12-16
BCOUSD,2025-12-02 13:30:00+00:00,2,20.677596042519305,8.753432302050822,bls_employment_2025-12-16
BCOUSD,2025-11-25 13:30:00+00:00,3,37.095707782782775,45.43747331040055,bls_employment_2025-12-16
BCOUSD,2025-11-18 13:30:00+00:00,4,4.665122077547061,43.17775808752257,bls_employment_2025-12-16
EURUSD,2025-12-11 13:30:00+00:00,1,1.0239694183405925,10.490719235170989,bls_cpi_2025-12-18
EURUSD,2025-12-04 13:30:00+00:00,2,2.7431785038259546,2.5717518915549986,bls_cpi_2025-12-18
EURUSD,2025-11-27 13:30:00+00:00,3,3.1926414201456517,2.3291222333745543,bls_cpi_2025-12-18
EURUSD,2025-11-13 13:30:00+00:00,5,2.324270125084199,6.627048064862594,bls_cpi_2025-12-18
GBPUSD,2025-12-11 13:30:00+00:00,1,2.912110292487444,12.687610386290542,bls_cpi_2025-12-18
GBPUSD,2025-12-04 13:30:00+00:00,2,0.599776583401898,5.171890516180686,bls_cpi_2025-12-18
GBPUSD,2025-11-27 13:30:00+00:00,3,3.7752945178115414,4.228425654039201,bls_cpi_2025-12-18
GBPUSD,2025-11-13 13:30:00+00:00,5,5.8472206485745435,4.480644072605924,bls_cpi_2025-12-18
AUDUSD,2025-12-11 13:30:00+00:00,1,0.9008603222156647,5.704078570726074,bls_cpi_2025-12-18
AUDUSD,2025-12-04 13:30:00+00:00,2,2.875672586658089,4.540157772799569,bls_cpi_2025-12-18
AUDUSD,2025-11-27 13:30:00+00:00,3,0.15322030782415133,0.3064382680362766,bls_cpi_2025-12-18
AUDUSD,2025-11-13 13:30:00+00:00,5,9.460883009261067,6.4099631332606295,bls_cpi_2025-12-18
NZDUSD,2025-12-11 13:30:00+00:00,1,2.7499914236058127,8.419461480032705,bls_cpi_2025-12-18
NZDUSD,2025-12-04 13:30:00+00:00,2,4.337228232215488,5.724744060794909,bls_cpi_2025-12-18
NZDUSD,2025-11-27 13:30:00+00:00,3,0.6998880182041801,5.947071242777133,bls_cpi_2025-12-18
NZDUSD,2025-11-13 13:30:00+00:00,5,8.474876032512325,7.415909230131551,bls_cpi_2025-12-18
USDJPY,2025-12-11 13:30:00+00:00,1,4.373356041585984,13.13155559439128,bls_cpi_2025-12-18
USDJPY,2025-12-04 13:30:00+00:00,2,2.712302244590235,7.492911152631916,bls_cpi_2025-12-18
USDJPY,2025-11-27 13:30:00+00:00,3,0.7677690554450857,1.3437377044218441,bls_cpi_2025-12-18
USDJPY,2025-11-13 13:30:00+00:00,5,1.0990254241506077,4.267480570137038,bls_cpi_2025-12-18
USDCHF,2025-12-11 13:30:00+00:00,1,0.0,9.423354280398714,bls_cpi_2025-12-18
USDCHF,2025-12-04 13:30:00+00:00,2,1.6236909027804718,2.3731756323792212,bls_cpi_2025-12-18
USDCHF,2025-11-27 13:30:00+00:00,3,3.600225984102321,3.725736186463197,bls_cpi_2025-12-18
USDCHF,2025-11-13 13:30:00+00:00,5,1.633689187983048,3.3933453054429945,bls_cpi_2025-12-18
USDCAD,2025-12-11 13:30:00+00:00,1,1.160319959531235,2.3933074535232697,bls_cpi_2025-12-18
USDCAD,2025-12-04 13:30:00+00:00,2,1.7899654584470208,1.5751865196604722,bls_cpi_2025-12-18
USDCAD,2025-11-27 13:30:00+00:00,3,1.5665945115782902,0.7120579903033447,bls_cpi_2025-12-18
USDCAD,2025-11-13 13:30:00+00:00,5,2.499348397181025,0.5712245628100497,bls_cpi_2025-12-18
EURJPY,2025-12-11 13:30:00+00:00,1,5.2135212479419675,2.7450506908713455,bls_cpi_2025-12-18
EURJPY,2025-12-04 13:30:00+00:00,2,0.16607847208318863,5.149715633555244,bls_cpi_2025-12-18
EURJPY,2025-11-27 13:30:00+00:00,3,2.48432804345007,0.8831679239153026,bls_cpi_2025-12-18
EURJPY,2025-11-13 13:30:00+00:00,5,1.1130465765835014,2.337254738016057,bls_cpi_2025-12-18
XAUUSD,2025-12-11 13:30:00+00:00,1,4.2731036082547496,17.619123317470457,bls_cpi_2025-12-18
XAUUSD,2025-12-04 13:30:00+00:00,2,0.5081723296961284,18.73518984652541,bls_cpi_2025-12-18
XAUUSD,2025-11-27 13:30:00+00:00,3,12.372887626337794,6.834488924752099,bls_cpi_2025-12-18
XAUUSD,2025-11-13 13:30:00+00:00,5,34.126255207212296,17.657080968548772,bls_cpi_2025-12-18
XAGUSD,2025-12-11 13:30:00+00:00,1,2.7330091404382686,47.1600623822708,bls_cpi_2025-12-18
XAGUSD,2025-12-04 13:30:00+00:00,2,1.2211183714996634,30.657238037073576,bls_cpi_2025-12-18
XAGUSD,2025-11-27 13:30:00+00:00,3,30.742850101217527,12.059545460035364,bls_cpi_2025-12-18
XAGUSD,2025-11-13 13:30:00+00:00,5,111.65764774704651,79.18826916790631,bls_cpi_2025-12-18
SPXUSD,2025-12-11 13:30:00+00:00,1,6.844553925297131,0.7420054924934425,bls_cpi_2025-12-18
SPXUSD,2025-12-04 13:30:00+00:00,2,3.2041874935280874,1.8158809117896306,bls_cpi_2025-12-18
SPXUSD,2025-11-27 13:30:00+00:00,3,2.081271761424962,1.1784124537938037,bls_cpi_2025-12-18
SPXUSD,2025-11-13 13:30:00+00:00,5,9.51114822084834,2.639849636142905,bls_cpi_2025-12-18
NSXUSD,2025-12-11 13:30:00+00:00,1,7.936693944534835,2.00242887368414,bls_cpi_2025-12-18
NSXUSD,2025-12-04 13:30:00+00:00,2,4.045734467970181,2.5641678252992657,bls_cpi_2025-12-18
NSXUSD,2025-11-27 13:30:00+00:00,3,2.8509844896074865,0.2583184074035123,bls_cpi_2025-12-18
NSXUSD,2025-11-13 13:30:00+00:00,5,14.3523887641153,9.026578491786326,bls_cpi_2025-12-18
GRXEUR,2025-12-11 13:30:00+00:00,1,3.2519239992784885,15.858578001328214,bls_cpi_2025-12-18
GRXEUR,2025-12-04 13:30:00+00:00,2,6.290013907520493,5.0017201253409995,bls_cpi_2025-12-18
GRXEUR,2025-11-27 13:30:00+00:00,3,9.475045645348533,10.096549789863028,bls_cpi_2025-12-18
GRXEUR,2025-11-13 13:30:00+00:00,5,4.129648752060317,1.2287872772187616,bls_cpi_2025-12-18
UKXGBP,2025-12-11 13:30:00+00:00,1,2.5888868552518307,8.286144222244845,bls_cpi_2025-12-18
UKXGBP,2025-12-04 13:30:00+00:00,2,1.550716622618905,1.0234871782164003,bls_cpi_2025-12-18
UKXGBP,2025-11-27 13:30:00+00:00,3,5.696118783661961,1.0324937138050048,bls_cpi_2025-12-18
UKXGBP,2025-11-13 13:30:00+00:00,5,1.9417783741637,10.571500516429962,bls_cpi_2025-12-18
BCOUSD,2025-12-11 13:30:00+00:00,1,2.7649694809664127,55.46054506102936,bls_cpi_2025-12-18
BCOUSD,2025-12-04 13:30:00+00:00,2,0.4761640227229562,15.884365185623402,bls_cpi_2025-12-18
BCOUSD,2025-11-27 13:30:00+00:00,3,45.0796850120972,14.409224395122871,bls_cpi_2025-12-18
BCOUSD,2025-11-13 13:30:00+00:00,5,9.171266119355959,8.68912728946006,bls_cpi_2025-12-18
