event_id,category,release_timestamp_utc,year,asset,family,immediate_event_bps,delayed_event_bps,control_immediate_bps,control_delayed_bps,delayed_excess_bps
bls_cpi_2023-02-14,cpi,2023-02-14 13:30:00+00:00,2023,EURUSD,fx,33.96786530861285,25.511519525604477,8.703906978196365,5.505292040904132,20.006227484700347
bls_cpi_2023-02-14,cpi,2023-02-14 13:30:00+00:00,2023,GBPUSD,fx,25.43916629271203,19.625807686318982,5.658256829461863,7.406280067288499,12.219527619030483
bls_cpi_2023-02-14,cpi,2023-02-14 13:30:00+00:00,2023,AUDUSD,fx,50.00510469836211,23.971245997215146,14.877850271692367,8.142487313365312,15.828758683849834
bls_cpi_2023-02-14,cpi,2023-02-14 13:30:00+00:00,2023,NZDUSD,fx,44.997637246364945,27.0372398104928,17.10972068522043,11.448309311444396,15.588930499048404
bls_cpi_2023-02-14,cpi,2023-02-14 13:30:00+00:00,2023,USDJPY,fx,21.975532656890856,26.364850037162196,10.874972006527216,14.351183317020997,12.013666720141199
bls_cpi_2023-02-14,cpi,2023-02-14 13:30:00+00:00,2023,USDCHF,fx,32.84899523234691,23.801736316003204,7.440045081268139,9.19780838860472,14.603927927398484
bls_cpi_2023-02-14,cpi,2023-02-14 13:30:00+00:00,2023,USDCAD,fx,11.422217452382109,11.497320437349757,6.23690753866993,6.8226334707389915,4.674686966610765
bls_cpi_2023-02-14,cpi,2023-02-14 13:30:00+00:00,2023,EURJPY,fx,12.026290495364556,0.7028444116207792,5.09978639679391,10.969202758472452,-10.266358346851673
bls_cpi_2023-02-14,cpi,2023-02-14 13:30:00+00:00,2023,XAUUSD,metal,42.55596416232829,7.951715332581634,8.107105389937669,19.850453031344404,-11.898737698762769
bls_cpi_2023-02-14,cpi,2023-02-14 13:30:00+00:00,2023,XAGUSD,metal,72.80085265659287,15.979914369561403,16.028437226931896,32.499638920210685,-16.519724550649283
bls_cpi_2023-02-14,cpi,2023-02-14 13:30:00+00:00,2023,SPXUSD,equity,21.982353446958818,49.85628550723922,10.495353556553836,10.81348742831437,39.042798078924854
bls_cpi_2023-02-14,cpi,2023-02-14 13:30:00+00:00,2023,NSXUSD,equity,28.11218134914544,71.82564029551726,14.569030966712475,15.075607003013072,56.750033292504185
bls_cpi_2023-02-14,cpi,2023-02-14 13:30:00+00:00,2023,GRXEUR,equity,16.28831276689806,42.216790568892264,7.287470277869776,5.957281061891698,36.259509507000566
bls_cpi_2023-02-14,cpi,2023-02-14 13:30:00+00:00,2023,UKXGBP,equity,10.63286434216862,22.087707673583036,4.510609932366276,4.265099076590826,17.82260859699221
bls_cpi_2023-02-14,cpi,2023-02-14 13:30:00+00:00,2023,BCOUSD,energy,25.399650137580434,48.992830742213755,11.022272309214635,22.217662782945613,26.775167959268142
bls_employment_2023-03-10,employment,2023-03-10 13:30:00+00:00,2023,GBPUSD,fx,37.21143611813446,20.711432374694574,9.20730305484239,7.195586970620923,13.515845404073652
bls_employment_2023-03-10,employment,2023-03-10 13:30:00+00:00,2023,AUDUSD,fx,48.745138754353945,28.431021041549023,12.847455763190945,9.468053151383348,18.962967890165675
bls_employment_2023-03-10,employment,2023-03-10 13:30:00+00:00,2023,NZDUSD,fx,34.565439661508044,14.33341722715202,12.827394046756877,10.58582858549438,3.747588641657641
bls_employment_2023-03-10,employment,2023-03-10 13:30:00+00:00,2023,EURJPY,fx,21.925965450887066,21.304124317278948,7.075767004712995,3.4511259988686165,17.852998318410332
bls_cpi_2023-03-14,cpi,2023-03-14 13:30:00+00:00,2023,EURUSD,fx,15.765296299203115,3.0813332145395913,9.2571720265523,7.129762051041768,-4.048428836502176
bls_cpi_2023-03-14,cpi,2023-03-14 13:30:00+00:00,2023,GBPUSD,fx,13.713874922346335,4.109611617354388,5.1305373344950285,7.1588469022429315,-3.0492352848885433
bls_cpi_2023-03-14,cpi,2023-03-14 13:30:00+00:00,2023,AUDUSD,fx,16.462633548347963,7.336702556310186,14.877850271692367,8.142487313365312,-0.8057847570551253
bls_cpi_2023-03-14,cpi,2023-03-14 13:30:00+00:00,2023,NZDUSD,fx,18.279781884467283,0.963020031562082,15.992446375525684,10.085822917691825,-9.122802886129744
bls_cpi_2023-03-14,cpi,2023-03-14 13:30:00+00:00,2023,USDJPY,fx,22.517259734200398,0.5938286360773525,3.7469162975071786,8.642465732616257,-8.048637096538904
bls_cpi_2023-03-14,cpi,2023-03-14 13:30:00+00:00,2023,XAUUSD,metal,20.099507165507386,7.094323262655789,9.43989704152473,20.795280061964405,-13.700956799308617
bls_cpi_2023-03-14,cpi,2023-03-14 13:30:00+00:00,2023,XAGUSD,metal,46.948443042077294,19.81887128103027,29.429631946083852,38.95606998742467,-19.1371987063944
bls_cpi_2023-03-14,cpi,2023-03-14 13:30:00+00:00,2023,GRXEUR,equity,16.80703289078762,0.047911432840227905,11.949543670503074,8.26640286074508,-8.218491427904851
bls_cpi_2023-03-14,cpi,2023-03-14 13:30:00+00:00,2023,UKXGBP,equity,9.895901745413727,9.573424706415256,4.510609932366276,4.265099076590826,5.30832562982443
bls_cpi_2023-04-12,cpi,2023-04-12 13:30:00+00:00,2023,EURUSD,fx,55.50042087859191,19.590786753350454,4.334291478467401,3.1126066470209617,16.478180106329493
bls_cpi_2023-04-12,cpi,2023-04-12 13:30:00+00:00,2023,GBPUSD,fx,48.09751010038957,13.730034394389696,9.198983047854352,10.93389930112319,2.7961350932665052
bls_cpi_2023-04-12,cpi,2023-04-12 13:30:00+00:00,2023,AUDUSD,fx,77.70162967382234,19.07061171850241,3.407795478211841,7.308075158648789,11.76253655985362
bls_cpi_2023-04-12,cpi,2023-04-12 13:30:00+00:00,2023,USDJPY,fx,77.6450924272485,19.18599334296891,1.9687479344559873,3.8082287899663188,15.377764553002592
bls_cpi_2023-04-12,cpi,2023-04-12 13:30:00+00:00,2023,XAUUSD,metal,93.63701916471854,17.239002549583862,10.608039495949438,6.688730320818126,10.550272228765735
bls_cpi_2023-04-12,cpi,2023-04-12 13:30:00+00:00,2023,XAGUSD,metal,158.77110771452513,28.563063535471837,19.621922590605713,22.5099071165056,6.0531564189662355
bls_cpi_2023-04-12,cpi,2023-04-12 13:30:00+00:00,2023,NSXUSD,equity,117.2677641329193,40.95981106070826,3.1887683282782517,8.406360683150432,32.55345037755783
bls_cpi_2023-04-12,cpi,2023-04-12 13:30:00+00:00,2023,BCOUSD,energy,84.36610018386494,26.106494455614804,14.919071441095447,10.537620357621483,15.568874097993321
bls_employment_2023-05-05,employment,2023-05-05 13:30:00+00:00,2023,AUDUSD,fx,14.144379223898913,10.434990959104123,12.388126499564196,5.986302973432587,4.448687985671536
bls_employment_2023-05-05,employment,2023-05-05 13:30:00+00:00,2023,USDCHF,fx,29.19710103334846,3.4621978601002454,15.063290778301623,2.221450820270164,1.2407470398300813
bls_employment_2023-05-05,employment,2023-05-05 13:30:00+00:00,2023,EURJPY,fx,11.691046869252073,5.536650063114054,11.389843989372652,8.703661444759202,-3.167011381645148
bls_employment_2023-05-05,employment,2023-05-05 13:30:00+00:00,2023,XAGUSD,metal,36.03049052173927,77.53638034357637,14.473465167542845,13.164559634732246,64.37182070884413
bls_employment_2023-05-05,employment,2023-05-05 13:30:00+00:00,2023,NSXUSD,equity,15.540972548747368,5.351640877141889,14.542291642623887,15.295567604883297,-9.94392672774141
bls_employment_2023-05-05,employment,2023-05-05 13:30:00+00:00,2023,GRXEUR,equity,0.2785878105463051,13.59493661199212,9.715608271212567,6.4859303205027015,7.109006291489418
bls_cpi_2023-05-10,cpi,2023-05-10 13:30:00+00:00,2023,EURUSD,fx,35.47606808665004,14.646152545572061,4.0071078746822995,1.8480325462575327,12.798119999314528
bls_cpi_2023-05-10,cpi,2023-05-10 13:30:00+00:00,2023,AUDUSD,fx,48.348915404429334,50.6114161309969,3.220362736495818,1.5814058826241153,49.03001024837278
bls_cpi_2023-05-10,cpi,2023-05-10 13:30:00+00:00,2023,USDJPY,fx,49.25078554534677,21.479571086111694,3.238132493743204,5.834096072664274,15.64547501344742
bls_cpi_2023-05-10,cpi,2023-05-10 13:30:00+00:00,2023,USDCAD,fx,19.972852545680226,11.313193062630448,4.092349229965551,1.6762275981172432,9.636965464513205
bls_cpi_2023-05-10,cpi,2023-05-10 13:30:00+00:00,2023,XAUUSD,metal,72.87909301467924,13.220559010506781,8.81616045046206,5.747593765450677,7.472965245056104
bls_cpi_2023-05-10,cpi,2023-05-10 13:30:00+00:00,2023,XAGUSD,metal,110.29595220030812,9.298001599665273,12.793412271867014,22.871547227667982,-13.573545628002709
bls_cpi_2023-05-10,cpi,2023-05-10 13:30:00+00:00,2023,SPXUSD,equity,45.42358795677425,43.777954602494866,9.445299370094098,6.685265348068436,37.09268925442643
bls_employment_2023-06-02,employment,2023-06-02 13:30:00+00:00,2023,AUDUSD,fx,11.015460481140527,14.337569144646036,9.950673618920588,4.623951318337714,9.713617826308322
bls_employment_2023-06-02,employment,2023-06-02 13:30:00+00:00,2023,USDCAD,fx,10.280326002054823,8.940013111452531,5.021494600571705,7.6643969188050765,1.2756161926474547
bls_employment_2023-06-02,employment,2023-06-02 13:30:00+00:00,2023,UKXGBP,equity,14.789441010516969,7.138239512331471,4.22069333224977,6.431977377257766,0.7062621350737048
bls_employment_2023-06-02,employment,2023-06-02 13:30:00+00:00,2023,BCOUSD,energy,17.15990811532566,4.614948559305152,20.444058315745842,32.02502033432042,-27.410071775015272
bls_cpi_2023-06-13,cpi,2023-06-13 13:30:00+00:00,2023,EURUSD,fx,25.353247043174893,6.378524003995864,4.182060878487651,8.039755717809179,-1.661231713813315
bls_cpi_2023-06-13,cpi,2023-06-13 13:30:00+00:00,2023,AUDUSD,fx,22.689110125445755,0.7358514172138816,4.7671733430715495,10.669223216458203,-9.933371799244322
bls_cpi_2023-06-13,cpi,2023-06-13 13:30:00+00:00,2023,NZDUSD,fx,28.424568202986997,3.0812393312615503,4.198152516004806,7.14709304116006,-4.06585370989851
bls_cpi_2023-06-13,cpi,2023-06-13 13:30:00+00:00,2023,USDJPY,fx,13.35267036393343,3.8799235998091186,6.852226937409338,5.078335938052171,-1.1984123382430525
bls_cpi_2023-06-13,cpi,2023-06-13 13:30:00+00:00,2023,XAGUSD,metal,37.174764001323524,60.37566930016977,29.076333151113076,24.518945860111216,35.85672344005855
bls_cpi_2023-06-13,cpi,2023-06-13 13:30:00+00:00,2023,SPXUSD,equity,12.776936976716476,33.08148705812174,1.9411550714587245,4.161046311873196,28.92044074624854
bls_cpi_2023-06-13,cpi,2023-06-13 13:30:00+00:00,2023,GRXEUR,equity,9.340265845471421,23.358677644302983,2.4518277267917865,6.156496200551755,17.20218144375123
bls_employment_2023-07-07,employment,2023-07-07 13:30:00+00:00,2023,EURUSD,fx,37.23237828552045,11.814973416888694,7.08008278923017,8.44419580098485,3.370777615903844
bls_employment_2023-07-07,employment,2023-07-07 13:30:00+00:00,2023,NZDUSD,fx,48.06573369736149,38.1747766300988,12.821393657007128,10.055003006038898,28.1197736240599
bls_employment_2023-07-07,employment,2023-07-07 13:30:00+00:00,2023,USDCHF,fx,42.48807223609808,7.168539381117595,8.771253928057277,10.090935379587984,-2.922395998470389
bls_employment_2023-07-07,employment,2023-07-07 13:30:00+00:00,2023,EURJPY,fx,1.4106995169300944,22.80327407880483,7.657574092116273,8.703593888373424,14.099680190431405
bls_employment_2023-07-07,employment,2023-07-07 13:30:00+00:00,2023,XAUUSD,metal,53.54608292232462,35.86704023681628,5.175754583767653,18.988949805281212,16.878090431535067
bls_employment_2023-07-07,employment,2023-07-07 13:30:00+00:00,2023,XAGUSD,metal,108.95938384616662,55.64942170788646,24.796742485981646,24.711979017668124,30.937442690218337
bls_employment_2023-07-07,employment,2023-07-07 13:30:00+00:00,2023,SPXUSD,equity,22.114090241163296,28.852110249292558,6.5831774151367695,8.607015046733903,20.245095202558655
bls_employment_2023-07-07,employment,2023-07-07 13:30:00+00:00,2023,NSXUSD,equity,57.76887850892893,53.754182411293506,9.115656236542163,14.86566431619487,38.88851809509863
bls_employment_2023-07-07,employment,2023-07-07 13:30:00+00:00,2023,UKXGBP,equity,20.813568675791092,3.2731854828462636,7.711595152080925,8.04329615249025,-4.7701106696439854
bls_employment_2023-07-07,employment,2023-07-07 13:30:00+00:00,2023,BCOUSD,energy,43.55771101649248,22.668065985794808,18.40850535598965,31.452055333670614,-8.783989347875806
bls_cpi_2023-07-12,cpi,2023-07-12 13:30:00+00:00,2023,EURUSD,fx,30.880852617758944,1.3563919993679168,3.6782624802740265,5.85673804876992,-4.500346049402003
bls_cpi_2023-07-12,cpi,2023-07-12 13:30:00+00:00,2023,GBPUSD,fx,35.476241485556116,10.49836445463435,5.395730633788763,5.213364219628098,5.285000235006252
bls_cpi_2023-07-12,cpi,2023-07-12 13:30:00+00:00,2023,AUDUSD,fx,76.38796776414677,18.856584231926554,1.6702620616082573,9.92791309161737,8.928671140309184
bls_cpi_2023-07-12,cpi,2023-07-12 13:30:00+00:00,2023,NZDUSD,fx,75.47205635383125,17.810872546957103,5.073892620517412,8.084428660601258,9.726443886355845
bls_cpi_2023-07-12,cpi,2023-07-12 13:30:00+00:00,2023,USDJPY,fx,44.39184102840744,26.242299648557555,6.016526320205661,6.466200410228968,19.776099238328587
bls_cpi_2023-07-12,cpi,2023-07-12 13:30:00+00:00,2023,USDCHF,fx,29.893000832985468,4.00011434231707,4.52405715000971,6.8939332071447925,-2.8938188648277228
bls_cpi_2023-07-12,cpi,2023-07-12 13:30:00+00:00,2023,XAUUSD,metal,63.66394680653819,20.112140928912954,5.9353683641673065,10.01439459824849,10.097746330664464
bls_cpi_2023-07-12,cpi,2023-07-12 13:30:00+00:00,2023,XAGUSD,metal,177.0866243340053,11.87850131185514,8.519022907673387,20.15750454203963,-8.279003230184488
bls_cpi_2023-07-12,cpi,2023-07-12 13:30:00+00:00,2023,NSXUSD,equity,58.743502040964756,2.719760960919152,3.4110194381757273,4.934554484324025,-2.2147935234048726
bls_cpi_2023-07-12,cpi,2023-07-12 13:30:00+00:00,2023,UKXGBP,equity,27.499769199245453,7.625457283540941,1.6167116089038849,3.5772359094168626,4.048221374124078
bls_cpi_2023-07-12,cpi,2023-07-12 13:30:00+00:00,2023,BCOUSD,energy,32.563935442735634,10.634239496853459,17.64458549153782,7.766688747319215,2.867550749534244
bls_employment_2023-08-04,employment,2023-08-04 13:30:00+00:00,2023,EURUSD,fx,6.11567777574086,25.699692443331138,5.483493997637609,5.857272745212981,19.842419698118157
bls_employment_2023-08-04,employment,2023-08-04 13:30:00+00:00,2023,GBPUSD,fx,2.5183762902055378,28.052713459320312,5.248319772299098,10.900166179368117,17.152547279952195
bls_employment_2023-08-04,employment,2023-08-04 13:30:00+00:00,2023,AUDUSD,fx,1.8297145696324848,26.04187968057873,10.889684879691561,3.6579038249922844,22.383975855586446
bls_employment_2023-08-04,employment,2023-08-04 13:30:00+00:00,2023,NZDUSD,fx,2.959601461944387,31.02304593255293,10.915776967894054,6.993550100001224,24.029495832551703
bls_employment_2023-08-04,employment,2023-08-04 13:30:00+00:00,2023,USDCHF,fx,0.2282505734897273,37.16009970173118,4.585317982929872,6.31321251864215,30.846887183089027
bls_employment_2023-08-04,employment,2023-08-04 13:30:00+00:00,2023,USDCAD,fx,11.958058539624117,17.94245440646574,8.003590992513988,1.5107053736706386,16.4317490327951
bls_employment_2023-08-04,employment,2023-08-04 13:30:00+00:00,2023,EURJPY,fx,11.133151063556467,5.820963949653332,12.291787766846811,7.936338869267357,-2.115374919614025
bls_employment_2023-08-04,employment,2023-08-04 13:30:00+00:00,2023,XAUUSD,metal,9.518070826392735,29.221747095823364,9.92102529523931,10.735886355192772,18.485860740630592
bls_employment_2023-08-04,employment,2023-08-04 13:30:00+00:00,2023,XAGUSD,metal,8.13129953004152,85.26291155129874,14.995867270527597,20.69538798438644,64.5675235669123
bls_employment_2023-08-04,employment,2023-08-04 13:30:00+00:00,2023,SPXUSD,equity,11.054591765306453,25.372769507266053,6.059093491494188,8.722246809255976,16.65052269801008
bls_employment_2023-08-04,employment,2023-08-04 13:30:00+00:00,2023,NSXUSD,equity,9.47260007610993,39.35391721037384,8.158019258796076,15.241209774434902,24.112707435938937
bls_employment_2023-08-04,employment,2023-08-04 13:30:00+00:00,2023,GRXEUR,equity,11.633619583756316,16.260037581997977,5.253873410022065,21.968089849247775,-5.708052267249798
bls_employment_2023-08-04,employment,2023-08-04 13:30:00+00:00,2023,UKXGBP,equity,1.0631207619817031,6.671645866935163,7.711595152080925,8.04329615249025,-1.371650285555087
bls_employment_2023-08-04,employment,2023-08-04 13:30:00+00:00,2023,BCOUSD,energy,9.965356558591518,26.94219603684606,10.532743057781374,26.782242270965533,0.1599537658805268
bls_cpi_2023-08-10,cpi,2023-08-10 13:30:00+00:00,2023,EURUSD,fx,16.405556188622217,0.8150438996200192,14.944989853280344,9.132914239780149,-8.31787034016013
bls_cpi_2023-08-10,cpi,2023-08-10 13:30:00+00:00,2023,GBPUSD,fx,16.5084320450943,7.5858000595535895,15.074185016727373,12.493428872170036,-4.907628812616446
bls_cpi_2023-08-10,cpi,2023-08-10 13:30:00+00:00,2023,AUDUSD,fx,26.891334259646094,8.348322851533007,17.82622826258307,10.415411284594263,-2.0670884330612562
bls_cpi_2023-08-10,cpi,2023-08-10 13:30:00+00:00,2023,NZDUSD,fx,22.16695077781783,3.280893744878258,12.329210572220429,9.413656077404246,-6.132762332525989
bls_cpi_2023-08-10,cpi,2023-08-10 13:30:00+00:00,2023,USDJPY,fx,3.3402458174754415,8.626687608880504,8.39684012911714,6.8526149630180555,1.7740726458624483
bls_cpi_2023-08-10,cpi,2023-08-10 13:30:00+00:00,2023,USDCHF,fx,19.83934229091821,8.032221111368534,5.786654632147174,8.43209516859329,-0.399874057224757
bls_cpi_2023-08-10,cpi,2023-08-10 13:30:00+00:00,2023,USDCAD,fx,5.825025369142584,0.7469877721574856,2.5600338246956578,6.71293411412566,-5.965946341968174
bls_cpi_2023-08-10,cpi,2023-08-10 13:30:00+00:00,2023,EURJPY,fx,12.613762023615172,9.323951258550256,5.987626587502897,9.778098258952184,-0.4541470004019281
bls_cpi_2023-08-10,cpi,2023-08-10 13:30:00+00:00,2023,XAUUSD,metal,25.722183574324504,3.8411328699670286,23.118807793828807,9.84815103877879,-6.007018168811761
bls_cpi_2023-08-10,cpi,2023-08-10 13:30:00+00:00,2023,XAGUSD,metal,18.89985838288893,10.53324653016639,29.28338674811134,16.946969190576603,-6.4137226604102135
bls_cpi_2023-08-10,cpi,2023-08-10 13:30:00+00:00,2023,SPXUSD,equity,6.63115831911709,10.00739020611486,4.396232110425204,7.790410778660974,2.216979427453885
bls_cpi_2023-08-10,cpi,2023-08-10 13:30:00+00:00,2023,NSXUSD,equity,20.497444044673976,13.10001853364828,7.611960399526495,12.962268126765391,0.13775040688288875
bls_cpi_2023-08-10,cpi,2023-08-10 13:30:00+00:00,2023,GRXEUR,equity,11.524708572120762,13.734237595338431,4.578800708211273,6.769336829475671,6.96490076586276
bls_cpi_2023-08-10,cpi,2023-08-10 13:30:00+00:00,2023,UKXGBP,equity,7.211327036537052,14.437200400464006,3.8434349199101234,11.15075635361714,3.2864440468468654
bls_cpi_2023-08-10,cpi,2023-08-10 13:30:00+00:00,2023,BCOUSD,energy,8.595447234570518,1.1456328488380967,8.228095974457206,32.30692945601159,-31.16129660717349
bls_employment_2023-09-01,employment,2023-09-01 13:30:00+00:00,2023,EURUSD,fx,25.687428672653855,9.935694797986793,7.369075119812031,5.412721081346454,4.5229737166403385
bls_employment_2023-09-01,employment,2023-09-01 13:30:00+00:00,2023,GBPUSD,fx,24.664034156811,10.394029094139784,7.013905353848617,7.003374248789633,3.3906548453501504
bls_employment_2023-09-01,employment,2023-09-01 13:30:00+00:00,2023,AUDUSD,fx,49.55228507481486,6.449433594765191,5.000996007361144,9.475200496428952,-3.0257669016637614
bls_employment_2023-09-01,employment,2023-09-01 13:30:00+00:00,2023,NZDUSD,fx,52.75295195872283,7.828571352491643,5.71023983722161,8.386602059508066,-0.5580307070164228
bls_employment_2023-09-01,employment,2023-09-01 13:30:00+00:00,2023,USDJPY,fx,34.92476786947676,5.875339297042743,8.327609711685938,3.3153309992260573,2.5600082978166854
bls_employment_2023-09-01,employment,2023-09-01 13:30:00+00:00,2023,USDCHF,fx,31.316331631041837,9.42790844114847,7.246490551872117,6.562444481091295,2.8654639600571743
bls_employment_2023-09-01,employment,2023-09-01 13:30:00+00:00,2023,USDCAD,fx,2.8841780847112433,11.823826384893671,2.9271744505924704,2.956059155675587,8.867767229218085
bls_employment_2023-09-01,employment,2023-09-01 13:30:00+00:00,2023,EURJPY,fx,8.960203951608767,4.451312256740489,9.126338183200378,5.287109896283868,-0.8357976395433786
bls_employment_2023-09-01,employment,2023-09-01 13:30:00+00:00,2023,XAUUSD,metal,26.96736059870305,2.835517204770731,8.897038706208987,5.902878279439555,-3.0673610746688245
bls_employment_2023-09-01,employment,2023-09-01 13:30:00+00:00,2023,XAGUSD,metal,49.008785997110294,14.534886279833202,16.186337024832525,15.109538471507541,-0.574652191674339
bls_employment_2023-09-01,employment,2023-09-01 13:30:00+00:00,2023,SPXUSD,equity,26.14293429847523,0.27777269509341534,6.142741130283113,8.986472919563095,-8.70870022446968
bls_employment_2023-09-01,employment,2023-09-01 13:30:00+00:00,2023,NSXUSD,equity,39.42381665547875,6.139149064549513,8.388934437539874,11.26067714050368,-5.121528075954166
bls_employment_2023-09-01,employment,2023-09-01 13:30:00+00:00,2023,GRXEUR,equity,18.646870012848414,4.687472166942784,7.247100612726976,15.27138135673578,-10.583909189792998
bls_employment_2023-09-01,employment,2023-09-01 13:30:00+00:00,2023,UKXGBP,equity,1.9995612809698649,8.549539748773297,5.790466189033008,7.875159675948809,0.674380072824488
bls_employment_2023-09-01,employment,2023-09-01 13:30:00+00:00,2023,BCOUSD,energy,36.54515676098015,23.91038166058758,16.33540746152086,10.026052962213171,13.884328698374407
bls_cpi_2023-09-13,cpi,2023-09-13 13:30:00+00:00,2023,EURUSD,fx,16.29521700323967,3.536133739924358,6.620574584901326,6.941139364349171,-3.405005624424813
bls_cpi_2023-09-13,cpi,2023-09-13 13:30:00+00:00,2023,GBPUSD,fx,14.670223285595837,1.2016679165129622,6.389712799340397,8.845001064623236,-7.643333148110274
bls_cpi_2023-09-13,cpi,2023-09-13 13:30:00+00:00,2023,AUDUSD,fx,11.241570007238446,2.652416444929251,9.55351528408817,12.49945292195197,-9.84703647702272
bls_cpi_2023-09-13,cpi,2023-09-13 13:30:00+00:00,2023,NZDUSD,fx,16.096378402319022,2.7084215146506763,7.540073512971974,11.316336688958366,-8.607915174307688
bls_cpi_2023-09-13,cpi,2023-09-13 13:30:00+00:00,2023,USDJPY,fx,5.019705842111927,3.9345775246242436,7.135370402474166,5.4116750802380835,-1.47709755561384
bls_cpi_2023-09-13,cpi,2023-09-13 13:30:00+00:00,2023,USDCHF,fx,12.996327006301236,4.931629779396445,4.089332367995599,7.468088336132386,-2.5364585567359406
bls_cpi_2023-09-13,cpi,2023-09-13 13:30:00+00:00,2023,USDCAD,fx,4.054029207678853,9.88397475227778,3.4478355813671056,5.540613550318349,4.343361201959431
bls_cpi_2023-09-13,cpi,2023-09-13 13:30:00+00:00,2023,EURJPY,fx,11.432795679242053,0.31563763539558065,2.2975437432396575,4.326734564887353,-4.011096929491773
bls_cpi_2023-09-13,cpi,2023-09-13 13:30:00+00:00,2023,XAUUSD,metal,3.889041457887078,5.5822914636633305,9.65513466165838,13.07054467739593,-7.488253213732599
bls_cpi_2023-09-13,cpi,2023-09-13 13:30:00+00:00,2023,XAGUSD,metal,21.883762234824108,24.889212245903398,23.184236428437114,28.360898866709334,-3.4716866208059365
bls_cpi_2023-09-13,cpi,2023-09-13 13:30:00+00:00,2023,SPXUSD,equity,1.8047043197884094,2.8671977642627247,3.202455838058441,8.74846429410994,-5.881266529847215
bls_cpi_2023-09-13,cpi,2023-09-13 13:30:00+00:00,2023,NSXUSD,equity,13.271515854026456,8.12336881809924,4.5652245504121085,11.250792685165813,-3.1274238670665735
bls_cpi_2023-09-13,cpi,2023-09-13 13:30:00+00:00,2023,GRXEUR,equity,4.864316514714719,0.2609452290332912,7.717866824899357,15.855913313605944,-15.594968084572653
bls_cpi_2023-09-13,cpi,2023-09-13 13:30:00+00:00,2023,UKXGBP,equity,5.596317148990294,11.04230405149595,4.747429583482671,11.5893810885291,-0.5470770370331497
bls_cpi_2023-09-13,cpi,2023-09-13 13:30:00+00:00,2023,BCOUSD,energy,2.163729412442144,6.493998691308445,11.702465950835435,16.491235118283576,-9.997236426975132
bls_employment_2023-10-06,employment,2023-10-06 13:30:00+00:00,2023,EURUSD,fx,46.80203155584499,12.854267719950244,5.310276136175734,3.8264738436626753,9.027793876287568
bls_employment_2023-10-06,employment,2023-10-06 13:30:00+00:00,2023,GBPUSD,fx,54.96121785694217,13.189568964560998,6.7018322867848426,6.191188406835677,6.998380557725321
bls_employment_2023-10-06,employment,2023-10-06 13:30:00+00:00,2023,AUDUSD,fx,51.70984705710811,3.477930982319389,6.629985432324964,10.40811444325492,-6.930183460935531
bls_employment_2023-10-06,employment,2023-10-06 13:30:00+00:00,2023,NZDUSD,fx,51.9490421249815,3.0335715481405154,6.623384147023908,11.083684626999666,-8.050113078859152
bls_employment_2023-10-06,employment,2023-10-06 13:30:00+00:00,2023,USDJPY,fx,18.231790022359057,6.426821488633755,2.919926946501971,6.151937823366049,0.2748836652677058
bls_employment_2023-10-06,employment,2023-10-06 13:30:00+00:00,2023,USDCHF,fx,47.475367021525734,2.7279026417044565,2.8125543349007196,6.782561792789067,-4.054659151084611
bls_employment_2023-10-06,employment,2023-10-06 13:30:00+00:00,2023,USDCAD,fx,4.373082290927111,0.36450986185410156,12.16647984452173,5.896774269465584,-5.532264407611482
bls_employment_2023-10-06,employment,2023-10-06 13:30:00+00:00,2023,EURJPY,fx,29.143408641464116,6.119444086501581,3.97628867624456,4.7210223598453975,1.3984217266561831
bls_employment_2023-10-06,employment,2023-10-06 13:30:00+00:00,2023,XAUUSD,metal,26.08474614237636,1.5430015267749995,1.2317098699334563,12.506856754099203,-10.963855227324204
bls_employment_2023-10-06,employment,2023-10-06 13:30:00+00:00,2023,XAGUSD,metal,72.00965807217847,47.74646198289705,16.109544035854782,46.84946227791472,0.8969997049823348
bls_employment_2023-10-06,employment,2023-10-06 13:30:00+00:00,2023,SPXUSD,equity,94.48078117920083,5.8113658866372715,5.144343304234419,8.71838408435548,-2.907018197718208
bls_employment_2023-10-06,employment,2023-10-06 13:30:00+00:00,2023,NSXUSD,equity,125.22892703805257,11.453846721064568,7.801411782682314,9.161993416463364,2.2918533046012044
bls_employment_2023-10-06,employment,2023-10-06 13:30:00+00:00,2023,GRXEUR,equity,63.41586243017942,21.935878549547905,7.111722994773774,9.992997464403075,11.94288108514483
bls_employment_2023-10-06,employment,2023-10-06 13:30:00+00:00,2023,UKXGBP,equity,36.15510205078908,5.2381445935878475,5.9832224784273045,6.237386555221277,-0.9992419616334294
bls_employment_2023-10-06,employment,2023-10-06 13:30:00+00:00,2023,BCOUSD,energy,38.18939397259023,57.82395948460257,5.400489676860106,16.92008313969034,40.90387634491223
bls_cpi_2023-10-12,cpi,2023-10-12 13:30:00+00:00,2023,EURUSD,fx,37.3511342456,3.780611180819531,13.296621866552258,14.656878848756902,-10.876267667937372
bls_cpi_2023-10-12,cpi,2023-10-12 13:30:00+00:00,2023,GBPUSD,fx,32.075053753531805,2.6911644341550685,12.00834860229495,17.407342933952023,-14.716178499796955
bls_cpi_2023-10-12,cpi,2023-10-12 13:30:00+00:00,2023,AUDUSD,fx,33.625568323167904,2.8202999105820616,14.177881149988501,21.957763686915268,-19.137463776333206
bls_cpi_2023-10-12,cpi,2023-10-12 13:30:00+00:00,2023,NZDUSD,fx,27.891691498751285,0.501760342641349,14.225835667236256,24.935026555955112,-24.433266213313765
bls_cpi_2023-10-12,cpi,2023-10-12 13:30:00+00:00,2023,USDJPY,fx,13.73621987553442,7.563613357950827,7.239045861663695,10.739229817335309,-3.1756164593844813
bls_cpi_2023-10-12,cpi,2023-10-12 13:30:00+00:00,2023,USDCHF,fx,26.720048715515084,1.439510126117112,11.266138657861063,14.838196541650031,-13.39868641553292
bls_cpi_2023-10-12,cpi,2023-10-12 13:30:00+00:00,2023,USDCAD,fx,8.602910078711192,1.9846301486353886,6.0271781140184295,9.896880837020396,-7.912250688385007
bls_cpi_2023-10-12,cpi,2023-10-12 13:30:00+00:00,2023,EURJPY,fx,23.51068543432902,3.606031601342926,6.2133100565231345,5.879964086308784,-2.2739324849658584
bls_cpi_2023-10-12,cpi,2023-10-12 13:30:00+00:00,2023,XAUUSD,metal,21.684200561212947,7.132041529772919,12.924619840322528,18.616672071991097,-11.484630542218177
bls_cpi_2023-10-12,cpi,2023-10-12 13:30:00+00:00,2023,XAGUSD,metal,47.09300498325665,29.006546806373116,49.124167977462236,35.549487507780505,-6.542940701407389
bls_cpi_2023-10-12,cpi,2023-10-12 13:30:00+00:00,2023,SPXUSD,equity,34.485060105072456,1.6778893150622831,16.46679201223046,21.18800808941703,-19.510118774354744
bls_cpi_2023-10-12,cpi,2023-10-12 13:30:00+00:00,2023,NSXUSD,equity,37.50499808047614,7.61320797799504,24.772154610600303,23.244948101365054,-15.631740123370015
bls_cpi_2023-10-12,cpi,2023-10-12 13:30:00+00:00,2023,GRXEUR,equity,40.390305846338826,0.023765139582347456,9.85639128208612,31.448293081296924,-31.424527941714576
bls_cpi_2023-10-12,cpi,2023-10-12 13:30:00+00:00,2023,UKXGBP,equity,16.594887500157785,4.294646758240582,8.427078682709766,12.86012719756015,-8.565480439319568
bls_cpi_2023-10-12,cpi,2023-10-12 13:30:00+00:00,2023,BCOUSD,energy,5.724885086169857,18.915407936041873,12.366151792726088,24.71054061172566,-5.795132675683785
bls_employment_2023-11-03,employment,2023-11-03 13:30:00+00:00,2023,EURUSD,fx,3.548350987815295,6.346539948896134,6.95449298864076,8.423233435415247,-2.0766934865191127
bls_employment_2023-11-03,employment,2023-11-03 13:30:00+00:00,2023,GBPUSD,fx,6.004982692965381,6.812099849836473,7.267567710263113,10.74261831601222,-3.930518466175746
bls_employment_2023-11-03,employment,2023-11-03 13:30:00+00:00,2023,AUDUSD,fx,7.0797552746306485,3.9993847633522295,8.86960248110018,6.572744093048843,-2.573359329696614
bls_employment_2023-11-03,employment,2023-11-03 13:30:00+00:00,2023,NZDUSD,fx,9.5419055895095,12.374169666967694,7.933158863475022,5.9709516450716205,6.403218021896073
bls_employment_2023-11-03,employment,2023-11-03 13:30:00+00:00,2023,USDJPY,fx,6.024701457461012,0.9375020933260324,3.6270577544771108,2.9434386199544678,-2.0059365266284352
bls_employment_2023-11-03,employment,2023-11-03 13:30:00+00:00,2023,USDCHF,fx,5.556914055283393,2.111991115254865,4.988301974061675,5.081756095871652,-2.9697649806167874
bls_employment_2023-11-03,employment,2023-11-03 13:30:00+00:00,2023,USDCAD,fx,7.014467626496754,4.7521742090921455,4.390178644599444,4.352679131423611,0.39949507766853465
bls_employment_2023-11-03,employment,2023-11-03 13:30:00+00:00,2023,EURJPY,fx,2.5003125520928253,5.187451483971021,4.754389289791839,5.2888783126693175,-0.10142682869829667
bls_employment_2023-11-03,employment,2023-11-03 13:30:00+00:00,2023,XAUUSD,metal,21.728993409400843,4.5104982609956625,24.70447071756101,24.753767443731917,-20.243269182736256
bls_employment_2023-11-03,employment,2023-11-03 13:30:00+00:00,2023,XAGUSD,metal,28.66949533325617,75.1915733098266,47.35599062699778,45.597817265589796,29.593756044236798
bls_employment_2023-11-03,employment,2023-11-03 13:30:00+00:00,2023,SPXUSD,equity,2.0807764870000276,28.458995408574776,8.970970715676911,10.96276541171633,17.496229996858446
bls_employment_2023-11-03,employment,2023-11-03 13:30:00+00:00,2023,NSXUSD,equity,14.395294397496379,39.38085467739166,12.022147148761878,12.241579272459205,27.139275404932455
bls_employment_2023-11-03,employment,2023-11-03 13:30:00+00:00,2023,GRXEUR,equity,14.375919328611468,14.375919328610781,11.053728031523212,17.725351058534695,-3.3494317299239142
bls_employment_2023-11-03,employment,2023-11-03 13:30:00+00:00,2023,UKXGBP,equity,9.498385511157677,10.737984877455974,6.772572298492901,10.813023709533136,-0.075038832077162
bls_employment_2023-11-03,employment,2023-11-03 13:30:00+00:00,2023,BCOUSD,energy,49.995754170320666,29.347219214309884,5.9932961206426,24.5150670772519,4.832152137057985
bls_cpi_2023-11-14,cpi,2023-11-14 13:30:00+00:00,2023,EURUSD,fx,58.841470230486195,3.521355202123525,9.09638795059924,7.843584263208234,-4.322229061084709
bls_cpi_2023-11-14,cpi,2023-11-14 13:30:00+00:00,2023,GBPUSD,fx,74.95284722113487,17.180125293115598,11.042623906984009,5.3269973159956345,11.853127977119964
bls_cpi_2023-11-14,cpi,2023-11-14 13:30:00+00:00,2023,AUDUSD,fx,99.73627029101915,7.141526727171537,11.843037062304248,2.5584853570458446,4.5830413701256925
bls_cpi_2023-11-14,cpi,2023-11-14 13:30:00+00:00,2023,NZDUSD,fx,115.8569167826742,6.060708278248606,14.591702035805554,2.8971298262962972,3.163578451952309
bls_cpi_2023-11-14,cpi,2023-11-14 13:30:00+00:00,2023,USDJPY,fx,36.39790651543884,10.19665055571975,4.724236230665564,3.1720295687450895,7.02462098697466
bls_cpi_2023-11-14,cpi,2023-11-14 13:30:00+00:00,2023,USDCHF,fx,62.7861662477632,0.8933456918754268,10.672009132764714,4.654060036777121,-3.7607143449016944
bls_cpi_2023-11-14,cpi,2023-11-14 13:30:00+00:00,2023,USDCAD,fx,37.97546307778223,10.679376380492867,13.282972841948562,5.3509861427485435,5.3283902377443235
bls_cpi_2023-11-14,cpi,2023-11-14 13:30:00+00:00,2023,EURJPY,fx,22.167035471705827,6.872051270879522,4.6915647889395915,6.771852703460847,0.10019856741867539
bls_cpi_2023-11-14,cpi,2023-11-14 13:30:00+00:00,2023,XAUUSD,metal,48.49215098950901,1.4830573510110647,15.02864300569688,20.157384775512753,-18.674327424501687
bls_cpi_2023-11-14,cpi,2023-11-14 13:30:00+00:00,2023,XAGUSD,metal,120.11757124643697,11.902926438949315,39.68502641402553,24.740249096030563,-12.837322657081248
bls_cpi_2023-11-14,cpi,2023-11-14 13:30:00+00:00,2023,SPXUSD,equity,98.04594415572136,26.775498558957842,9.457209916384745,9.938848886028975,16.836649672928868
bls_cpi_2023-11-14,cpi,2023-11-14 13:30:00+00:00,2023,NSXUSD,equity,120.31097987160635,16.860109430614973,14.083806197979662,12.552590250579089,4.307519180035884
bls_cpi_2023-11-14,cpi,2023-11-14 13:30:00+00:00,2023,GRXEUR,equity,61.14661788102145,14.070416197534888,9.388052709929108,11.222822506560233,2.847593690974655
bls_cpi_2023-11-14,cpi,2023-11-14 13:30:00+00:00,2023,UKXGBP,equity,32.39971589790602,20.915998829233114,8.669469849989266,8.617727423654175,12.298271405578939
bls_cpi_2023-11-14,cpi,2023-11-14 13:30:00+00:00,2023,BCOUSD,energy,75.90675466891997,33.16432631907521,27.13611097582904,9.7843793330812,23.37994698599401
bls_employment_2023-12-08,employment,2023-12-08 13:30:00+00:00,2023,EURUSD,fx,29.19302928606512,9.12035204492321,3.0619521315489684,4.772651154661648,4.347700890261563
bls_employment_2023-12-08,employment,2023-12-08 13:30:00+00:00,2023,GBPUSD,fx,30.04285554803226,11.725060666486941,3.2320890818527395,5.4041507158985205,6.320909950588421
bls_employment_2023-12-08,employment,2023-12-08 13:30:00+00:00,2023,AUDUSD,fx,33.53289286737338,11.392550504976153,3.0972928072696213,6.805250490814223,4.58730001416193
bls_employment_2023-12-08,employment,2023-12-08 13:30:00+00:00,2023,NZDUSD,fx,40.919188827021706,13.060160210788787,2.8854410393649337,10.093400589056882,2.9667596217319048
bls_employment_2023-12-08,employment,2023-12-08 13:30:00+00:00,2023,USDJPY,fx,40.72227062298973,46.54339592769647,2.7191902044779446,6.820256320035488,39.72313960766098
bls_employment_2023-12-08,employment,2023-12-08 13:30:00+00:00,2023,USDCHF,fx,42.726586776166386,2.501591935179139,3.868889769974204,4.379435969950151,-1.8778440347710124
bls_employment_2023-12-08,employment,2023-12-08 13:30:00+00:00,2023,USDCAD,fx,13.186442713566757,2.8707183249608597,7.348218854808374,3.878374053228529,-1.0076557282676695
bls_employment_2023-12-08,employment,2023-12-08 13:30:00+00:00,2023,EURJPY,fx,11.634597845825322,37.4590127142292,0.6309662269639167,6.651041118587706,30.807971595641497
bls_employment_2023-12-08,employment,2023-12-08 13:30:00+00:00,2023,XAUUSD,metal,58.946310624452536,10.06325559335431,9.691578695529195,9.045400610296896,1.017854983057413
bls_employment_2023-12-08,employment,2023-12-08 13:30:00+00:00,2023,XAGUSD,metal,116.38618796206397,26.782883477285996,20.498651754483532,37.24012339521331,-10.457239917927314
bls_employment_2023-12-08,employment,2023-12-08 13:30:00+00:00,2023,SPXUSD,equity,18.553998174079442,16.538308765992056,1.5343599064420814,8.74581580290093,7.792492963091126
bls_employment_2023-12-08,employment,2023-12-08 13:30:00+00:00,2023,NSXUSD,equity,26.984173418820053,18.375710743860456,2.51915685363059,12.197223953731154,6.178486790129302
bls_employment_2023-12-08,employment,2023-12-08 13:30:00+00:00,2023,GRXEUR,equity,13.224634858323077,18.086470111622976,4.0778681148678135,9.235054441034947,8.851415670588029
bls_employment_2023-12-08,employment,2023-12-08 13:30:00+00:00,2023,UKXGBP,equity,1.3325355853541831,21.90516837641849,4.383836410898484,9.885287932447808,12.019880443970683
bls_employment_2023-12-08,employment,2023-12-08 13:30:00+00:00,2023,BCOUSD,energy,13.880537091902664,3.3077315217478893,10.785784028013355,16.2248040792295,-12.91707255748161
bls_cpi_2023-12-12,cpi,2023-12-12 13:30:00+00:00,2023,EURUSD,fx,6.571062573612362,22.70800807100474,3.724912977780024,7.441135561850589,15.266872509154151
bls_cpi_2023-12-12,cpi,2023-12-12 13:30:00+00:00,2023,GBPUSD,fx,1.5891682326936025,33.11208590738416,3.9843372531362,5.823944431395697,27.288141475988468
bls_cpi_2023-12-12,cpi,2023-12-12 13:30:00+00:00,2023,AUDUSD,fx,11.994687336741192,35.613223650622956,3.449897631310867,8.387181683975768,27.226041966647188
bls_cpi_2023-12-12,cpi,2023-12-12 13:30:00+00:00,2023,NZDUSD,fx,14.319656171637932,31.150894886502016,3.800053279633272,9.453036338783111,21.697858547718905
bls_cpi_2023-12-12,cpi,2023-12-12 13:30:00+00:00,2023,USDJPY,fx,18.864682519770955,16.563293077241322,4.920933581480934,6.528258052696409,10.035035024544914
bls_cpi_2023-12-12,cpi,2023-12-12 13:30:00+00:00,2023,USDCHF,fx,9.147876043876892,23.517334887015345,3.035718269316839,4.033642693963428,19.483692193051915
bls_cpi_2023-12-12,cpi,2023-12-12 13:30:00+00:00,2023,USDCAD,fx,3.4657316911988434,20.474906987959642,3.8358796621429665,3.3127567431928107,17.16215024476683
bls_cpi_2023-12-12,cpi,2023-12-12 13:30:00+00:00,2023,EURJPY,fx,11.97963605382553,5.669421902688672,2.812328053531795,2.943144944723534,2.7262769579651382
bls_cpi_2023-12-12,cpi,2023-12-12 13:30:00+00:00,2023,XAUUSD,metal,3.6701491598592813,22.0492270164053,15.460789555367324,16.151383609379735,5.897843407025565
bls_cpi_2023-12-12,cpi,2023-12-12 13:30:00+00:00,2023,XAGUSD,metal,12.175502656432254,54.46992572913933,40.45088901627645,33.73504461307916,20.734881116060166
bls_cpi_2023-12-12,cpi,2023-12-12 13:30:00+00:00,2023,SPXUSD,equity,7.40429902180909,18.071521496011272,3.411961720592106,7.295457987876421,10.77606350813485
bls_cpi_2023-12-12,cpi,2023-12-12 13:30:00+00:00,2023,NSXUSD,equity,9.862558919516836,16.105968913250862,3.1110835484442947,10.11068976538281,5.995279147868052
bls_cpi_2023-12-12,cpi,2023-12-12 13:30:00+00:00,2023,GRXEUR,equity,19.065727131235068,15.105856471178862,6.988440400599391,6.277618509950079,8.828237961228783
bls_cpi_2023-12-12,cpi,2023-12-12 13:30:00+00:00,2023,UKXGBP,equity,25.860669724864195,3.829989553070601,6.530610949334357,3.646160771810102,0.18382878126049906
bls_cpi_2023-12-12,cpi,2023-12-12 13:30:00+00:00,2023,BCOUSD,energy,12.096641666489312,102.82111737594067,27.903443288820746,21.12805030204338,81.6930670738973
bls_employment_2024-01-05,employment,2024-01-05 13:30:00+00:00,2024,EURUSD,fx,25.76269503497712,31.072008427487003,6.965037835803253,7.527567610767383,23.54444081671962
bls_employment_2024-01-05,employment,2024-01-05 13:30:00+00:00,2024,GBPUSD,fx,29.019104167820217,24.833533269875648,5.368588327050134,10.561377991169884,14.272155278705764
bls_employment_2024-01-05,employment,2024-01-05 13:30:00+00:00,2024,AUDUSD,fx,39.89506603797305,51.563504240121816,8.768757670437857,13.986367380166639,37.577136859955175
bls_employment_2024-01-05,employment,2024-01-05 13:30:00+00:00,2024,NZDUSD,fx,40.30183427630648,44.966351060655406,7.273322096468148,13.625397819120185,31.34095324153522
bls_employment_2024-01-05,employment,2024-01-05 13:30:00+00:00,2024,USDJPY,fx,44.67637731232604,28.913763099512906,11.526449581061243,11.163674935715179,17.750088163797727
bls_employment_2024-01-05,employment,2024-01-05 13:30:00+00:00,2024,USDCHF,fx,23.422505672415355,28.582827603360478,6.380714115876954,12.602650434999624,15.980177168360854
bls_employment_2024-01-05,employment,2024-01-05 13:30:00+00:00,2024,USDCAD,fx,14.205503656128581,21.016345881680817,6.044795156574231,5.4038934572148305,15.612452424465985
bls_employment_2024-01-05,employment,2024-01-05 13:30:00+00:00,2024,EURJPY,fx,18.967147161574886,2.266089243255421,4.182068522339974,5.647245644254232,-3.381156400998811
bls_employment_2024-01-05,employment,2024-01-05 13:30:00+00:00,2024,XAUUSD,metal,58.952983905050125,69.43858064605512,10.218918339885423,21.533806918327763,47.90477372772735
bls_employment_2024-01-05,employment,2024-01-05 13:30:00+00:00,2024,XAGUSD,metal,68.43519941646478,96.63172606862274,9.919580465860111,40.46917880583376,56.16254726278898
bls_employment_2024-01-05,employment,2024-01-05 13:30:00+00:00,2024,SPXUSD,equity,33.25753755635726,35.44885401450068,3.6738973268761406,11.461982366012803,23.986871648487877
bls_employment_2024-01-05,employment,2024-01-05 13:30:00+00:00,2024,NSXUSD,equity,35.09141322861001,33.74969964047492,3.3918164427528854,9.768331908036803,23.98136773243812
bls_employment_2024-01-05,employment,2024-01-05 13:30:00+00:00,2024,GRXEUR,equity,23.661816135851847,38.50980953151949,4.101299870635903,8.870071837582131,29.639737693937356
bls_employment_2024-01-05,employment,2024-01-05 13:30:00+00:00,2024,UKXGBP,equity,13.554321549361706,33.42340399655464,2.363526181291583,11.617980589640691,21.80542340691395
bls_employment_2024-01-05,employment,2024-01-05 13:30:00+00:00,2024,BCOUSD,energy,20.451734660537454,45.32086577205537,11.251494518463211,14.980537232044636,30.340328540010734
bls_cpi_2024-01-11,cpi,2024-01-11 13:30:00+00:00,2024,EURUSD,fx,9.561405435365804,36.59982089215902,8.047701307779954,18.78410918599047,17.815711706168553
bls_cpi_2024-01-11,cpi,2024-01-11 13:30:00+00:00,2024,GBPUSD,fx,0.7840062724516192,38.649212675835834,10.456793546856776,15.722931595634066,22.92628108020177
bls_cpi_2024-01-11,cpi,2024-01-11 13:30:00+00:00,2024,AUDUSD,fx,15.513823837407594,54.48870568716958,12.005966285601277,14.742745759599446,39.745959927570134
bls_cpi_2024-01-11,cpi,2024-01-11 13:30:00+00:00,2024,NZDUSD,fx,14.738632295875245,51.75695483432669,13.226886501435756,14.187387597737368,37.56956723658932
bls_cpi_2024-01-11,cpi,2024-01-11 13:30:00+00:00,2024,USDJPY,fx,22.33439977861625,45.95473575175119,15.512681327622655,15.074936620144564,30.879799131606624
bls_cpi_2024-01-11,cpi,2024-01-11 13:30:00+00:00,2024,USDCHF,fx,11.405526449094587,46.5452486692398,9.585125899378045,14.973167052539862,31.572081616699933
bls_cpi_2024-01-11,cpi,2024-01-11 13:30:00+00:00,2024,USDCAD,fx,6.358206601580023,25.317887270574694,4.936649685913684,3.998119684895801,21.319767585678893
bls_cpi_2024-01-11,cpi,2024-01-11 13:30:00+00:00,2024,EURJPY,fx,12.265486712739108,9.189252347740865,9.07892848375019,13.646733650385745,-4.457481302644879
bls_cpi_2024-01-11,cpi,2024-01-11 13:30:00+00:00,2024,XAUUSD,metal,10.917951191513824,29.922092066202673,16.308530145982914,18.259164391499475,11.662927674703198
bls_cpi_2024-01-11,cpi,2024-01-11 13:30:00+00:00,2024,XAGUSD,metal,19.49022857487055,90.14758925835741,25.11478092018659,32.16206575740675,57.98552350095066
bls_cpi_2024-01-11,cpi,2024-01-11 13:30:00+00:00,2024,SPXUSD,equity,13.046790138456403,31.696238326479307,7.802675523732443,10.004166973411252,21.692071353068055
bls_cpi_2024-01-11,cpi,2024-01-11 13:30:00+00:00,2024,NSXUSD,equity,27.42401282145796,34.489027725399005,10.508551771572128,10.57003439599341,23.918993329405595
bls_cpi_2024-01-11,cpi,2024-01-11 13:30:00+00:00,2024,GRXEUR,equity,11.955547128631215,41.68991723193385,3.8410163632461414,4.847899953739122,36.842017278194724
bls_cpi_2024-01-11,cpi,2024-01-11 13:30:00+00:00,2024,UKXGBP,equity,1.9037793870082893,28.63677414795198,6.873370055665181,5.361531520309755,23.275242627642225
bls_cpi_2024-01-11,cpi,2024-01-11 13:30:00+00:00,2024,BCOUSD,energy,3.196093123007042,34.58305292446102,15.19224346388853,29.486607156320147,5.096445768140875
bls_employment_2024-02-02,employment,2024-02-02 13:30:00+00:00,2024,EURUSD,fx,60.92325118045727,8.508985816896594,8.280276873504558,5.8468541042675515,2.6621317126290425
bls_employment_2024-02-02,employment,2024-02-02 13:30:00+00:00,2024,GBPUSD,fx,53.84915632039599,12.06734195661609,7.654529880483159,6.110548377959218,5.956793578656872
bls_employment_2024-02-02,employment,2024-02-02 13:30:00+00:00,2024,AUDUSD,fx,82.27495065247788,9.319451590797403,15.790748857626781,11.297811434525267,-1.9783598437278638
bls_employment_2024-02-02,employment,2024-02-02 13:30:00+00:00,2024,NZDUSD,fx,93.03911070353892,6.2334937468969684,15.233185696107169,9.666565601346228,-3.4330718544492598
bls_employment_2024-02-02,employment,2024-02-02 13:30:00+00:00,2024,USDJPY,fx,72.55959547199721,14.67877760056305,14.218341955501522,8.350129453328627,6.328648147234423
bls_employment_2024-02-02,employment,2024-02-02 13:30:00+00:00,2024,USDCHF,fx,74.25546223698106,9.851475330689112,9.586791073744333,10.255600233027952,-0.4041249023388396
bls_employment_2024-02-02,employment,2024-02-02 13:30:00+00:00,2024,USDCAD,fx,35.01270826519214,12.958675560196658,8.602821371046355,4.177406118375565,8.781269441821093
bls_employment_2024-02-02,employment,2024-02-02 13:30:00+00:00,2024,EURJPY,fx,11.521820720199546,6.068663672604519,7.636509971891385,8.094154635974178,-2.025490963369659
bls_employment_2024-02-02,employment,2024-02-02 13:30:00+00:00,2024,XAUUSD,metal,74.02964728503215,40.07513111912814,13.886020785092798,15.287603840418576,24.78752727870956
bls_employment_2024-02-02,employment,2024-02-02 13:30:00+00:00,2024,XAGUSD,metal,163.60550774419735,96.79847510983839,36.30097440256533,30.951391990326403,65.84708311951199
bls_employment_2024-02-02,employment,2024-02-02 13:30:00+00:00,2024,SPXUSD,equity,41.625329930494104,10.767512471761306,10.166093542481907,9.253396792078679,1.514115679682627
bls_employment_2024-02-02,employment,2024-02-02 13:30:00+00:00,2024,NSXUSD,equity,47.750639282323874,10.002375407527401,15.144880530542165,10.323396391032617,-0.3210209835052158
bls_employment_2024-02-02,employment,2024-02-02 13:30:00+00:00,2024,GRXEUR,equity,24.467870196912514,0.5902916969464548,7.897495920276244,12.51829113610748,-11.927999439161026
bls_employment_2024-02-02,employment,2024-02-02 13:30:00+00:00,2024,UKXGBP,equity,17.192763447912583,1.049808437104348,4.0106978006661995,12.457698116992674,-11.407889679888326
bls_employment_2024-02-02,employment,2024-02-02 13:30:00+00:00,2024,BCOUSD,energy,17.917023401200556,6.402622732902411,15.740288507634395,16.811028069580793,-10.408405336678381
bls_cpi_2024-02-13,cpi,2024-02-13 13:30:00+00:00,2024,EURUSD,fx,63.76315917003481,20.34835581795743,5.919226818143503,6.5324943815474,13.81586143641003
bls_cpi_2024-02-13,cpi,2024-02-13 13:30:00+00:00,2024,GBPUSD,fx,68.31260264217289,4.290038437806624,5.06139914949347,9.049521752230945,-4.759483314424321
bls_cpi_2024-02-13,cpi,2024-02-13 13:30:00+00:00,2024,AUDUSD,fx,89.5073874794202,16.388630579509165,7.483696295313839,9.297443239099078,7.091187340410087
bls_cpi_2024-02-13,cpi,2024-02-13 13:30:00+00:00,2024,NZDUSD,fx,91.25588538377757,13.859558712731342,7.631481165806221,10.034017949372805,3.8255407633585374
bls_cpi_2024-02-13,cpi,2024-02-13 13:30:00+00:00,2024,USDJPY,fx,67.1461511057409,10.504970880624018,8.972487285557854,7.851103671128473,2.6538672094955453
bls_cpi_2024-02-13,cpi,2024-02-13 13:30:00+00:00,2024,USDCHF,fx,77.22834239879664,13.659739202240692,4.637600255124454,9.905332913712156,3.7544062885285356
bls_cpi_2024-02-13,cpi,2024-02-13 13:30:00+00:00,2024,USDCAD,fx,41.79276752067423,21.31155626128727,7.145056827888826,4.731014366151818,16.58054189513545
bls_cpi_2024-02-13,cpi,2024-02-13 13:30:00+00:00,2024,EURJPY,fx,3.722292230507662,10.36382064682152,3.3788004835945533,5.097150719816403,5.2666699270051165
bls_cpi_2024-02-13,cpi,2024-02-13 13:30:00+00:00,2024,XAUUSD,metal,69.44523876580273,63.43521300625028,9.200384875328394,10.691151771463975,52.7440612347863
bls_cpi_2024-02-13,cpi,2024-02-13 13:30:00+00:00,2024,XAGUSD,metal,143.10805425894105,67.1934889899489,25.43207408035156,22.417446347528916,44.77604264241999
bls_cpi_2024-02-13,cpi,2024-02-13 13:30:00+00:00,2024,SPXUSD,equity,75.77180298715872,23.499420407791767,5.3433651841973155,5.400700472250182,18.098719935541585
bls_cpi_2024-02-13,cpi,2024-02-13 13:30:00+00:00,2024,NSXUSD,equity,94.14347221944071,15.621404712855968,7.322261306888043,6.317603464718891,9.303801248137077
bls_cpi_2024-02-13,cpi,2024-02-13 13:30:00+00:00,2024,GRXEUR,equity,43.374020192261874,13.715512107900233,5.145410776111925,10.356521405439935,3.3589907024602983
bls_cpi_2024-02-13,cpi,2024-02-13 13:30:00+00:00,2024,UKXGBP,equity,27.15288249664471,13.401630252560441,3.1484939084338825,10.437776065116577,2.9638541874438644
bls_cpi_2024-02-13,cpi,2024-02-13 13:30:00+00:00,2024,BCOUSD,energy,10.889556782219909,21.81475299437749,6.628805420764171,31.879340728710023,-10.064587734332534
bls_employment_2024-03-08,employment,2024-03-08 13:30:00+00:00,2024,EURUSD,fx,12.969104301120364,3.467754481233485,11.28236880571272,5.061175299902833,-1.593420818669348
bls_employment_2024-03-08,employment,2024-03-08 13:30:00+00:00,2024,GBPUSD,fx,16.40294065861053,5.438752018204209,11.364116239096433,6.756111440627018,-1.3173594224228093
bls_employment_2024-03-08,employment,2024-03-08 13:30:00+00:00,2024,AUDUSD,fx,17.898375124005348,14.43652691405323,15.304079608799729,5.224344183336203,9.212182730717027
bls_employment_2024-03-08,employment,2024-03-08 13:30:00+00:00,2024,NZDUSD,fx,18.234781838018556,7.5803398654220295,15.345697353411431,7.124452309250621,0.4558875561714082
bls_employment_2024-03-08,employment,2024-03-08 13:30:00+00:00,2024,USDJPY,fx,18.781648506490672,8.91887626821997,9.787490814163945,6.104973569972483,2.813902698247487
bls_employment_2024-03-08,employment,2024-03-08 13:30:00+00:00,2024,USDCHF,fx,19.07667228062673,2.6294880081080763,10.194375256493492,6.44478125411961,-3.8152932460115334
bls_employment_2024-03-08,employment,2024-03-08 13:30:00+00:00,2024,USDCAD,fx,8.405768488303291,4.612889387334634,8.389451441024093,5.960457557582451,-1.3475681702478175
bls_employment_2024-03-08,employment,2024-03-08 13:30:00+00:00,2024,EURJPY,fx,5.531506419923174,12.48815806665418,3.4529673356226036,5.090871696415361,7.3972863702388185
bls_employment_2024-03-08,employment,2024-03-08 13:30:00+00:00,2024,XAUUSD,metal,57.86856037211132,34.30322139681368,20.030752856325,17.984917915746486,16.318303481067197
bls_employment_2024-03-08,employment,2024-03-08 13:30:00+00:00,2024,XAGUSD,metal,31.045776569937384,71.6320780551934,18.714975118674243,36.591442150644816,35.04063590454859
bls_employment_2024-03-08,employment,2024-03-08 13:30:00+00:00,2024,SPXUSD,equity,18.381032512194555,14.145608429467691,14.952196254844903,6.979689402109342,7.165919027358349
bls_employment_2024-03-08,employment,2024-03-08 13:30:00+00:00,2024,NSXUSD,equity,18.17552354503731,15.69962923628372,16.002785048377156,7.589227961326091,8.110401274957628
bls_employment_2024-03-08,employment,2024-03-08 13:30:00+00:00,2024,GRXEUR,equity,9.83302363640861,5.585480138816701,5.301861073609358,8.536616110346907,-2.9511359715302063
bls_employment_2024-03-08,employment,2024-03-08 13:30:00+00:00,2024,UKXGBP,equity,6.012408674391077,0.4973897158456684,2.647456757711815,11.04339778166857,-10.546008065822901
bls_employment_2024-03-08,employment,2024-03-08 13:30:00+00:00,2024,BCOUSD,energy,28.43816015829356,26.620540144927563,8.369692424291785,42.21043050097627,-15.58989035604871
bls_cpi_2024-03-12,cpi,2024-03-12 13:30:00+00:00,2024,EURUSD,fx,10.814676018072616,6.4168968256501335,3.5880328456723314,3.8117313481807793,2.6051654774693542
bls_cpi_2024-03-12,cpi,2024-03-12 13:30:00+00:00,2024,GBPUSD,fx,10.499428980763641,5.9562530660508965,4.4304562226805375,4.95309023728693,1.0031628287639665
bls_cpi_2024-03-12,cpi,2024-03-12 13:30:00+00:00,2024,AUDUSD,fx,17.73386039707956,7.885598576737731,4.9956558139059,5.126850095189651,2.7587484815480803
bls_cpi_2024-03-12,cpi,2024-03-12 13:30:00+00:00,2024,NZDUSD,fx,15.946112040302479,8.789778379868523,6.801413106695141,4.719461422887402,4.07031695698112
bls_cpi_2024-03-12,cpi,2024-03-12 13:30:00+00:00,2024,USDJPY,fx,11.837402835887337,9.333469278555032,5.240828881290405,3.7310068139571917,5.60246246459784
bls_cpi_2024-03-12,cpi,2024-03-12 13:30:00+00:00,2024,USDCHF,fx,9.107676123089155,3.52824018455947,4.221608412218532,4.186641270743136,-0.658401086183666
bls_cpi_2024-03-12,cpi,2024-03-12 13:30:00+00:00,2024,USDCAD,fx,10.43907120441456,7.8467954310087595,10.468360536383964,2.379713999033142,5.467081431975617
bls_cpi_2024-03-12,cpi,2024-03-12 13:30:00+00:00,2024,EURJPY,fx,0.8059141705767789,2.913996815223589,1.6022994746405197,4.352560507657744,-1.4385636924341547
bls_cpi_2024-03-12,cpi,2024-03-12 13:30:00+00:00,2024,XAUUSD,metal,34.71728115931922,13.235442369167165,14.182979722861996,22.928601122349665,-9.6931587531825
bls_cpi_2024-03-12,cpi,2024-03-12 13:30:00+00:00,2024,XAGUSD,metal,53.29159742187059,7.039192025822417,17.05710913952982,24.99582990609976,-17.956637880277345
bls_cpi_2024-03-12,cpi,2024-03-12 13:30:00+00:00,2024,SPXUSD,equity,22.076841680149155,23.101898285276505,2.835351227002477,4.700800729173084,18.401097556103423
bls_cpi_2024-03-12,cpi,2024-03-12 13:30:00+00:00,2024,NSXUSD,equity,31.267521925748195,27.27100599186359,5.128129008076616,6.6433446069791655,20.627661384884423
bls_cpi_2024-03-12,cpi,2024-03-12 13:30:00+00:00,2024,GRXEUR,equity,9.599416300982561,8.477874790348892,0.8662795618651682,4.329376267387376,4.148498522961516
bls_cpi_2024-03-12,cpi,2024-03-12 13:30:00+00:00,2024,UKXGBP,equity,14.138998852944496,13.20595625707014,3.459823945360359,9.11275622109551,4.093200035974629
bls_cpi_2024-03-12,cpi,2024-03-12 13:30:00+00:00,2024,BCOUSD,energy,30.455144872872367,55.96598258643509,13.873339081516868,24.0149887852277,31.95099380120739
bls_employment_2024-04-05,employment,2024-04-05 13:30:00+00:00,2024,EURUSD,fx,34.72835048796935,3.5152636809734013,3.3521795907533516,3.6923206211201047,-0.17705694014670348
bls_employment_2024-04-05,employment,2024-04-05 13:30:00+00:00,2024,GBPUSD,fx,41.612399492027706,5.0026403867018345,2.8862131294596534,4.355806311137096,0.6468340755647386
bls_employment_2024-04-05,employment,2024-04-05 13:30:00+00:00,2024,AUDUSD,fx,54.01100954720326,15.09158130623853,3.4497508128938783,5.479067306619136,9.612513999619393
bls_employment_2024-04-05,employment,2024-04-05 13:30:00+00:00,2024,NZDUSD,fx,57.585246921910375,11.343543737970013,3.096056098211414,6.897657430606153,4.4458863073638595
bls_employment_2024-04-05,employment,2024-04-05 13:30:00+00:00,2024,USDJPY,fx,20.861260429016564,1.2529303749790994,4.245833823857551,4.392020475003347,-3.139090100024248
bls_employment_2024-04-05,employment,2024-04-05 13:30:00+00:00,2024,USDCHF,fx,32.95078060426337,9.277155671167773,1.7581380032890614,6.699414953920032,2.5777407172477407
bls_employment_2024-04-05,employment,2024-04-05 13:30:00+00:00,2024,USDCAD,fx,42.90667587188014,5.43298717523025,0.5346370708654036,2.3948097747075128,3.038177400522737
bls_employment_2024-04-05,employment,2024-04-05 13:30:00+00:00,2024,EURJPY,fx,14.085239353959457,4.819262502112027,4.210297165110939,4.400541585934556,0.4187209161774712
bls_employment_2024-04-05,employment,2024-04-05 13:30:00+00:00,2024,XAUUSD,metal,42.45580299741937,28.27585934821345,6.5604951485278775,15.422145442608262,12.85371390560519
bls_employment_2024-04-05,employment,2024-04-05 13:30:00+00:00,2024,XAGUSD,metal,88.34809998418015,70.36585260305148,8.46968877280263,31.441168799778513,38.92468380327297
bls_employment_2024-04-05,employment,2024-04-05 13:30:00+00:00,2024,SPXUSD,equity,8.324330960872217,7.269163003775983,5.174154310544335,4.373191259722351,2.8959717440536323
bls_employment_2024-04-05,employment,2024-04-05 13:30:00+00:00,2024,NSXUSD,equity,5.35577895402862,14.952336200586059,8.058616681434438,8.766587947516111,6.1857482530699475
bls_employment_2024-04-05,employment,2024-04-05 13:30:00+00:00,2024,GRXEUR,equity,9.98078423622124,18.458828283298192,4.123392384135467,7.671533473499979,10.787294809798214
bls_employment_2024-04-05,employment,2024-04-05 13:30:00+00:00,2024,UKXGBP,equity,0.9086475154983973,6.6895583274942405,1.826605699890256,12.320811566410732,-5.631253238916492
bls_employment_2024-04-05,employment,2024-04-05 13:30:00+00:00,2024,BCOUSD,energy,12.118809873818323,15.952388264491356,9.689692655506171,23.61214157472236,-7.659753310231006
bls_cpi_2024-04-10,cpi,2024-04-10 13:30:00+00:00,2024,EURUSD,fx,63.18902841878883,13.075594553609596,1.4315760059167992,2.425898413377245,10.64969614023235
bls_cpi_2024-04-10,cpi,2024-04-10 13:30:00+00:00,2024,GBPUSD,fx,64.84937992213825,11.497125003249971,0.7295502761610367,3.7288046319517383,7.768320371298233
bls_cpi_2024-04-10,cpi,2024-04-10 13:30:00+00:00,2024,AUDUSD,fx,90.45714909655455,16.021365242778213,1.3014911770624866,3.7574053647293644,12.263959878048848
bls_cpi_2024-04-10,cpi,2024-04-10 13:30:00+00:00,2024,NZDUSD,fx,98.8715625039028,12.96866089152894,0.6257421040310791,3.367103260271378,9.601557631257561
bls_cpi_2024-04-10,cpi,2024-04-10 13:30:00+00:00,2024,USDJPY,fx,36.35256088029027,2.755561988056498,1.5626906911269232,2.6911494979250032,0.06441249013149486
bls_cpi_2024-04-10,cpi,2024-04-10 13:30:00+00:00,2024,USDCHF,fx,62.804778260215464,7.4793496452772,1.347754998068633,2.9924664498863582,4.486883195390842
bls_cpi_2024-04-10,cpi,2024-04-10 13:30:00+00:00,2024,USDCAD,fx,53.01580461013925,13.558032278295466,2.177857144956138,4.817142833253632,8.740889445041834
bls_cpi_2024-04-10,cpi,2024-04-10 13:30:00+00:00,2024,EURJPY,fx,26.78207021028553,10.160716626616939,1.5803990163377493,2.6034524259010796,7.557264200715859
bls_cpi_2024-04-10,cpi,2024-04-10 13:30:00+00:00,2024,XAUUSD,metal,81.13842887296032,25.37838498978388,6.117144080285026,19.89138048250393,5.4870045072799485
bls_cpi_2024-04-10,cpi,2024-04-10 13:30:00+00:00,2024,XAGUSD,metal,137.90851682009708,78.67974268099924,18.570788700708533,22.458157949723873,56.22158473127537
bls_cpi_2024-04-10,cpi,2024-04-10 13:30:00+00:00,2024,SPXUSD,equity,116.95234615012467,33.0797432981009,3.18245909557172,7.568739986131555,25.511003311969347
bls_cpi_2024-04-10,cpi,2024-04-10 13:30:00+00:00,2024,NSXUSD,equity,144.09274774816785,17.950189721183705,12.806727542723571,24.882961641760822,-6.932771920577117
bls_cpi_2024-04-10,cpi,2024-04-10 13:30:00+00:00,2024,GRXEUR,equity,61.83484133645049,34.07063927353268,2.6243080245337436,5.852239705146013,28.218399568386666
bls_cpi_2024-04-10,cpi,2024-04-10 13:30:00+00:00,2024,UKXGBP,equity,41.30834161210095,20.009491340429246,7.251383480675376,5.255875718742779,14.753615621686468
bls_cpi_2024-04-10,cpi,2024-04-10 13:30:00+00:00,2024,BCOUSD,energy,34.49891022076704,3.3438106377230383,11.405866354588778,22.154662720798154,-18.810852083075115
bls_employment_2024-05-03,employment,2024-05-03 13:30:00+00:00,2024,EURUSD,fx,46.11488624483221,10.744223698331862,6.679364563762819,4.232699097208356,6.511524601123505
bls_employment_2024-05-03,employment,2024-05-03 13:30:00+00:00,2024,GBPUSD,fx,43.68067685090031,14.35386075779423,4.344544089900381,6.628178603355902,7.725682154438328
bls_employment_2024-05-03,employment,2024-05-03 13:30:00+00:00,2024,AUDUSD,fx,85.0142019506367,9.795722313542894,6.702553420512789,7.637056639745921,2.158665673796973
bls_employment_2024-05-03,employment,2024-05-03 13:30:00+00:00,2024,NZDUSD,fx,85.61055670301859,11.593436102031268,5.3627195893074875,6.472324641624407,5.12111146040686
bls_employment_2024-05-03,employment,2024-05-03 13:30:00+00:00,2024,USDJPY,fx,75.69265093537199,15.644209247196034,1.8363785167314106,6.794443084990833,8.849766162205201
bls_employment_2024-05-03,employment,2024-05-03 13:30:00+00:00,2024,USDCHF,fx,57.86726629817923,24.49338185676494,5.200738545048177,6.118262090283887,18.375119766481056
bls_employment_2024-05-03,employment,2024-05-03 13:30:00+00:00,2024,USDCAD,fx,39.376336381026995,15.123597893280216,4.618651568691627,3.6998428613588943,11.423755031921322
bls_employment_2024-05-03,employment,2024-05-03 13:30:00+00:00,2024,EURJPY,fx,29.24769882090852,4.992146604911623,5.051303926939629,10.244718348462012,-5.252571743550389
bls_employment_2024-05-03,employment,2024-05-03 13:30:00+00:00,2024,XAUUSD,metal,89.41558721900519,59.279757594287354,10.809643921484708,12.874937803328784,46.40481979095857
bls_employment_2024-05-03,employment,2024-05-03 13:30:00+00:00,2024,XAGUSD,metal,147.1804935569284,79.15559120722,9.931462675802166,23.62053132640756,55.53505988081244
bls_employment_2024-05-03,employment,2024-05-03 13:30:00+00:00,2024,SPXUSD,equity,78.81134953516123,6.0513736121849355,10.319935488162418,18.17326978378559,-12.121896171600653
bls_employment_2024-05-03,employment,2024-05-03 13:30:00+00:00,2024,NSXUSD,equity,94.7072438090443,5.4918039043071,8.053554451790394,17.935055243941644,-12.443251339634543
bls_employment_2024-05-03,employment,2024-05-03 13:30:00+00:00,2024,GRXEUR,equity,58.77629289323959,26.567367627613788,8.761833128845712,24.139571463651517,2.4277961639622703
bls_employment_2024-05-03,employment,2024-05-03 13:30:00+00:00,2024,UKXGBP,equity,43.58186838660172,27.998402148977256,4.178349118492245,14.669562075003808,13.328840073973447
bls_employment_2024-05-03,employment,2024-05-03 13:30:00+00:00,2024,BCOUSD,energy,4.161440156126131,49.45461158242652,7.583836751985898,22.43190654248796,27.022705039938565
bls_cpi_2024-05-15,cpi,2024-05-15 13:30:00+00:00,2024,EURUSD,fx,23.88694041192792,0.7369128880203648,3.204630114143927,4.5071471793517075,-3.7702342913313425
bls_cpi_2024-05-15,cpi,2024-05-15 13:30:00+00:00,2024,GBPUSD,fx,19.95487061973601,0.07910672683981299,2.6697716270672833,2.5876406173552233,-2.50853389051541
bls_cpi_2024-05-15,cpi,2024-05-15 13:30:00+00:00,2024,AUDUSD,fx,44.95876335611509,9.906638257299281,2.549080691205407,5.031291432753857,4.875346824545424
bls_cpi_2024-05-15,cpi,2024-05-15 13:30:00+00:00,2024,NZDUSD,fx,47.91907403357968,10.19032993083829,2.1886722390282807,3.9166739240804507,6.2736560067578395
bls_cpi_2024-05-15,cpi,2024-05-15 13:30:00+00:00,2024,USDJPY,fx,21.35955622475156,3.929462970281586,1.8269517202065406,2.0747453111950933,1.8547176590864929
bls_cpi_2024-05-15,cpi,2024-05-15 13:30:00+00:00,2024,USDCHF,fx,17.03747549503045,8.301097881754648,2.163060143944479,4.76467358711156,3.536424294643088
bls_cpi_2024-05-15,cpi,2024-05-15 13:30:00+00:00,2024,USDCAD,fx,16.88643906596676,10.7959250364554,6.027483926260324,3.1886217735109836,7.6073032629444155
bls_cpi_2024-05-15,cpi,2024-05-15 13:30:00+00:00,2024,EURJPY,fx,2.3734083441766725,3.026194405648035,3.199794008967,4.402836505304523,-1.3766420996564883
bls_cpi_2024-05-15,cpi,2024-05-15 13:30:00+00:00,2024,XAUUSD,metal,33.43283163504372,5.821348059536126,4.5836982501917545,8.398485911142659,-2.5771378516065333
bls_cpi_2024-05-15,cpi,2024-05-15 13:30:00+00:00,2024,XAGUSD,metal,54.18373160494301,51.47972051119891,12.029164108147645,29.58536847387719,21.894352037321724
bls_cpi_2024-05-15,cpi,2024-05-15 13:30:00+00:00,2024,SPXUSD,equity,50.74253772208761,6.455417486850982,5.0939617266901465,8.70274789679113,-2.2473304099401483
bls_cpi_2024-05-15,cpi,2024-05-15 13:30:00+00:00,2024,NSXUSD,equity,62.49963696323832,16.311912249763445,6.316255725743048,10.303966351330374,6.007945898433071
bls_cpi_2024-05-15,cpi,2024-05-15 13:30:00+00:00,2024,GRXEUR,equity,25.76945539837517,11.666673386784051,9.262650227207068,10.147723815084762,1.5189495716992898
bls_cpi_2024-05-15,cpi,2024-05-15 13:30:00+00:00,2024,UKXGBP,equity,14.441738915049763,12.41290433371688,8.421727184339115,10.192848809835716,2.220055523881163
bls_cpi_2024-05-15,cpi,2024-05-15 13:30:00+00:00,2024,BCOUSD,energy,42.61127974691219,33.46499341592485,8.206346634145657,30.631334088973876,2.8336593269509756
bls_employment_2024-06-07,employment,2024-06-07 13:30:00+00:00,2024,EURUSD,fx,57.51664278593453,3.6923531786028057,5.306809384606158,6.0399384888120755,-2.34758531020927
bls_employment_2024-06-07,employment,2024-06-07 13:30:00+00:00,2024,GBPUSD,fx,54.958958364705026,3.768933043978907,6.558598868674084,5.113847821768453,-1.3449147777895463
bls_employment_2024-06-07,employment,2024-06-07 13:30:00+00:00,2024,AUDUSD,fx,68.02644940334196,24.04010864540785,7.333086584613455,3.762341561450888,20.277767083956963
bls_employment_2024-06-07,employment,2024-06-07 13:30:00+00:00,2024,NZDUSD,fx,66.4045327566252,26.52284063580779,7.4758493381976905,6.974385967305472,19.548454668502316
bls_employment_2024-06-07,employment,2024-06-07 13:30:00+00:00,2024,USDJPY,fx,69.4309347297128,7.720308302518824,4.070324931664575,3.3211197128881644,4.3991885896306595
bls_employment_2024-06-07,employment,2024-06-07 13:30:00+00:00,2024,USDCHF,fx,56.57802953451258,4.24443482787471,6.578580206344811,5.976486970540121,-1.7320521426654105
bls_employment_2024-06-07,employment,2024-06-07 13:30:00+00:00,2024,USDCAD,fx,36.49106370108616,4.590548651169312,6.955378517375026,4.08475722354112,0.5057914276281927
bls_employment_2024-06-07,employment,2024-06-07 13:30:00+00:00,2024,EURJPY,fx,11.847748987595939,4.005018105563961,1.1655385216985494,3.346876089438152,0.6581420161258089
bls_employment_2024-06-07,employment,2024-06-07 13:30:00+00:00,2024,XAUUSD,metal,71.16647382718836,11.72026871211328,7.195877665981905,20.20544537409094,-8.48517666197766
bls_employment_2024-06-07,employment,2024-06-07 13:30:00+00:00,2024,XAGUSD,metal,106.72176029210114,27.78104978223961,23.582134118709146,80.04377538055915,-52.26272559831955
bls_employment_2024-06-07,employment,2024-06-07 13:30:00+00:00,2024,SPXUSD,equity,40.21425180637316,7.059825136439073,13.160733038477916,3.7759592005009215,3.283865935938152
bls_employment_2024-06-07,employment,2024-06-07 13:30:00+00:00,2024,NSXUSD,equity,43.84908208839825,10.590002912933654,15.742941749692584,6.386115040794835,4.203887872138819
bls_employment_2024-06-07,employment,2024-06-07 13:30:00+00:00,2024,GRXEUR,equity,13.991031112184972,8.196745283878988,10.284705059057218,5.76399529279025,2.4327499910887376
bls_employment_2024-06-07,employment,2024-06-07 13:30:00+00:00,2024,UKXGBP,equity,20.391458098399145,3.423939371645454,3.865786596768137,4.6365308022253835,-1.2125914305799297
bls_employment_2024-06-07,employment,2024-06-07 13:30:00+00:00,2024,BCOUSD,energy,14.344430896516512,41.27688854502704,14.430407343640047,27.94622186947861,13.330666675548432
bls_cpi_2024-06-12,cpi,2024-06-12 13:30:00+00:00,2024,EURUSD,fx,48.00439218416274,7.762827537547321,2.196542385695336,5.402002010768985,2.360825526778336
bls_cpi_2024-06-12,cpi,2024-06-12 13:30:00+00:00,2024,GBPUSD,fx,56.806569463999274,13.237093821620434,1.0054712185643142,5.012910374327234,8.2241834472932
bls_cpi_2024-06-12,cpi,2024-06-12 13:30:00+00:00,2024,AUDUSD,fx,97.22695978522407,14.966477889471625,2.6778595019268345,4.641538009218786,10.324939880252838
bls_cpi_2024-06-12,cpi,2024-06-12 13:30:00+00:00,2024,NZDUSD,fx,91.38402491709623,11.4450609328866,2.7110165796378203,4.5360616874268995,6.9089992454597
bls_cpi_2024-06-12,cpi,2024-06-12 13:30:00+00:00,2024,USDJPY,fx,51.632593448307055,24.378941257059726,3.4990589563085917,1.361338958463965,23.01760229859576
bls_cpi_2024-06-12,cpi,2024-06-12 13:30:00+00:00,2024,USDCHF,fx,61.17117822148966,7.414231169358866,3.478834724164808,3.2237364214788657,4.19049474788
bls_cpi_2024-06-12,cpi,2024-06-12 13:30:00+00:00,2024,USDCAD,fx,32.947758088757176,4.381768990220585,1.914668840400318,4.658148913901244,-0.27637992368065945
bls_cpi_2024-06-12,cpi,2024-06-12 13:30:00+00:00,2024,EURJPY,fx,3.4262557857877396,16.85298977618194,4.51974352985952,4.232493475808631,12.620496300373308
bls_cpi_2024-06-12,cpi,2024-06-12 13:30:00+00:00,2024,XAUUSD,metal,50.3215684868668,60.25018762074835,4.308522023344828,11.91443730337721,48.33575031737114
bls_cpi_2024-06-12,cpi,2024-06-12 13:30:00+00:00,2024,XAGUSD,metal,110.45357264392766,107.25307041739858,11.296631740547873,31.450679836545014,75.80239058085357
bls_cpi_2024-06-12,cpi,2024-06-12 13:30:00+00:00,2024,SPXUSD,equity,57.952519641900736,18.514741725307108,4.298968411930213,5.823946697921697,12.69079502738541
bls_cpi_2024-06-12,cpi,2024-06-12 13:30:00+00:00,2024,NSXUSD,equity,76.8727979158974,1.3067060736506586,5.750553759632651,7.777952929639702,-6.471246855989044
bls_cpi_2024-06-12,cpi,2024-06-12 13:30:00+00:00,2024,GRXEUR,equity,41.639138456541836,5.3073918576419,7.875706935755572,9.804654234177114,-4.497262376535215
bls_cpi_2024-06-12,cpi,2024-06-12 13:30:00+00:00,2024,UKXGBP,equity,17.007685551556463,0.6117035428722796,8.396833368808405,6.606277191146902,-5.994573648274622
bls_cpi_2024-06-12,cpi,2024-06-12 13:30:00+00:00,2024,BCOUSD,energy,11.349916697772581,38.06087099939256,5.77058200314273,24.788583482313896,13.272287517078666
bls_employment_2024-07-05,employment,2024-07-05 13:30:00+00:00,2024,EURUSD,fx,3.9713875903512017,2.031262990911194,6.569091203832908,8.109055995916057,-6.077793005004863
bls_employment_2024-07-05,employment,2024-07-05 13:30:00+00:00,2024,GBPUSD,fx,7.112403627806889,4.140059035444862,8.848988388246482,10.043038603568013,-5.9029795681231505
bls_employment_2024-07-05,employment,2024-07-05 13:30:00+00:00,2024,AUDUSD,fx,4.599781962412906,4.154549291167035,11.77777892277729,5.388103235109441,-1.2335539439424066
bls_employment_2024-07-05,employment,2024-07-05 13:30:00+00:00,2024,NZDUSD,fx,11.091719864206157,5.870554446766553,12.416968987371138,8.559506768659439,-2.688952321892886
bls_employment_2024-07-05,employment,2024-07-05 13:30:00+00:00,2024,USDJPY,fx,2.7997523957457813,12.996665604488234,9.897233707585231,5.095252154110169,7.901413450378064
bls_employment_2024-07-05,employment,2024-07-05 13:30:00+00:00,2024,USDCHF,fx,3.893712815565241,10.242138384908884,9.711099852585892,4.446745869501908,5.795392515406976
bls_employment_2024-07-05,employment,2024-07-05 13:30:00+00:00,2024,USDCAD,fx,5.213860173703214,1.0277643198652828,4.851407516809333,3.9995646103234455,-2.9718002904581624
bls_employment_2024-07-05,employment,2024-07-05 13:30:00+00:00,2024,EURJPY,fx,1.2066989042304626,14.928032444542412,4.6143155646476215,3.4799881712138006,11.44804427332861
bls_employment_2024-07-05,employment,2024-07-05 13:30:00+00:00,2024,XAUUSD,metal,12.42749469370088,14.156874593884034,12.701252225614361,15.165420779700671,-1.0085461858166376
bls_employment_2024-07-05,employment,2024-07-05 13:30:00+00:00,2024,XAGUSD,metal,11.110749157776615,26.12331684142315,32.827066400936424,40.38416739668558,-14.260850555262426
bls_employment_2024-07-05,employment,2024-07-05 13:30:00+00:00,2024,SPXUSD,equity,7.661681893641304,7.128929302644376,12.496296055441977,7.044541640990465,0.08438766165391076
bls_employment_2024-07-05,employment,2024-07-05 13:30:00+00:00,2024,NSXUSD,equity,4.407708500977729,12.816479687280667,14.562424364689406,10.981416479007601,1.8350632082730662
bls_employment_2024-07-05,employment,2024-07-05 13:30:00+00:00,2024,GRXEUR,equity,11.814320297556629,11.002038619649397,12.761294979533023,8.441461409033053,2.5605772106163442
bls_employment_2024-07-05,employment,2024-07-05 13:30:00+00:00,2024,UKXGBP,equity,1.4878870921244733,3.8917714509079055,4.5566702129245735,6.389104727259974,-2.497333276352068
bls_employment_2024-07-05,employment,2024-07-05 13:30:00+00:00,2024,BCOUSD,energy,11.441256124907945,4.572839698766201,6.759300955909401,21.605052052202012,-17.03221235343581
bls_cpi_2024-07-11,cpi,2024-07-11 13:30:00+00:00,2024,EURUSD,fx,30.100126281417282,8.63589646498013,5.4304518570479425,8.435011866882455,0.20088459809767478
bls_cpi_2024-07-11,cpi,2024-07-11 13:30:00+00:00,2024,GBPUSD,fx,36.290081002642346,13.14975437008457,8.020171516544407,5.503910114211632,7.645844255872939
bls_cpi_2024-07-11,cpi,2024-07-11 13:30:00+00:00,2024,AUDUSD,fx,46.55123491216408,15.027405739135023,10.872597491504715,9.753554157937666,5.273851581197357
bls_cpi_2024-07-11,cpi,2024-07-11 13:30:00+00:00,2024,NZDUSD,fx,57.53784100107018,14.047240230903125,9.64771044005009,9.539875565811634,4.50736466509149
bls_cpi_2024-07-11,cpi,2024-07-11 13:30:00+00:00,2024,USDJPY,fx,40.24100396469094,163.99252544677975,7.557602761180922,9.033031199132626,154.95949424764711
bls_cpi_2024-07-11,cpi,2024-07-11 13:30:00+00:00,2024,USDCHF,fx,35.79137804168019,26.507858823547153,7.483957365480686,8.628342963094846,17.879515860452308
bls_cpi_2024-07-11,cpi,2024-07-11 13:30:00+00:00,2024,USDCAD,fx,23.431858201059242,1.176574404982235,3.7713563673858,5.598965957270021,-4.422391552287786
bls_cpi_2024-07-11,cpi,2024-07-11 13:30:00+00:00,2024,EURJPY,fx,10.27309396058985,155.3764533981603,3.9594590320033163,5.816694283690975,149.55975911446933
bls_cpi_2024-07-11,cpi,2024-07-11 13:30:00+00:00,2024,XAUUSD,metal,78.68303558321556,36.273237971250666,20.287882741514032,5.576068149203476,30.69716982204719
bls_cpi_2024-07-11,cpi,2024-07-11 13:30:00+00:00,2024,XAGUSD,metal,126.90729510107977,118.3783798011222,38.505977711123634,23.689543194309167,94.68883660681303
bls_cpi_2024-07-11,cpi,2024-07-11 13:30:00+00:00,2024,SPXUSD,equity,36.57011058024307,30.621801000377697,8.835103388814867,8.099454379272819,22.52234662110488
bls_cpi_2024-07-11,cpi,2024-07-11 13:30:00+00:00,2024,NSXUSD,equity,33.6943302069599,32.989884478729664,9.662716764002912,10.11827504716283,22.87160943156683
bls_cpi_2024-07-11,cpi,2024-07-11 13:30:00+00:00,2024,GRXEUR,equity,36.75818316943507,49.759777641867466,9.701067899658277,13.597564425853147,36.16221321601432
bls_cpi_2024-07-11,cpi,2024-07-11 13:30:00+00:00,2024,UKXGBP,equity,22.158631443191886,33.75912647243531,8.326716028054902,3.1711844628180206,30.587942009617294
bls_cpi_2024-07-11,cpi,2024-07-11 13:30:00+00:00,2024,BCOUSD,energy,43.39775513196146,22.261807947239756,5.712159160342972,18.671722097613834,3.590085849625922
bls_employment_2024-08-02,employment,2024-08-02 13:30:00+00:00,2024,EURUSD,fx,27.385782971981754,24.096397201533296,4.282818242528216,2.907382646549165,21.18901455498413
bls_employment_2024-08-02,employment,2024-08-02 13:30:00+00:00,2024,GBPUSD,fx,10.35099367850209,28.25380194555022,5.156998207575719,3.157286809286242,25.096515136263978
bls_employment_2024-08-02,employment,2024-08-02 13:30:00+00:00,2024,AUDUSD,fx,5.2197676853352615,25.305791657170335,6.4107468658430635,3.226349859392448,22.07944179777789
bls_employment_2024-08-02,employment,2024-08-02 13:30:00+00:00,2024,NZDUSD,fx,0.6718285496073777,22.48021346662487,7.910637148252944,3.9360961913972417,18.54411727522763
bls_employment_2024-08-02,employment,2024-08-02 13:30:00+00:00,2024,USDJPY,fx,113.49113427576775,18.101761220031097,12.890649712980364,4.6872751227931095,13.414486097237987
bls_employment_2024-08-02,employment,2024-08-02 13:30:00+00:00,2024,USDCHF,fx,57.10748474321533,9.588226854978366,8.862766893820407,2.2078365860317093,7.380390268946657
bls_employment_2024-08-02,employment,2024-08-02 13:30:00+00:00,2024,USDCAD,fx,2.018236212566486,12.259852686569513,4.394603618507466,1.332877675281457,10.926975011288055
bls_employment_2024-08-02,employment,2024-08-02 13:30:00+00:00,2024,EURJPY,fx,86.29673621339323,42.3392569327907,8.662266001076521,5.128693791932113,37.21056314085858
bls_employment_2024-08-02,employment,2024-08-02 13:30:00+00:00,2024,XAUUSD,metal,76.03884014520418,15.009473175139178,15.301434025165918,7.326141278737377,7.683331896401801
bls_employment_2024-08-02,employment,2024-08-02 13:30:00+00:00,2024,XAGUSD,metal,75.60493783800844,22.035541212230957,39.73674332374876,12.835642753372028,9.199898458858929
bls_employment_2024-08-02,employment,2024-08-02 13:30:00+00:00,2024,SPXUSD,equity,81.70458358222024,24.72687398707643,5.52351182904761,8.755304755316644,15.971569231759787
bls_employment_2024-08-02,employment,2024-08-02 13:30:00+00:00,2024,NSXUSD,equity,95.89432677606018,28.20753290493005,9.031537490799938,11.152945795228938,17.054587109701114
bls_employment_2024-08-02,employment,2024-08-02 13:30:00+00:00,2024,GRXEUR,equity,88.73044490951507,44.39151482739316,7.371819731928798,8.859938218539746,35.53157660885341
bls_employment_2024-08-02,employment,2024-08-02 13:30:00+00:00,2024,UKXGBP,equity,52.50911167753953,8.687222760257521,6.309036308323003,8.55027515022228,0.13694761003524114
bls_employment_2024-08-02,employment,2024-08-02 13:30:00+00:00,2024,BCOUSD,energy,69.56394403958906,4.612132552449464,3.968986410580338,15.374453849638833,-10.76232129718937
bls_cpi_2024-08-14,cpi,2024-08-14 13:30:00+00:00,2024,EURUSD,fx,10.161864850650193,1.9061364034466401,1.78972230281748,4.386814977377989,-2.4806785739313493
bls_cpi_2024-08-14,cpi,2024-08-14 13:30:00+00:00,2024,GBPUSD,fx,13.001928763933405,1.9474727707486066,2.265692610253587,4.266978818626629,-2.319506047878022
bls_cpi_2024-08-14,cpi,2024-08-14 13:30:00+00:00,2024,AUDUSD,fx,11.477416425233328,7.703404228119842,2.390838451855311,7.425048340079299,0.2783558880405428
bls_cpi_2024-08-14,cpi,2024-08-14 13:30:00+00:00,2024,NZDUSD,fx,21.451206749076366,5.991013658970693,2.7560403871869563,8.99480873600534,-3.0037950770346464
bls_cpi_2024-08-14,cpi,2024-08-14 13:30:00+00:00,2024,USDJPY,fx,21.951518405837763,0.13577455992366783,4.261808438729506,7.405963506655774,-7.270188946732106
bls_cpi_2024-08-14,cpi,2024-08-14 13:30:00+00:00,2024,USDCHF,fx,18.51830947832732,2.31237933300667,2.5439370651292776,6.198703589944939,-3.886324256938269
bls_cpi_2024-08-14,cpi,2024-08-14 13:30:00+00:00,2024,USDCAD,fx,5.396496783678358,1.4580128768385567,2.193617679532914,3.813825636999643,-2.3558127601610863
bls_cpi_2024-08-14,cpi,2024-08-14 13:30:00+00:00,2024,EURJPY,fx,11.96253526387818,1.8485996910016935,5.823787707305383,6.321770751817844,-4.473171060816151
bls_cpi_2024-08-14,cpi,2024-08-14 13:30:00+00:00,2024,XAUUSD,metal,21.0500683975712,10.010079810112323,2.860082744887261,7.711144681848566,2.298935128263757
bls_cpi_2024-08-14,cpi,2024-08-14 13:30:00+00:00,2024,XAGUSD,metal,12.580200426273723,23.70946255617539,20.258747531015207,15.74872421493934,7.960738341236048
bls_cpi_2024-08-14,cpi,2024-08-14 13:30:00+00:00,2024,SPXUSD,equity,18.758239840642617,28.465931746964067,4.671838938501988,7.267657169765516,21.19827457719855
bls_cpi_2024-08-14,cpi,2024-08-14 13:30:00+00:00,2024,NSXUSD,equity,20.43960168715809,40.26556966564483,10.579363320692424,10.78114660582974,29.484423059815093
bls_cpi_2024-08-14,cpi,2024-08-14 13:30:00+00:00,2024,GRXEUR,equity,13.422254039685239,23.483276540400443,3.3670725518039863,14.945819065999306,8.537457474401137
bls_cpi_2024-08-14,cpi,2024-08-14 13:30:00+00:00,2024,UKXGBP,equity,13.134077699901084,13.692463304310339,1.1299675489299432,11.784077306421233,1.9083859978891056
bls_cpi_2024-08-14,cpi,2024-08-14 13:30:00+00:00,2024,BCOUSD,energy,0.6183488850033818,17.29826336724962,6.221254980376852,6.6940890513635765,10.604174315886045
bls_employment_2024-09-06,employment,2024-09-06 13:30:00+00:00,2024,EURUSD,fx,28.13826455505867,16.801516987079506,3.6241551739778477,3.3999404303120557,13.40157655676745
bls_employment_2024-09-06,employment,2024-09-06 13:30:00+00:00,2024,GBPUSD,fx,30.379386609953784,7.870083496131191,5.722870440032554,6.253388736682569,1.616694759448622
bls_employment_2024-09-06,employment,2024-09-06 13:30:00+00:00,2024,AUDUSD,fx,42.71102444245104,12.290380253634892,6.195981717454805,6.689527624127716,5.600852629507176
bls_employment_2024-09-06,employment,2024-09-06 13:30:00+00:00,2024,NZDUSD,fx,48.47288113266767,15.383139270466685,5.277251667420451,6.705738850047264,8.67740042041942
bls_employment_2024-09-06,employment,2024-09-06 13:30:00+00:00,2024,USDJPY,fx,62.57882167447393,45.518862983435135,12.140859457436989,9.015661354329367,36.50320162910577
bls_employment_2024-09-06,employment,2024-09-06 13:30:00+00:00,2024,USDCHF,fx,33.37751128423188,36.10455228381556,4.149216733300441,4.348682616326437,31.755869667489122
bls_employment_2024-09-06,employment,2024-09-06 13:30:00+00:00,2024,USDCAD,fx,13.125161777591805,17.570462427201527,2.9370199266700903,6.4650708295904,11.105391597611128
bls_employment_2024-09-06,employment,2024-09-06 13:30:00+00:00,2024,EURJPY,fx,34.58652432703115,28.798941047608484,11.472726995662043,7.292447375490582,21.5064936721179
bls_employment_2024-09-06,employment,2024-09-06 13:30:00+00:00,2024,XAUUSD,metal,34.989275116705116,17.83637387808577,10.311287583777407,17.68567953806284,0.15069434002293036
bls_employment_2024-09-06,employment,2024-09-06 13:30:00+00:00,2024,XAGUSD,metal,65.73053486445225,30.3899118440278,14.526355251370173,29.234640316621686,1.1552715274061143
bls_employment_2024-09-06,employment,2024-09-06 13:30:00+00:00,2024,SPXUSD,equity,15.228195122972373,35.01881221798287,12.728969301875665,4.959507249691803,30.059304968291066
bls_employment_2024-09-06,employment,2024-09-06 13:30:00+00:00,2024,NSXUSD,equity,29.761914857894812,43.866994446543835,18.39662105767095,6.606861073518033,37.2601333730258
bls_employment_2024-09-06,employment,2024-09-06 13:30:00+00:00,2024,GRXEUR,equity,9.993490298844376,25.362316395969223,11.188129184254748,4.549717069535964,20.812599326433258
bls_employment_2024-09-06,employment,2024-09-06 13:30:00+00:00,2024,UKXGBP,equity,7.07514505392537,10.576031552212582,7.1695024070990065,5.9128280782034315,4.66320347400915
bls_employment_2024-09-06,employment,2024-09-06 13:30:00+00:00,2024,BCOUSD,energy,4.782106814091661,57.536769821678696,4.736732778612363,39.06347025275321,18.473299568925484
bls_cpi_2024-09-11,cpi,2024-09-11 13:30:00+00:00,2024,EURUSD,fx,17.393672003114617,8.526696331269818,3.8504028813873656,4.824676530581028,3.70201980068879
bls_cpi_2024-09-11,cpi,2024-09-11 13:30:00+00:00,2024,GBPUSD,fx,18.959525575409742,1.9132384680523962,4.154270438363715,4.7813991057864165,-2.8681606377340203
bls_cpi_2024-09-11,cpi,2024-09-11 13:30:00+00:00,2024,AUDUSD,fx,23.57128398755574,7.813204712764565,3.0141169521723836,4.541343648869497,3.2718610638950683
bls_cpi_2024-09-11,cpi,2024-09-11 13:30:00+00:00,2024,NZDUSD,fx,24.597453290686456,1.631108504953929,4.45940961689734,3.6599961693713423,-2.0288876644174136
bls_cpi_2024-09-11,cpi,2024-09-11 13:30:00+00:00,2024,USDJPY,fx,24.094869307263274,13.993441540324447,6.76584558075041,4.78064664972765,9.212794890596797
bls_cpi_2024-09-11,cpi,2024-09-11 13:30:00+00:00,2024,USDCHF,fx,23.478758978966283,19.896052665573464,3.478296868602228,3.5406409102207945,16.35541175535267
bls_cpi_2024-09-11,cpi,2024-09-11 13:30:00+00:00,2024,USDCAD,fx,10.010452925630755,0.2942734389011185,2.614174330976531,3.243423906318821,-2.9491504674177023
bls_cpi_2024-09-11,cpi,2024-09-11 13:30:00+00:00,2024,EURJPY,fx,6.573971777202298,5.485638608474153,3.0356553384455776,8.723935368041179,-3.2382967595670262
bls_cpi_2024-09-11,cpi,2024-09-11 13:30:00+00:00,2024,XAUUSD,metal,26.29988859069771,10.038745617532376,7.110939852264242,12.24242715773506,-2.203681540202684
bls_cpi_2024-09-11,cpi,2024-09-11 13:30:00+00:00,2024,XAGUSD,metal,50.21806543064111,19.247263207743483,25.773738134090916,25.848187407778923,-6.60092420003544
bls_cpi_2024-09-11,cpi,2024-09-11 13:30:00+00:00,2024,SPXUSD,equity,37.473887800208814,40.51512185808138,4.0487775113971125,6.597215960253781,33.917905897827595
bls_cpi_2024-09-11,cpi,2024-09-11 13:30:00+00:00,2024,NSXUSD,equity,45.962837250865384,62.5125479926917,7.402377679589073,9.953321014428711,52.55922697826299
bls_cpi_2024-09-11,cpi,2024-09-11 13:30:00+00:00,2024,GRXEUR,equity,14.432757221012125,49.8045278953258,5.0624615351645,11.60047291077999,38.204054984545806
bls_cpi_2024-09-11,cpi,2024-09-11 13:30:00+00:00,2024,UKXGBP,equity,9.592005530223695,23.745144293237626,3.70771313907358,10.882741245479187,12.86240304775844
bls_cpi_2024-09-11,cpi,2024-09-11 13:30:00+00:00,2024,BCOUSD,energy,12.752934903050535,45.41785061453009,9.534274758069365,12.168976040108369,33.24887457442172
bls_employment_2024-10-04,employment,2024-10-04 13:30:00+00:00,2024,EURUSD,fx,55.99912817606658,6.200985061003582,6.043997788929929,11.791106465593229,-5.590121404589647
bls_employment_2024-10-04,employment,2024-10-04 13:30:00+00:00,2024,GBPUSD,fx,53.46262362834384,12.989892635071977,7.541456736770444,10.039012788162239,2.9508798469097375
bls_employment_2024-10-04,employment,2024-10-04 13:30:00+00:00,2024,AUDUSD,fx,66.58282891704299,0.44145237839568074,6.746282740795825,12.800834621887883,-12.359382243492202
bls_employment_2024-10-04,employment,2024-10-04 13:30:00+00:00,2024,NZDUSD,fx,82.05190838149508,3.411998895769063,7.237630853428094,14.347301092385898,-10.935302196616835
bls_employment_2024-10-04,employment,2024-10-04 13:30:00+00:00,2024,USDJPY,fx,121.27773585769533,21.887225592748965,10.206863981706995,13.921823199050575,7.96540239369839
bls_employment_2024-10-04,employment,2024-10-04 13:30:00+00:00,2024,USDCHF,fx,74.41502976862688,24.101026353731818,6.675270959627637,13.26024095134094,10.840785402390878
bls_employment_2024-10-04,employment,2024-10-04 13:30:00+00:00,2024,USDCAD,fx,17.688553487737998,1.3990081791167677,3.3856326947426147,5.7692616207673915,-4.370253441650624
bls_employment_2024-10-04,employment,2024-10-04 13:30:00+00:00,2024,EURJPY,fx,65.48504980024417,15.537441904885911,4.763060150582605,3.880918621759576,11.656523283126335
bls_employment_2024-10-04,employment,2024-10-04 13:30:00+00:00,2024,XAUUSD,metal,52.723473225359804,17.93589309675705,13.805745006197178,6.320783110668729,11.61510998608832
bls_employment_2024-10-04,employment,2024-10-04 13:30:00+00:00,2024,XAGUSD,metal,69.92048803522147,18.265995693714586,20.84901576736317,20.678945562751288,-2.4129498690367015
bls_employment_2024-10-04,employment,2024-10-04 13:30:00+00:00,2024,SPXUSD,equity,24.312952987132096,37.59254932015908,5.215566635194182,1.5542562767875023,36.038293043371574
bls_employment_2024-10-04,employment,2024-10-04 13:30:00+00:00,2024,NSXUSD,equity,41.86141759390608,52.03554373599114,8.057024634446151,3.6412781102524496,48.39426562573869
bls_employment_2024-10-04,employment,2024-10-04 13:30:00+00:00,2024,GRXEUR,equity,32.717829595287036,23.51620482016087,5.451244145854537,7.129916061934163,16.386288758226705
bls_employment_2024-10-04,employment,2024-10-04 13:30:00+00:00,2024,UKXGBP,equity,24.184552922479593,34.567265982169765,3.2516568033872026,10.955619632404542,23.611646349765223
bls_employment_2024-10-04,employment,2024-10-04 13:30:00+00:00,2024,BCOUSD,energy,19.236200755843264,5.763652009367467,5.3723419196489175,31.34280857546915,-25.57915656610168
bls_cpi_2024-10-10,cpi,2024-10-10 13:30:00+00:00,2024,EURUSD,fx,8.961065686241996,0.3656006361842638,9.740455809871019,3.4023941437110543,-3.0367935075267907
bls_cpi_2024-10-10,cpi,2024-10-10 13:30:00+00:00,2024,GBPUSD,fx,8.647573670194468,0.07649382885992423,10.139531916821303,7.4179978505816395,-7.341504021721716
bls_cpi_2024-10-10,cpi,2024-10-10 13:30:00+00:00,2024,AUDUSD,fx,24.838081944229135,2.377026054482867,6.8386756393817025,5.612869324739955,-3.235843270257088
bls_cpi_2024-10-10,cpi,2024-10-10 13:30:00+00:00,2024,NZDUSD,fx,19.905087302930085,2.9585799032368234,10.026225886391032,7.791135239465752,-4.832555336228928
bls_cpi_2024-10-10,cpi,2024-10-10 13:30:00+00:00,2024,USDJPY,fx,27.49535353476857,10.630640117858622,20.35455788473898,13.110810346547074,-2.4801702286884524
bls_cpi_2024-10-10,cpi,2024-10-10 13:30:00+00:00,2024,USDCHF,fx,16.787525218415045,9.563017510719696,13.37480967793996,5.261305686265162,4.301711824454534
bls_cpi_2024-10-10,cpi,2024-10-10 13:30:00+00:00,2024,USDCAD,fx,6.695925197594562,7.9327250885853315,4.509405657378836,4.48074181769342,3.451983270891912
bls_cpi_2024-10-10,cpi,2024-10-10 13:30:00+00:00,2024,EURJPY,fx,18.933345546222174,10.700515752674098,11.97100273017786,9.945880747640917,0.7546350050331814
bls_cpi_2024-10-10,cpi,2024-10-10 13:30:00+00:00,2024,XAUUSD,metal,37.55814159330179,12.493537478782676,18.90470281780769,18.71730970974086,-6.223772230958184
bls_cpi_2024-10-10,cpi,2024-10-10 13:30:00+00:00,2024,XAGUSD,metal,38.47161761206517,51.54650588664538,26.62533569711925,44.490156002525005,7.0563498841203725
bls_cpi_2024-10-10,cpi,2024-10-10 13:30:00+00:00,2024,SPXUSD,equity,16.57217047555608,7.170176116784957,5.2677059716318375,6.435445310461943,0.7347308063230145
bls_cpi_2024-10-10,cpi,2024-10-10 13:30:00+00:00,2024,NSXUSD,equity,26.697981336514406,10.769982890534157,7.824458632593656,9.41894357242979,1.3510393181043678
bls_cpi_2024-10-10,cpi,2024-10-10 13:30:00+00:00,2024,GRXEUR,equity,7.221398886758023,7.347798857002916,11.641531783361906,14.693976364295517,-7.346177507292602
bls_cpi_2024-10-10,cpi,2024-10-10 13:30:00+00:00,2024,UKXGBP,equity,3.6249413830980535,3.0473861499701598,11.839735639776507,3.7604716370195757,-0.7130854870494159
bls_cpi_2024-10-10,cpi,2024-10-10 13:30:00+00:00,2024,BCOUSD,energy,9.677357675525089,36.688785434031345,19.536058762625395,19.097438167915726,17.59134726611562
bls_employment_2024-11-01,employment,2024-11-01 13:30:00+00:00,2024,EURUSD,fx,2.9429617443434237,2.8509810786782865,6.19665925678961,11.255121952204933,-8.404140873526647
bls_employment_2024-11-01,employment,2024-11-01 13:30:00+00:00,2024,GBPUSD,fx,12.114993591619097,6.398816051933472,7.787314283266064,5.670160722791394,0.7286553291420779
bls_employment_2024-11-01,employment,2024-11-01 13:30:00+00:00,2024,AUDUSD,fx,6.0796743167331755,1.3674174822841065,8.875934634854987,11.135232895802604,-9.767815413518498
bls_employment_2024-11-01,employment,2024-11-01 13:30:00+00:00,2024,NZDUSD,fx,3.1737812528907545,2.0039745562296076,9.077988152745762,11.807367816457027,-9.80339326022742
bls_employment_2024-11-01,employment,2024-11-01 13:30:00+00:00,2024,USDJPY,fx,0.06568683800014599,8.207512632478755,7.403161403708053,8.687936246891509,-0.4804236144127536
bls_employment_2024-11-01,employment,2024-11-01 13:30:00+00:00,2024,USDCHF,fx,6.688886319207698,0.11528772935183151,6.259891990159266,9.891305453438463,-9.776017724086632
bls_employment_2024-11-01,employment,2024-11-01 13:30:00+00:00,2024,USDCAD,fx,2.5146659039648136,4.743662627673718,10.225811618788434,4.339756840363847,0.4039057873098706
bls_employment_2024-11-01,employment,2024-11-01 13:30:00+00:00,2024,EURJPY,fx,2.8391843878527534,5.253385384169187,2.9910053739009,3.301348199922794,1.952037184246393
bls_employment_2024-11-01,employment,2024-11-01 13:30:00+00:00,2024,XAUUSD,metal,15.494427647115419,15.748234753725779,9.98380756484575,10.893745222146142,4.854489531579636
bls_employment_2024-11-01,employment,2024-11-01 13:30:00+00:00,2024,XAGUSD,metal,42.730574905196875,38.4959781872504,27.49503889747942,32.33028021175056,6.165697975499839
bls_employment_2024-11-01,employment,2024-11-01 13:30:00+00:00,2024,SPXUSD,equity,10.431380880399663,17.413686086294227,4.541423590801971,4.820380966966667,12.59330511932756
bls_employment_2024-11-01,employment,2024-11-01 13:30:00+00:00,2024,NSXUSD,equity,2.3091803193733162,36.49030770262056,4.56297333274381,9.059249130511768,27.431058572108796
bls_employment_2024-11-01,employment,2024-11-01 13:30:00+00:00,2024,GRXEUR,equity,1.8317477827118203,7.300382055693826,5.773799054588059,3.953534670653583,3.346847385040243
bls_employment_2024-11-01,employment,2024-11-01 13:30:00+00:00,2024,UKXGBP,equity,12.293786130745858,15.509028870190114,8.294943605392817,4.728466624313248,10.780562245876865
bls_employment_2024-11-01,employment,2024-11-01 13:30:00+00:00,2024,BCOUSD,energy,23.513457165719593,11.42772759666131,7.793228097379383,33.74061057388528,-22.312882977223968
bls_cpi_2024-11-13,cpi,2024-11-13 13:30:00+00:00,2024,EURUSD,fx,17.677318403812222,8.740725284755982,4.266076155188456,8.242639100082991,0.4980861846729905
bls_cpi_2024-11-13,cpi,2024-11-13 13:30:00+00:00,2024,GBPUSD,fx,12.23692723473104,1.4111891644084662,2.9901173007094446,9.763087611586915,-8.35189844717845
bls_cpi_2024-11-13,cpi,2024-11-13 13:30:00+00:00,2024,AUDUSD,fx,32.77385927965095,14.076535824994073,3.324045527638245,13.312557014349348,0.7639788106447245
bls_cpi_2024-11-13,cpi,2024-11-13 13:30:00+00:00,2024,NZDUSD,fx,31.352743761338406,7.744760047021855,3.411563505257431,11.9025218192502,-4.157761772228345
bls_cpi_2024-11-13,cpi,2024-11-13 13:30:00+00:00,2024,USDJPY,fx,25.392449540724908,9.773558450076791,4.85623276810497,9.838030394525694,-0.06447194444890236
bls_cpi_2024-11-13,cpi,2024-11-13 13:30:00+00:00,2024,USDCHF,fx,12.818114996848424,0.6810210778643339,3.524443185428071,8.944846896984277,-8.263825819119944
bls_cpi_2024-11-13,cpi,2024-11-13 13:30:00+00:00,2024,USDCAD,fx,10.397508403198927,6.669989955416995,1.495936860050432,4.9211273656952255,1.7488625897217691
bls_cpi_2024-11-13,cpi,2024-11-13 13:30:00+00:00,2024,EURJPY,fx,7.715838811925506,18.432736396178864,4.453113068268105,4.796907898911345,13.635828497267518
bls_cpi_2024-11-13,cpi,2024-11-13 13:30:00+00:00,2024,XAUUSD,metal,22.711701496432273,6.3142670086113135,23.744100299490384,15.53213713267957,-9.217870124068256
bls_cpi_2024-11-13,cpi,2024-11-13 13:30:00+00:00,2024,XAGUSD,metal,68.9044376021514,36.17224497633563,46.527866264269,53.29807524214542,-17.125830265809796
bls_cpi_2024-11-13,cpi,2024-11-13 13:30:00+00:00,2024,SPXUSD,equity,36.76962305838959,17.499402699644673,4.848397404195147,9.268377459954285,8.231025239690387
bls_cpi_2024-11-13,cpi,2024-11-13 13:30:00+00:00,2024,NSXUSD,equity,36.36497598403905,21.915540025390225,7.50164428060335,4.731547197597206,17.18399282779302
bls_cpi_2024-11-13,cpi,2024-11-13 13:30:00+00:00,2024,GRXEUR,equity,25.39352195605219,1.5173452413394504,15.643730942233477,13.865213530924645,-12.347868289585195
bls_cpi_2024-11-13,cpi,2024-11-13 13:30:00+00:00,2024,UKXGBP,equity,18.616035741465435,6.985949552165201,12.856393183184814,11.450477029680087,-4.464527477514886
bls_cpi_2024-11-13,cpi,2024-11-13 13:30:00+00:00,2024,BCOUSD,energy,13.87001248736791,78.61949199955136,11.578989763520607,15.436293358205301,63.18319864134605
bls_employment_2024-12-06,employment,2024-12-06 13:30:00+00:00,2024,EURUSD,fx,27.931924701565325,9.050456911612123,9.788685587917566,2.1962769639444177,6.854179947667705
bls_employment_2024-12-06,employment,2024-12-06 13:30:00+00:00,2024,GBPUSD,fx,18.933028132700276,1.484960866193323,8.940510842656968,3.5814579144488716,-2.0964970482555487
bls_employment_2024-12-06,employment,2024-12-06 13:30:00+00:00,2024,AUDUSD,fx,31.141516533378837,0.777296717866452,8.914796620648836,4.521535716786817,-3.7442389989203644
bls_employment_2024-12-06,employment,2024-12-06 13:30:00+00:00,2024,NZDUSD,fx,31.77860183347172,10.059248109644567,8.866935501292819,2.670562632616956,7.388685477027611
bls_employment_2024-12-06,employment,2024-12-06 13:30:00+00:00,2024,USDJPY,fx,21.48071386431014,36.88404396283563,8.092004011718405,8.979206619822305,27.90483734301332
bls_employment_2024-12-06,employment,2024-12-06 13:30:00+00:00,2024,USDCHF,fx,22.492060197715908,0.6857848238502126,8.505698522086789,8.51497355968999,-7.829188735839777
bls_employment_2024-12-06,employment,2024-12-06 13:30:00+00:00,2024,USDCAD,fx,1.2797815856884835,18.753734931276398,10.501436543183322,3.2470356393225894,15.506699291953808
bls_employment_2024-12-06,employment,2024-12-06 13:30:00+00:00,2024,EURJPY,fx,6.526718986589892,45.77674264308029,4.905223843525573,10.975955373132383,34.800787269947904
bls_employment_2024-12-06,employment,2024-12-06 13:30:00+00:00,2024,XAUUSD,metal,2.1996067343551733,0.6788957668144584,12.041244381894565,8.478225953725254,-7.799330186910796
bls_employment_2024-12-06,employment,2024-12-06 13:30:00+00:00,2024,XAGUSD,metal,1.9285783223282928,52.89067191688443,12.221396161210922,21.321858327280268,31.56881358960416
bls_employment_2024-12-06,employment,2024-12-06 13:30:00+00:00,2024,SPXUSD,equity,16.83477983173662,4.133611190582068,5.454782807887591,3.0302460609678326,1.103365129614235
bls_employment_2024-12-06,employment,2024-12-06 13:30:00+00:00,2024,NSXUSD,equity,12.243908208799093,2.822286423565589,7.393634543849586,3.6988092742449354,-0.8765228506793465
bls_employment_2024-12-06,employment,2024-12-06 13:30:00+00:00,2024,GRXEUR,equity,0.48992525073326487,0.7403225913748099,7.700915632120858,5.260746715455667,-4.520424124080858
bls_employment_2024-12-06,employment,2024-12-06 13:30:00+00:00,2024,UKXGBP,equity,1.197734032373114,4.5785133162215805,6.5719432659101,5.878400911247655,-1.2998875950260746
bls_employment_2024-12-06,employment,2024-12-06 13:30:00+00:00,2024,BCOUSD,energy,0.0,30.15197465663189,23.39409055302871,22.523374538346182,7.628600118285707
bls_cpi_2024-12-11,cpi,2024-12-11 13:30:00+00:00,2024,EURUSD,fx,5.230448939300841,9.407919500713419,6.4081105261390565,8.737877170139257,0.6700423305741623
bls_cpi_2024-12-11,cpi,2024-12-11 13:30:00+00:00,2024,GBPUSD,fx,9.098753471078785,15.276687225464466,4.47385945221807,7.334511945541896,7.942175279922569
bls_cpi_2024-12-11,cpi,2024-12-11 13:30:00+00:00,2024,AUDUSD,fx,5.342719885721501,9.264421361549674,5.297418099129221,7.699569154075449,1.5648522074742255
bls_cpi_2024-12-11,cpi,2024-12-11 13:30:00+00:00,2024,NZDUSD,fx,7.088459075688376,17.26788085999374,5.742166540285842,8.60509206671483,8.662788793278908
bls_cpi_2024-12-11,cpi,2024-12-11 13:30:00+00:00,2024,USDJPY,fx,7.211696372350681,17.132227539498857,6.872166747657516,8.322075796541828,8.810151742957029
bls_cpi_2024-12-11,cpi,2024-12-11 13:30:00+00:00,2024,USDCHF,fx,3.624912248850238,11.790047845721743,6.495876332864377,5.119617703653632,6.670430142068111
bls_cpi_2024-12-11,cpi,2024-12-11 13:30:00+00:00,2024,USDCAD,fx,0.9877100655666907,4.163564635975608,3.1735150785688995,3.285732916917334,0.8778317190582743
bls_cpi_2024-12-11,cpi,2024-12-11 13:30:00+00:00,2024,EURJPY,fx,2.1822013510246503,7.7350620478296035,8.175813152140378,6.933611694873187,0.8014503529564161
bls_cpi_2024-12-11,cpi,2024-12-11 13:30:00+00:00,2024,XAUUSD,metal,23.109527510937667,8.518127830684408,16.694499752618196,13.086175463859426,-4.568047633175018
bls_cpi_2024-12-11,cpi,2024-12-11 13:30:00+00:00,2024,XAGUSD,metal,30.02198598589302,9.461932201539945,27.513585033038083,30.771428779182955,-21.30949657764301
bls_cpi_2024-12-11,cpi,2024-12-11 13:30:00+00:00,2024,SPXUSD,equity,22.38461521628953,6.6454127028016154,3.343183315602901,6.653336396294977,-0.007923693493361306
bls_cpi_2024-12-11,cpi,2024-12-11 13:30:00+00:00,2024,NSXUSD,equity,27.818210251956458,7.999262863650657,3.8003831116071103,7.423021199207271,0.5762416644433852
bls_cpi_2024-12-11,cpi,2024-12-11 13:30:00+00:00,2024,GRXEUR,equity,10.321361389551305,0.01080727070049064,11.699759231478854,13.694737569708732,-13.68393029900824
bls_cpi_2024-12-11,cpi,2024-12-11 13:30:00+00:00,2024,UKXGBP,equity,2.323358271935418,2.676609935465456,9.570964972076675,13.187505619506503,-10.510895684041047
bls_cpi_2024-12-11,cpi,2024-12-11 13:30:00+00:00,2024,BCOUSD,energy,8.902829633173088,13.026102033160692,10.714234429193151,14.258377889709898,-1.2322758565492062
bls_employment_2025-01-10,employment,2025-01-10 13:30:00+00:00,2025,EURUSD,fx,71.27933192956844,16.013908178564847,6.482447277912476,5.92773222902414,10.086175949540706
bls_employment_2025-01-10,employment,2025-01-10 13:30:00+00:00,2025,GBPUSD,fx,86.59404088231756,9.82229904377915,6.901829911260933,5.633363678570928,4.188935365208223
bls_employment_2025-01-10,employment,2025-01-10 13:30:00+00:00,2025,AUDUSD,fx,66.64259128815033,3.415883893163295,5.193189197832173,6.218013990880221,-2.8021300977169266
bls_employment_2025-01-10,employment,2025-01-10 13:30:00+00:00,2025,NZDUSD,fx,63.58351012909059,1.801704417248574,6.045198108647871,6.953874559240372,-5.152170141991798
bls_employment_2025-01-10,employment,2025-01-10 13:30:00+00:00,2025,USDJPY,fx,49.951951800593015,9.07509704573246,5.1535360953957134,2.8936540955974706,6.181442950134988
bls_employment_2025-01-10,employment,2025-01-10 13:30:00+00:00,2025,USDCHF,fx,45.544730508562395,7.194715465042244,5.3799897958256775,3.457274345529299,3.7374411195129453
bls_employment_2025-01-10,employment,2025-01-10 13:30:00+00:00,2025,USDCAD,fx,14.774893696934834,13.10902525504296,2.594336758556204,6.159535439177684,6.949489815865276
bls_employment_2025-01-10,employment,2025-01-10 13:30:00+00:00,2025,EURJPY,fx,21.645163195273188,7.076727401353997,2.4328377498857643,7.117334903335999,-0.04060750198200225
bls_employment_2025-01-10,employment,2025-01-10 13:30:00+00:00,2025,XAUUSD,metal,31.684744485464197,54.05789202464275,12.79108067734765,6.749814336473239,47.308077688169504
bls_employment_2025-01-10,employment,2025-01-10 13:30:00+00:00,2025,XAGUSD,metal,79.214241833795,92.08107193575523,29.210273336715737,14.192949229564054,77.88812270619118
bls_employment_2025-01-10,employment,2025-01-10 13:30:00+00:00,2025,SPXUSD,equity,77.6392205593762,6.399916115016528,12.924825081302648,9.047720943833175,-2.647804828816647
bls_employment_2025-01-10,employment,2025-01-10 13:30:00+00:00,2025,NSXUSD,equity,93.66524530111722,1.0032345600196582,17.177475330336602,9.324025215097818,-8.32079065507816
bls_employment_2025-01-10,employment,2025-01-10 13:30:00+00:00,2025,GRXEUR,equity,40.08215334477141,4.1872942833797495,8.751793353425752,10.400589420522254,-6.213295137142504
bls_employment_2025-01-10,employment,2025-01-10 13:30:00+00:00,2025,UKXGBP,equity,18.11154857770255,9.880018287075217,5.2622982356134145,12.164367687948529,-2.284349400873312
bls_employment_2025-01-10,employment,2025-01-10 13:30:00+00:00,2025,BCOUSD,energy,2.5080571466887416,8.773249672872142,3.1479886832973,24.76692461120462,-15.993674938332477
bls_cpi_2025-01-15,cpi,2025-01-15 13:30:00+00:00,2025,EURUSD,fx,31.884042846268397,9.187754820701972,7.299813068509058,10.441165299624258,-1.2534104789222855
bls_cpi_2025-01-15,cpi,2025-01-15 13:30:00+00:00,2025,GBPUSD,fx,52.04606149040971,9.596461431638383,7.6363959710691365,14.242209486378572,-4.645748054740189
bls_cpi_2025-01-15,cpi,2025-01-15 13:30:00+00:00,2025,AUDUSD,fx,55.36613641121388,20.68352549594507,6.463088684478639,8.99879342615224,11.68473206979283
bls_cpi_2025-01-15,cpi,2025-01-15 13:30:00+00:00,2025,NZDUSD,fx,56.944721900506046,18.26031195343992,5.814703018608393,9.761046446443565,8.499265506996355
bls_cpi_2025-01-15,cpi,2025-01-15 13:30:00+00:00,2025,USDJPY,fx,43.06652608601675,1.1509834526862388,5.71771828948088,10.052001351702781,-8.901017899016543
bls_cpi_2025-01-15,cpi,2025-01-15 13:30:00+00:00,2025,USDCHF,fx,30.086769154544196,1.5397136163091316,4.852305403532943,7.727336969254564,-6.187623352945432
bls_cpi_2025-01-15,cpi,2025-01-15 13:30:00+00:00,2025,USDCAD,fx,25.11862889224442,7.827570218795616,5.5091823961793445,3.4121093534155356,4.41546086538008
bls_cpi_2025-01-15,cpi,2025-01-15 13:30:00+00:00,2025,EURJPY,fx,10.944268800312255,7.915698231556186,7.991828538464684,5.3488276656608456,2.56687056589534
bls_cpi_2025-01-15,cpi,2025-01-15 13:30:00+00:00,2025,XAUUSD,metal,14.49215460609114,26.996204721010272,8.249214818157316,12.139028611789257,14.857176109221015
bls_cpi_2025-01-15,cpi,2025-01-15 13:30:00+00:00,2025,XAGUSD,metal,40.97615461050797,89.69263657335966,12.839706408223744,23.451284853109023,66.24135172025063
bls_cpi_2025-01-15,cpi,2025-01-15 13:30:00+00:00,2025,SPXUSD,equity,104.84503766819547,10.26551547621833,3.266399018560523,9.234006017353291,1.0315094588650382
bls_cpi_2025-01-15,cpi,2025-01-15 13:30:00+00:00,2025,NSXUSD,equity,132.17636225804367,9.781843720931992,6.368084056060219,12.812255711167072,-3.0304119902350806
bls_cpi_2025-01-15,cpi,2025-01-15 13:30:00+00:00,2025,GRXEUR,equity,61.94677447627889,21.347637170673586,3.901231601951478,11.268722070642546,10.07891510003104
bls_cpi_2025-01-15,cpi,2025-01-15 13:30:00+00:00,2025,UKXGBP,equity,21.28616305083834,17.109569834259517,2.6691783612688083,7.488357420861377,9.62121241339814
bls_cpi_2025-01-15,cpi,2025-01-15 13:30:00+00:00,2025,BCOUSD,energy,4.3581395169892705,21.141131089582203,7.875730947628891,10.145665184453474,10.995465905128729
bls_employment_2025-02-07,employment,2025-02-07 13:30:00+00:00,2025,EURUSD,fx,10.413754810109047,2.605134058528262,3.7002271961383686,2.6839913259711294,-0.07885726744286758
bls_employment_2025-02-07,employment,2025-02-07 13:30:00+00:00,2025,GBPUSD,fx,11.811167344071373,8.203709823583855,3.964751060281833,3.0895102590254955,5.11419956455836
bls_employment_2025-02-07,employment,2025-02-07 13:30:00+00:00,2025,AUDUSD,fx,5.0967588902949075,4.621182626916978,4.094125766436093,4.066582236340955,0.5546003905760228
bls_employment_2025-02-07,employment,2025-02-07 13:30:00+00:00,2025,NZDUSD,fx,6.523790024289635,9.352309201976016,3.7207875087265596,3.706858025920325,5.645451176055691
bls_employment_2025-02-07,employment,2025-02-07 13:30:00+00:00,2025,USDJPY,fx,2.3684054820879195,1.7766722974702485,5.522444727644844,4.891117824570932,-3.1144455271006835
bls_employment_2025-02-07,employment,2025-02-07 13:30:00+00:00,2025,USDCHF,fx,14.202592983945216,4.509781352042158,3.37893169056495,3.7043654818986234,0.805415870143535
bls_employment_2025-02-07,employment,2025-02-07 13:30:00+00:00,2025,USDCAD,fx,13.345679483550853,5.5919812448212225,3.62139018777027,5.982996338006974,-0.3910150931857519
bls_employment_2025-02-07,employment,2025-02-07 13:30:00+00:00,2025,EURJPY,fx,12.62310067868726,4.253576718980799,3.6549130499407574,5.04945362902471,-0.7958769100439111
bls_employment_2025-02-07,employment,2025-02-07 13:30:00+00:00,2025,XAUUSD,metal,0.2445602806287563,8.108812311140426,5.582622911773203,6.736805546522769,1.372006764617657
bls_employment_2025-02-07,employment,2025-02-07 13:30:00+00:00,2025,XAGUSD,metal,9.009989269367582,9.63106870562913,33.72578503919212,14.525956963654568,-4.894888258025439
bls_employment_2025-02-07,employment,2025-02-07 13:30:00+00:00,2025,SPXUSD,equity,1.537158590065479,17.584209695008717,6.2882210955596305,6.832364746650094,10.751844948358624
bls_employment_2025-02-07,employment,2025-02-07 13:30:00+00:00,2025,NSXUSD,equity,0.3633412085264665,17.09033078675421,10.886067803838213,15.288885738364787,1.8014450483894215
bls_employment_2025-02-07,employment,2025-02-07 13:30:00+00:00,2025,GRXEUR,equity,1.3761255223692381,6.847647070255225,2.5379974736939976,7.783099895305513,-0.9354528250502883
bls_employment_2025-02-07,employment,2025-02-07 13:30:00+00:00,2025,UKXGBP,equity,4.109684501651109,11.590183346445349,2.91707366594461,6.723717905849867,4.866465440595482
bls_employment_2025-02-07,employment,2025-02-07 13:30:00+00:00,2025,BCOUSD,energy,3.3463842630669185,10.7159611084923,10.11801474312718,10.671461548387668,0.044499560104631186
bls_cpi_2025-02-12,cpi,2025-02-12 13:30:00+00:00,2025,EURUSD,fx,45.14854942633958,11.136883114667674,4.0489929213601235,4.489284603778826,6.647598510888848
bls_cpi_2025-02-12,cpi,2025-02-12 13:30:00+00:00,2025,GBPUSD,fx,47.6028365131093,0.4036832056224667,5.907298162366322,7.8739888851374324,-7.470305679514966
bls_cpi_2025-02-12,cpi,2025-02-12 13:30:00+00:00,2025,AUDUSD,fx,46.4749417116597,11.852897338482768,5.963133801095324,6.222993419789505,5.6299039186932625
bls_cpi_2025-02-12,cpi,2025-02-12 13:30:00+00:00,2025,NZDUSD,fx,48.688702339265475,18.721088081253644,6.639170498930152,5.416947300887559,13.304140780366085
bls_cpi_2025-02-12,cpi,2025-02-12 13:30:00+00:00,2025,USDJPY,fx,50.35241008362873,4.276384058535967,3.87596674434909,6.125720370899458,-1.8493363123634907
bls_cpi_2025-02-12,cpi,2025-02-12 13:30:00+00:00,2025,USDCHF,fx,35.578460584913294,7.761726335148926,1.9617739319100445,5.37144375363286,2.3902825815160655
bls_cpi_2025-02-12,cpi,2025-02-12 13:30:00+00:00,2025,USDCAD,fx,20.672130723928284,0.6976371034153229,6.380815426695081,6.177763251974808,-5.480126148559485
bls_cpi_2025-02-12,cpi,2025-02-12 13:30:00+00:00,2025,EURJPY,fx,5.4643952054517415,15.058731888935876,3.248302601973698,6.004466098690326,9.05426579024555
bls_cpi_2025-02-12,cpi,2025-02-12 13:30:00+00:00,2025,XAUUSD,metal,26.731050543979638,50.55813896556727,12.63505889043344,12.29342614288673,38.264712822680536
bls_cpi_2025-02-12,cpi,2025-02-12 13:30:00+00:00,2025,XAGUSD,metal,30.308793802433144,92.53205480483176,24.170046079978633,19.723093867993732,72.80896093683802
bls_cpi_2025-02-12,cpi,2025-02-12 13:30:00+00:00,2025,SPXUSD,equity,100.69208573489618,6.998450771439392,3.5556629045644326,6.287073654747646,0.7113771166917466
bls_cpi_2025-02-12,cpi,2025-02-12 13:30:00+00:00,2025,NSXUSD,equity,120.81462935766493,11.659432102779673,6.6857538349136725,9.20920264402417,2.450229458755503
bls_cpi_2025-02-12,cpi,2025-02-12 13:30:00+00:00,2025,UKXGBP,equity,32.80600848476577,11.161287797298288,3.945926164040462,4.7204366395097255,6.440851157788562
bls_cpi_2025-02-12,cpi,2025-02-12 13:30:00+00:00,2025,BCOUSD,energy,14.424340292723564,2.6248441649484753,8.417465443639186,11.93439445338579,-9.309550288437315
bls_employment_2025-03-07,employment,2025-03-07 13:30:00+00:00,2025,EURUSD,fx,27.872467094482868,33.40099443565126,2.784778292929304,3.9212058925693,29.479788543081963
bls_employment_2025-03-07,employment,2025-03-07 13:30:00+00:00,2025,GBPUSD,fx,15.705088039371905,23.06324062315069,3.44133282988515,1.8080365449536104,21.25520407819708
bls_employment_2025-03-07,employment,2025-03-07 13:30:00+00:00,2025,AUDUSD,fx,24.12584697984976,33.347126529259434,3.4367537039711635,6.105965406012682,27.24116112324675
bls_employment_2025-03-07,employment,2025-03-07 13:30:00+00:00,2025,NZDUSD,fx,20.46152811198331,32.372964497911994,3.836332089862214,4.251911428796674,28.12105306911532
bls_employment_2025-03-07,employment,2025-03-07 13:30:00+00:00,2025,USDJPY,fx,34.66349053966875,4.483848031915037,14.905691535032293,10.512889839869773,-6.029041807954736
bls_employment_2025-03-07,employment,2025-03-07 13:30:00+00:00,2025,USDCHF,fx,7.730962889884341,2.388711642677753,4.92445838258671,5.621782537311604,-3.2330708946338507
bls_employment_2025-03-07,employment,2025-03-07 13:30:00+00:00,2025,USDCAD,fx,0.0,25.919927554622966,5.430998125957204,6.075127789822268,19.844799764800698
bls_employment_2025-03-07,employment,2025-03-07 13:30:00+00:00,2025,EURJPY,fx,6.926309957822333,28.880074082497828,13.141748295889084,13.238464074234198,15.64161000826363
bls_employment_2025-03-07,employment,2025-03-07 13:30:00+00:00,2025,XAUUSD,metal,30.464485718508868,30.05232349827088,10.507392139726782,22.36679209630088,7.68553140197
bls_employment_2025-03-07,employment,2025-03-07 13:30:00+00:00,2025,XAGUSD,metal,53.116053482897854,63.33926105244896,25.17743862097,49.04197151652568,14.297289535923284
bls_employment_2025-03-07,employment,2025-03-07 13:30:00+00:00,2025,SPXUSD,equity,27.770028549600763,39.19455827753763,6.114213511709601,4.588789679735557,34.605768597802076
bls_employment_2025-03-07,employment,2025-03-07 13:30:00+00:00,2025,NSXUSD,equity,38.0465938819774,44.39979561378204,10.853515287427417,6.3733763099606815,38.026419303821356
bls_employment_2025-03-07,employment,2025-03-07 13:30:00+00:00,2025,GRXEUR,equity,39.54280811684462,54.3734448250324,6.29027461035042,8.852853815033685,45.52059100999872
bls_employment_2025-03-07,employment,2025-03-07 13:30:00+00:00,2025,UKXGBP,equity,25.664124355579755,14.188469028736643,3.5755725956539703,5.011223698532168,9.177245330204475
bls_employment_2025-03-07,employment,2025-03-07 13:30:00+00:00,2025,BCOUSD,energy,7.1042912905582964,24.175210864018037,15.324574101312455,19.890154277616148,4.28505658640189
bls_cpi_2025-03-12,cpi,2025-03-12 13:30:00+00:00,2025,EURUSD,fx,2.3867882205985467,6.796286183182298,5.825531892433795,2.7659083596041008,4.030377823578197
bls_cpi_2025-03-12,cpi,2025-03-12 13:30:00+00:00,2025,GBPUSD,fx,3.4742998670243286,10.275547806598444,2.4844549284714974,2.820321726461702,7.455226080136742
bls_cpi_2025-03-12,cpi,2025-03-12 13:30:00+00:00,2025,AUDUSD,fx,2.2227514579099434,15.41407753207932,5.634076286509121,6.79044150508313,8.62363602699619
bls_cpi_2025-03-12,cpi,2025-03-12 13:30:00+00:00,2025,NZDUSD,fx,5.074321418405962,16.114909775720832,5.181816641905213,5.274326223846423,10.84058355187441
bls_cpi_2025-03-12,cpi,2025-03-12 13:30:00+00:00,2025,USDJPY,fx,2.7538495296024204,20.706028950994835,7.070457712539505,6.790907187088992,13.915121763905843
bls_cpi_2025-03-12,cpi,2025-03-12 13:30:00+00:00,2025,USDCHF,fx,3.961718532102993,5.093926451973427,4.687973122730131,3.73696271503354,1.3569637369398873
bls_cpi_2025-03-12,cpi,2025-03-12 13:30:00+00:00,2025,USDCAD,fx,5.068335854495109,9.093402357133684,4.8007398282546765,4.214062717538976,4.879339639594708
bls_cpi_2025-03-12,cpi,2025-03-12 13:30:00+00:00,2025,EURJPY,fx,0.4932699482446109,27.598828361419898,4.228317155426329,3.992567325361522,23.606261036058378
bls_cpi_2025-03-12,cpi,2025-03-12 13:30:00+00:00,2025,XAUUSD,metal,12.164803641702449,9.611408107399969,12.26213441766214,16.969834413351414,-7.358426305951445
bls_cpi_2025-03-12,cpi,2025-03-12 13:30:00+00:00,2025,XAGUSD,metal,24.26596677256989,4.848484943467853,22.850597427695725,28.622373873694393,-23.77388893022654
bls_cpi_2025-03-12,cpi,2025-03-12 13:30:00+00:00,2025,SPXUSD,equity,9.562571303275504,59.21868916951213,2.3805220510261687,10.073017532501602,49.14567163701053
bls_cpi_2025-03-12,cpi,2025-03-12 13:30:00+00:00,2025,NSXUSD,equity,30.41968014199584,60.059828226381974,3.695514341822717,12.494366765036784,47.565461461345194
bls_cpi_2025-03-12,cpi,2025-03-12 13:30:00+00:00,2025,GRXEUR,equity,3.9655537326623644,11.676067326863555,4.174766169705873,18.250814642864672,-6.574747316001117
bls_cpi_2025-03-12,cpi,2025-03-12 13:30:00+00:00,2025,UKXGBP,equity,9.944710484949592,1.7159984998086557,3.20371417429456,9.445436627070325,-7.72943812726167
bls_cpi_2025-03-12,cpi,2025-03-12 13:30:00+00:00,2025,BCOUSD,energy,13.466106432654389,21.980368334830782,9.043376141434512,13.166476454373434,8.813891880457348
bls_employment_2025-04-04,employment,2025-04-04 13:30:00+00:00,2025,EURUSD,fx,20.155192716240954,33.16812741061953,3.7371104734444396,7.66493016798238,25.503197242637153
bls_employment_2025-04-04,employment,2025-04-04 13:30:00+00:00,2025,GBPUSD,fx,7.90535110610587,23.29184647250119,2.271460296190105,3.5623426529063713,19.72950381959482
bls_employment_2025-04-04,employment,2025-04-04 13:30:00+00:00,2025,AUDUSD,fx,20.939675233956603,6.0483708023848015,2.583513630364894,3.5942217979325117,2.45414900445229
bls_employment_2025-04-04,employment,2025-04-04 13:30:00+00:00,2025,NZDUSD,fx,22.16961543661982,13.473268241531878,2.095506840784759,1.272701856501603,12.200566385030275
bls_employment_2025-04-04,employment,2025-04-04 13:30:00+00:00,2025,USDJPY,fx,20.152491662970395,14.899090616107259,5.593258054912344,8.753152052481436,6.145938563625823
bls_employment_2025-04-04,employment,2025-04-04 13:30:00+00:00,2025,USDCHF,fx,20.210572775305366,15.599986742637057,1.4884524889592723,1.551075189477519,14.048911553159538
bls_employment_2025-04-04,employment,2025-04-04 13:30:00+00:00,2025,USDCAD,fx,9.360759397647486,0.7034624424295255,4.142651892430475,5.782317520819599,-5.078855078390074
bls_employment_2025-04-04,employment,2025-04-04 13:30:00+00:00,2025,EURJPY,fx,0.4351515415916078,18.231205291114268,5.5397473998471485,8.840891078709836,9.390314212404432
bls_employment_2025-04-04,employment,2025-04-04 13:30:00+00:00,2025,XAUUSD,metal,3.6883834136763025,66.07081086298129,12.59207858109146,32.95750168234808,33.11330918063321
bls_employment_2025-04-04,employment,2025-04-04 13:30:00+00:00,2025,XAGUSD,metal,37.453227301618924,84.46788841968825,26.593953087939923,54.23537580959015,30.232512610098098
bls_employment_2025-04-04,employment,2025-04-04 13:30:00+00:00,2025,SPXUSD,equity,33.789163812023915,16.162689906725568,13.404867631697321,14.352106351716237,1.8105835550093303
bls_employment_2025-04-04,employment,2025-04-04 13:30:00+00:00,2025,NSXUSD,equity,37.440313535965245,13.506816110582708,26.12363036397373,26.786948313036614,-13.280132202453906
bls_employment_2025-04-04,employment,2025-04-04 13:30:00+00:00,2025,GRXEUR,equity,46.031690335680885,2.081026563196561,12.063073226684804,12.905090557507306,-10.824063994310745
bls_employment_2025-04-04,employment,2025-04-04 13:30:00+00:00,2025,UKXGBP,equity,35.8072188038804,7.052427123376876,5.156308580620863,14.632743973844802,-7.580316850467926
bls_employment_2025-04-04,employment,2025-04-04 13:30:00+00:00,2025,BCOUSD,energy,60.91544002073816,100.71039572925315,13.169450369907224,10.840370683900083,89.87002504535306
bls_cpi_2025-04-10,cpi,2025-04-10 13:30:00+00:00,2025,EURUSD,fx,22.58993054173244,27.45659309869517,4.9534756394145365,6.644918588349193,20.811674510345977
bls_cpi_2025-04-10,cpi,2025-04-10 13:30:00+00:00,2025,GBPUSD,fx,12.133250842235498,22.03623337745303,2.58333848641067,8.61951866875759,13.416714708695439
bls_cpi_2025-04-10,cpi,2025-04-10 13:30:00+00:00,2025,AUDUSD,fx,17.58561337321667,43.131715319262874,4.559980256388078,7.032433314517104,36.09928200474577
bls_cpi_2025-04-10,cpi,2025-04-10 13:30:00+00:00,2025,NZDUSD,fx,19.06544922157584,40.44795877064872,5.816028952474317,4.749345260293701,35.69861351035502
bls_cpi_2025-04-10,cpi,2025-04-10 13:30:00+00:00,2025,USDJPY,fx,9.84472268172088,22.703984324247557,7.572939378195926,9.259435415752332,13.444548908495225
bls_cpi_2025-04-10,cpi,2025-04-10 13:30:00+00:00,2025,USDCHF,fx,14.456135322800383,40.21029287493803,4.290949945105699,3.7703041073366657,36.43998876760136
bls_cpi_2025-04-10,cpi,2025-04-10 13:30:00+00:00,2025,USDCAD,fx,7.754061489092718,13.867704344210061,4.094115340671518,10.409894545383036,3.457809798827025
bls_cpi_2025-04-10,cpi,2025-04-10 13:30:00+00:00,2025,EURJPY,fx,12.763638997639202,4.645070270530575,3.7180205628817125,11.547279770449315,-6.902209499918739
bls_cpi_2025-04-10,cpi,2025-04-10 13:30:00+00:00,2025,XAUUSD,metal,17.386742429410678,10.41006122236646,17.268802849861057,10.553444017264543,-0.14338279489808237
bls_cpi_2025-04-10,cpi,2025-04-10 13:30:00+00:00,2025,XAGUSD,metal,20.4058567577201,20.36430164110398,34.74140580435998,29.400861566254633,-9.036559925150652
bls_cpi_2025-04-10,cpi,2025-04-10 13:30:00+00:00,2025,SPXUSD,equity,44.94667496055816,27.186721054366565,14.56206260416824,49.63800029901921,-22.451279244652646
bls_cpi_2025-04-10,cpi,2025-04-10 13:30:00+00:00,2025,NSXUSD,equity,48.49647728321382,37.92002827332941,22.140334682863124,65.79716548256799,-27.877137209238583
bls_cpi_2025-04-10,cpi,2025-04-10 13:30:00+00:00,2025,GRXEUR,equity,14.273318753138495,1.4392113494628158,7.044893990651902,40.11014008034951,-38.67092873088669
bls_cpi_2025-04-10,cpi,2025-04-10 13:30:00+00:00,2025,UKXGBP,equity,18.919902071243534,12.908910040280457,7.9421279473408575,18.280594429669847,-5.37168438938939
bls_cpi_2025-04-10,cpi,2025-04-10 13:30:00+00:00,2025,BCOUSD,energy,10.19599934605655,57.44835624884429,22.499339814550165,25.928792698472044,31.519563550372247
bls_employment_2025-05-02,employment,2025-05-02 13:30:00+00:00,2025,EURUSD,fx,14.221423744038661,7.069073980636164,2.8850019595923353,14.564985680376159,-7.495911699739995
bls_employment_2025-05-02,employment,2025-05-02 13:30:00+00:00,2025,GBPUSD,fx,7.304684736081355,11.368899382555504,1.662336376830976,5.176743680958057,6.192155701597447
bls_employment_2025-05-02,employment,2025-05-02 13:30:00+00:00,2025,AUDUSD,fx,9.483020663862634,15.371361062796762,3.89160380488591,5.136888809111736,10.234472253685027
bls_employment_2025-05-02,employment,2025-05-02 13:30:00+00:00,2025,NZDUSD,fx,2.0201680175094845,15.138265691234622,1.4176813272481725,5.758005695492079,9.380259995742543
bls_employment_2025-05-02,employment,2025-05-02 13:30:00+00:00,2025,USDJPY,fx,17.489350128346306,15.552263915033635,1.505235263747823,8.403842772285316,7.148421142748319
bls_employment_2025-05-02,employment,2025-05-02 13:30:00+00:00,2025,USDCHF,fx,25.431131706538423,0.12094750273898512,1.3034709055315046,11.439212598551899,-11.318265095812913
bls_employment_2025-05-02,employment,2025-05-02 13:30:00+00:00,2025,USDCAD,fx,0.28922004586071487,3.3266318882415535,2.91037449082473,3.962026851581087,-0.6353949633395333
bls_employment_2025-05-02,employment,2025-05-02 13:30:00+00:00,2025,EURJPY,fx,3.113695707193428,8.366438248138481,2.3554416230169175,7.640366715154364,0.7260715329841165
bls_employment_2025-05-02,employment,2025-05-02 13:30:00+00:00,2025,XAUUSD,metal,22.18130276777936,14.743045893088729,12.65569246551177,31.525813927588388,-16.78276803449966
bls_employment_2025-05-02,employment,2025-05-02 13:30:00+00:00,2025,XAGUSD,metal,9.882034032526251,7.10172478244516,15.729369222547845,38.39291625001566,-31.2911914675705
bls_employment_2025-05-02,employment,2025-05-02 13:30:00+00:00,2025,SPXUSD,equity,35.44875649135176,38.01779547910177,17.409291460948154,30.989609512209277,7.028185966892494
bls_employment_2025-05-02,employment,2025-05-02 13:30:00+00:00,2025,NSXUSD,equity,40.327092908473546,38.10567366255773,20.66190572820695,39.602947771409994,-1.4972741088522667
bls_employment_2025-05-02,employment,2025-05-02 13:30:00+00:00,2025,GRXEUR,equity,26.393767169959737,28.25492917386947,16.41030448801628,19.431772207648926,8.823156966220544
bls_employment_2025-05-02,employment,2025-05-02 13:30:00+00:00,2025,UKXGBP,equity,11.10703829827364,24.472889855720066,12.516910671152795,13.556230239846691,10.916659615873375
bls_employment_2025-05-02,employment,2025-05-02 13:30:00+00:00,2025,BCOUSD,energy,71.26690351279392,1.6140747351642306,13.917204113940997,17.23870341729328,-15.62462868212905
bls_cpi_2025-05-13,cpi,2025-05-13 13:30:00+00:00,2025,EURUSD,fx,0.7199100115582643,15.466655362325735,3.219592051816263,11.17470758103984,4.291947781285895
bls_cpi_2025-05-13,cpi,2025-05-13 13:30:00+00:00,2025,GBPUSD,fx,0.9077293157423801,16.099959259519256,2.709227495933992,7.9467538574084,8.153205402110856
bls_cpi_2025-05-13,cpi,2025-05-13 13:30:00+00:00,2025,AUDUSD,fx,8.10398074461682,9.809494196339365,4.564816297604285,1.8706851820454293,7.938809014293936
bls_cpi_2025-05-13,cpi,2025-05-13 13:30:00+00:00,2025,NZDUSD,fx,0.16947572684313497,14.394949012710562,4.179331724607453,2.2285277044768,12.166421308233762
bls_cpi_2025-05-13,cpi,2025-05-13 13:30:00+00:00,2025,USDJPY,fx,3.98184553675926,14.31504133822633,4.367177144936821,12.472611747698025,1.8424295905283046
bls_cpi_2025-05-13,cpi,2025-05-13 13:30:00+00:00,2025,USDCHF,fx,5.342165841029171,8.073708645255962,4.1649122557937615,9.57489657978423,-1.501187934528268
bls_cpi_2025-05-13,cpi,2025-05-13 13:30:00+00:00,2025,USDCAD,fx,2.5015992497013815,5.148115688895944,6.8543569207313215,4.5873995871930635,0.5607161017028801
bls_cpi_2025-05-13,cpi,2025-05-13 13:30:00+00:00,2025,EURJPY,fx,3.401009403778197,1.3357944353654618,3.4744090567555475,6.693110494814839,-5.357316059449377
bls_cpi_2025-05-13,cpi,2025-05-13 13:30:00+00:00,2025,XAUUSD,metal,18.261718252055616,4.562304042636876,7.792686916941355,23.368663885585853,-18.80635984294898
bls_cpi_2025-05-13,cpi,2025-05-13 13:30:00+00:00,2025,XAGUSD,metal,8.591329422924744,50.172956843502625,25.115972893937204,28.38525196689434,21.787704876608284
bls_cpi_2025-05-13,cpi,2025-05-13 13:30:00+00:00,2025,SPXUSD,equity,20.72583545839619,11.546861864866559,6.598469141093401,21.371427505352948,-9.824565640486389
bls_cpi_2025-05-13,cpi,2025-05-13 13:30:00+00:00,2025,NSXUSD,equity,27.539727653406555,10.81957726389815,9.140536061255682,28.396909637156188,-17.577332373258038
bls_cpi_2025-05-13,cpi,2025-05-13 13:30:00+00:00,2025,GRXEUR,equity,14.569984261805457,6.514835397213767,6.036087969772113,14.841627312306473,-8.326791915092706
bls_cpi_2025-05-13,cpi,2025-05-13 13:30:00+00:00,2025,UKXGBP,equity,8.089814091042745,9.85307321176255,3.848973265513387,11.879240770769458,-2.0261675590069075
bls_cpi_2025-05-13,cpi,2025-05-13 13:30:00+00:00,2025,BCOUSD,energy,5.33150551492094,6.093381253355406,11.039110576274082,19.414360542704173,-13.320979289348767
bls_employment_2025-06-06,employment,2025-06-06 13:30:00+00:00,2025,EURUSD,fx,0.3505635309126664,10.698095531851118,5.325463031796608,1.2845947894041607,9.413500742446958
bls_employment_2025-06-06,employment,2025-06-06 13:30:00+00:00,2025,GBPUSD,fx,0.14766141238313327,4.6523822143374955,3.5898395517756896,5.025475913049901,-0.37309369871240516
bls_employment_2025-06-06,employment,2025-06-06 13:30:00+00:00,2025,AUDUSD,fx,13.86001607877153,7.697637205589637,4.895544158842033,5.670436075066072,2.027201130523565
bls_employment_2025-06-06,employment,2025-06-06 13:30:00+00:00,2025,NZDUSD,fx,11.109914667826263,16.420501114556522,3.917120053603926,5.599070916391389,10.821430198165134
bls_employment_2025-06-06,employment,2025-06-06 13:30:00+00:00,2025,USDJPY,fx,5.127743281715901,22.765891457028445,3.810028366295958,4.425403268034147,18.3404881889943
bls_employment_2025-06-06,employment,2025-06-06 13:30:00+00:00,2025,USDCHF,fx,3.282535119166196,14.090497320666797,6.2309492220857345,5.2058827311904885,8.884614589476309
bls_employment_2025-06-06,employment,2025-06-06 13:30:00+00:00,2025,USDCAD,fx,10.23175001013398,5.774917283122013,3.3289000798137427,5.629166555929989,0.14575072719202442
bls_employment_2025-06-06,employment,2025-06-06 13:30:00+00:00,2025,EURJPY,fx,4.615487471330769,12.075207549750413,3.841157527702178,4.373153587853562,7.702053961896851
bls_employment_2025-06-06,employment,2025-06-06 13:30:00+00:00,2025,XAUUSD,metal,2.0257719973530652,23.969115577748028,7.861835329032758,15.538016813855581,8.431098763892447
bls_employment_2025-06-06,employment,2025-06-06 13:30:00+00:00,2025,XAGUSD,metal,17.70940444576758,13.555948018116068,11.218506680570457,15.66809854858038,-2.1121505304643122
bls_employment_2025-06-06,employment,2025-06-06 13:30:00+00:00,2025,SPXUSD,equity,31.602647444820352,7.095182915910021,12.537351207398741,11.553936022723999,-4.458753106813978
bls_employment_2025-06-06,employment,2025-06-06 13:30:00+00:00,2025,NSXUSD,equity,40.521581184459436,4.821194649935785,17.00391285263202,12.965353918344594,-8.144159268408808
bls_employment_2025-06-06,employment,2025-06-06 13:30:00+00:00,2025,GRXEUR,equity,10.497506848400386,2.2697216451262805,15.638064186640744,15.945935036482473,-13.676213391356193
bls_employment_2025-06-06,employment,2025-06-06 13:30:00+00:00,2025,UKXGBP,equity,7.591373247506945,1.3472607759275272,8.779567270490892,7.805923273336194,-6.458662497408667
bls_employment_2025-06-06,employment,2025-06-06 13:30:00+00:00,2025,BCOUSD,energy,21.41819835073437,20.60990768083874,10.346785211162697,19.906206522285306,0.7037011585534358
bls_cpi_2025-06-11,cpi,2025-06-11 13:30:00+00:00,2025,EURUSD,fx,42.31730284423459,23.099630653205132,4.494252719980536,8.77377736313991,14.325853290065222
bls_cpi_2025-06-11,cpi,2025-06-11 13:30:00+00:00,2025,GBPUSD,fx,35.495644687211765,20.5425369109616,5.596844133543235,10.540583896148645,10.001953014812957
bls_cpi_2025-06-11,cpi,2025-06-11 13:30:00+00:00,2025,AUDUSD,fx,56.41417954139746,19.739415604353127,8.361425232426871,11.42261297166209,8.316802632691036
bls_cpi_2025-06-11,cpi,2025-06-11 13:30:00+00:00,2025,NZDUSD,fx,54.92973888243568,15.687054794314223,7.540491705659358,11.308259430965219,4.378795363349004
bls_cpi_2025-06-11,cpi,2025-06-11 13:30:00+00:00,2025,USDJPY,fx,54.14340475902562,19.647051307491356,6.05611009408317,11.544768269035767,8.102283038455589
bls_cpi_2025-06-11,cpi,2025-06-11 13:30:00+00:00,2025,USDCHF,fx,38.03722964656271,23.54650300090474,4.415300063024251,11.380720056751821,12.165782944152918
bls_cpi_2025-06-11,cpi,2025-06-11 13:30:00+00:00,2025,USDCAD,fx,23.56196346942865,8.567757199817994,2.532643269250081,8.202078292993798,0.36567890682419524
bls_cpi_2025-06-11,cpi,2025-06-11 13:30:00+00:00,2025,EURJPY,fx,11.870510409747274,3.5578712245026702,3.232617359752572,5.35165620106368,-1.7937849765610094
bls_cpi_2025-06-11,cpi,2025-06-11 13:30:00+00:00,2025,XAUUSD,metal,52.23686347998045,64.08425361233311,16.035148707552334,34.1754194351392,29.908834177193917
bls_cpi_2025-06-11,cpi,2025-06-11 13:30:00+00:00,2025,XAGUSD,metal,54.10094621533687,26.876575978920407,33.70557425536765,26.34756699490667,0.5290089840137355
bls_cpi_2025-06-11,cpi,2025-06-11 13:30:00+00:00,2025,SPXUSD,equity,48.380184950084605,8.67046996913417,5.774637651701746,3.554488179065869,5.1159817900683
bls_cpi_2025-06-11,cpi,2025-06-11 13:30:00+00:00,2025,NSXUSD,equity,56.46823342828013,12.651243602668865,8.096014284275922,5.108936988029838,7.542306614639027
bls_cpi_2025-06-11,cpi,2025-06-11 13:30:00+00:00,2025,GRXEUR,equity,20.523395994258223,13.506636052461682,3.4199635267321526,8.105824694175656,5.400811358286026
bls_cpi_2025-06-11,cpi,2025-06-11 13:30:00+00:00,2025,UKXGBP,equity,18.020668751791938,1.123509597244972,3.6533785084850807,6.748230165624618,-5.624720568379646
bls_cpi_2025-06-11,cpi,2025-06-11 13:30:00+00:00,2025,BCOUSD,energy,10.326007703183748,44.179440093599425,13.685429983752277,19.762740567400712,24.416699526198713
bls_employment_2025-07-03,employment,2025-07-03 13:30:00+00:00,2025,EURUSD,fx,46.594365445315674,4.60107025601088,10.554396943260446,7.578935134637846,-2.977864878626966
bls_employment_2025-07-03,employment,2025-07-03 13:30:00+00:00,2025,GBPUSD,fx,41.02863443536358,14.992396373255108,10.852257743566808,7.978268985221575,7.014127388033533
bls_employment_2025-07-03,employment,2025-07-03 13:30:00+00:00,2025,AUDUSD,fx,39.95796010299649,0.45845972821283426,6.711031244906993,5.787433181734727,-5.3289734535218924
bls_employment_2025-07-03,employment,2025-07-03 13:30:00+00:00,2025,NZDUSD,fx,42.14777773978394,3.8088614448912232,8.305550324766047,6.922839164276036,-3.113977719384813
bls_employment_2025-07-03,employment,2025-07-03 13:30:00+00:00,2025,USDJPY,fx,69.17663402991464,5.932834965269577,17.439823798371844,13.536823424310048,-7.603988459040472
bls_employment_2025-07-03,employment,2025-07-03 13:30:00+00:00,2025,USDCHF,fx,49.42566986088904,3.386705332565154,13.164944692342585,11.599264913808518,-8.212559581243365
bls_employment_2025-07-03,employment,2025-07-03 13:30:00+00:00,2025,USDCAD,fx,14.926528236540753,4.774724901282973,2.1966246376722993,5.650313938577104,-0.8755890372941311
bls_employment_2025-07-03,employment,2025-07-03 13:30:00+00:00,2025,EURJPY,fx,22.43282136922427,10.756955584716025,6.93376721237229,9.301855610261974,1.4550999744540505
bls_employment_2025-07-03,employment,2025-07-03 13:30:00+00:00,2025,XAUUSD,metal,65.86682535919046,18.872828721500365,11.558028851160707,28.90314839599171,-10.030319674491345
bls_employment_2025-07-03,employment,2025-07-03 13:30:00+00:00,2025,XAGUSD,metal,70.35561185411414,1.094570929287895,20.802036461622308,33.71209803444619,-32.617527105158295
bls_employment_2025-07-03,employment,2025-07-03 13:30:00+00:00,2025,SPXUSD,equity,20.434957176014553,10.395817485345367,7.542645981757832,13.374680015702019,-2.9788625303566523
bls_employment_2025-07-03,employment,2025-07-03 13:30:00+00:00,2025,NSXUSD,equity,29.54870136350631,11.484388742338055,9.848950160433704,14.1234155323416,-2.6390267900035447
bls_employment_2025-07-03,employment,2025-07-03 13:30:00+00:00,2025,GRXEUR,equity,33.13582398898003,5.249529414784163,8.948960526843894,7.307044966085267,-2.057515551301104
bls_employment_2025-07-03,employment,2025-07-03 13:30:00+00:00,2025,UKXGBP,equity,24.361080703307426,16.196340291602205,4.5295065252181566,6.91208193595533,9.284258355646875
bls_employment_2025-07-03,employment,2025-07-03 13:30:00+00:00,2025,BCOUSD,energy,18.865192070141227,14.508526302711113,11.192408363926447,33.70754006194433,-19.199013759233218
bls_cpi_2025-07-15,cpi,2025-07-15 13:30:00+00:00,2025,EURUSD,fx,11.30621105450403,3.339141186797824,3.86059847277095,4.9816192548103215,-1.6424780680124975
bls_cpi_2025-07-15,cpi,2025-07-15 13:30:00+00:00,2025,GBPUSD,fx,8.400519393321394,5.797834151098595,1.6917098259453744,6.005806739090756,-0.20797258799216145
bls_cpi_2025-07-15,cpi,2025-07-15 13:30:00+00:00,2025,AUDUSD,fx,16.145249798301403,2.586908734591091,5.496854775687511,5.741659525897292,-3.1547507913062014
bls_cpi_2025-07-15,cpi,2025-07-15 13:30:00+00:00,2025,NZDUSD,fx,12.507193265603487,2.166793071405186,5.0744699748409685,4.902644947626192,-2.7358518762210062
bls_cpi_2025-07-15,cpi,2025-07-15 13:30:00+00:00,2025,USDJPY,fx,6.423715224322548,3.4490337975244985,5.558046435108765,9.189849885807531,-5.740816088283033
bls_cpi_2025-07-15,cpi,2025-07-15 13:30:00+00:00,2025,USDCHF,fx,7.281309953111388,0.5023547881751904,3.726838479453845,6.901447856862331,-6.399093068687141
bls_cpi_2025-07-15,cpi,2025-07-15 13:30:00+00:00,2025,USDCAD,fx,8.401734904442879,6.360788513536348,2.5477135513339944,8.105444357849517,-1.7446558443131694
bls_cpi_2025-07-15,cpi,2025-07-15 13:30:00+00:00,2025,EURJPY,fx,4.807093741123965,0.5211122853386382,4.251979314028033,5.820589633763954,-5.299477348425316
bls_cpi_2025-07-15,cpi,2025-07-15 13:30:00+00:00,2025,XAUUSD,metal,3.6785859131161143,2.4173259717634434,11.33089213465536,9.330032184355945,-6.912706212592502
bls_cpi_2025-07-15,cpi,2025-07-15 13:30:00+00:00,2025,XAGUSD,metal,9.956245746066509,7.597291538157153,32.82649989606229,23.16861904241997,-15.571327504262817
bls_cpi_2025-07-15,cpi,2025-07-15 13:30:00+00:00,2025,SPXUSD,equity,17.476927486295967,5.479514435116181,6.327434121545395,5.359182598804054,0.1203318363121273
bls_cpi_2025-07-15,cpi,2025-07-15 13:30:00+00:00,2025,NSXUSD,equity,19.14053017912327,2.3413291190912457,8.077809908210334,6.907978259632331,-4.5666491405410845
bls_cpi_2025-07-15,cpi,2025-07-15 13:30:00+00:00,2025,GRXEUR,equity,3.1520375201897126,3.5650598499690402,3.7507850663066513,6.731072618812491,-3.166012768843451
bls_cpi_2025-07-15,cpi,2025-07-15 13:30:00+00:00,2025,UKXGBP,equity,3.6625729834390843,6.7807606549234265,2.2095135781733832,2.0051853126790617,4.775575342244364
bls_cpi_2025-07-15,cpi,2025-07-15 13:30:00+00:00,2025,BCOUSD,energy,18.077303451391508,1.4473874681525483,10.460778872764529,29.087577381582616,-27.640189913430067
bls_employment_2025-08-01,employment,2025-08-01 13:30:00+00:00,2025,EURUSD,fx,101.01757436520192,34.514789755248614,4.745097254267383,4.1981500699803345,30.316639685268278
bls_employment_2025-08-01,employment,2025-08-01 13:30:00+00:00,2025,GBPUSD,fx,81.11253617049411,24.48442696005853,6.367338259517881,3.4789652058617975,21.005461754196734
bls_employment_2025-08-01,employment,2025-08-01 13:30:00+00:00,2025,AUDUSD,fx,82.53995413122784,18.832687988472912,6.314481010623233,5.216922112907265,13.615765875565646
bls_employment_2025-08-01,employment,2025-08-01 13:30:00+00:00,2025,NZDUSD,fx,87.20466635254034,26.368292212446107,6.987638153824843,5.366204168479449,21.00208804396666
bls_employment_2025-08-01,employment,2025-08-01 13:30:00+00:00,2025,USDJPY,fx,84.83840311330846,52.65114073619642,4.996603526592645,5.090374374341393,47.56076636185502
bls_employment_2025-08-01,employment,2025-08-01 13:30:00+00:00,2025,USDCHF,fx,100.54664955549825,41.64606911632128,2.7281547556766244,4.5417539666965085,37.10431514962477
bls_employment_2025-08-01,employment,2025-08-01 13:30:00+00:00,2025,USDCAD,fx,35.09282249692379,26.146835450076875,8.191383896656216,8.182391023672105,17.964444426404768
bls_employment_2025-08-01,employment,2025-08-01 13:30:00+00:00,2025,EURJPY,fx,16.01421239330441,17.879351205840393,2.2191250325471046,2.43840141409399,15.440949791746403
bls_employment_2025-08-01,employment,2025-08-01 13:30:00+00:00,2025,XAUUSD,metal,80.79882408771881,36.11764538143899,10.092274418775228,8.316314264179006,27.801331117259984
bls_employment_2025-08-01,employment,2025-08-01 13:30:00+00:00,2025,XAGUSD,metal,91.5344451302393,62.903520685173326,18.338503246457233,3.3739343162172615,59.52958636895607
bls_employment_2025-08-01,employment,2025-08-01 13:30:00+00:00,2025,SPXUSD,equity,14.431951075860095,8.364664154745935,1.7820456187378335,2.491918345665618,5.872745809080317
bls_employment_2025-08-01,employment,2025-08-01 13:30:00+00:00,2025,NSXUSD,equity,16.11896764375552,4.8917132384621835,3.0621669403675487,3.6548329417300316,1.236880296732152
bls_employment_2025-08-01,employment,2025-08-01 13:30:00+00:00,2025,GRXEUR,equity,24.85066813476783,1.8633941121635857,7.191025073863244,13.984382385878217,-12.12098827371463
bls_employment_2025-08-01,employment,2025-08-01 13:30:00+00:00,2025,UKXGBP,equity,14.640953057306225,13.67744909989176,4.675541790203869,8.50489245528439,5.17255664460737
bls_employment_2025-08-01,employment,2025-08-01 13:30:00+00:00,2025,BCOUSD,energy,10.495015831252017,9.785420505439863,16.434889833456023,30.782526942986443,-20.99710643754658
bls_cpi_2025-08-12,cpi,2025-08-12 13:30:00+00:00,2025,EURUSD,fx,28.311200966467382,2.5775853323439075,2.5382096212339764,2.829361506072354,-0.2517761737284463
bls_cpi_2025-08-12,cpi,2025-08-12 13:30:00+00:00,2025,GBPUSD,fx,19.146431478501174,0.444849752069025,2.6277762503153954,5.978504193138666,-5.533654441069641
bls_cpi_2025-08-12,cpi,2025-08-12 13:30:00+00:00,2025,AUDUSD,fx,23.095409662304995,4.920124947421083,2.682012109682111,4.306131183762144,0.6139937636589394
bls_cpi_2025-08-12,cpi,2025-08-12 13:30:00+00:00,2025,NZDUSD,fx,23.450229643148006,4.71714015283684,2.9779868103717293,3.530343886614917,1.186796266221923
bls_cpi_2025-08-12,cpi,2025-08-12 13:30:00+00:00,2025,USDJPY,fx,23.667532936928804,10.063862467926183,3.4921780590366343,9.13255985194683,0.9313026159793534
bls_cpi_2025-08-12,cpi,2025-08-12 13:30:00+00:00,2025,USDCHF,fx,18.017355829853784,1.1117218730379281,3.9766895262549538,3.9553862151366115,-2.843664342098683
bls_cpi_2025-08-12,cpi,2025-08-12 13:30:00+00:00,2025,USDCAD,fx,13.55912747752763,2.03182712752674,2.099142297298847,1.9165714758629186,0.11525565166382146
bls_cpi_2025-08-12,cpi,2025-08-12 13:30:00+00:00,2025,EURJPY,fx,4.4677697578884175,7.486094494498284,1.9562023052027826,9.201347858947102,-1.7152533644488184
bls_cpi_2025-08-12,cpi,2025-08-12 13:30:00+00:00,2025,XAUUSD,metal,22.216849084369432,16.0562780058037,9.24302497952103,10.809383626560136,5.246894379243566
bls_cpi_2025-08-12,cpi,2025-08-12 13:30:00+00:00,2025,XAGUSD,metal,17.24801743754708,28.32825584246139,11.606972259461877,16.506477343546027,11.821778498915364
bls_cpi_2025-08-12,cpi,2025-08-12 13:30:00+00:00,2025,SPXUSD,equity,45.739002594149284,3.1020709536968036,2.856412804916089,3.458176200808122,-0.3561052471113184
bls_cpi_2025-08-12,cpi,2025-08-12 13:30:00+00:00,2025,NSXUSD,equity,25.853713932372607,27.86988577112012,3.8284822329480797,4.432211587534226,23.437674183585894
bls_cpi_2025-08-12,cpi,2025-08-12 13:30:00+00:00,2025,GRXEUR,equity,16.233216757285003,4.368446489746413,5.426941659592589,13.692908252771081,-9.324461763024669
bls_cpi_2025-08-12,cpi,2025-08-12 13:30:00+00:00,2025,UKXGBP,equity,15.6615869210845,5.556805302518356,4.421239874061569,6.9224503401221575,-1.3656450376038016
bls_cpi_2025-08-12,cpi,2025-08-12 13:30:00+00:00,2025,BCOUSD,energy,20.367373992886783,9.801335274035091,12.315351585081737,21.61988039046294,-11.818545116427847
bls_employment_2025-09-05,employment,2025-09-05 13:30:00+00:00,2025,EURUSD,fx,30.391786883675792,6.305815192931566,2.358889047515209,4.904611360739308,1.401203832192258
bls_employment_2025-09-05,employment,2025-09-05 13:30:00+00:00,2025,GBPUSD,fx,27.413922686829093,5.473777782949049,2.6599075331574262,3.907672489581155,1.5661052933678938
bls_employment_2025-09-05,employment,2025-09-05 13:30:00+00:00,2025,AUDUSD,fx,27.78288408587508,20.86268697471934,1.2295463264310493,4.501792490115613,16.36089448460373
bls_employment_2025-09-05,employment,2025-09-05 13:30:00+00:00,2025,NZDUSD,fx,27.87126647015318,17.12605018884906,1.861790542649723,4.811658576724485,12.314391612124576
bls_employment_2025-09-05,employment,2025-09-05 13:30:00+00:00,2025,USDJPY,fx,35.59083809163774,18.114656449956744,5.628879800415851,10.72147832980772,7.393178120149024
bls_employment_2025-09-05,employment,2025-09-05 13:30:00+00:00,2025,USDCHF,fx,21.58655734207104,17.753333412065857,5.682923061179148,5.892003237275691,11.861330174790165
bls_employment_2025-09-05,employment,2025-09-05 13:30:00+00:00,2025,USDCAD,fx,7.102993702999105,1.6665760957356552,6.953252477295459,3.223520159438475,-1.5569440637028198
bls_employment_2025-09-05,employment,2025-09-05 13:30:00+00:00,2025,EURJPY,fx,5.25648480357771,11.909512250528492,3.6480099532949213,5.74267996968645,6.1668322808420415
bls_employment_2025-09-05,employment,2025-09-05 13:30:00+00:00,2025,XAUUSD,metal,65.7127944735024,19.423597749595164,10.270174213036611,14.28920541587378,5.134392333721383
bls_employment_2025-09-05,employment,2025-09-05 13:30:00+00:00,2025,XAGUSD,metal,103.25008537972496,52.68089335476356,13.559276168740931,18.0380939695068,34.642799385256765
bls_employment_2025-09-05,employment,2025-09-05 13:30:00+00:00,2025,SPXUSD,equity,20.313178615107727,9.977206843615688,5.020961116088379,1.7733789380685647,8.203827905547124
bls_employment_2025-09-05,employment,2025-09-05 13:30:00+00:00,2025,NSXUSD,equity,23.532732897320916,15.612759138119857,6.731706038321498,2.6776412140584673,12.935117924061391
bls_employment_2025-09-05,employment,2025-09-05 13:30:00+00:00,2025,GRXEUR,equity,8.030391286271968,2.4640045784539355,7.300487324541011,4.7298440718776735,-2.265839493423738
bls_employment_2025-09-05,employment,2025-09-05 13:30:00+00:00,2025,UKXGBP,equity,11.049776292964992,3.5367674152622053,2.000857181294764,4.403227737540296,-0.8664603222780904
bls_employment_2025-09-05,employment,2025-09-05 13:30:00+00:00,2025,BCOUSD,energy,6.490223385845387,72.68904572985409,6.31478072428264,19.3584870119381,53.33055871791599
bls_cpi_2025-09-11,cpi,2025-09-11 13:30:00+00:00,2025,EURUSD,fx,35.130793493891424,1.5359934494460001,7.031244511048843,6.862454880970814,-5.326461431524814
bls_cpi_2025-09-11,cpi,2025-09-11 13:30:00+00:00,2025,GBPUSD,fx,23.79704177464725,0.29525960703121457,6.126469489428109,9.527656366777677,-9.232396759746463
bls_cpi_2025-09-11,cpi,2025-09-11 13:30:00+00:00,2025,AUDUSD,fx,30.254005256748854,4.681188503317601,7.577725672511757,11.519679306112096,-6.838490802794495
bls_cpi_2025-09-11,cpi,2025-09-11 13:30:00+00:00,2025,NZDUSD,fx,36.73748654955725,1.1774105391850036,9.967566229349423,13.443318337238892,-12.265907798053888
bls_cpi_2025-09-11,cpi,2025-09-11 13:30:00+00:00,2025,USDJPY,fx,36.983643382187374,6.376902262809569,14.246844369204931,7.258617069564553,-0.8817148067549843
bls_cpi_2025-09-11,cpi,2025-09-11 13:30:00+00:00,2025,USDCHF,fx,33.192036836180115,4.139358458552203,8.103245362521008,6.115183806841931,-1.9758253482897281
bls_cpi_2025-09-11,cpi,2025-09-11 13:30:00+00:00,2025,USDCAD,fx,13.479373916614604,4.328785771060071,3.638123454528012,5.998659512192042,-1.6698737411319708
bls_cpi_2025-09-11,cpi,2025-09-11 13:30:00+00:00,2025,EURJPY,fx,1.852570156918215,4.688653255798835,7.121620887361273,1.728795545228601,2.959857710570234
bls_cpi_2025-09-11,cpi,2025-09-11 13:30:00+00:00,2025,XAUUSD,metal,48.417908928492544,27.063653206298248,11.797569147637827,4.959363116589995,22.104290089708254
bls_cpi_2025-09-11,cpi,2025-09-11 13:30:00+00:00,2025,XAGUSD,metal,26.736684052291515,35.25882386852593,23.73028908337539,14.70678258407202,20.55204128445391
bls_cpi_2025-09-11,cpi,2025-09-11 13:30:00+00:00,2025,SPXUSD,equity,8.768668939155454,16.77570040747719,15.712848434942703,6.298757632915136,10.476942774562053
bls_cpi_2025-09-11,cpi,2025-09-11 13:30:00+00:00,2025,NSXUSD,equity,11.65297535027703,20.78534091364266,19.93274255074654,7.641348565335876,13.143992348306785
bls_cpi_2025-09-11,cpi,2025-09-11 13:30:00+00:00,2025,GRXEUR,equity,31.65330595085121,33.60592697567515,11.221884206784623,8.82957191597716,24.77635505969799
bls_cpi_2025-09-11,cpi,2025-09-11 13:30:00+00:00,2025,UKXGBP,equity,15.214303190000058,15.300565590084634,7.378933601417369,4.057754115841013,11.24281147424362
bls_cpi_2025-09-11,cpi,2025-09-11 13:30:00+00:00,2025,BCOUSD,energy,17.24332248668583,21.0320816656371,14.17216740813208,17.193620871253103,3.838460794383998
bls_cpi_2025-10-24,cpi,2025-10-24 13:30:00+00:00,2025,EURUSD,fx,27.775526393751157,11.34166895645337,2.3530023887682097,4.600332365360251,6.741336591093119
bls_cpi_2025-10-24,cpi,2025-10-24 13:30:00+00:00,2025,GBPUSD,fx,26.334265124136095,1.3487894635021476,2.3143909752291236,6.321723489983553,-4.972934026481405
bls_cpi_2025-10-24,cpi,2025-10-24 13:30:00+00:00,2025,AUDUSD,fx,41.306826747306154,17.177654873396776,2.7888611849957736,7.01189785161961,10.165757021777166
bls_cpi_2025-10-24,cpi,2025-10-24 13:30:00+00:00,2025,NZDUSD,fx,38.928136469805985,17.186161561604195,3.811459444357946,4.000685513995426,13.18547604760877
bls_cpi_2025-10-24,cpi,2025-10-24 13:30:00+00:00,2025,USDJPY,fx,35.04695616594017,21.50129639418023,3.0272172048732626,3.8630034111686316,17.6382929830116
bls_cpi_2025-10-24,cpi,2025-10-24 13:30:00+00:00,2025,USDCHF,fx,29.18020836418965,10.449255969243282,3.612512968561505,4.5450948009411025,5.9041611683021795
bls_cpi_2025-10-24,cpi,2025-10-24 13:30:00+00:00,2025,USDCAD,fx,18.047520511832623,9.562822760346885,6.235079651836182,3.6181417028861746,5.94468105746071
bls_cpi_2025-10-24,cpi,2025-10-24 13:30:00+00:00,2025,EURJPY,fx,7.492219427462639,10.532571681318442,1.4408264147722019,1.8096405388306265,8.722931142487816
bls_cpi_2025-10-24,cpi,2025-10-24 13:30:00+00:00,2025,XAUUSD,metal,70.4884833068262,22.223944668285398,16.41232787766217,6.4366858223953605,15.787258845890037
bls_cpi_2025-10-24,cpi,2025-10-24 13:30:00+00:00,2025,XAGUSD,metal,64.51702201382355,38.535693159899665,30.06317811387991,17.86412566198621,20.671567497913454
bls_cpi_2025-10-24,cpi,2025-10-24 13:30:00+00:00,2025,SPXUSD,equity,36.906050286853585,10.769505985050994,6.2456991780591435,5.653985428252711,5.115520556798283
bls_cpi_2025-10-24,cpi,2025-10-24 13:30:00+00:00,2025,NSXUSD,equity,47.069166545881124,11.538099880604046,7.996817346592321,8.72522518870555,2.812874691898495
bls_cpi_2025-10-24,cpi,2025-10-24 13:30:00+00:00,2025,GRXEUR,equity,29.521372635901077,22.034190999055685,4.658312578690655,7.943518234771906,14.090672764283779
bls_cpi_2025-10-24,cpi,2025-10-24 13:30:00+00:00,2025,UKXGBP,equity,9.634067422643685,7.865787274027683,6.751758497152907,4.596476150001745,3.269311124025938
bls_cpi_2025-10-24,cpi,2025-10-24 13:30:00+00:00,2025,BCOUSD,energy,3.466805373603939,37.306431420823415,19.09739460409083,32.53932188568974,4.767109535133677
bls_employment_2025-11-20,employment,2025-11-20 13:30:00+00:00,2025,EURUSD,fx,17.27048695497769,1.9078342670218074,4.926078402271688,3.837721688673328,-1.9298874216515205
bls_employment_2025-11-20,employment,2025-11-20 13:30:00+00:00,2025,GBPUSD,fx,20.654526092555017,9.242462513680945,7.564318942274108,3.128606548784908,6.113855964896036
bls_employment_2025-11-20,employment,2025-11-20 13:30:00+00:00,2025,AUDUSD,fx,22.20578262577142,2.002665091767225,4.130938199092535,7.467402396215119,-5.464737304447894
bls_employment_2025-11-20,employment,2025-11-20 13:30:00+00:00,2025,NZDUSD,fx,26.865714355762837,2.310104942348344,5.097942391118552,8.429402420204367,-6.119297477856023
bls_employment_2025-11-20,employment,2025-11-20 13:30:00+00:00,2025,USDJPY,fx,14.919169452460451,11.112135276417979,5.621522255915962,2.8255636940605346,8.286571582357444
bls_employment_2025-11-20,employment,2025-11-20 13:30:00+00:00,2025,USDCHF,fx,15.127657974383386,5.582537966675717,6.3872931060980305,4.156565180464609,1.4259727862111076
bls_employment_2025-11-20,employment,2025-11-20 13:30:00+00:00,2025,USDCAD,fx,10.883445079673534,2.2777746240509273,2.138589554174431,1.5823029386106537,0.6954716854402736
bls_employment_2025-11-20,employment,2025-11-20 13:30:00+00:00,2025,EURJPY,fx,2.0384944962373783,9.360718705647864,1.9004543649014933,1.459630801481889,7.9010879041659745
bls_employment_2025-11-20,employment,2025-11-20 13:30:00+00:00,2025,XAUUSD,metal,11.402070085229994,4.736524486736782,21.509878711953334,28.403392769942975,-23.666868283206192
bls_employment_2025-11-20,employment,2025-11-20 13:30:00+00:00,2025,XAGUSD,metal,1.7648270025115063,20.57029396398947,36.390814710098645,40.121570188132715,-19.551276224143244
bls_employment_2025-11-20,employment,2025-11-20 13:30:00+00:00,2025,SPXUSD,equity,21.556212288146334,18.53744067051309,9.255317753018444,19.932062271509132,-1.394621600996043
bls_employment_2025-11-20,employment,2025-11-20 13:30:00+00:00,2025,NSXUSD,equity,20.229546280794292,16.3892519571186,16.192213874019743,26.96631818579472,-10.57706622867612
bls_employment_2025-11-20,employment,2025-11-20 13:30:00+00:00,2025,GRXEUR,equity,17.875094116820684,8.316805052181927,9.403515903538603,7.40445143454647,0.912353617635457
bls_employment_2025-11-20,employment,2025-11-20 13:30:00+00:00,2025,UKXGBP,equity,1.7760994729268595,3.972097192613169,5.051189505057424,10.561885047850478,-6.589787855237308
bls_employment_2025-11-20,employment,2025-11-20 13:30:00+00:00,2025,BCOUSD,energy,19.84732282980112,8.912726242230082,9.939201050933114,29.701002187911218,-20.788275945681136
bls_employment_2025-12-16,employment,2025-12-16 13:30:00+00:00,2025,EURUSD,fx,2.4625417801246425,0.2547110939582188,2.503394254254977,4.404171134871452,-4.149460040913233
bls_employment_2025-12-16,employment,2025-12-16 13:30:00+00:00,2025,GBPUSD,fx,4.689296951916727,4.6914969341831405,2.31374790350961,3.321310645854544,1.3701862883285965
bls_employment_2025-12-16,employment,2025-12-16 13:30:00+00:00,2025,AUDUSD,fx,11.7406239026646,2.2567420263529177,4.08633964298455,6.207395889754679,-3.950653863401761
bls_employment_2025-12-16,employment,2025-12-16 13:30:00+00:00,2025,NZDUSD,fx,3.2809815609603845,1.8990237348726626,5.859655528949213,7.760825826003954,-5.861802091131291
bls_employment_2025-12-16,employment,2025-12-16 13:30:00+00:00,2025,USDJPY,fx,8.01468540019296,6.010411764875418,2.402001404590463,5.201813686989276,0.8085980778861419
bls_employment_2025-12-16,employment,2025-12-16 13:30:00+00:00,2025,USDCHF,fx,2.6442534859888824,6.168837495691443,2.7981273464027145,5.77233032728191,0.39650716840953315
bls_employment_2025-12-16,employment,2025-12-16 13:30:00+00:00,2025,USDCAD,fx,4.363477760954569,2.8364771144648753,3.6430817795422668,3.719178292258417,-0.8827011777935416
bls_employment_2025-12-16,employment,2025-12-16 13:30:00+00:00,2025,EURJPY,fx,10.263419497484678,5.65181023865343,1.2713883957157324,2.3421677063409057,3.309642532312524
bls_employment_2025-12-16,employment,2025-12-16 13:30:00+00:00,2025,XAUUSD,metal,10.22607855122835,16.641487787452277,14.063630653821733,10.631782241277877,6.0097055461744
bls_employment_2025-12-16,employment,2025-12-16 13:30:00+00:00,2025,XAGUSD,metal,20.076994879562818,27.441782325680126,17.147334597092435,23.04389295821005,4.397889367470075
bls_employment_2025-12-16,employment,2025-12-16 13:30:00+00:00,2025,SPXUSD,equity,6.178449115422477,21.14311402809313,4.957929370138478,2.969671870333891,18.17344215775924
bls_employment_2025-12-16,employment,2025-12-16 13:30:00+00:00,2025,NSXUSD,equity,6.560106097502626,31.40926058954714,7.788641913080562,3.9516576678222974,27.457602921724845
bls_employment_2025-12-16,employment,2025-12-16 13:30:00+00:00,2025,GRXEUR,equity,2.7477122506667286,7.716057438725519,5.4960870027439475,11.544383357594253,-3.8283259188687335
bls_employment_2025-12-16,employment,2025-12-16 13:30:00+00:00,2025,UKXGBP,equity,1.0432356230303947,14.64824619683653,2.0744756724687874,12.587839020256332,2.0604071765801972
bls_employment_2025-12-16,employment,2025-12-16 13:30:00+00:00,2025,BCOUSD,energy,14.762378752474373,41.21497309465318,17.612266114663292,25.9444219562531,15.27055113840008
bls_cpi_2025-12-18,cpi,2025-12-18 13:30:00+00:00,2025,EURUSD,fx,3.2383144004510123,9.283035282135712,2.3210148668490995,5.504660356240784,3.778374925894928
bls_cpi_2025-12-18,cpi,2025-12-18 13:30:00+00:00,2025,GBPUSD,fx,4.623415444028817,13.708531981477595,3.283600510568857,6.642142657279089,7.066389324198506
bls_cpi_2025-12-18,cpi,2025-12-18 13:30:00+00:00,2025,AUDUSD,fx,9.677761563436823,8.913397122971363,3.347659056489743,4.240159436205637,4.6732376867657255
bls_cpi_2025-12-18,cpi,2025-12-18 13:30:00+00:00,2025,NZDUSD,fx,10.22645621116212,14.195695202958841,4.065495926634451,6.876796503434075,7.318898699524767
bls_cpi_2025-12-18,cpi,2025-12-18 13:30:00+00:00,2025,USDJPY,fx,3.5967295839789513,8.354541500315847,2.238113191442978,6.55892125539552,1.7956202449203271
bls_cpi_2025-12-18,cpi,2025-12-18 13:30:00+00:00,2025,USDCHF,fx,2.014402988127645,6.926210947030889,1.7144015187164603,4.728902851171031,2.1973080958598574
bls_cpi_2025-12-18,cpi,2025-12-18 13:30:00+00:00,2025,USDCAD,fx,4.136114505977138,2.758360390013507,1.7540570816843926,1.3129441315742842,1.4454162584392227
bls_cpi_2025-12-18,cpi,2025-12-18 13:30:00+00:00,2025,EURJPY,fx,0.27366444908911175,0.5473214091613325,2.2442435850146816,2.778797246589487,-2.2314758374281545
bls_cpi_2025-12-18,cpi,2025-12-18 13:30:00+00:00,2025,XAUUSD,metal,15.401998597583914,12.978452282513986,12.820104692875242,15.211470764324186,-2.2330184818102
bls_cpi_2025-12-18,cpi,2025-12-18 13:30:00+00:00,2025,XAGUSD,metal,33.09954131825078,37.3707778198829,36.58865634005049,42.26627876182151,-4.895500941938607
bls_cpi_2025-12-18,cpi,2025-12-18 13:30:00+00:00,2025,SPXUSD,equity,11.07972364322854,19.299510649275543,5.4102903502746305,1.5940371235549455,17.7054735257206
bls_cpi_2025-12-18,cpi,2025-12-18 13:30:00+00:00,2025,NSXUSD,equity,22.547602395610898,24.732499041566392,7.296450416556951,3.462873399543311,21.26962564202308
bls_cpi_2025-12-18,cpi,2025-12-18 13:30:00+00:00,2025,GRXEUR,equity,6.184190869162823,6.026907710208954,5.786658076051958,8.046408798437751,-2.0195010882287967
bls_cpi_2025-12-18,cpi,2025-12-18 13:30:00+00:00,2025,UKXGBP,equity,4.392445024271112,3.0731538516346015,2.9443751589240996,5.228406407674053,-2.1552525560394518
bls_cpi_2025-12-18,cpi,2025-12-18 13:30:00+00:00,2025,BCOUSD,energy,7.505692168656935,42.104621858901325,14.373021158785633,23.610815482808924,18.4938063760924
