asset,control_release_utc,weeks_before,status,reason,event_id
EURUSD,2022-12-30 13:30:00+00:00,1,rejected,exact timestamp absent,bls_employment_2023-01-06
EURUSD,2022-12-23 13:30:00+00:00,2,rejected,exact timestamp absent,bls_employment_2023-01-06
EURUSD,2022-12-16 13:30:00+00:00,3,rejected,exact timestamp absent,bls_employment_2023-01-06
EURUSD,2022-12-09 13:30:00+00:00,4,rejected,exact timestamp absent,bls_employment_2023-01-06
EURUSD,2022-12-02 13:30:00+00:00,5,rejected,exact timestamp absent,bls_employment_2023-01-06
EURUSD,2022-11-25 13:30:00+00:00,6,rejected,exact timestamp absent,bls_employment_2023-01-06
EURUSD,2022-11-18 13:30:00+00:00,7,rejected,exact timestamp absent,bls_employment_2023-01-06
EURUSD,2022-11-11 13:30:00+00:00,8,rejected,exact timestamp absent,bls_employment_2023-01-06
EURUSD,2022-11-04 13:30:00+00:00,9,rejected,exact timestamp absent,bls_employment_2023-01-06
EURUSD,2022-10-28 13:30:00+00:00,10,rejected,exact timestamp absent,bls_employment_2023-01-06
EURUSD,2022-10-21 13:30:00+00:00,11,rejected,exact timestamp absent,bls_employment_2023-01-06
EURUSD,2022-10-14 13:30:00+00:00,12,rejected,exact timestamp absent,bls_employment_2023-01-06
EURUSD,2023-01-06 13:30:00+00:00,0,event_rejected,only 0 controls,bls_employment_2023-01-06
GBPUSD,2022-12-30 13:30:00+00:00,1,rejected,exact timestamp absent,bls_employment_2023-01-06
GBPUSD,2022-12-23 13:30:00+00:00,2,rejected,exact timestamp absent,bls_employment_2023-01-06
GBPUSD,2022-12-16 13:30:00+00:00,3,rejected,exact timestamp absent,bls_employment_2023-01-06
GBPUSD,2022-12-09 13:30:00+00:00,4,rejected,exact timestamp absent,bls_employment_2023-01-06
GBPUSD,2022-12-02 13:30:00+00:00,5,rejected,exact timestamp absent,bls_employment_2023-01-06
GBPUSD,2022-11-25 13:30:00+00:00,6,rejected,exact timestamp absent,bls_employment_2023-01-06
GBPUSD,2022-11-18 13:30:00+00:00,7,rejected,exact timestamp absent,bls_employment_2023-01-06
GBPUSD,2022-11-11 13:30:00+00:00,8,rejected,exact timestamp absent,bls_employment_2023-01-06
GBPUSD,2022-11-04 13:30:00+00:00,9,rejected,exact timestamp absent,bls_employment_2023-01-06
GBPUSD,2022-10-28 13:30:00+00:00,10,rejected,exact timestamp absent,bls_employment_2023-01-06
GBPUSD,2022-10-21 13:30:00+00:00,11,rejected,exact timestamp absent,bls_employment_2023-01-06
GBPUSD,2022-10-14 13:30:00+00:00,12,rejected,exact timestamp absent,bls_employment_2023-01-06
GBPUSD,2023-01-06 13:30:00+00:00,0,event_rejected,only 0 controls,bls_employment_2023-01-06
AUDUSD,2022-12-30 13:30:00+00:00,1,rejected,exact timestamp absent,bls_employment_2023-01-06
AUDUSD,2022-12-23 13:30:00+00:00,2,rejected,exact timestamp absent,bls_employment_2023-01-06
AUDUSD,2022-12-16 13:30:00+00:00,3,rejected,exact timestamp absent,bls_employment_2023-01-06
AUDUSD,2022-12-09 13:30:00+00:00,4,rejected,exact timestamp absent,bls_employment_2023-01-06
AUDUSD,2022-12-02 13:30:00+00:00,5,rejected,exact timestamp absent,bls_employment_2023-01-06
AUDUSD,2022-11-25 13:30:00+00:00,6,rejected,exact timestamp absent,bls_employment_2023-01-06
AUDUSD,2022-11-18 13:30:00+00:00,7,rejected,exact timestamp absent,bls_employment_2023-01-06
AUDUSD,2022-11-11 13:30:00+00:00,8,rejected,exact timestamp absent,bls_employment_2023-01-06
AUDUSD,2022-11-04 13:30:00+00:00,9,rejected,exact timestamp absent,bls_employment_2023-01-06
AUDUSD,2022-10-28 13:30:00+00:00,10,rejected,exact timestamp absent,bls_employment_2023-01-06
AUDUSD,2022-10-21 13:30:00+00:00,11,rejected,exact timestamp absent,bls_employment_2023-01-06
AUDUSD,2022-10-14 13:30:00+00:00,12,rejected,exact timestamp absent,bls_employment_2023-01-06
AUDUSD,2023-01-06 13:30:00+00:00,0,event_rejected,only 0 controls,bls_employment_2023-01-06
NZDUSD,2022-12-30 13:30:00+00:00,1,rejected,exact timestamp absent,bls_employment_2023-01-06
NZDUSD,2022-12-23 13:30:00+00:00,2,rejected,exact timestamp absent,bls_employment_2023-01-06
NZDUSD,2022-12-16 13:30:00+00:00,3,rejected,exact timestamp absent,bls_employment_2023-01-06
NZDUSD,2022-12-09 13:30:00+00:00,4,rejected,exact timestamp absent,bls_employment_2023-01-06
NZDUSD,2022-12-02 13:30:00+00:00,5,rejected,exact timestamp absent,bls_employment_2023-01-06
NZDUSD,2022-11-25 13:30:00+00:00,6,rejected,exact timestamp absent,bls_employment_2023-01-06
NZDUSD,2022-11-18 13:30:00+00:00,7,rejected,exact timestamp absent,bls_employment_2023-01-06
NZDUSD,2022-11-11 13:30:00+00:00,8,rejected,exact timestamp absent,bls_employment_2023-01-06
NZDUSD,2022-11-04 13:30:00+00:00,9,rejected,exact timestamp absent,bls_employment_2023-01-06
NZDUSD,2022-10-28 13:30:00+00:00,10,rejected,exact timestamp absent,bls_employment_2023-01-06
NZDUSD,2022-10-21 13:30:00+00:00,11,rejected,exact timestamp absent,bls_employment_2023-01-06
NZDUSD,2022-10-14 13:30:00+00:00,12,rejected,exact timestamp absent,bls_employment_2023-01-06
NZDUSD,2023-01-06 13:30:00+00:00,0,event_rejected,only 0 controls,bls_employment_2023-01-06
USDJPY,2022-12-30 13:30:00+00:00,1,rejected,exact timestamp absent,bls_employment_2023-01-06
USDJPY,2022-12-23 13:30:00+00:00,2,rejected,exact timestamp absent,bls_employment_2023-01-06
USDJPY,2022-12-16 13:30:00+00:00,3,rejected,exact timestamp absent,bls_employment_2023-01-06
USDJPY,2022-12-09 13:30:00+00:00,4,rejected,exact timestamp absent,bls_employment_2023-01-06
USDJPY,2022-12-02 13:30:00+00:00,5,rejected,exact timestamp absent,bls_employment_2023-01-06
USDJPY,2022-11-25 13:30:00+00:00,6,rejected,exact timestamp absent,bls_employment_2023-01-06
USDJPY,2022-11-18 13:30:00+00:00,7,rejected,exact timestamp absent,bls_employment_2023-01-06
USDJPY,2022-11-11 13:30:00+00:00,8,rejected,exact timestamp absent,bls_employment_2023-01-06
USDJPY,2022-11-04 13:30:00+00:00,9,rejected,exact timestamp absent,bls_employment_2023-01-06
USDJPY,2022-10-28 13:30:00+00:00,10,rejected,exact timestamp absent,bls_employment_2023-01-06
USDJPY,2022-10-21 13:30:00+00:00,11,rejected,exact timestamp absent,bls_employment_2023-01-06
USDJPY,2022-10-14 13:30:00+00:00,12,rejected,exact timestamp absent,bls_employment_2023-01-06
USDJPY,2023-01-06 13:30:00+00:00,0,event_rejected,only 0 controls,bls_employment_2023-01-06
USDCHF,2022-12-30 13:30:00+00:00,1,rejected,exact timestamp absent,bls_employment_2023-01-06
USDCHF,2022-12-23 13:30:00+00:00,2,rejected,exact timestamp absent,bls_employment_2023-01-06
USDCHF,2022-12-16 13:30:00+00:00,3,rejected,exact timestamp absent,bls_employment_2023-01-06
USDCHF,2022-12-09 13:30:00+00:00,4,rejected,exact timestamp absent,bls_employment_2023-01-06
USDCHF,2022-12-02 13:30:00+00:00,5,rejected,exact timestamp absent,bls_employment_2023-01-06
USDCHF,2022-11-25 13:30:00+00:00,6,rejected,exact timestamp absent,bls_employment_2023-01-06
USDCHF,2022-11-18 13:30:00+00:00,7,rejected,exact timestamp absent,bls_employment_2023-01-06
USDCHF,2022-11-11 13:30:00+00:00,8,rejected,exact timestamp absent,bls_employment_2023-01-06
USDCHF,2022-11-04 13:30:00+00:00,9,rejected,exact timestamp absent,bls_employment_2023-01-06
USDCHF,2022-10-28 13:30:00+00:00,10,rejected,exact timestamp absent,bls_employment_2023-01-06
USDCHF,2022-10-21 13:30:00+00:00,11,rejected,exact timestamp absent,bls_employment_2023-01-06
USDCHF,2022-10-14 13:30:00+00:00,12,rejected,exact timestamp absent,bls_employment_2023-01-06
USDCHF,2023-01-06 13:30:00+00:00,0,event_rejected,only 0 controls,bls_employment_2023-01-06
USDCAD,2022-12-30 13:30:00+00:00,1,rejected,exact timestamp absent,bls_employment_2023-01-06
USDCAD,2022-12-23 13:30:00+00:00,2,rejected,exact timestamp absent,bls_employment_2023-01-06
USDCAD,2022-12-16 13:30:00+00:00,3,rejected,exact timestamp absent,bls_employment_2023-01-06
USDCAD,2022-12-09 13:30:00+00:00,4,rejected,exact timestamp absent,bls_employment_2023-01-06
USDCAD,2022-12-02 13:30:00+00:00,5,rejected,exact timestamp absent,bls_employment_2023-01-06
USDCAD,2022-11-25 13:30:00+00:00,6,rejected,exact timestamp absent,bls_employment_2023-01-06
USDCAD,2022-11-18 13:30:00+00:00,7,rejected,exact timestamp absent,bls_employment_2023-01-06
USDCAD,2022-11-11 13:30:00+00:00,8,rejected,exact timestamp absent,bls_employment_2023-01-06
USDCAD,2022-11-04 13:30:00+00:00,9,rejected,exact timestamp absent,bls_employment_2023-01-06
USDCAD,2022-10-28 13:30:00+00:00,10,rejected,exact timestamp absent,bls_employment_2023-01-06
USDCAD,2022-10-21 13:30:00+00:00,11,rejected,exact timestamp absent,bls_employment_2023-01-06
USDCAD,2022-10-14 13:30:00+00:00,12,rejected,exact timestamp absent,bls_employment_2023-01-06
USDCAD,2023-01-06 13:30:00+00:00,0,event_rejected,only 0 controls,bls_employment_2023-01-06
EURJPY,2022-12-30 13:30:00+00:00,1,rejected,exact timestamp absent,bls_employment_2023-01-06
EURJPY,2022-12-23 13:30:00+00:00,2,rejected,exact timestamp absent,bls_employment_2023-01-06
EURJPY,2022-12-16 13:30:00+00:00,3,rejected,exact timestamp absent,bls_employment_2023-01-06
EURJPY,2022-12-09 13:30:00+00:00,4,rejected,exact timestamp absent,bls_employment_2023-01-06
EURJPY,2022-12-02 13:30:00+00:00,5,rejected,exact timestamp absent,bls_employment_2023-01-06
EURJPY,2022-11-25 13:30:00+00:00,6,rejected,exact timestamp absent,bls_employment_2023-01-06
EURJPY,2022-11-18 13:30:00+00:00,7,rejected,exact timestamp absent,bls_employment_2023-01-06
EURJPY,2022-11-11 13:30:00+00:00,8,rejected,exact timestamp absent,bls_employment_2023-01-06
EURJPY,2022-11-04 13:30:00+00:00,9,rejected,exact timestamp absent,bls_employment_2023-01-06
EURJPY,2022-10-28 13:30:00+00:00,10,rejected,exact timestamp absent,bls_employment_2023-01-06
EURJPY,2022-10-21 13:30:00+00:00,11,rejected,exact timestamp absent,bls_employment_2023-01-06
EURJPY,2022-10-14 13:30:00+00:00,12,rejected,exact timestamp absent,bls_employment_2023-01-06
EURJPY,2023-01-06 13:30:00+00:00,0,event_rejected,only 0 controls,bls_employment_2023-01-06
XAUUSD,2022-12-30 13:30:00+00:00,1,rejected,exact timestamp absent,bls_employment_2023-01-06
XAUUSD,2022-12-23 13:30:00+00:00,2,rejected,exact timestamp absent,bls_employment_2023-01-06
XAUUSD,2022-12-16 13:30:00+00:00,3,rejected,exact timestamp absent,bls_employment_2023-01-06
XAUUSD,2022-12-09 13:30:00+00:00,4,rejected,exact timestamp absent,bls_employment_2023-01-06
XAUUSD,2022-12-02 13:30:00+00:00,5,rejected,exact timestamp absent,bls_employment_2023-01-06
XAUUSD,2022-11-25 13:30:00+00:00,6,rejected,exact timestamp absent,bls_employment_2023-01-06
XAUUSD,2022-11-18 13:30:00+00:00,7,rejected,exact timestamp absent,bls_employment_2023-01-06
XAUUSD,2022-11-11 13:30:00+00:00,8,rejected,exact timestamp absent,bls_employment_2023-01-06
XAUUSD,2022-11-04 13:30:00+00:00,9,rejected,exact timestamp absent,bls_employment_2023-01-06
XAUUSD,2022-10-28 13:30:00+00:00,10,rejected,exact timestamp absent,bls_employment_2023-01-06
XAUUSD,2022-10-21 13:30:00+00:00,11,rejected,exact timestamp absent,bls_employment_2023-01-06
XAUUSD,2022-10-14 13:30:00+00:00,12,rejected,exact timestamp absent,bls_employment_2023-01-06
XAUUSD,2023-01-06 13:30:00+00:00,0,event_rejected,only 0 controls,bls_employment_2023-01-06
XAGUSD,2022-12-30 13:30:00+00:00,1,rejected,exact timestamp absent,bls_employment_2023-01-06
XAGUSD,2022-12-23 13:30:00+00:00,2,rejected,exact timestamp absent,bls_employment_2023-01-06
XAGUSD,2022-12-16 13:30:00+00:00,3,rejected,exact timestamp absent,bls_employment_2023-01-06
XAGUSD,2022-12-09 13:30:00+00:00,4,rejected,exact timestamp absent,bls_employment_2023-01-06
XAGUSD,2022-12-02 13:30:00+00:00,5,rejected,exact timestamp absent,bls_employment_2023-01-06
XAGUSD,2022-11-25 13:30:00+00:00,6,rejected,exact timestamp absent,bls_employment_2023-01-06
XAGUSD,2022-11-18 13:30:00+00:00,7,rejected,exact timestamp absent,bls_employment_2023-01-06
XAGUSD,2022-11-11 13:30:00+00:00,8,rejected,exact timestamp absent,bls_employment_2023-01-06
XAGUSD,2022-11-04 13:30:00+00:00,9,rejected,exact timestamp absent,bls_employment_2023-01-06
XAGUSD,2022-10-28 13:30:00+00:00,10,rejected,exact timestamp absent,bls_employment_2023-01-06
XAGUSD,2022-10-21 13:30:00+00:00,11,rejected,exact timestamp absent,bls_employment_2023-01-06
XAGUSD,2022-10-14 13:30:00+00:00,12,rejected,exact timestamp absent,bls_employment_2023-01-06
XAGUSD,2023-01-06 13:30:00+00:00,0,event_rejected,only 0 controls,bls_employment_2023-01-06
SPXUSD,2022-12-30 13:30:00+00:00,1,rejected,exact timestamp absent,bls_employment_2023-01-06
SPXUSD,2022-12-23 13:30:00+00:00,2,rejected,exact timestamp absent,bls_employment_2023-01-06
SPXUSD,2022-12-16 13:30:00+00:00,3,rejected,exact timestamp absent,bls_employment_2023-01-06
SPXUSD,2022-12-09 13:30:00+00:00,4,rejected,exact timestamp absent,bls_employment_2023-01-06
SPXUSD,2022-12-02 13:30:00+00:00,5,rejected,exact timestamp absent,bls_employment_2023-01-06
SPXUSD,2022-11-25 13:30:00+00:00,6,rejected,exact timestamp absent,bls_employment_2023-01-06
SPXUSD,2022-11-18 13:30:00+00:00,7,rejected,exact timestamp absent,bls_employment_2023-01-06
SPXUSD,2022-11-11 13:30:00+00:00,8,rejected,exact timestamp absent,bls_employment_2023-01-06
SPXUSD,2022-11-04 13:30:00+00:00,9,rejected,exact timestamp absent,bls_employment_2023-01-06
SPXUSD,2022-10-28 13:30:00+00:00,10,rejected,exact timestamp absent,bls_employment_2023-01-06
SPXUSD,2022-10-21 13:30:00+00:00,11,rejected,exact timestamp absent,bls_employment_2023-01-06
SPXUSD,2022-10-14 13:30:00+00:00,12,rejected,exact timestamp absent,bls_employment_2023-01-06
SPXUSD,2023-01-06 13:30:00+00:00,0,event_rejected,only 0 controls,bls_employment_2023-01-06
NSXUSD,2022-12-30 13:30:00+00:00,1,rejected,exact timestamp absent,bls_employment_2023-01-06
NSXUSD,2022-12-23 13:30:00+00:00,2,rejected,exact timestamp absent,bls_employment_2023-01-06
NSXUSD,2022-12-16 13:30:00+00:00,3,rejected,exact timestamp absent,bls_employment_2023-01-06
NSXUSD,2022-12-09 13:30:00+00:00,4,rejected,exact timestamp absent,bls_employment_2023-01-06
NSXUSD,2022-12-02 13:30:00+00:00,5,rejected,exact timestamp absent,bls_employment_2023-01-06
NSXUSD,2022-11-25 13:30:00+00:00,6,rejected,exact timestamp absent,bls_employment_2023-01-06
NSXUSD,2022-11-18 13:30:00+00:00,7,rejected,exact timestamp absent,bls_employment_2023-01-06
NSXUSD,2022-11-11 13:30:00+00:00,8,rejected,exact timestamp absent,bls_employment_2023-01-06
NSXUSD,2022-11-04 13:30:00+00:00,9,rejected,exact timestamp absent,bls_employment_2023-01-06
NSXUSD,2022-10-28 13:30:00+00:00,10,rejected,exact timestamp absent,bls_employment_2023-01-06
NSXUSD,2022-10-21 13:30:00+00:00,11,rejected,exact timestamp absent,bls_employment_2023-01-06
NSXUSD,2022-10-14 13:30:00+00:00,12,rejected,exact timestamp absent,bls_employment_2023-01-06
NSXUSD,2023-01-06 13:30:00+00:00,0,event_rejected,only 0 controls,bls_employment_2023-01-06
GRXEUR,2022-12-30 13:30:00+00:00,1,rejected,exact timestamp absent,bls_employment_2023-01-06
GRXEUR,2022-12-23 13:30:00+00:00,2,rejected,exact timestamp absent,bls_employment_2023-01-06
GRXEUR,2022-12-16 13:30:00+00:00,3,rejected,exact timestamp absent,bls_employment_2023-01-06
GRXEUR,2022-12-09 13:30:00+00:00,4,rejected,exact timestamp absent,bls_employment_2023-01-06
GRXEUR,2022-12-02 13:30:00+00:00,5,rejected,exact timestamp absent,bls_employment_2023-01-06
GRXEUR,2022-11-25 13:30:00+00:00,6,rejected,exact timestamp absent,bls_employment_2023-01-06
GRXEUR,2022-11-18 13:30:00+00:00,7,rejected,exact timestamp absent,bls_employment_2023-01-06
GRXEUR,2022-11-11 13:30:00+00:00,8,rejected,exact timestamp absent,bls_employment_2023-01-06
GRXEUR,2022-11-04 13:30:00+00:00,9,rejected,exact timestamp absent,bls_employment_2023-01-06
GRXEUR,2022-10-28 13:30:00+00:00,10,rejected,exact timestamp absent,bls_employment_2023-01-06
GRXEUR,2022-10-21 13:30:00+00:00,11,rejected,exact timestamp absent,bls_employment_2023-01-06
GRXEUR,2022-10-14 13:30:00+00:00,12,rejected,exact timestamp absent,bls_employment_2023-01-06
GRXEUR,2023-01-06 13:30:00+00:00,0,event_rejected,only 0 controls,bls_employment_2023-01-06
UKXGBP,2022-12-30 13:30:00+00:00,1,rejected,exact timestamp absent,bls_employment_2023-01-06
UKXGBP,2022-12-23 13:30:00+00:00,2,rejected,exact timestamp absent,bls_employment_2023-01-06
UKXGBP,2022-12-16 13:30:00+00:00,3,rejected,exact timestamp absent,bls_employment_2023-01-06
UKXGBP,2022-12-09 13:30:00+00:00,4,rejected,exact timestamp absent,bls_employment_2023-01-06
UKXGBP,2022-12-02 13:30:00+00:00,5,rejected,exact timestamp absent,bls_employment_2023-01-06
UKXGBP,2022-11-25 13:30:00+00:00,6,rejected,exact timestamp absent,bls_employment_2023-01-06
UKXGBP,2022-11-18 13:30:00+00:00,7,rejected,exact timestamp absent,bls_employment_2023-01-06
UKXGBP,2022-11-11 13:30:00+00:00,8,rejected,exact timestamp absent,bls_employment_2023-01-06
UKXGBP,2022-11-04 13:30:00+00:00,9,rejected,exact timestamp absent,bls_employment_2023-01-06
UKXGBP,2022-10-28 13:30:00+00:00,10,rejected,exact timestamp absent,bls_employment_2023-01-06
UKXGBP,2022-10-21 13:30:00+00:00,11,rejected,exact timestamp absent,bls_employment_2023-01-06
UKXGBP,2022-10-14 13:30:00+00:00,12,rejected,exact timestamp absent,bls_employment_2023-01-06
UKXGBP,2023-01-06 13:30:00+00:00,0,event_rejected,only 0 controls,bls_employment_2023-01-06
BCOUSD,2022-12-30 13:30:00+00:00,1,rejected,exact timestamp absent,bls_employment_2023-01-06
BCOUSD,2022-12-23 13:30:00+00:00,2,rejected,exact timestamp absent,bls_employment_2023-01-06
BCOUSD,2022-12-16 13:30:00+00:00,3,rejected,exact timestamp absent,bls_employment_2023-01-06
BCOUSD,2022-12-09 13:30:00+00:00,4,rejected,exact timestamp absent,bls_employment_2023-01-06
BCOUSD,2022-12-02 13:30:00+00:00,5,rejected,exact timestamp absent,bls_employment_2023-01-06
BCOUSD,2022-11-25 13:30:00+00:00,6,rejected,exact timestamp absent,bls_employment_2023-01-06
BCOUSD,2022-11-18 13:30:00+00:00,7,rejected,exact timestamp absent,bls_employment_2023-01-06
BCOUSD,2022-11-11 13:30:00+00:00,8,rejected,exact timestamp absent,bls_employment_2023-01-06
BCOUSD,2022-11-04 13:30:00+00:00,9,rejected,exact timestamp absent,bls_employment_2023-01-06
BCOUSD,2022-10-28 13:30:00+00:00,10,rejected,exact timestamp absent,bls_employment_2023-01-06
BCOUSD,2022-10-21 13:30:00+00:00,11,rejected,exact timestamp absent,bls_employment_2023-01-06
BCOUSD,2022-10-14 13:30:00+00:00,12,rejected,exact timestamp absent,bls_employment_2023-01-06
BCOUSD,2023-01-06 13:30:00+00:00,0,event_rejected,only 0 controls,bls_employment_2023-01-06
EURUSD,2023-01-05 13:30:00+00:00,1,selected,,bls_cpi_2023-01-12
EURUSD,2022-12-29 13:30:00+00:00,2,rejected,exact timestamp absent,bls_cpi_2023-01-12
EURUSD,2022-12-22 13:30:00+00:00,3,rejected,exact timestamp absent,bls_cpi_2023-01-12
EURUSD,2022-12-15 13:30:00+00:00,4,rejected,exact timestamp absent,bls_cpi_2023-01-12
EURUSD,2022-12-08 13:30:00+00:00,5,rejected,exact timestamp absent,bls_cpi_2023-01-12
EURUSD,2022-12-01 13:30:00+00:00,6,rejected,exact timestamp absent,bls_cpi_2023-01-12
EURUSD,2022-11-24 13:30:00+00:00,7,rejected,exact timestamp absent,bls_cpi_2023-01-12
EURUSD,2022-11-17 13:30:00+00:00,8,rejected,exact timestamp absent,bls_cpi_2023-01-12
EURUSD,2022-11-10 13:30:00+00:00,9,rejected,exact timestamp absent,bls_cpi_2023-01-12
EURUSD,2022-11-03 13:30:00+00:00,10,rejected,exact timestamp absent,bls_cpi_2023-01-12
EURUSD,2022-10-27 13:30:00+00:00,11,rejected,exact timestamp absent,bls_cpi_2023-01-12
EURUSD,2022-10-20 13:30:00+00:00,12,rejected,exact timestamp absent,bls_cpi_2023-01-12
EURUSD,2023-01-12 13:30:00+00:00,0,event_rejected,only 1 controls,bls_cpi_2023-01-12
GBPUSD,2023-01-05 13:30:00+00:00,1,selected,,bls_cpi_2023-01-12
GBPUSD,2022-12-29 13:30:00+00:00,2,rejected,exact timestamp absent,bls_cpi_2023-01-12
GBPUSD,2022-12-22 13:30:00+00:00,3,rejected,exact timestamp absent,bls_cpi_2023-01-12
GBPUSD,2022-12-15 13:30:00+00:00,4,rejected,exact timestamp absent,bls_cpi_2023-01-12
GBPUSD,2022-12-08 13:30:00+00:00,5,rejected,exact timestamp absent,bls_cpi_2023-01-12
GBPUSD,2022-12-01 13:30:00+00:00,6,rejected,exact timestamp absent,bls_cpi_2023-01-12
GBPUSD,2022-11-24 13:30:00+00:00,7,rejected,exact timestamp absent,bls_cpi_2023-01-12
GBPUSD,2022-11-17 13:30:00+00:00,8,rejected,exact timestamp absent,bls_cpi_2023-01-12
GBPUSD,2022-11-10 13:30:00+00:00,9,rejected,exact timestamp absent,bls_cpi_2023-01-12
GBPUSD,2022-11-03 13:30:00+00:00,10,rejected,exact timestamp absent,bls_cpi_2023-01-12
GBPUSD,2022-10-27 13:30:00+00:00,11,rejected,exact timestamp absent,bls_cpi_2023-01-12
GBPUSD,2022-10-20 13:30:00+00:00,12,rejected,exact timestamp absent,bls_cpi_2023-01-12
GBPUSD,2023-01-12 13:30:00+00:00,0,event_rejected,only 1 controls,bls_cpi_2023-01-12
AUDUSD,2023-01-05 13:30:00+00:00,1,selected,,bls_cpi_2023-01-12
AUDUSD,2022-12-29 13:30:00+00:00,2,rejected,exact timestamp absent,bls_cpi_2023-01-12
AUDUSD,2022-12-22 13:30:00+00:00,3,rejected,exact timestamp absent,bls_cpi_2023-01-12
AUDUSD,2022-12-15 13:30:00+00:00,4,rejected,exact timestamp absent,bls_cpi_2023-01-12
AUDUSD,2022-12-08 13:30:00+00:00,5,rejected,exact timestamp absent,bls_cpi_2023-01-12
AUDUSD,2022-12-01 13:30:00+00:00,6,rejected,exact timestamp absent,bls_cpi_2023-01-12
AUDUSD,2022-11-24 13:30:00+00:00,7,rejected,exact timestamp absent,bls_cpi_2023-01-12
AUDUSD,2022-11-17 13:30:00+00:00,8,rejected,exact timestamp absent,bls_cpi_2023-01-12
AUDUSD,2022-11-10 13:30:00+00:00,9,rejected,exact timestamp absent,bls_cpi_2023-01-12
AUDUSD,2022-11-03 13:30:00+00:00,10,rejected,exact timestamp absent,bls_cpi_2023-01-12
AUDUSD,2022-10-27 13:30:00+00:00,11,rejected,exact timestamp absent,bls_cpi_2023-01-12
AUDUSD,2022-10-20 13:30:00+00:00,12,rejected,exact timestamp absent,bls_cpi_2023-01-12
AUDUSD,2023-01-12 13:30:00+00:00,0,event_rejected,only 1 controls,bls_cpi_2023-01-12
NZDUSD,2023-01-05 13:30:00+00:00,1,selected,,bls_cpi_2023-01-12
NZDUSD,2022-12-29 13:30:00+00:00,2,rejected,exact timestamp absent,bls_cpi_2023-01-12
NZDUSD,2022-12-22 13:30:00+00:00,3,rejected,exact timestamp absent,bls_cpi_2023-01-12
NZDUSD,2022-12-15 13:30:00+00:00,4,rejected,exact timestamp absent,bls_cpi_2023-01-12
NZDUSD,2022-12-08 13:30:00+00:00,5,rejected,exact timestamp absent,bls_cpi_2023-01-12
NZDUSD,2022-12-01 13:30:00+00:00,6,rejected,exact timestamp absent,bls_cpi_2023-01-12
NZDUSD,2022-11-24 13:30:00+00:00,7,rejected,exact timestamp absent,bls_cpi_2023-01-12
NZDUSD,2022-11-17 13:30:00+00:00,8,rejected,exact timestamp absent,bls_cpi_2023-01-12
NZDUSD,2022-11-10 13:30:00+00:00,9,rejected,exact timestamp absent,bls_cpi_2023-01-12
NZDUSD,2022-11-03 13:30:00+00:00,10,rejected,exact timestamp absent,bls_cpi_2023-01-12
NZDUSD,2022-10-27 13:30:00+00:00,11,rejected,exact timestamp absent,bls_cpi_2023-01-12
NZDUSD,2022-10-20 13:30:00+00:00,12,rejected,exact timestamp absent,bls_cpi_2023-01-12
NZDUSD,2023-01-12 13:30:00+00:00,0,event_rejected,only 1 controls,bls_cpi_2023-01-12
USDJPY,2023-01-05 13:30:00+00:00,1,selected,,bls_cpi_2023-01-12
USDJPY,2022-12-29 13:30:00+00:00,2,rejected,exact timestamp absent,bls_cpi_2023-01-12
USDJPY,2022-12-22 13:30:00+00:00,3,rejected,exact timestamp absent,bls_cpi_2023-01-12
USDJPY,2022-12-15 13:30:00+00:00,4,rejected,exact timestamp absent,bls_cpi_2023-01-12
USDJPY,2022-12-08 13:30:00+00:00,5,rejected,exact timestamp absent,bls_cpi_2023-01-12
USDJPY,2022-12-01 13:30:00+00:00,6,rejected,exact timestamp absent,bls_cpi_2023-01-12
USDJPY,2022-11-24 13:30:00+00:00,7,rejected,exact timestamp absent,bls_cpi_2023-01-12
USDJPY,2022-11-17 13:30:00+00:00,8,rejected,exact timestamp absent,bls_cpi_2023-01-12
USDJPY,2022-11-10 13:30:00+00:00,9,rejected,exact timestamp absent,bls_cpi_2023-01-12
USDJPY,2022-11-03 13:30:00+00:00,10,rejected,exact timestamp absent,bls_cpi_2023-01-12
USDJPY,2022-10-27 13:30:00+00:00,11,rejected,exact timestamp absent,bls_cpi_2023-01-12
USDJPY,2022-10-20 13:30:00+00:00,12,rejected,exact timestamp absent,bls_cpi_2023-01-12
USDJPY,2023-01-12 13:30:00+00:00,0,event_rejected,only 1 controls,bls_cpi_2023-01-12
USDCHF,2023-01-05 13:30:00+00:00,1,selected,,bls_cpi_2023-01-12
USDCHF,2022-12-29 13:30:00+00:00,2,rejected,exact timestamp absent,bls_cpi_2023-01-12
USDCHF,2022-12-22 13:30:00+00:00,3,rejected,exact timestamp absent,bls_cpi_2023-01-12
USDCHF,2022-12-15 13:30:00+00:00,4,rejected,exact timestamp absent,bls_cpi_2023-01-12
USDCHF,2022-12-08 13:30:00+00:00,5,rejected,exact timestamp absent,bls_cpi_2023-01-12
USDCHF,2022-12-01 13:30:00+00:00,6,rejected,exact timestamp absent,bls_cpi_2023-01-12
USDCHF,2022-11-24 13:30:00+00:00,7,rejected,exact timestamp absent,bls_cpi_2023-01-12
USDCHF,2022-11-17 13:30:00+00:00,8,rejected,exact timestamp absent,bls_cpi_2023-01-12
USDCHF,2022-11-10 13:30:00+00:00,9,rejected,exact timestamp absent,bls_cpi_2023-01-12
USDCHF,2022-11-03 13:30:00+00:00,10,rejected,exact timestamp absent,bls_cpi_2023-01-12
USDCHF,2022-10-27 13:30:00+00:00,11,rejected,exact timestamp absent,bls_cpi_2023-01-12
USDCHF,2022-10-20 13:30:00+00:00,12,rejected,exact timestamp absent,bls_cpi_2023-01-12
USDCHF,2023-01-12 13:30:00+00:00,0,event_rejected,only 1 controls,bls_cpi_2023-01-12
USDCAD,2023-01-05 13:30:00+00:00,1,selected,,bls_cpi_2023-01-12
USDCAD,2022-12-29 13:30:00+00:00,2,rejected,exact timestamp absent,bls_cpi_2023-01-12
USDCAD,2022-12-22 13:30:00+00:00,3,rejected,exact timestamp absent,bls_cpi_2023-01-12
USDCAD,2022-12-15 13:30:00+00:00,4,rejected,exact timestamp absent,bls_cpi_2023-01-12
USDCAD,2022-12-08 13:30:00+00:00,5,rejected,exact timestamp absent,bls_cpi_2023-01-12
USDCAD,2022-12-01 13:30:00+00:00,6,rejected,exact timestamp absent,bls_cpi_2023-01-12
USDCAD,2022-11-24 13:30:00+00:00,7,rejected,exact timestamp absent,bls_cpi_2023-01-12
USDCAD,2022-11-17 13:30:00+00:00,8,rejected,exact timestamp absent,bls_cpi_2023-01-12
USDCAD,2022-11-10 13:30:00+00:00,9,rejected,exact timestamp absent,bls_cpi_2023-01-12
USDCAD,2022-11-03 13:30:00+00:00,10,rejected,exact timestamp absent,bls_cpi_2023-01-12
USDCAD,2022-10-27 13:30:00+00:00,11,rejected,exact timestamp absent,bls_cpi_2023-01-12
USDCAD,2022-10-20 13:30:00+00:00,12,rejected,exact timestamp absent,bls_cpi_2023-01-12
USDCAD,2023-01-12 13:30:00+00:00,0,event_rejected,only 1 controls,bls_cpi_2023-01-12
EURJPY,2023-01-05 13:30:00+00:00,1,selected,,bls_cpi_2023-01-12
EURJPY,2022-12-29 13:30:00+00:00,2,rejected,exact timestamp absent,bls_cpi_2023-01-12
EURJPY,2022-12-22 13:30:00+00:00,3,rejected,exact timestamp absent,bls_cpi_2023-01-12
EURJPY,2022-12-15 13:30:00+00:00,4,rejected,exact timestamp absent,bls_cpi_2023-01-12
EURJPY,2022-12-08 13:30:00+00:00,5,rejected,exact timestamp absent,bls_cpi_2023-01-12
EURJPY,2022-12-01 13:30:00+00:00,6,rejected,exact timestamp absent,bls_cpi_2023-01-12
EURJPY,2022-11-24 13:30:00+00:00,7,rejected,exact timestamp absent,bls_cpi_2023-01-12
EURJPY,2022-11-17 13:30:00+00:00,8,rejected,exact timestamp absent,bls_cpi_2023-01-12
EURJPY,2022-11-10 13:30:00+00:00,9,rejected,exact timestamp absent,bls_cpi_2023-01-12
EURJPY,2022-11-03 13:30:00+00:00,10,rejected,exact timestamp absent,bls_cpi_2023-01-12
EURJPY,2022-10-27 13:30:00+00:00,11,rejected,exact timestamp absent,bls_cpi_2023-01-12
EURJPY,2022-10-20 13:30:00+00:00,12,rejected,exact timestamp absent,bls_cpi_2023-01-12
EURJPY,2023-01-12 13:30:00+00:00,0,event_rejected,only 1 controls,bls_cpi_2023-01-12
XAUUSD,2023-01-05 13:30:00+00:00,1,selected,,bls_cpi_2023-01-12
XAUUSD,2022-12-29 13:30:00+00:00,2,rejected,exact timestamp absent,bls_cpi_2023-01-12
XAUUSD,2022-12-22 13:30:00+00:00,3,rejected,exact timestamp absent,bls_cpi_2023-01-12
XAUUSD,2022-12-15 13:30:00+00:00,4,rejected,exact timestamp absent,bls_cpi_2023-01-12
XAUUSD,2022-12-08 13:30:00+00:00,5,rejected,exact timestamp absent,bls_cpi_2023-01-12
XAUUSD,2022-12-01 13:30:00+00:00,6,rejected,exact timestamp absent,bls_cpi_2023-01-12
XAUUSD,2022-11-24 13:30:00+00:00,7,rejected,exact timestamp absent,bls_cpi_2023-01-12
XAUUSD,2022-11-17 13:30:00+00:00,8,rejected,exact timestamp absent,bls_cpi_2023-01-12
XAUUSD,2022-11-10 13:30:00+00:00,9,rejected,exact timestamp absent,bls_cpi_2023-01-12
XAUUSD,2022-11-03 13:30:00+00:00,10,rejected,exact timestamp absent,bls_cpi_2023-01-12
XAUUSD,2022-10-27 13:30:00+00:00,11,rejected,exact timestamp absent,bls_cpi_2023-01-12
XAUUSD,2022-10-20 13:30:00+00:00,12,rejected,exact timestamp absent,bls_cpi_2023-01-12
XAUUSD,2023-01-12 13:30:00+00:00,0,event_rejected,only 1 controls,bls_cpi_2023-01-12
XAGUSD,2023-01-05 13:30:00+00:00,1,selected,,bls_cpi_2023-01-12
XAGUSD,2022-12-29 13:30:00+00:00,2,rejected,exact timestamp absent,bls_cpi_2023-01-12
XAGUSD,2022-12-22 13:30:00+00:00,3,rejected,exact timestamp absent,bls_cpi_2023-01-12
XAGUSD,2022-12-15 13:30:00+00:00,4,rejected,exact timestamp absent,bls_cpi_2023-01-12
XAGUSD,2022-12-08 13:30:00+00:00,5,rejected,exact timestamp absent,bls_cpi_2023-01-12
XAGUSD,2022-12-01 13:30:00+00:00,6,rejected,exact timestamp absent,bls_cpi_2023-01-12
XAGUSD,2022-11-24 13:30:00+00:00,7,rejected,exact timestamp absent,bls_cpi_2023-01-12
XAGUSD,2022-11-17 13:30:00+00:00,8,rejected,exact timestamp absent,bls_cpi_2023-01-12
XAGUSD,2022-11-10 13:30:00+00:00,9,rejected,exact timestamp absent,bls_cpi_2023-01-12
XAGUSD,2022-11-03 13:30:00+00:00,10,rejected,exact timestamp absent,bls_cpi_2023-01-12
XAGUSD,2022-10-27 13:30:00+00:00,11,rejected,exact timestamp absent,bls_cpi_2023-01-12
XAGUSD,2022-10-20 13:30:00+00:00,12,rejected,exact timestamp absent,bls_cpi_2023-01-12
XAGUSD,2023-01-12 13:30:00+00:00,0,event_rejected,only 1 controls,bls_cpi_2023-01-12
SPXUSD,2023-01-05 13:30:00+00:00,1,selected,,bls_cpi_2023-01-12
SPXUSD,2022-12-29 13:30:00+00:00,2,rejected,exact timestamp absent,bls_cpi_2023-01-12
SPXUSD,2022-12-22 13:30:00+00:00,3,rejected,exact timestamp absent,bls_cpi_2023-01-12
SPXUSD,2022-12-15 13:30:00+00:00,4,rejected,exact timestamp absent,bls_cpi_2023-01-12
SPXUSD,2022-12-08 13:30:00+00:00,5,rejected,exact timestamp absent,bls_cpi_2023-01-12
SPXUSD,2022-12-01 13:30:00+00:00,6,rejected,exact timestamp absent,bls_cpi_2023-01-12
SPXUSD,2022-11-24 13:30:00+00:00,7,rejected,exact timestamp absent,bls_cpi_2023-01-12
SPXUSD,2022-11-17 13:30:00+00:00,8,rejected,exact timestamp absent,bls_cpi_2023-01-12
SPXUSD,2022-11-10 13:30:00+00:00,9,rejected,exact timestamp absent,bls_cpi_2023-01-12
SPXUSD,2022-11-03 13:30:00+00:00,10,rejected,exact timestamp absent,bls_cpi_2023-01-12
SPXUSD,2022-10-27 13:30:00+00:00,11,rejected,exact timestamp absent,bls_cpi_2023-01-12
SPXUSD,2022-10-20 13:30:00+00:00,12,rejected,exact timestamp absent,bls_cpi_2023-01-12
SPXUSD,2023-01-12 13:30:00+00:00,0,event_rejected,only 1 controls,bls_cpi_2023-01-12
NSXUSD,2023-01-05 13:30:00+00:00,1,selected,,bls_cpi_2023-01-12
NSXUSD,2022-12-29 13:30:00+00:00,2,rejected,exact timestamp absent,bls_cpi_2023-01-12
NSXUSD,2022-12-22 13:30:00+00:00,3,rejected,exact timestamp absent,bls_cpi_2023-01-12
NSXUSD,2022-12-15 13:30:00+00:00,4,rejected,exact timestamp absent,bls_cpi_2023-01-12
NSXUSD,2022-12-08 13:30:00+00:00,5,rejected,exact timestamp absent,bls_cpi_2023-01-12
NSXUSD,2022-12-01 13:30:00+00:00,6,rejected,exact timestamp absent,bls_cpi_2023-01-12
NSXUSD,2022-11-24 13:30:00+00:00,7,rejected,exact timestamp absent,bls_cpi_2023-01-12
NSXUSD,2022-11-17 13:30:00+00:00,8,rejected,exact timestamp absent,bls_cpi_2023-01-12
NSXUSD,2022-11-10 13:30:00+00:00,9,rejected,exact timestamp absent,bls_cpi_2023-01-12
NSXUSD,2022-11-03 13:30:00+00:00,10,rejected,exact timestamp absent,bls_cpi_2023-01-12
NSXUSD,2022-10-27 13:30:00+00:00,11,rejected,exact timestamp absent,bls_cpi_2023-01-12
NSXUSD,2022-10-20 13:30:00+00:00,12,rejected,exact timestamp absent,bls_cpi_2023-01-12
NSXUSD,2023-01-12 13:30:00+00:00,0,event_rejected,only 1 controls,bls_cpi_2023-01-12
GRXEUR,2023-01-05 13:30:00+00:00,1,selected,,bls_cpi_2023-01-12
GRXEUR,2022-12-29 13:30:00+00:00,2,rejected,exact timestamp absent,bls_cpi_2023-01-12
GRXEUR,2022-12-22 13:30:00+00:00,3,rejected,exact timestamp absent,bls_cpi_2023-01-12
GRXEUR,2022-12-15 13:30:00+00:00,4,rejected,exact timestamp absent,bls_cpi_2023-01-12
GRXEUR,2022-12-08 13:30:00+00:00,5,rejected,exact timestamp absent,bls_cpi_2023-01-12
GRXEUR,2022-12-01 13:30:00+00:00,6,rejected,exact timestamp absent,bls_cpi_2023-01-12
GRXEUR,2022-11-24 13:30:00+00:00,7,rejected,exact timestamp absent,bls_cpi_2023-01-12
GRXEUR,2022-11-17 13:30:00+00:00,8,rejected,exact timestamp absent,bls_cpi_2023-01-12
GRXEUR,2022-11-10 13:30:00+00:00,9,rejected,exact timestamp absent,bls_cpi_2023-01-12
GRXEUR,2022-11-03 13:30:00+00:00,10,rejected,exact timestamp absent,bls_cpi_2023-01-12
GRXEUR,2022-10-27 13:30:00+00:00,11,rejected,exact timestamp absent,bls_cpi_2023-01-12
GRXEUR,2022-10-20 13:30:00+00:00,12,rejected,exact timestamp absent,bls_cpi_2023-01-12
GRXEUR,2023-01-12 13:30:00+00:00,0,event_rejected,only 1 controls,bls_cpi_2023-01-12
UKXGBP,2023-01-05 13:30:00+00:00,1,selected,,bls_cpi_2023-01-12
UKXGBP,2022-12-29 13:30:00+00:00,2,rejected,exact timestamp absent,bls_cpi_2023-01-12
UKXGBP,2022-12-22 13:30:00+00:00,3,rejected,exact timestamp absent,bls_cpi_2023-01-12
UKXGBP,2022-12-15 13:30:00+00:00,4,rejected,exact timestamp absent,bls_cpi_2023-01-12
UKXGBP,2022-12-08 13:30:00+00:00,5,rejected,exact timestamp absent,bls_cpi_2023-01-12
UKXGBP,2022-12-01 13:30:00+00:00,6,rejected,exact timestamp absent,bls_cpi_2023-01-12
UKXGBP,2022-11-24 13:30:00+00:00,7,rejected,exact timestamp absent,bls_cpi_2023-01-12
UKXGBP,2022-11-17 13:30:00+00:00,8,rejected,exact timestamp absent,bls_cpi_2023-01-12
UKXGBP,2022-11-10 13:30:00+00:00,9,rejected,exact timestamp absent,bls_cpi_2023-01-12
UKXGBP,2022-11-03 13:30:00+00:00,10,rejected,exact timestamp absent,bls_cpi_2023-01-12
UKXGBP,2022-10-27 13:30:00+00:00,11,rejected,exact timestamp absent,bls_cpi_2023-01-12
UKXGBP,2022-10-20 13:30:00+00:00,12,rejected,exact timestamp absent,bls_cpi_2023-01-12
UKXGBP,2023-01-12 13:30:00+00:00,0,event_rejected,only 1 controls,bls_cpi_2023-01-12
BCOUSD,2023-01-05 13:30:00+00:00,1,selected,,bls_cpi_2023-01-12
BCOUSD,2022-12-29 13:30:00+00:00,2,rejected,exact timestamp absent,bls_cpi_2023-01-12
BCOUSD,2022-12-22 13:30:00+00:00,3,rejected,exact timestamp absent,bls_cpi_2023-01-12
BCOUSD,2022-12-15 13:30:00+00:00,4,rejected,exact timestamp absent,bls_cpi_2023-01-12
BCOUSD,2022-12-08 13:30:00+00:00,5,rejected,exact timestamp absent,bls_cpi_2023-01-12
BCOUSD,2022-12-01 13:30:00+00:00,6,rejected,exact timestamp absent,bls_cpi_2023-01-12
BCOUSD,2022-11-24 13:30:00+00:00,7,rejected,exact timestamp absent,bls_cpi_2023-01-12
BCOUSD,2022-11-17 13:30:00+00:00,8,rejected,exact timestamp absent,bls_cpi_2023-01-12
BCOUSD,2022-11-10 13:30:00+00:00,9,rejected,exact timestamp absent,bls_cpi_2023-01-12
BCOUSD,2022-11-03 13:30:00+00:00,10,rejected,exact timestamp absent,bls_cpi_2023-01-12
BCOUSD,2022-10-27 13:30:00+00:00,11,rejected,exact timestamp absent,bls_cpi_2023-01-12
BCOUSD,2022-10-20 13:30:00+00:00,12,rejected,exact timestamp absent,bls_cpi_2023-01-12
BCOUSD,2023-01-12 13:30:00+00:00,0,event_rejected,only 1 controls,bls_cpi_2023-01-12
EURUSD,2023-01-27 13:30:00+00:00,1,selected,,bls_employment_2023-02-03
EURUSD,2023-01-20 13:30:00+00:00,2,selected,,bls_employment_2023-02-03
EURUSD,2023-01-13 13:30:00+00:00,3,selected,,bls_employment_2023-02-03
EURUSD,2023-01-06 13:30:00+00:00,4,rejected,BLS CPI/employment date,bls_employment_2023-02-03
EURUSD,2022-12-30 13:30:00+00:00,5,rejected,exact timestamp absent,bls_employment_2023-02-03
EURUSD,2022-12-23 13:30:00+00:00,6,rejected,exact timestamp absent,bls_employment_2023-02-03
EURUSD,2022-12-16 13:30:00+00:00,7,rejected,exact timestamp absent,bls_employment_2023-02-03
EURUSD,2022-12-09 13:30:00+00:00,8,rejected,exact timestamp absent,bls_employment_2023-02-03
EURUSD,2022-12-02 13:30:00+00:00,9,rejected,exact timestamp absent,bls_employment_2023-02-03
EURUSD,2022-11-25 13:30:00+00:00,10,rejected,exact timestamp absent,bls_employment_2023-02-03
EURUSD,2022-11-18 13:30:00+00:00,11,rejected,exact timestamp absent,bls_employment_2023-02-03
EURUSD,2022-11-11 13:30:00+00:00,12,rejected,exact timestamp absent,bls_employment_2023-02-03
EURUSD,2023-02-03 13:30:00+00:00,0,event_rejected,only 3 controls,bls_employment_2023-02-03
GBPUSD,2023-01-27 13:30:00+00:00,1,selected,,bls_employment_2023-02-03
GBPUSD,2023-01-20 13:30:00+00:00,2,selected,,bls_employment_2023-02-03
GBPUSD,2023-01-13 13:30:00+00:00,3,selected,,bls_employment_2023-02-03
GBPUSD,2023-01-06 13:30:00+00:00,4,rejected,BLS CPI/employment date,bls_employment_2023-02-03
GBPUSD,2022-12-30 13:30:00+00:00,5,rejected,exact timestamp absent,bls_employment_2023-02-03
GBPUSD,2022-12-23 13:30:00+00:00,6,rejected,exact timestamp absent,bls_employment_2023-02-03
GBPUSD,2022-12-16 13:30:00+00:00,7,rejected,exact timestamp absent,bls_employment_2023-02-03
GBPUSD,2022-12-09 13:30:00+00:00,8,rejected,exact timestamp absent,bls_employment_2023-02-03
GBPUSD,2022-12-02 13:30:00+00:00,9,rejected,exact timestamp absent,bls_employment_2023-02-03
GBPUSD,2022-11-25 13:30:00+00:00,10,rejected,exact timestamp absent,bls_employment_2023-02-03
GBPUSD,2022-11-18 13:30:00+00:00,11,rejected,exact timestamp absent,bls_employment_2023-02-03
GBPUSD,2022-11-11 13:30:00+00:00,12,rejected,exact timestamp absent,bls_employment_2023-02-03
GBPUSD,2023-02-03 13:30:00+00:00,0,event_rejected,only 3 controls,bls_employment_2023-02-03
AUDUSD,2023-01-27 13:30:00+00:00,1,selected,,bls_employment_2023-02-03
AUDUSD,2023-01-20 13:30:00+00:00,2,selected,,bls_employment_2023-02-03
AUDUSD,2023-01-13 13:30:00+00:00,3,selected,,bls_employment_2023-02-03
AUDUSD,2023-01-06 13:30:00+00:00,4,rejected,BLS CPI/employment date,bls_employment_2023-02-03
AUDUSD,2022-12-30 13:30:00+00:00,5,rejected,exact timestamp absent,bls_employment_2023-02-03
AUDUSD,2022-12-23 13:30:00+00:00,6,rejected,exact timestamp absent,bls_employment_2023-02-03
AUDUSD,2022-12-16 13:30:00+00:00,7,rejected,exact timestamp absent,bls_employment_2023-02-03
AUDUSD,2022-12-09 13:30:00+00:00,8,rejected,exact timestamp absent,bls_employment_2023-02-03
AUDUSD,2022-12-02 13:30:00+00:00,9,rejected,exact timestamp absent,bls_employment_2023-02-03
AUDUSD,2022-11-25 13:30:00+00:00,10,rejected,exact timestamp absent,bls_employment_2023-02-03
AUDUSD,2022-11-18 13:30:00+00:00,11,rejected,exact timestamp absent,bls_employment_2023-02-03
AUDUSD,2022-11-11 13:30:00+00:00,12,rejected,exact timestamp absent,bls_employment_2023-02-03
AUDUSD,2023-02-03 13:30:00+00:00,0,event_rejected,only 3 controls,bls_employment_2023-02-03
NZDUSD,2023-01-27 13:30:00+00:00,1,selected,,bls_employment_2023-02-03
NZDUSD,2023-01-20 13:30:00+00:00,2,selected,,bls_employment_2023-02-03
NZDUSD,2023-01-13 13:30:00+00:00,3,selected,,bls_employment_2023-02-03
NZDUSD,2023-01-06 13:30:00+00:00,4,rejected,BLS CPI/employment date,bls_employment_2023-02-03
NZDUSD,2022-12-30 13:30:00+00:00,5,rejected,exact timestamp absent,bls_employment_2023-02-03
NZDUSD,2022-12-23 13:30:00+00:00,6,rejected,exact timestamp absent,bls_employment_2023-02-03
NZDUSD,2022-12-16 13:30:00+00:00,7,rejected,exact timestamp absent,bls_employment_2023-02-03
NZDUSD,2022-12-09 13:30:00+00:00,8,rejected,exact timestamp absent,bls_employment_2023-02-03
NZDUSD,2022-12-02 13:30:00+00:00,9,rejected,exact timestamp absent,bls_employment_2023-02-03
NZDUSD,2022-11-25 13:30:00+00:00,10,rejected,exact timestamp absent,bls_employment_2023-02-03
NZDUSD,2022-11-18 13:30:00+00:00,11,rejected,exact timestamp absent,bls_employment_2023-02-03
NZDUSD,2022-11-11 13:30:00+00:00,12,rejected,exact timestamp absent,bls_employment_2023-02-03
NZDUSD,2023-02-03 13:30:00+00:00,0,event_rejected,only 3 controls,bls_employment_2023-02-03
USDJPY,2023-01-27 13:30:00+00:00,1,selected,,bls_employment_2023-02-03
USDJPY,2023-01-20 13:30:00+00:00,2,selected,,bls_employment_2023-02-03
USDJPY,2023-01-13 13:30:00+00:00,3,selected,,bls_employment_2023-02-03
USDJPY,2023-01-06 13:30:00+00:00,4,rejected,BLS CPI/employment date,bls_employment_2023-02-03
USDJPY,2022-12-30 13:30:00+00:00,5,rejected,exact timestamp absent,bls_employment_2023-02-03
USDJPY,2022-12-23 13:30:00+00:00,6,rejected,exact timestamp absent,bls_employment_2023-02-03
USDJPY,2022-12-16 13:30:00+00:00,7,rejected,exact timestamp absent,bls_employment_2023-02-03
USDJPY,2022-12-09 13:30:00+00:00,8,rejected,exact timestamp absent,bls_employment_2023-02-03
USDJPY,2022-12-02 13:30:00+00:00,9,rejected,exact timestamp absent,bls_employment_2023-02-03
USDJPY,2022-11-25 13:30:00+00:00,10,rejected,exact timestamp absent,bls_employment_2023-02-03
USDJPY,2022-11-18 13:30:00+00:00,11,rejected,exact timestamp absent,bls_employment_2023-02-03
USDJPY,2022-11-11 13:30:00+00:00,12,rejected,exact timestamp absent,bls_employment_2023-02-03
USDJPY,2023-02-03 13:30:00+00:00,0,event_rejected,only 3 controls,bls_employment_2023-02-03
USDCHF,2023-01-27 13:30:00+00:00,1,selected,,bls_employment_2023-02-03
USDCHF,2023-01-20 13:30:00+00:00,2,selected,,bls_employment_2023-02-03
USDCHF,2023-01-13 13:30:00+00:00,3,selected,,bls_employment_2023-02-03
USDCHF,2023-01-06 13:30:00+00:00,4,rejected,BLS CPI/employment date,bls_employment_2023-02-03
USDCHF,2022-12-30 13:30:00+00:00,5,rejected,exact timestamp absent,bls_employment_2023-02-03
USDCHF,2022-12-23 13:30:00+00:00,6,rejected,exact timestamp absent,bls_employment_2023-02-03
USDCHF,2022-12-16 13:30:00+00:00,7,rejected,exact timestamp absent,bls_employment_2023-02-03
USDCHF,2022-12-09 13:30:00+00:00,8,rejected,exact timestamp absent,bls_employment_2023-02-03
USDCHF,2022-12-02 13:30:00+00:00,9,rejected,exact timestamp absent,bls_employment_2023-02-03
USDCHF,2022-11-25 13:30:00+00:00,10,rejected,exact timestamp absent,bls_employment_2023-02-03
USDCHF,2022-11-18 13:30:00+00:00,11,rejected,exact timestamp absent,bls_employment_2023-02-03
USDCHF,2022-11-11 13:30:00+00:00,12,rejected,exact timestamp absent,bls_employment_2023-02-03
USDCHF,2023-02-03 13:30:00+00:00,0,event_rejected,only 3 controls,bls_employment_2023-02-03
USDCAD,2023-01-27 13:30:00+00:00,1,selected,,bls_employment_2023-02-03
USDCAD,2023-01-20 13:30:00+00:00,2,selected,,bls_employment_2023-02-03
USDCAD,2023-01-13 13:30:00+00:00,3,selected,,bls_employment_2023-02-03
USDCAD,2023-01-06 13:30:00+00:00,4,rejected,BLS CPI/employment date,bls_employment_2023-02-03
USDCAD,2022-12-30 13:30:00+00:00,5,rejected,exact timestamp absent,bls_employment_2023-02-03
USDCAD,2022-12-23 13:30:00+00:00,6,rejected,exact timestamp absent,bls_employment_2023-02-03
USDCAD,2022-12-16 13:30:00+00:00,7,rejected,exact timestamp absent,bls_employment_2023-02-03
USDCAD,2022-12-09 13:30:00+00:00,8,rejected,exact timestamp absent,bls_employment_2023-02-03
USDCAD,2022-12-02 13:30:00+00:00,9,rejected,exact timestamp absent,bls_employment_2023-02-03
USDCAD,2022-11-25 13:30:00+00:00,10,rejected,exact timestamp absent,bls_employment_2023-02-03
USDCAD,2022-11-18 13:30:00+00:00,11,rejected,exact timestamp absent,bls_employment_2023-02-03
USDCAD,2022-11-11 13:30:00+00:00,12,rejected,exact timestamp absent,bls_employment_2023-02-03
USDCAD,2023-02-03 13:30:00+00:00,0,event_rejected,only 3 controls,bls_employment_2023-02-03
EURJPY,2023-01-27 13:30:00+00:00,1,selected,,bls_employment_2023-02-03
EURJPY,2023-01-20 13:30:00+00:00,2,selected,,bls_employment_2023-02-03
EURJPY,2023-01-13 13:30:00+00:00,3,selected,,bls_employment_2023-02-03
EURJPY,2023-01-06 13:30:00+00:00,4,rejected,BLS CPI/employment date,bls_employment_2023-02-03
EURJPY,2022-12-30 13:30:00+00:00,5,rejected,exact timestamp absent,bls_employment_2023-02-03
EURJPY,2022-12-23 13:30:00+00:00,6,rejected,exact timestamp absent,bls_employment_2023-02-03
EURJPY,2022-12-16 13:30:00+00:00,7,rejected,exact timestamp absent,bls_employment_2023-02-03
EURJPY,2022-12-09 13:30:00+00:00,8,rejected,exact timestamp absent,bls_employment_2023-02-03
EURJPY,2022-12-02 13:30:00+00:00,9,rejected,exact timestamp absent,bls_employment_2023-02-03
EURJPY,2022-11-25 13:30:00+00:00,10,rejected,exact timestamp absent,bls_employment_2023-02-03
EURJPY,2022-11-18 13:30:00+00:00,11,rejected,exact timestamp absent,bls_employment_2023-02-03
EURJPY,2022-11-11 13:30:00+00:00,12,rejected,exact timestamp absent,bls_employment_2023-02-03
EURJPY,2023-02-03 13:30:00+00:00,0,event_rejected,only 3 controls,bls_employment_2023-02-03
XAUUSD,2023-01-27 13:30:00+00:00,1,selected,,bls_employment_2023-02-03
XAUUSD,2023-01-20 13:30:00+00:00,2,selected,,bls_employment_2023-02-03
XAUUSD,2023-01-13 13:30:00+00:00,3,selected,,bls_employment_2023-02-03
XAUUSD,2023-01-06 13:30:00+00:00,4,rejected,BLS CPI/employment date,bls_employment_2023-02-03
XAUUSD,2022-12-30 13:30:00+00:00,5,rejected,exact timestamp absent,bls_employment_2023-02-03
XAUUSD,2022-12-23 13:30:00+00:00,6,rejected,exact timestamp absent,bls_employment_2023-02-03
XAUUSD,2022-12-16 13:30:00+00:00,7,rejected,exact timestamp absent,bls_employment_2023-02-03
XAUUSD,2022-12-09 13:30:00+00:00,8,rejected,exact timestamp absent,bls_employment_2023-02-03
XAUUSD,2022-12-02 13:30:00+00:00,9,rejected,exact timestamp absent,bls_employment_2023-02-03
XAUUSD,2022-11-25 13:30:00+00:00,10,rejected,exact timestamp absent,bls_employment_2023-02-03
XAUUSD,2022-11-18 13:30:00+00:00,11,rejected,exact timestamp absent,bls_employment_2023-02-03
XAUUSD,2022-11-11 13:30:00+00:00,12,rejected,exact timestamp absent,bls_employment_2023-02-03
XAUUSD,2023-02-03 13:30:00+00:00,0,event_rejected,only 3 controls,bls_employment_2023-02-03
XAGUSD,2023-01-27 13:30:00+00:00,1,selected,,bls_employment_2023-02-03
XAGUSD,2023-01-20 13:30:00+00:00,2,selected,,bls_employment_2023-02-03
XAGUSD,2023-01-13 13:30:00+00:00,3,selected,,bls_employment_2023-02-03
XAGUSD,2023-01-06 13:30:00+00:00,4,rejected,BLS CPI/employment date,bls_employment_2023-02-03
XAGUSD,2022-12-30 13:30:00+00:00,5,rejected,exact timestamp absent,bls_employment_2023-02-03
XAGUSD,2022-12-23 13:30:00+00:00,6,rejected,exact timestamp absent,bls_employment_2023-02-03
XAGUSD,2022-12-16 13:30:00+00:00,7,rejected,exact timestamp absent,bls_employment_2023-02-03
XAGUSD,2022-12-09 13:30:00+00:00,8,rejected,exact timestamp absent,bls_employment_2023-02-03
XAGUSD,2022-12-02 13:30:00+00:00,9,rejected,exact timestamp absent,bls_employment_2023-02-03
XAGUSD,2022-11-25 13:30:00+00:00,10,rejected,exact timestamp absent,bls_employment_2023-02-03
XAGUSD,2022-11-18 13:30:00+00:00,11,rejected,exact timestamp absent,bls_employment_2023-02-03
XAGUSD,2022-11-11 13:30:00+00:00,12,rejected,exact timestamp absent,bls_employment_2023-02-03
XAGUSD,2023-02-03 13:30:00+00:00,0,event_rejected,only 3 controls,bls_employment_2023-02-03
SPXUSD,2023-01-27 13:30:00+00:00,1,selected,,bls_employment_2023-02-03
SPXUSD,2023-01-20 13:30:00+00:00,2,selected,,bls_employment_2023-02-03
SPXUSD,2023-01-13 13:30:00+00:00,3,selected,,bls_employment_2023-02-03
SPXUSD,2023-01-06 13:30:00+00:00,4,rejected,BLS CPI/employment date,bls_employment_2023-02-03
SPXUSD,2022-12-30 13:30:00+00:00,5,rejected,exact timestamp absent,bls_employment_2023-02-03
SPXUSD,2022-12-23 13:30:00+00:00,6,rejected,exact timestamp absent,bls_employment_2023-02-03
SPXUSD,2022-12-16 13:30:00+00:00,7,rejected,exact timestamp absent,bls_employment_2023-02-03
SPXUSD,2022-12-09 13:30:00+00:00,8,rejected,exact timestamp absent,bls_employment_2023-02-03
SPXUSD,2022-12-02 13:30:00+00:00,9,rejected,exact timestamp absent,bls_employment_2023-02-03
SPXUSD,2022-11-25 13:30:00+00:00,10,rejected,exact timestamp absent,bls_employment_2023-02-03
SPXUSD,2022-11-18 13:30:00+00:00,11,rejected,exact timestamp absent,bls_employment_2023-02-03
SPXUSD,2022-11-11 13:30:00+00:00,12,rejected,exact timestamp absent,bls_employment_2023-02-03
SPXUSD,2023-02-03 13:30:00+00:00,0,event_rejected,only 3 controls,bls_employment_2023-02-03
NSXUSD,2023-01-27 13:30:00+00:00,1,selected,,bls_employment_2023-02-03
NSXUSD,2023-01-20 13:30:00+00:00,2,selected,,bls_employment_2023-02-03
NSXUSD,2023-01-13 13:30:00+00:00,3,selected,,bls_employment_2023-02-03
NSXUSD,2023-01-06 13:30:00+00:00,4,rejected,BLS CPI/employment date,bls_employment_2023-02-03
NSXUSD,2022-12-30 13:30:00+00:00,5,rejected,exact timestamp absent,bls_employment_2023-02-03
NSXUSD,2022-12-23 13:30:00+00:00,6,rejected,exact timestamp absent,bls_employment_2023-02-03
NSXUSD,2022-12-16 13:30:00+00:00,7,rejected,exact timestamp absent,bls_employment_2023-02-03
NSXUSD,2022-12-09 13:30:00+00:00,8,rejected,exact timestamp absent,bls_employment_2023-02-03
NSXUSD,2022-12-02 13:30:00+00:00,9,rejected,exact timestamp absent,bls_employment_2023-02-03
NSXUSD,2022-11-25 13:30:00+00:00,10,rejected,exact timestamp absent,bls_employment_2023-02-03
NSXUSD,2022-11-18 13:30:00+00:00,11,rejected,exact timestamp absent,bls_employment_2023-02-03
NSXUSD,2022-11-11 13:30:00+00:00,12,rejected,exact timestamp absent,bls_employment_2023-02-03
NSXUSD,2023-02-03 13:30:00+00:00,0,event_rejected,only 3 controls,bls_employment_2023-02-03
GRXEUR,2023-01-27 13:30:00+00:00,1,selected,,bls_employment_2023-02-03
GRXEUR,2023-01-20 13:30:00+00:00,2,selected,,bls_employment_2023-02-03
GRXEUR,2023-01-13 13:30:00+00:00,3,selected,,bls_employment_2023-02-03
GRXEUR,2023-01-06 13:30:00+00:00,4,rejected,BLS CPI/employment date,bls_employment_2023-02-03
GRXEUR,2022-12-30 13:30:00+00:00,5,rejected,exact timestamp absent,bls_employment_2023-02-03
GRXEUR,2022-12-23 13:30:00+00:00,6,rejected,exact timestamp absent,bls_employment_2023-02-03
GRXEUR,2022-12-16 13:30:00+00:00,7,rejected,exact timestamp absent,bls_employment_2023-02-03
GRXEUR,2022-12-09 13:30:00+00:00,8,rejected,exact timestamp absent,bls_employment_2023-02-03
GRXEUR,2022-12-02 13:30:00+00:00,9,rejected,exact timestamp absent,bls_employment_2023-02-03
GRXEUR,2022-11-25 13:30:00+00:00,10,rejected,exact timestamp absent,bls_employment_2023-02-03
GRXEUR,2022-11-18 13:30:00+00:00,11,rejected,exact timestamp absent,bls_employment_2023-02-03
GRXEUR,2022-11-11 13:30:00+00:00,12,rejected,exact timestamp absent,bls_employment_2023-02-03
GRXEUR,2023-02-03 13:30:00+00:00,0,event_rejected,only 3 controls,bls_employment_2023-02-03
UKXGBP,2023-01-27 13:30:00+00:00,1,selected,,bls_employment_2023-02-03
UKXGBP,2023-01-20 13:30:00+00:00,2,selected,,bls_employment_2023-02-03
UKXGBP,2023-01-13 13:30:00+00:00,3,selected,,bls_employment_2023-02-03
UKXGBP,2023-01-06 13:30:00+00:00,4,rejected,BLS CPI/employment date,bls_employment_2023-02-03
UKXGBP,2022-12-30 13:30:00+00:00,5,rejected,exact timestamp absent,bls_employment_2023-02-03
UKXGBP,2022-12-23 13:30:00+00:00,6,rejected,exact timestamp absent,bls_employment_2023-02-03
UKXGBP,2022-12-16 13:30:00+00:00,7,rejected,exact timestamp absent,bls_employment_2023-02-03
UKXGBP,2022-12-09 13:30:00+00:00,8,rejected,exact timestamp absent,bls_employment_2023-02-03
UKXGBP,2022-12-02 13:30:00+00:00,9,rejected,exact timestamp absent,bls_employment_2023-02-03
UKXGBP,2022-11-25 13:30:00+00:00,10,rejected,exact timestamp absent,bls_employment_2023-02-03
UKXGBP,2022-11-18 13:30:00+00:00,11,rejected,exact timestamp absent,bls_employment_2023-02-03
UKXGBP,2022-11-11 13:30:00+00:00,12,rejected,exact timestamp absent,bls_employment_2023-02-03
UKXGBP,2023-02-03 13:30:00+00:00,0,event_rejected,only 3 controls,bls_employment_2023-02-03
BCOUSD,2023-01-27 13:30:00+00:00,1,selected,,bls_employment_2023-02-03
BCOUSD,2023-01-20 13:30:00+00:00,2,selected,,bls_employment_2023-02-03
BCOUSD,2023-01-13 13:30:00+00:00,3,selected,,bls_employment_2023-02-03
BCOUSD,2023-01-06 13:30:00+00:00,4,rejected,BLS CPI/employment date,bls_employment_2023-02-03
BCOUSD,2022-12-30 13:30:00+00:00,5,rejected,exact timestamp absent,bls_employment_2023-02-03
BCOUSD,2022-12-23 13:30:00+00:00,6,rejected,exact timestamp absent,bls_employment_2023-02-03
BCOUSD,2022-12-16 13:30:00+00:00,7,rejected,exact timestamp absent,bls_employment_2023-02-03
BCOUSD,2022-12-09 13:30:00+00:00,8,rejected,exact timestamp absent,bls_employment_2023-02-03
BCOUSD,2022-12-02 13:30:00+00:00,9,rejected,exact timestamp absent,bls_employment_2023-02-03
BCOUSD,2022-11-25 13:30:00+00:00,10,rejected,exact timestamp absent,bls_employment_2023-02-03
BCOUSD,2022-11-18 13:30:00+00:00,11,rejected,exact timestamp absent,bls_employment_2023-02-03
BCOUSD,2022-11-11 13:30:00+00:00,12,rejected,exact timestamp absent,bls_employment_2023-02-03
BCOUSD,2023-02-03 13:30:00+00:00,0,event_rejected,only 3 controls,bls_employment_2023-02-03
EURUSD,2023-02-07 13:30:00+00:00,1,selected,,bls_cpi_2023-02-14
EURUSD,2023-01-31 13:30:00+00:00,2,selected,,bls_cpi_2023-02-14
EURUSD,2023-01-24 13:30:00+00:00,3,selected,,bls_cpi_2023-02-14
EURUSD,2023-01-17 13:30:00+00:00,4,selected,,bls_cpi_2023-02-14
EURUSD,2023-01-10 13:30:00+00:00,5,valid_not_selected,,bls_cpi_2023-02-14
EURUSD,2023-01-03 13:30:00+00:00,6,valid_not_selected,,bls_cpi_2023-02-14
EURUSD,2022-12-27 13:30:00+00:00,7,rejected,exact timestamp absent,bls_cpi_2023-02-14
EURUSD,2022-12-20 13:30:00+00:00,8,rejected,exact timestamp absent,bls_cpi_2023-02-14
EURUSD,2022-12-13 13:30:00+00:00,9,rejected,exact timestamp absent,bls_cpi_2023-02-14
EURUSD,2022-12-06 13:30:00+00:00,10,rejected,exact timestamp absent,bls_cpi_2023-02-14
EURUSD,2022-11-29 13:30:00+00:00,11,rejected,exact timestamp absent,bls_cpi_2023-02-14
EURUSD,2022-11-22 13:30:00+00:00,12,rejected,exact timestamp absent,bls_cpi_2023-02-14
GBPUSD,2023-02-07 13:30:00+00:00,1,selected,,bls_cpi_2023-02-14
GBPUSD,2023-01-31 13:30:00+00:00,2,selected,,bls_cpi_2023-02-14
GBPUSD,2023-01-24 13:30:00+00:00,3,selected,,bls_cpi_2023-02-14
GBPUSD,2023-01-17 13:30:00+00:00,4,selected,,bls_cpi_2023-02-14
GBPUSD,2023-01-10 13:30:00+00:00,5,valid_not_selected,,bls_cpi_2023-02-14
GBPUSD,2023-01-03 13:30:00+00:00,6,valid_not_selected,,bls_cpi_2023-02-14
GBPUSD,2022-12-27 13:30:00+00:00,7,rejected,exact timestamp absent,bls_cpi_2023-02-14
GBPUSD,2022-12-20 13:30:00+00:00,8,rejected,exact timestamp absent,bls_cpi_2023-02-14
GBPUSD,2022-12-13 13:30:00+00:00,9,rejected,exact timestamp absent,bls_cpi_2023-02-14
GBPUSD,2022-12-06 13:30:00+00:00,10,rejected,exact timestamp absent,bls_cpi_2023-02-14
GBPUSD,2022-11-29 13:30:00+00:00,11,rejected,exact timestamp absent,bls_cpi_2023-02-14
GBPUSD,2022-11-22 13:30:00+00:00,12,rejected,exact timestamp absent,bls_cpi_2023-02-14
AUDUSD,2023-02-07 13:30:00+00:00,1,selected,,bls_cpi_2023-02-14
AUDUSD,2023-01-31 13:30:00+00:00,2,selected,,bls_cpi_2023-02-14
AUDUSD,2023-01-24 13:30:00+00:00,3,selected,,bls_cpi_2023-02-14
AUDUSD,2023-01-17 13:30:00+00:00,4,selected,,bls_cpi_2023-02-14
AUDUSD,2023-01-10 13:30:00+00:00,5,valid_not_selected,,bls_cpi_2023-02-14
AUDUSD,2023-01-03 13:30:00+00:00,6,valid_not_selected,,bls_cpi_2023-02-14
AUDUSD,2022-12-27 13:30:00+00:00,7,rejected,exact timestamp absent,bls_cpi_2023-02-14
AUDUSD,2022-12-20 13:30:00+00:00,8,rejected,exact timestamp absent,bls_cpi_2023-02-14
AUDUSD,2022-12-13 13:30:00+00:00,9,rejected,exact timestamp absent,bls_cpi_2023-02-14
AUDUSD,2022-12-06 13:30:00+00:00,10,rejected,exact timestamp absent,bls_cpi_2023-02-14
AUDUSD,2022-11-29 13:30:00+00:00,11,rejected,exact timestamp absent,bls_cpi_2023-02-14
AUDUSD,2022-11-22 13:30:00+00:00,12,rejected,exact timestamp absent,bls_cpi_2023-02-14
NZDUSD,2023-02-07 13:30:00+00:00,1,selected,,bls_cpi_2023-02-14
NZDUSD,2023-01-31 13:30:00+00:00,2,selected,,bls_cpi_2023-02-14
NZDUSD,2023-01-24 13:30:00+00:00,3,selected,,bls_cpi_2023-02-14
NZDUSD,2023-01-17 13:30:00+00:00,4,selected,,bls_cpi_2023-02-14
NZDUSD,2023-01-10 13:30:00+00:00,5,valid_not_selected,,bls_cpi_2023-02-14
NZDUSD,2023-01-03 13:30:00+00:00,6,valid_not_selected,,bls_cpi_2023-02-14
NZDUSD,2022-12-27 13:30:00+00:00,7,rejected,exact timestamp absent,bls_cpi_2023-02-14
NZDUSD,2022-12-20 13:30:00+00:00,8,rejected,exact timestamp absent,bls_cpi_2023-02-14
NZDUSD,2022-12-13 13:30:00+00:00,9,rejected,exact timestamp absent,bls_cpi_2023-02-14
NZDUSD,2022-12-06 13:30:00+00:00,10,rejected,exact timestamp absent,bls_cpi_2023-02-14
NZDUSD,2022-11-29 13:30:00+00:00,11,rejected,exact timestamp absent,bls_cpi_2023-02-14
NZDUSD,2022-11-22 13:30:00+00:00,12,rejected,exact timestamp absent,bls_cpi_2023-02-14
USDJPY,2023-02-07 13:30:00+00:00,1,selected,,bls_cpi_2023-02-14
USDJPY,2023-01-31 13:30:00+00:00,2,selected,,bls_cpi_2023-02-14
USDJPY,2023-01-24 13:30:00+00:00,3,selected,,bls_cpi_2023-02-14
USDJPY,2023-01-17 13:30:00+00:00,4,selected,,bls_cpi_2023-02-14
USDJPY,2023-01-10 13:30:00+00:00,5,valid_not_selected,,bls_cpi_2023-02-14
USDJPY,2023-01-03 13:30:00+00:00,6,valid_not_selected,,bls_cpi_2023-02-14
USDJPY,2022-12-27 13:30:00+00:00,7,rejected,exact timestamp absent,bls_cpi_2023-02-14
USDJPY,2022-12-20 13:30:00+00:00,8,rejected,exact timestamp absent,bls_cpi_2023-02-14
USDJPY,2022-12-13 13:30:00+00:00,9,rejected,exact timestamp absent,bls_cpi_2023-02-14
USDJPY,2022-12-06 13:30:00+00:00,10,rejected,exact timestamp absent,bls_cpi_2023-02-14
USDJPY,2022-11-29 13:30:00+00:00,11,rejected,exact timestamp absent,bls_cpi_2023-02-14
USDJPY,2022-11-22 13:30:00+00:00,12,rejected,exact timestamp absent,bls_cpi_2023-02-14
USDCHF,2023-02-07 13:30:00+00:00,1,selected,,bls_cpi_2023-02-14
USDCHF,2023-01-31 13:30:00+00:00,2,selected,,bls_cpi_2023-02-14
USDCHF,2023-01-24 13:30:00+00:00,3,selected,,bls_cpi_2023-02-14
USDCHF,2023-01-17 13:30:00+00:00,4,selected,,bls_cpi_2023-02-14
USDCHF,2023-01-10 13:30:00+00:00,5,valid_not_selected,,bls_cpi_2023-02-14
USDCHF,2023-01-03 13:30:00+00:00,6,valid_not_selected,,bls_cpi_2023-02-14
USDCHF,2022-12-27 13:30:00+00:00,7,rejected,exact timestamp absent,bls_cpi_2023-02-14
USDCHF,2022-12-20 13:30:00+00:00,8,rejected,exact timestamp absent,bls_cpi_2023-02-14
USDCHF,2022-12-13 13:30:00+00:00,9,rejected,exact timestamp absent,bls_cpi_2023-02-14
USDCHF,2022-12-06 13:30:00+00:00,10,rejected,exact timestamp absent,bls_cpi_2023-02-14
USDCHF,2022-11-29 13:30:00+00:00,11,rejected,exact timestamp absent,bls_cpi_2023-02-14
USDCHF,2022-11-22 13:30:00+00:00,12,rejected,exact timestamp absent,bls_cpi_2023-02-14
USDCAD,2023-02-07 13:30:00+00:00,1,selected,,bls_cpi_2023-02-14
USDCAD,2023-01-31 13:30:00+00:00,2,selected,,bls_cpi_2023-02-14
USDCAD,2023-01-24 13:30:00+00:00,3,selected,,bls_cpi_2023-02-14
USDCAD,2023-01-17 13:30:00+00:00,4,selected,,bls_cpi_2023-02-14
USDCAD,2023-01-10 13:30:00+00:00,5,valid_not_selected,,bls_cpi_2023-02-14
USDCAD,2023-01-03 13:30:00+00:00,6,valid_not_selected,,bls_cpi_2023-02-14
USDCAD,2022-12-27 13:30:00+00:00,7,rejected,exact timestamp absent,bls_cpi_2023-02-14
USDCAD,2022-12-20 13:30:00+00:00,8,rejected,exact timestamp absent,bls_cpi_2023-02-14
USDCAD,2022-12-13 13:30:00+00:00,9,rejected,exact timestamp absent,bls_cpi_2023-02-14
USDCAD,2022-12-06 13:30:00+00:00,10,rejected,exact timestamp absent,bls_cpi_2023-02-14
USDCAD,2022-11-29 13:30:00+00:00,11,rejected,exact timestamp absent,bls_cpi_2023-02-14
USDCAD,2022-11-22 13:30:00+00:00,12,rejected,exact timestamp absent,bls_cpi_2023-02-14
EURJPY,2023-02-07 13:30:00+00:00,1,selected,,bls_cpi_2023-02-14
EURJPY,2023-01-31 13:30:00+00:00,2,selected,,bls_cpi_2023-02-14
EURJPY,2023-01-24 13:30:00+00:00,3,selected,,bls_cpi_2023-02-14
EURJPY,2023-01-17 13:30:00+00:00,4,selected,,bls_cpi_2023-02-14
EURJPY,2023-01-10 13:30:00+00:00,5,valid_not_selected,,bls_cpi_2023-02-14
EURJPY,2023-01-03 13:30:00+00:00,6,valid_not_selected,,bls_cpi_2023-02-14
EURJPY,2022-12-27 13:30:00+00:00,7,rejected,exact timestamp absent,bls_cpi_2023-02-14
EURJPY,2022-12-20 13:30:00+00:00,8,rejected,exact timestamp absent,bls_cpi_2023-02-14
EURJPY,2022-12-13 13:30:00+00:00,9,rejected,exact timestamp absent,bls_cpi_2023-02-14
EURJPY,2022-12-06 13:30:00+00:00,10,rejected,exact timestamp absent,bls_cpi_2023-02-14
EURJPY,2022-11-29 13:30:00+00:00,11,rejected,exact timestamp absent,bls_cpi_2023-02-14
EURJPY,2022-11-22 13:30:00+00:00,12,rejected,exact timestamp absent,bls_cpi_2023-02-14
XAUUSD,2023-02-07 13:30:00+00:00,1,selected,,bls_cpi_2023-02-14
XAUUSD,2023-01-31 13:30:00+00:00,2,selected,,bls_cpi_2023-02-14
XAUUSD,2023-01-24 13:30:00+00:00,3,selected,,bls_cpi_2023-02-14
XAUUSD,2023-01-17 13:30:00+00:00,4,selected,,bls_cpi_2023-02-14
XAUUSD,2023-01-10 13:30:00+00:00,5,valid_not_selected,,bls_cpi_2023-02-14
XAUUSD,2023-01-03 13:30:00+00:00,6,valid_not_selected,,bls_cpi_2023-02-14
XAUUSD,2022-12-27 13:30:00+00:00,7,rejected,exact timestamp absent,bls_cpi_2023-02-14
XAUUSD,2022-12-20 13:30:00+00:00,8,rejected,exact timestamp absent,bls_cpi_2023-02-14
XAUUSD,2022-12-13 13:30:00+00:00,9,rejected,exact timestamp absent,bls_cpi_2023-02-14
XAUUSD,2022-12-06 13:30:00+00:00,10,rejected,exact timestamp absent,bls_cpi_2023-02-14
XAUUSD,2022-11-29 13:30:00+00:00,11,rejected,exact timestamp absent,bls_cpi_2023-02-14
XAUUSD,2022-11-22 13:30:00+00:00,12,rejected,exact timestamp absent,bls_cpi_2023-02-14
XAGUSD,2023-02-07 13:30:00+00:00,1,selected,,bls_cpi_2023-02-14
XAGUSD,2023-01-31 13:30:00+00:00,2,selected,,bls_cpi_2023-02-14
XAGUSD,2023-01-24 13:30:00+00:00,3,selected,,bls_cpi_2023-02-14
XAGUSD,2023-01-17 13:30:00+00:00,4,selected,,bls_cpi_2023-02-14
XAGUSD,2023-01-10 13:30:00+00:00,5,valid_not_selected,,bls_cpi_2023-02-14
XAGUSD,2023-01-03 13:30:00+00:00,6,valid_not_selected,,bls_cpi_2023-02-14
XAGUSD,2022-12-27 13:30:00+00:00,7,rejected,exact timestamp absent,bls_cpi_2023-02-14
XAGUSD,2022-12-20 13:30:00+00:00,8,rejected,exact timestamp absent,bls_cpi_2023-02-14
XAGUSD,2022-12-13 13:30:00+00:00,9,rejected,exact timestamp absent,bls_cpi_2023-02-14
XAGUSD,2022-12-06 13:30:00+00:00,10,rejected,exact timestamp absent,bls_cpi_2023-02-14
XAGUSD,2022-11-29 13:30:00+00:00,11,rejected,exact timestamp absent,bls_cpi_2023-02-14
XAGUSD,2022-11-22 13:30:00+00:00,12,rejected,exact timestamp absent,bls_cpi_2023-02-14
SPXUSD,2023-02-07 13:30:00+00:00,1,selected,,bls_cpi_2023-02-14
SPXUSD,2023-01-31 13:30:00+00:00,2,selected,,bls_cpi_2023-02-14
SPXUSD,2023-01-24 13:30:00+00:00,3,selected,,bls_cpi_2023-02-14
SPXUSD,2023-01-17 13:30:00+00:00,4,selected,,bls_cpi_2023-02-14
SPXUSD,2023-01-10 13:30:00+00:00,5,valid_not_selected,,bls_cpi_2023-02-14
SPXUSD,2023-01-03 13:30:00+00:00,6,valid_not_selected,,bls_cpi_2023-02-14
SPXUSD,2022-12-27 13:30:00+00:00,7,rejected,exact timestamp absent,bls_cpi_2023-02-14
SPXUSD,2022-12-20 13:30:00+00:00,8,rejected,exact timestamp absent,bls_cpi_2023-02-14
SPXUSD,2022-12-13 13:30:00+00:00,9,rejected,exact timestamp absent,bls_cpi_2023-02-14
SPXUSD,2022-12-06 13:30:00+00:00,10,rejected,exact timestamp absent,bls_cpi_2023-02-14
SPXUSD,2022-11-29 13:30:00+00:00,11,rejected,exact timestamp absent,bls_cpi_2023-02-14
SPXUSD,2022-11-22 13:30:00+00:00,12,rejected,exact timestamp absent,bls_cpi_2023-02-14
NSXUSD,2023-02-07 13:30:00+00:00,1,selected,,bls_cpi_2023-02-14
NSXUSD,2023-01-31 13:30:00+00:00,2,selected,,bls_cpi_2023-02-14
NSXUSD,2023-01-24 13:30:00+00:00,3,selected,,bls_cpi_2023-02-14
NSXUSD,2023-01-17 13:30:00+00:00,4,selected,,bls_cpi_2023-02-14
NSXUSD,2023-01-10 13:30:00+00:00,5,valid_not_selected,,bls_cpi_2023-02-14
NSXUSD,2023-01-03 13:30:00+00:00,6,valid_not_selected,,bls_cpi_2023-02-14
NSXUSD,2022-12-27 13:30:00+00:00,7,rejected,exact timestamp absent,bls_cpi_2023-02-14
NSXUSD,2022-12-20 13:30:00+00:00,8,rejected,exact timestamp absent,bls_cpi_2023-02-14
NSXUSD,2022-12-13 13:30:00+00:00,9,rejected,exact timestamp absent,bls_cpi_2023-02-14
NSXUSD,2022-12-06 13:30:00+00:00,10,rejected,exact timestamp absent,bls_cpi_2023-02-14
NSXUSD,2022-11-29 13:30:00+00:00,11,rejected,exact timestamp absent,bls_cpi_2023-02-14
NSXUSD,2022-11-22 13:30:00+00:00,12,rejected,exact timestamp absent,bls_cpi_2023-02-14
GRXEUR,2023-02-07 13:30:00+00:00,1,selected,,bls_cpi_2023-02-14
GRXEUR,2023-01-31 13:30:00+00:00,2,selected,,bls_cpi_2023-02-14
GRXEUR,2023-01-24 13:30:00+00:00,3,selected,,bls_cpi_2023-02-14
GRXEUR,2023-01-17 13:30:00+00:00,4,selected,,bls_cpi_2023-02-14
GRXEUR,2023-01-10 13:30:00+00:00,5,valid_not_selected,,bls_cpi_2023-02-14
GRXEUR,2023-01-03 13:30:00+00:00,6,valid_not_selected,,bls_cpi_2023-02-14
GRXEUR,2022-12-27 13:30:00+00:00,7,rejected,exact timestamp absent,bls_cpi_2023-02-14
GRXEUR,2022-12-20 13:30:00+00:00,8,rejected,exact timestamp absent,bls_cpi_2023-02-14
GRXEUR,2022-12-13 13:30:00+00:00,9,rejected,exact timestamp absent,bls_cpi_2023-02-14
GRXEUR,2022-12-06 13:30:00+00:00,10,rejected,exact timestamp absent,bls_cpi_2023-02-14
GRXEUR,2022-11-29 13:30:00+00:00,11,rejected,exact timestamp absent,bls_cpi_2023-02-14
GRXEUR,2022-11-22 13:30:00+00:00,12,rejected,exact timestamp absent,bls_cpi_2023-02-14
UKXGBP,2023-02-07 13:30:00+00:00,1,selected,,bls_cpi_2023-02-14
UKXGBP,2023-01-31 13:30:00+00:00,2,selected,,bls_cpi_2023-02-14
UKXGBP,2023-01-24 13:30:00+00:00,3,selected,,bls_cpi_2023-02-14
UKXGBP,2023-01-17 13:30:00+00:00,4,selected,,bls_cpi_2023-02-14
UKXGBP,2023-01-10 13:30:00+00:00,5,valid_not_selected,,bls_cpi_2023-02-14
UKXGBP,2023-01-03 13:30:00+00:00,6,valid_not_selected,,bls_cpi_2023-02-14
UKXGBP,2022-12-27 13:30:00+00:00,7,rejected,exact timestamp absent,bls_cpi_2023-02-14
UKXGBP,2022-12-20 13:30:00+00:00,8,rejected,exact timestamp absent,bls_cpi_2023-02-14
UKXGBP,2022-12-13 13:30:00+00:00,9,rejected,exact timestamp absent,bls_cpi_2023-02-14
UKXGBP,2022-12-06 13:30:00+00:00,10,rejected,exact timestamp absent,bls_cpi_2023-02-14
UKXGBP,2022-11-29 13:30:00+00:00,11,rejected,exact timestamp absent,bls_cpi_2023-02-14
UKXGBP,2022-11-22 13:30:00+00:00,12,rejected,exact timestamp absent,bls_cpi_2023-02-14
BCOUSD,2023-02-07 13:30:00+00:00,1,selected,,bls_cpi_2023-02-14
BCOUSD,2023-01-31 13:30:00+00:00,2,selected,,bls_cpi_2023-02-14
BCOUSD,2023-01-24 13:30:00+00:00,3,selected,,bls_cpi_2023-02-14
BCOUSD,2023-01-17 13:30:00+00:00,4,selected,,bls_cpi_2023-02-14
BCOUSD,2023-01-10 13:30:00+00:00,5,valid_not_selected,,bls_cpi_2023-02-14
BCOUSD,2023-01-03 13:30:00+00:00,6,valid_not_selected,,bls_cpi_2023-02-14
BCOUSD,2022-12-27 13:30:00+00:00,7,rejected,exact timestamp absent,bls_cpi_2023-02-14
BCOUSD,2022-12-20 13:30:00+00:00,8,rejected,exact timestamp absent,bls_cpi_2023-02-14
BCOUSD,2022-12-13 13:30:00+00:00,9,rejected,exact timestamp absent,bls_cpi_2023-02-14
BCOUSD,2022-12-06 13:30:00+00:00,10,rejected,exact timestamp absent,bls_cpi_2023-02-14
BCOUSD,2022-11-29 13:30:00+00:00,11,rejected,exact timestamp absent,bls_cpi_2023-02-14
BCOUSD,2022-11-22 13:30:00+00:00,12,rejected,exact timestamp absent,bls_cpi_2023-02-14
EURUSD,2023-03-03 13:30:00+00:00,1,rejected,quote absent/nonpositive,bls_employment_2023-03-10
EURUSD,2023-02-24 13:30:00+00:00,2,rejected,quote absent/nonpositive,bls_employment_2023-03-10
EURUSD,2023-02-17 13:30:00+00:00,3,selected,,bls_employment_2023-03-10
EURUSD,2023-02-10 13:30:00+00:00,4,selected,,bls_employment_2023-03-10
EURUSD,2023-02-03 13:30:00+00:00,5,rejected,BLS CPI/employment date,bls_employment_2023-03-10
EURUSD,2023-01-27 13:30:00+00:00,6,selected,,bls_employment_2023-03-10
EURUSD,2023-01-20 13:30:00+00:00,7,selected,,bls_employment_2023-03-10
EURUSD,2023-01-13 13:30:00+00:00,8,valid_not_selected,,bls_employment_2023-03-10
EURUSD,2023-01-06 13:30:00+00:00,9,rejected,BLS CPI/employment date,bls_employment_2023-03-10
EURUSD,2022-12-30 13:30:00+00:00,10,rejected,exact timestamp absent,bls_employment_2023-03-10
EURUSD,2022-12-23 13:30:00+00:00,11,rejected,exact timestamp absent,bls_employment_2023-03-10
EURUSD,2022-12-16 13:30:00+00:00,12,rejected,exact timestamp absent,bls_employment_2023-03-10
EURUSD,2023-03-10 13:30:00+00:00,0,event_rejected,quote absent/nonpositive,bls_employment_2023-03-10
GBPUSD,2023-03-03 13:30:00+00:00,1,rejected,quote absent/nonpositive,bls_employment_2023-03-10
GBPUSD,2023-02-24 13:30:00+00:00,2,rejected,quote absent/nonpositive,bls_employment_2023-03-10
GBPUSD,2023-02-17 13:30:00+00:00,3,selected,,bls_employment_2023-03-10
GBPUSD,2023-02-10 13:30:00+00:00,4,selected,,bls_employment_2023-03-10
GBPUSD,2023-02-03 13:30:00+00:00,5,rejected,BLS CPI/employment date,bls_employment_2023-03-10
GBPUSD,2023-01-27 13:30:00+00:00,6,selected,,bls_employment_2023-03-10
GBPUSD,2023-01-20 13:30:00+00:00,7,selected,,bls_employment_2023-03-10
GBPUSD,2023-01-13 13:30:00+00:00,8,valid_not_selected,,bls_employment_2023-03-10
GBPUSD,2023-01-06 13:30:00+00:00,9,rejected,BLS CPI/employment date,bls_employment_2023-03-10
GBPUSD,2022-12-30 13:30:00+00:00,10,rejected,exact timestamp absent,bls_employment_2023-03-10
GBPUSD,2022-12-23 13:30:00+00:00,11,rejected,exact timestamp absent,bls_employment_2023-03-10
GBPUSD,2022-12-16 13:30:00+00:00,12,rejected,exact timestamp absent,bls_employment_2023-03-10
AUDUSD,2023-03-03 13:30:00+00:00,1,rejected,quote absent/nonpositive,bls_employment_2023-03-10
AUDUSD,2023-02-24 13:30:00+00:00,2,rejected,quote absent/nonpositive,bls_employment_2023-03-10
AUDUSD,2023-02-17 13:30:00+00:00,3,selected,,bls_employment_2023-03-10
AUDUSD,2023-02-10 13:30:00+00:00,4,selected,,bls_employment_2023-03-10
AUDUSD,2023-02-03 13:30:00+00:00,5,rejected,BLS CPI/employment date,bls_employment_2023-03-10
AUDUSD,2023-01-27 13:30:00+00:00,6,selected,,bls_employment_2023-03-10
AUDUSD,2023-01-20 13:30:00+00:00,7,selected,,bls_employment_2023-03-10
AUDUSD,2023-01-13 13:30:00+00:00,8,valid_not_selected,,bls_employment_2023-03-10
AUDUSD,2023-01-06 13:30:00+00:00,9,rejected,BLS CPI/employment date,bls_employment_2023-03-10
AUDUSD,2022-12-30 13:30:00+00:00,10,rejected,exact timestamp absent,bls_employment_2023-03-10
AUDUSD,2022-12-23 13:30:00+00:00,11,rejected,exact timestamp absent,bls_employment_2023-03-10
AUDUSD,2022-12-16 13:30:00+00:00,12,rejected,exact timestamp absent,bls_employment_2023-03-10
NZDUSD,2023-03-03 13:30:00+00:00,1,rejected,quote absent/nonpositive,bls_employment_2023-03-10
NZDUSD,2023-02-24 13:30:00+00:00,2,rejected,quote absent/nonpositive,bls_employment_2023-03-10
NZDUSD,2023-02-17 13:30:00+00:00,3,selected,,bls_employment_2023-03-10
NZDUSD,2023-02-10 13:30:00+00:00,4,selected,,bls_employment_2023-03-10
NZDUSD,2023-02-03 13:30:00+00:00,5,rejected,BLS CPI/employment date,bls_employment_2023-03-10
NZDUSD,2023-01-27 13:30:00+00:00,6,selected,,bls_employment_2023-03-10
NZDUSD,2023-01-20 13:30:00+00:00,7,selected,,bls_employment_2023-03-10
NZDUSD,2023-01-13 13:30:00+00:00,8,valid_not_selected,,bls_employment_2023-03-10
NZDUSD,2023-01-06 13:30:00+00:00,9,rejected,BLS CPI/employment date,bls_employment_2023-03-10
NZDUSD,2022-12-30 13:30:00+00:00,10,rejected,exact timestamp absent,bls_employment_2023-03-10
NZDUSD,2022-12-23 13:30:00+00:00,11,rejected,exact timestamp absent,bls_employment_2023-03-10
NZDUSD,2022-12-16 13:30:00+00:00,12,rejected,exact timestamp absent,bls_employment_2023-03-10
USDJPY,2023-03-03 13:30:00+00:00,1,selected,,bls_employment_2023-03-10
USDJPY,2023-02-24 13:30:00+00:00,2,selected,,bls_employment_2023-03-10
USDJPY,2023-02-17 13:30:00+00:00,3,selected,,bls_employment_2023-03-10
USDJPY,2023-02-10 13:30:00+00:00,4,selected,,bls_employment_2023-03-10
USDJPY,2023-02-03 13:30:00+00:00,5,rejected,BLS CPI/employment date,bls_employment_2023-03-10
USDJPY,2023-01-27 13:30:00+00:00,6,valid_not_selected,,bls_employment_2023-03-10
USDJPY,2023-01-20 13:30:00+00:00,7,valid_not_selected,,bls_employment_2023-03-10
USDJPY,2023-01-13 13:30:00+00:00,8,valid_not_selected,,bls_employment_2023-03-10
USDJPY,2023-01-06 13:30:00+00:00,9,rejected,BLS CPI/employment date,bls_employment_2023-03-10
USDJPY,2022-12-30 13:30:00+00:00,10,rejected,exact timestamp absent,bls_employment_2023-03-10
USDJPY,2022-12-23 13:30:00+00:00,11,rejected,exact timestamp absent,bls_employment_2023-03-10
USDJPY,2022-12-16 13:30:00+00:00,12,rejected,exact timestamp absent,bls_employment_2023-03-10
USDJPY,2023-03-10 13:30:00+00:00,0,event_rejected,quote absent/nonpositive,bls_employment_2023-03-10
USDCHF,2023-03-03 13:30:00+00:00,1,selected,,bls_employment_2023-03-10
USDCHF,2023-02-24 13:30:00+00:00,2,rejected,quote absent/nonpositive,bls_employment_2023-03-10
USDCHF,2023-02-17 13:30:00+00:00,3,selected,,bls_employment_2023-03-10
USDCHF,2023-02-10 13:30:00+00:00,4,selected,,bls_employment_2023-03-10
USDCHF,2023-02-03 13:30:00+00:00,5,rejected,BLS CPI/employment date,bls_employment_2023-03-10
USDCHF,2023-01-27 13:30:00+00:00,6,selected,,bls_employment_2023-03-10
USDCHF,2023-01-20 13:30:00+00:00,7,valid_not_selected,,bls_employment_2023-03-10
USDCHF,2023-01-13 13:30:00+00:00,8,valid_not_selected,,bls_employment_2023-03-10
USDCHF,2023-01-06 13:30:00+00:00,9,rejected,BLS CPI/employment date,bls_employment_2023-03-10
USDCHF,2022-12-30 13:30:00+00:00,10,rejected,exact timestamp absent,bls_employment_2023-03-10
USDCHF,2022-12-23 13:30:00+00:00,11,rejected,exact timestamp absent,bls_employment_2023-03-10
USDCHF,2022-12-16 13:30:00+00:00,12,rejected,exact timestamp absent,bls_employment_2023-03-10
USDCHF,2023-03-10 13:30:00+00:00,0,event_rejected,quote absent/nonpositive,bls_employment_2023-03-10
USDCAD,2023-03-03 13:30:00+00:00,1,rejected,quote absent/nonpositive,bls_employment_2023-03-10
USDCAD,2023-02-24 13:30:00+00:00,2,selected,,bls_employment_2023-03-10
USDCAD,2023-02-17 13:30:00+00:00,3,selected,,bls_employment_2023-03-10
USDCAD,2023-02-10 13:30:00+00:00,4,selected,,bls_employment_2023-03-10
USDCAD,2023-02-03 13:30:00+00:00,5,rejected,BLS CPI/employment date,bls_employment_2023-03-10
USDCAD,2023-01-27 13:30:00+00:00,6,selected,,bls_employment_2023-03-10
USDCAD,2023-01-20 13:30:00+00:00,7,valid_not_selected,,bls_employment_2023-03-10
USDCAD,2023-01-13 13:30:00+00:00,8,valid_not_selected,,bls_employment_2023-03-10
USDCAD,2023-01-06 13:30:00+00:00,9,rejected,BLS CPI/employment date,bls_employment_2023-03-10
USDCAD,2022-12-30 13:30:00+00:00,10,rejected,exact timestamp absent,bls_employment_2023-03-10
USDCAD,2022-12-23 13:30:00+00:00,11,rejected,exact timestamp absent,bls_employment_2023-03-10
USDCAD,2022-12-16 13:30:00+00:00,12,rejected,exact timestamp absent,bls_employment_2023-03-10
USDCAD,2023-03-10 13:30:00+00:00,0,event_rejected,quote absent/nonpositive,bls_employment_2023-03-10
EURJPY,2023-03-03 13:30:00+00:00,1,rejected,quote absent/nonpositive,bls_employment_2023-03-10
EURJPY,2023-02-24 13:30:00+00:00,2,rejected,quote absent/nonpositive,bls_employment_2023-03-10
EURJPY,2023-02-17 13:30:00+00:00,3,selected,,bls_employment_2023-03-10
EURJPY,2023-02-10 13:30:00+00:00,4,selected,,bls_employment_2023-03-10
EURJPY,2023-02-03 13:30:00+00:00,5,rejected,BLS CPI/employment date,bls_employment_2023-03-10
EURJPY,2023-01-27 13:30:00+00:00,6,selected,,bls_employment_2023-03-10
EURJPY,2023-01-20 13:30:00+00:00,7,selected,,bls_employment_2023-03-10
EURJPY,2023-01-13 13:30:00+00:00,8,valid_not_selected,,bls_employment_2023-03-10
EURJPY,2023-01-06 13:30:00+00:00,9,rejected,BLS CPI/employment date,bls_employment_2023-03-10
EURJPY,2022-12-30 13:30:00+00:00,10,rejected,exact timestamp absent,bls_employment_2023-03-10
EURJPY,2022-12-23 13:30:00+00:00,11,rejected,exact timestamp absent,bls_employment_2023-03-10
EURJPY,2022-12-16 13:30:00+00:00,12,rejected,exact timestamp absent,bls_employment_2023-03-10
XAUUSD,2023-03-03 13:30:00+00:00,1,selected,,bls_employment_2023-03-10
XAUUSD,2023-02-24 13:30:00+00:00,2,rejected,quote absent/nonpositive,bls_employment_2023-03-10
XAUUSD,2023-02-17 13:30:00+00:00,3,selected,,bls_employment_2023-03-10
XAUUSD,2023-02-10 13:30:00+00:00,4,selected,,bls_employment_2023-03-10
XAUUSD,2023-02-03 13:30:00+00:00,5,rejected,BLS CPI/employment date,bls_employment_2023-03-10
XAUUSD,2023-01-27 13:30:00+00:00,6,selected,,bls_employment_2023-03-10
XAUUSD,2023-01-20 13:30:00+00:00,7,valid_not_selected,,bls_employment_2023-03-10
XAUUSD,2023-01-13 13:30:00+00:00,8,valid_not_selected,,bls_employment_2023-03-10
XAUUSD,2023-01-06 13:30:00+00:00,9,rejected,BLS CPI/employment date,bls_employment_2023-03-10
XAUUSD,2022-12-30 13:30:00+00:00,10,rejected,exact timestamp absent,bls_employment_2023-03-10
XAUUSD,2022-12-23 13:30:00+00:00,11,rejected,exact timestamp absent,bls_employment_2023-03-10
XAUUSD,2022-12-16 13:30:00+00:00,12,rejected,exact timestamp absent,bls_employment_2023-03-10
XAUUSD,2023-03-10 13:30:00+00:00,0,event_rejected,quote absent/nonpositive,bls_employment_2023-03-10
XAGUSD,2023-03-03 13:30:00+00:00,1,selected,,bls_employment_2023-03-10
XAGUSD,2023-02-24 13:30:00+00:00,2,rejected,quote absent/nonpositive,bls_employment_2023-03-10
XAGUSD,2023-02-17 13:30:00+00:00,3,selected,,bls_employment_2023-03-10
XAGUSD,2023-02-10 13:30:00+00:00,4,selected,,bls_employment_2023-03-10
XAGUSD,2023-02-03 13:30:00+00:00,5,rejected,BLS CPI/employment date,bls_employment_2023-03-10
XAGUSD,2023-01-27 13:30:00+00:00,6,selected,,bls_employment_2023-03-10
XAGUSD,2023-01-20 13:30:00+00:00,7,valid_not_selected,,bls_employment_2023-03-10
XAGUSD,2023-01-13 13:30:00+00:00,8,valid_not_selected,,bls_employment_2023-03-10
XAGUSD,2023-01-06 13:30:00+00:00,9,rejected,BLS CPI/employment date,bls_employment_2023-03-10
XAGUSD,2022-12-30 13:30:00+00:00,10,rejected,exact timestamp absent,bls_employment_2023-03-10
XAGUSD,2022-12-23 13:30:00+00:00,11,rejected,exact timestamp absent,bls_employment_2023-03-10
XAGUSD,2022-12-16 13:30:00+00:00,12,rejected,exact timestamp absent,bls_employment_2023-03-10
XAGUSD,2023-03-10 13:30:00+00:00,0,event_rejected,quote absent/nonpositive,bls_employment_2023-03-10
SPXUSD,2023-03-03 13:30:00+00:00,1,selected,,bls_employment_2023-03-10
SPXUSD,2023-02-24 13:30:00+00:00,2,selected,,bls_employment_2023-03-10
SPXUSD,2023-02-17 13:30:00+00:00,3,selected,,bls_employment_2023-03-10
SPXUSD,2023-02-10 13:30:00+00:00,4,selected,,bls_employment_2023-03-10
SPXUSD,2023-02-03 13:30:00+00:00,5,rejected,BLS CPI/employment date,bls_employment_2023-03-10
SPXUSD,2023-01-27 13:30:00+00:00,6,valid_not_selected,,bls_employment_2023-03-10
SPXUSD,2023-01-20 13:30:00+00:00,7,valid_not_selected,,bls_employment_2023-03-10
SPXUSD,2023-01-13 13:30:00+00:00,8,valid_not_selected,,bls_employment_2023-03-10
SPXUSD,2023-01-06 13:30:00+00:00,9,rejected,BLS CPI/employment date,bls_employment_2023-03-10
SPXUSD,2022-12-30 13:30:00+00:00,10,rejected,exact timestamp absent,bls_employment_2023-03-10
SPXUSD,2022-12-23 13:30:00+00:00,11,rejected,exact timestamp absent,bls_employment_2023-03-10
SPXUSD,2022-12-16 13:30:00+00:00,12,rejected,exact timestamp absent,bls_employment_2023-03-10
SPXUSD,2023-03-10 13:30:00+00:00,0,event_rejected,quote absent/nonpositive,bls_employment_2023-03-10
NSXUSD,2023-03-03 13:30:00+00:00,1,rejected,quote absent/nonpositive,bls_employment_2023-03-10
NSXUSD,2023-02-24 13:30:00+00:00,2,rejected,quote absent/nonpositive,bls_employment_2023-03-10
NSXUSD,2023-02-17 13:30:00+00:00,3,selected,,bls_employment_2023-03-10
NSXUSD,2023-02-10 13:30:00+00:00,4,selected,,bls_employment_2023-03-10
NSXUSD,2023-02-03 13:30:00+00:00,5,rejected,BLS CPI/employment date,bls_employment_2023-03-10
NSXUSD,2023-01-27 13:30:00+00:00,6,selected,,bls_employment_2023-03-10
NSXUSD,2023-01-20 13:30:00+00:00,7,selected,,bls_employment_2023-03-10
NSXUSD,2023-01-13 13:30:00+00:00,8,valid_not_selected,,bls_employment_2023-03-10
NSXUSD,2023-01-06 13:30:00+00:00,9,rejected,BLS CPI/employment date,bls_employment_2023-03-10
NSXUSD,2022-12-30 13:30:00+00:00,10,rejected,exact timestamp absent,bls_employment_2023-03-10
NSXUSD,2022-12-23 13:30:00+00:00,11,rejected,exact timestamp absent,bls_employment_2023-03-10
NSXUSD,2022-12-16 13:30:00+00:00,12,rejected,exact timestamp absent,bls_employment_2023-03-10
NSXUSD,2023-03-10 13:30:00+00:00,0,event_rejected,quote absent/nonpositive,bls_employment_2023-03-10
GRXEUR,2023-03-03 13:30:00+00:00,1,selected,,bls_employment_2023-03-10
GRXEUR,2023-02-24 13:30:00+00:00,2,rejected,quote absent/nonpositive,bls_employment_2023-03-10
GRXEUR,2023-02-17 13:30:00+00:00,3,selected,,bls_employment_2023-03-10
GRXEUR,2023-02-10 13:30:00+00:00,4,selected,,bls_employment_2023-03-10
GRXEUR,2023-02-03 13:30:00+00:00,5,rejected,BLS CPI/employment date,bls_employment_2023-03-10
GRXEUR,2023-01-27 13:30:00+00:00,6,selected,,bls_employment_2023-03-10
GRXEUR,2023-01-20 13:30:00+00:00,7,valid_not_selected,,bls_employment_2023-03-10
GRXEUR,2023-01-13 13:30:00+00:00,8,valid_not_selected,,bls_employment_2023-03-10
GRXEUR,2023-01-06 13:30:00+00:00,9,rejected,BLS CPI/employment date,bls_employment_2023-03-10
GRXEUR,2022-12-30 13:30:00+00:00,10,rejected,exact timestamp absent,bls_employment_2023-03-10
GRXEUR,2022-12-23 13:30:00+00:00,11,rejected,exact timestamp absent,bls_employment_2023-03-10
GRXEUR,2022-12-16 13:30:00+00:00,12,rejected,exact timestamp absent,bls_employment_2023-03-10
GRXEUR,2023-03-10 13:30:00+00:00,0,event_rejected,quote absent/nonpositive,bls_employment_2023-03-10
UKXGBP,2023-03-03 13:30:00+00:00,1,rejected,quote absent/nonpositive,bls_employment_2023-03-10
UKXGBP,2023-02-24 13:30:00+00:00,2,rejected,quote absent/nonpositive,bls_employment_2023-03-10
UKXGBP,2023-02-17 13:30:00+00:00,3,selected,,bls_employment_2023-03-10
UKXGBP,2023-02-10 13:30:00+00:00,4,selected,,bls_employment_2023-03-10
UKXGBP,2023-02-03 13:30:00+00:00,5,rejected,BLS CPI/employment date,bls_employment_2023-03-10
UKXGBP,2023-01-27 13:30:00+00:00,6,selected,,bls_employment_2023-03-10
UKXGBP,2023-01-20 13:30:00+00:00,7,selected,,bls_employment_2023-03-10
UKXGBP,2023-01-13 13:30:00+00:00,8,valid_not_selected,,bls_employment_2023-03-10
UKXGBP,2023-01-06 13:30:00+00:00,9,rejected,BLS CPI/employment date,bls_employment_2023-03-10
UKXGBP,2022-12-30 13:30:00+00:00,10,rejected,exact timestamp absent,bls_employment_2023-03-10
UKXGBP,2022-12-23 13:30:00+00:00,11,rejected,exact timestamp absent,bls_employment_2023-03-10
UKXGBP,2022-12-16 13:30:00+00:00,12,rejected,exact timestamp absent,bls_employment_2023-03-10
UKXGBP,2023-03-10 13:30:00+00:00,0,event_rejected,quote absent/nonpositive,bls_employment_2023-03-10
BCOUSD,2023-03-03 13:30:00+00:00,1,rejected,quote absent/nonpositive,bls_employment_2023-03-10
BCOUSD,2023-02-24 13:30:00+00:00,2,rejected,quote absent/nonpositive,bls_employment_2023-03-10
BCOUSD,2023-02-17 13:30:00+00:00,3,selected,,bls_employment_2023-03-10
BCOUSD,2023-02-10 13:30:00+00:00,4,selected,,bls_employment_2023-03-10
BCOUSD,2023-02-03 13:30:00+00:00,5,rejected,BLS CPI/employment date,bls_employment_2023-03-10
BCOUSD,2023-01-27 13:30:00+00:00,6,selected,,bls_employment_2023-03-10
BCOUSD,2023-01-20 13:30:00+00:00,7,selected,,bls_employment_2023-03-10
BCOUSD,2023-01-13 13:30:00+00:00,8,valid_not_selected,,bls_employment_2023-03-10
BCOUSD,2023-01-06 13:30:00+00:00,9,rejected,BLS CPI/employment date,bls_employment_2023-03-10
BCOUSD,2022-12-30 13:30:00+00:00,10,rejected,exact timestamp absent,bls_employment_2023-03-10
BCOUSD,2022-12-23 13:30:00+00:00,11,rejected,exact timestamp absent,bls_employment_2023-03-10
BCOUSD,2022-12-16 13:30:00+00:00,12,rejected,exact timestamp absent,bls_employment_2023-03-10
BCOUSD,2023-03-10 13:30:00+00:00,0,event_rejected,quote absent/nonpositive,bls_employment_2023-03-10
EURUSD,2023-03-07 13:30:00+00:00,1,selected,,bls_cpi_2023-03-14
EURUSD,2023-02-28 13:30:00+00:00,2,rejected,quote absent/nonpositive,bls_cpi_2023-03-14
EURUSD,2023-02-21 13:30:00+00:00,3,selected,,bls_cpi_2023-03-14
EURUSD,2023-02-14 13:30:00+00:00,4,rejected,BLS CPI/employment date,bls_cpi_2023-03-14
EURUSD,2023-02-07 13:30:00+00:00,5,selected,,bls_cpi_2023-03-14
EURUSD,2023-01-31 13:30:00+00:00,6,selected,,bls_cpi_2023-03-14
EURUSD,2023-01-24 13:30:00+00:00,7,valid_not_selected,,bls_cpi_2023-03-14
EURUSD,2023-01-17 13:30:00+00:00,8,valid_not_selected,,bls_cpi_2023-03-14
EURUSD,2023-01-10 13:30:00+00:00,9,valid_not_selected,,bls_cpi_2023-03-14
EURUSD,2023-01-03 13:30:00+00:00,10,valid_not_selected,,bls_cpi_2023-03-14
EURUSD,2022-12-27 13:30:00+00:00,11,rejected,exact timestamp absent,bls_cpi_2023-03-14
EURUSD,2022-12-20 13:30:00+00:00,12,rejected,exact timestamp absent,bls_cpi_2023-03-14
GBPUSD,2023-03-07 13:30:00+00:00,1,rejected,quote absent/nonpositive,bls_cpi_2023-03-14
GBPUSD,2023-02-28 13:30:00+00:00,2,selected,,bls_cpi_2023-03-14
GBPUSD,2023-02-21 13:30:00+00:00,3,rejected,quote absent/nonpositive,bls_cpi_2023-03-14
GBPUSD,2023-02-14 13:30:00+00:00,4,rejected,BLS CPI/employment date,bls_cpi_2023-03-14
GBPUSD,2023-02-07 13:30:00+00:00,5,selected,,bls_cpi_2023-03-14
GBPUSD,2023-01-31 13:30:00+00:00,6,selected,,bls_cpi_2023-03-14
GBPUSD,2023-01-24 13:30:00+00:00,7,selected,,bls_cpi_2023-03-14
GBPUSD,2023-01-17 13:30:00+00:00,8,valid_not_selected,,bls_cpi_2023-03-14
GBPUSD,2023-01-10 13:30:00+00:00,9,valid_not_selected,,bls_cpi_2023-03-14
GBPUSD,2023-01-03 13:30:00+00:00,10,valid_not_selected,,bls_cpi_2023-03-14
GBPUSD,2022-12-27 13:30:00+00:00,11,rejected,exact timestamp absent,bls_cpi_2023-03-14
GBPUSD,2022-12-20 13:30:00+00:00,12,rejected,exact timestamp absent,bls_cpi_2023-03-14
AUDUSD,2023-03-07 13:30:00+00:00,1,rejected,quote absent/nonpositive,bls_cpi_2023-03-14
AUDUSD,2023-02-28 13:30:00+00:00,2,rejected,quote absent/nonpositive,bls_cpi_2023-03-14
AUDUSD,2023-02-21 13:30:00+00:00,3,rejected,quote absent/nonpositive,bls_cpi_2023-03-14
AUDUSD,2023-02-14 13:30:00+00:00,4,rejected,BLS CPI/employment date,bls_cpi_2023-03-14
AUDUSD,2023-02-07 13:30:00+00:00,5,selected,,bls_cpi_2023-03-14
AUDUSD,2023-01-31 13:30:00+00:00,6,selected,,bls_cpi_2023-03-14
AUDUSD,2023-01-24 13:30:00+00:00,7,selected,,bls_cpi_2023-03-14
AUDUSD,2023-01-17 13:30:00+00:00,8,selected,,bls_cpi_2023-03-14
AUDUSD,2023-01-10 13:30:00+00:00,9,valid_not_selected,,bls_cpi_2023-03-14
AUDUSD,2023-01-03 13:30:00+00:00,10,valid_not_selected,,bls_cpi_2023-03-14
AUDUSD,2022-12-27 13:30:00+00:00,11,rejected,exact timestamp absent,bls_cpi_2023-03-14
AUDUSD,2022-12-20 13:30:00+00:00,12,rejected,exact timestamp absent,bls_cpi_2023-03-14
NZDUSD,2023-03-07 13:30:00+00:00,1,selected,,bls_cpi_2023-03-14
NZDUSD,2023-02-28 13:30:00+00:00,2,rejected,quote absent/nonpositive,bls_cpi_2023-03-14
NZDUSD,2023-02-21 13:30:00+00:00,3,rejected,quote absent/nonpositive,bls_cpi_2023-03-14
NZDUSD,2023-02-14 13:30:00+00:00,4,rejected,BLS CPI/employment date,bls_cpi_2023-03-14
NZDUSD,2023-02-07 13:30:00+00:00,5,selected,,bls_cpi_2023-03-14
NZDUSD,2023-01-31 13:30:00+00:00,6,selected,,bls_cpi_2023-03-14
NZDUSD,2023-01-24 13:30:00+00:00,7,selected,,bls_cpi_2023-03-14
NZDUSD,2023-01-17 13:30:00+00:00,8,valid_not_selected,,bls_cpi_2023-03-14
NZDUSD,2023-01-10 13:30:00+00:00,9,valid_not_selected,,bls_cpi_2023-03-14
NZDUSD,2023-01-03 13:30:00+00:00,10,valid_not_selected,,bls_cpi_2023-03-14
NZDUSD,2022-12-27 13:30:00+00:00,11,rejected,exact timestamp absent,bls_cpi_2023-03-14
NZDUSD,2022-12-20 13:30:00+00:00,12,rejected,exact timestamp absent,bls_cpi_2023-03-14
USDJPY,2023-03-07 13:30:00+00:00,1,selected,,bls_cpi_2023-03-14
USDJPY,2023-02-28 13:30:00+00:00,2,selected,,bls_cpi_2023-03-14
USDJPY,2023-02-21 13:30:00+00:00,3,selected,,bls_cpi_2023-03-14
USDJPY,2023-02-14 13:30:00+00:00,4,rejected,BLS CPI/employment date,bls_cpi_2023-03-14
USDJPY,2023-02-07 13:30:00+00:00,5,selected,,bls_cpi_2023-03-14
USDJPY,2023-01-31 13:30:00+00:00,6,valid_not_selected,,bls_cpi_2023-03-14
USDJPY,2023-01-24 13:30:00+00:00,7,valid_not_selected,,bls_cpi_2023-03-14
USDJPY,2023-01-17 13:30:00+00:00,8,valid_not_selected,,bls_cpi_2023-03-14
USDJPY,2023-01-10 13:30:00+00:00,9,valid_not_selected,,bls_cpi_2023-03-14
USDJPY,2023-01-03 13:30:00+00:00,10,valid_not_selected,,bls_cpi_2023-03-14
USDJPY,2022-12-27 13:30:00+00:00,11,rejected,exact timestamp absent,bls_cpi_2023-03-14
USDJPY,2022-12-20 13:30:00+00:00,12,rejected,exact timestamp absent,bls_cpi_2023-03-14
USDCHF,2023-03-07 13:30:00+00:00,1,rejected,quote absent/nonpositive,bls_cpi_2023-03-14
USDCHF,2023-02-28 13:30:00+00:00,2,rejected,quote absent/nonpositive,bls_cpi_2023-03-14
USDCHF,2023-02-21 13:30:00+00:00,3,rejected,quote absent/nonpositive,bls_cpi_2023-03-14
USDCHF,2023-02-14 13:30:00+00:00,4,rejected,BLS CPI/employment date,bls_cpi_2023-03-14
USDCHF,2023-02-07 13:30:00+00:00,5,selected,,bls_cpi_2023-03-14
USDCHF,2023-01-31 13:30:00+00:00,6,selected,,bls_cpi_2023-03-14
USDCHF,2023-01-24 13:30:00+00:00,7,selected,,bls_cpi_2023-03-14
USDCHF,2023-01-17 13:30:00+00:00,8,selected,,bls_cpi_2023-03-14
USDCHF,2023-01-10 13:30:00+00:00,9,valid_not_selected,,bls_cpi_2023-03-14
USDCHF,2023-01-03 13:30:00+00:00,10,valid_not_selected,,bls_cpi_2023-03-14
USDCHF,2022-12-27 13:30:00+00:00,11,rejected,exact timestamp absent,bls_cpi_2023-03-14
USDCHF,2022-12-20 13:30:00+00:00,12,rejected,exact timestamp absent,bls_cpi_2023-03-14
USDCHF,2023-03-14 13:30:00+00:00,0,event_rejected,quote absent/nonpositive,bls_cpi_2023-03-14
USDCAD,2023-03-07 13:30:00+00:00,1,selected,,bls_cpi_2023-03-14
USDCAD,2023-02-28 13:30:00+00:00,2,rejected,quote absent/nonpositive,bls_cpi_2023-03-14
USDCAD,2023-02-21 13:30:00+00:00,3,rejected,quote absent/nonpositive,bls_cpi_2023-03-14
USDCAD,2023-02-14 13:30:00+00:00,4,rejected,BLS CPI/employment date,bls_cpi_2023-03-14
USDCAD,2023-02-07 13:30:00+00:00,5,selected,,bls_cpi_2023-03-14
USDCAD,2023-01-31 13:30:00+00:00,6,selected,,bls_cpi_2023-03-14
USDCAD,2023-01-24 13:30:00+00:00,7,selected,,bls_cpi_2023-03-14
USDCAD,2023-01-17 13:30:00+00:00,8,valid_not_selected,,bls_cpi_2023-03-14
USDCAD,2023-01-10 13:30:00+00:00,9,valid_not_selected,,bls_cpi_2023-03-14
USDCAD,2023-01-03 13:30:00+00:00,10,valid_not_selected,,bls_cpi_2023-03-14
USDCAD,2022-12-27 13:30:00+00:00,11,rejected,exact timestamp absent,bls_cpi_2023-03-14
USDCAD,2022-12-20 13:30:00+00:00,12,rejected,exact timestamp absent,bls_cpi_2023-03-14
USDCAD,2023-03-14 13:30:00+00:00,0,event_rejected,quote absent/nonpositive,bls_cpi_2023-03-14
EURJPY,2023-03-07 13:30:00+00:00,1,selected,,bls_cpi_2023-03-14
EURJPY,2023-02-28 13:30:00+00:00,2,selected,,bls_cpi_2023-03-14
EURJPY,2023-02-21 13:30:00+00:00,3,rejected,quote absent/nonpositive,bls_cpi_2023-03-14
EURJPY,2023-02-14 13:30:00+00:00,4,rejected,BLS CPI/employment date,bls_cpi_2023-03-14
EURJPY,2023-02-07 13:30:00+00:00,5,selected,,bls_cpi_2023-03-14
EURJPY,2023-01-31 13:30:00+00:00,6,selected,,bls_cpi_2023-03-14
EURJPY,2023-01-24 13:30:00+00:00,7,valid_not_selected,,bls_cpi_2023-03-14
EURJPY,2023-01-17 13:30:00+00:00,8,valid_not_selected,,bls_cpi_2023-03-14
EURJPY,2023-01-10 13:30:00+00:00,9,valid_not_selected,,bls_cpi_2023-03-14
EURJPY,2023-01-03 13:30:00+00:00,10,valid_not_selected,,bls_cpi_2023-03-14
EURJPY,2022-12-27 13:30:00+00:00,11,rejected,exact timestamp absent,bls_cpi_2023-03-14
EURJPY,2022-12-20 13:30:00+00:00,12,rejected,exact timestamp absent,bls_cpi_2023-03-14
EURJPY,2023-03-14 13:30:00+00:00,0,event_rejected,quote absent/nonpositive,bls_cpi_2023-03-14
XAUUSD,2023-03-07 13:30:00+00:00,1,selected,,bls_cpi_2023-03-14
XAUUSD,2023-02-28 13:30:00+00:00,2,selected,,bls_cpi_2023-03-14
XAUUSD,2023-02-21 13:30:00+00:00,3,rejected,quote absent/nonpositive,bls_cpi_2023-03-14
XAUUSD,2023-02-14 13:30:00+00:00,4,rejected,BLS CPI/employment date,bls_cpi_2023-03-14
XAUUSD,2023-02-07 13:30:00+00:00,5,selected,,bls_cpi_2023-03-14
XAUUSD,2023-01-31 13:30:00+00:00,6,selected,,bls_cpi_2023-03-14
XAUUSD,2023-01-24 13:30:00+00:00,7,valid_not_selected,,bls_cpi_2023-03-14
XAUUSD,2023-01-17 13:30:00+00:00,8,valid_not_selected,,bls_cpi_2023-03-14
XAUUSD,2023-01-10 13:30:00+00:00,9,valid_not_selected,,bls_cpi_2023-03-14
XAUUSD,2023-01-03 13:30:00+00:00,10,valid_not_selected,,bls_cpi_2023-03-14
XAUUSD,2022-12-27 13:30:00+00:00,11,rejected,exact timestamp absent,bls_cpi_2023-03-14
XAUUSD,2022-12-20 13:30:00+00:00,12,rejected,exact timestamp absent,bls_cpi_2023-03-14
XAGUSD,2023-03-07 13:30:00+00:00,1,selected,,bls_cpi_2023-03-14
XAGUSD,2023-02-28 13:30:00+00:00,2,selected,,bls_cpi_2023-03-14
XAGUSD,2023-02-21 13:30:00+00:00,3,rejected,quote absent/nonpositive,bls_cpi_2023-03-14
XAGUSD,2023-02-14 13:30:00+00:00,4,rejected,BLS CPI/employment date,bls_cpi_2023-03-14
XAGUSD,2023-02-07 13:30:00+00:00,5,selected,,bls_cpi_2023-03-14
XAGUSD,2023-01-31 13:30:00+00:00,6,selected,,bls_cpi_2023-03-14
XAGUSD,2023-01-24 13:30:00+00:00,7,valid_not_selected,,bls_cpi_2023-03-14
XAGUSD,2023-01-17 13:30:00+00:00,8,valid_not_selected,,bls_cpi_2023-03-14
XAGUSD,2023-01-10 13:30:00+00:00,9,valid_not_selected,,bls_cpi_2023-03-14
XAGUSD,2023-01-03 13:30:00+00:00,10,valid_not_selected,,bls_cpi_2023-03-14
XAGUSD,2022-12-27 13:30:00+00:00,11,rejected,exact timestamp absent,bls_cpi_2023-03-14
XAGUSD,2022-12-20 13:30:00+00:00,12,rejected,exact timestamp absent,bls_cpi_2023-03-14
SPXUSD,2023-03-07 13:30:00+00:00,1,rejected,quote absent/nonpositive,bls_cpi_2023-03-14
SPXUSD,2023-02-28 13:30:00+00:00,2,rejected,quote absent/nonpositive,bls_cpi_2023-03-14
SPXUSD,2023-02-21 13:30:00+00:00,3,selected,,bls_cpi_2023-03-14
SPXUSD,2023-02-14 13:30:00+00:00,4,rejected,BLS CPI/employment date,bls_cpi_2023-03-14
SPXUSD,2023-02-07 13:30:00+00:00,5,selected,,bls_cpi_2023-03-14
SPXUSD,2023-01-31 13:30:00+00:00,6,selected,,bls_cpi_2023-03-14
SPXUSD,2023-01-24 13:30:00+00:00,7,selected,,bls_cpi_2023-03-14
SPXUSD,2023-01-17 13:30:00+00:00,8,valid_not_selected,,bls_cpi_2023-03-14
SPXUSD,2023-01-10 13:30:00+00:00,9,valid_not_selected,,bls_cpi_2023-03-14
SPXUSD,2023-01-03 13:30:00+00:00,10,valid_not_selected,,bls_cpi_2023-03-14
SPXUSD,2022-12-27 13:30:00+00:00,11,rejected,exact timestamp absent,bls_cpi_2023-03-14
SPXUSD,2022-12-20 13:30:00+00:00,12,rejected,exact timestamp absent,bls_cpi_2023-03-14
SPXUSD,2023-03-14 13:30:00+00:00,0,event_rejected,quote absent/nonpositive,bls_cpi_2023-03-14
NSXUSD,2023-03-07 13:30:00+00:00,1,rejected,quote absent/nonpositive,bls_cpi_2023-03-14
NSXUSD,2023-02-28 13:30:00+00:00,2,selected,,bls_cpi_2023-03-14
NSXUSD,2023-02-21 13:30:00+00:00,3,rejected,quote absent/nonpositive,bls_cpi_2023-03-14
NSXUSD,2023-02-14 13:30:00+00:00,4,rejected,BLS CPI/employment date,bls_cpi_2023-03-14
NSXUSD,2023-02-07 13:30:00+00:00,5,selected,,bls_cpi_2023-03-14
NSXUSD,2023-01-31 13:30:00+00:00,6,selected,,bls_cpi_2023-03-14
NSXUSD,2023-01-24 13:30:00+00:00,7,selected,,bls_cpi_2023-03-14
NSXUSD,2023-01-17 13:30:00+00:00,8,valid_not_selected,,bls_cpi_2023-03-14
NSXUSD,2023-01-10 13:30:00+00:00,9,valid_not_selected,,bls_cpi_2023-03-14
NSXUSD,2023-01-03 13:30:00+00:00,10,valid_not_selected,,bls_cpi_2023-03-14
NSXUSD,2022-12-27 13:30:00+00:00,11,rejected,exact timestamp absent,bls_cpi_2023-03-14
NSXUSD,2022-12-20 13:30:00+00:00,12,rejected,exact timestamp absent,bls_cpi_2023-03-14
NSXUSD,2023-03-14 13:30:00+00:00,0,event_rejected,quote absent/nonpositive,bls_cpi_2023-03-14
GRXEUR,2023-03-07 13:30:00+00:00,1,selected,,bls_cpi_2023-03-14
GRXEUR,2023-02-28 13:30:00+00:00,2,selected,,bls_cpi_2023-03-14
GRXEUR,2023-02-21 13:30:00+00:00,3,rejected,quote absent/nonpositive,bls_cpi_2023-03-14
GRXEUR,2023-02-14 13:30:00+00:00,4,rejected,BLS CPI/employment date,bls_cpi_2023-03-14
GRXEUR,2023-02-07 13:30:00+00:00,5,selected,,bls_cpi_2023-03-14
GRXEUR,2023-01-31 13:30:00+00:00,6,selected,,bls_cpi_2023-03-14
GRXEUR,2023-01-24 13:30:00+00:00,7,valid_not_selected,,bls_cpi_2023-03-14
GRXEUR,2023-01-17 13:30:00+00:00,8,valid_not_selected,,bls_cpi_2023-03-14
GRXEUR,2023-01-10 13:30:00+00:00,9,valid_not_selected,,bls_cpi_2023-03-14
GRXEUR,2023-01-03 13:30:00+00:00,10,valid_not_selected,,bls_cpi_2023-03-14
GRXEUR,2022-12-27 13:30:00+00:00,11,rejected,exact timestamp absent,bls_cpi_2023-03-14
GRXEUR,2022-12-20 13:30:00+00:00,12,rejected,exact timestamp absent,bls_cpi_2023-03-14
UKXGBP,2023-03-07 13:30:00+00:00,1,rejected,quote absent/nonpositive,bls_cpi_2023-03-14
UKXGBP,2023-02-28 13:30:00+00:00,2,rejected,quote absent/nonpositive,bls_cpi_2023-03-14
UKXGBP,2023-02-21 13:30:00+00:00,3,rejected,quote absent/nonpositive,bls_cpi_2023-03-14
UKXGBP,2023-02-14 13:30:00+00:00,4,rejected,BLS CPI/employment date,bls_cpi_2023-03-14
UKXGBP,2023-02-07 13:30:00+00:00,5,selected,,bls_cpi_2023-03-14
UKXGBP,2023-01-31 13:30:00+00:00,6,selected,,bls_cpi_2023-03-14
UKXGBP,2023-01-24 13:30:00+00:00,7,selected,,bls_cpi_2023-03-14
UKXGBP,2023-01-17 13:30:00+00:00,8,selected,,bls_cpi_2023-03-14
UKXGBP,2023-01-10 13:30:00+00:00,9,valid_not_selected,,bls_cpi_2023-03-14
UKXGBP,2023-01-03 13:30:00+00:00,10,valid_not_selected,,bls_cpi_2023-03-14
UKXGBP,2022-12-27 13:30:00+00:00,11,rejected,exact timestamp absent,bls_cpi_2023-03-14
UKXGBP,2022-12-20 13:30:00+00:00,12,rejected,exact timestamp absent,bls_cpi_2023-03-14
BCOUSD,2023-03-07 13:30:00+00:00,1,selected,,bls_cpi_2023-03-14
BCOUSD,2023-02-28 13:30:00+00:00,2,selected,,bls_cpi_2023-03-14
BCOUSD,2023-02-21 13:30:00+00:00,3,rejected,quote absent/nonpositive,bls_cpi_2023-03-14
BCOUSD,2023-02-14 13:30:00+00:00,4,rejected,BLS CPI/employment date,bls_cpi_2023-03-14
BCOUSD,2023-02-07 13:30:00+00:00,5,selected,,bls_cpi_2023-03-14
BCOUSD,2023-01-31 13:30:00+00:00,6,selected,,bls_cpi_2023-03-14
BCOUSD,2023-01-24 13:30:00+00:00,7,valid_not_selected,,bls_cpi_2023-03-14
BCOUSD,2023-01-17 13:30:00+00:00,8,valid_not_selected,,bls_cpi_2023-03-14
BCOUSD,2023-01-10 13:30:00+00:00,9,valid_not_selected,,bls_cpi_2023-03-14
BCOUSD,2023-01-03 13:30:00+00:00,10,valid_not_selected,,bls_cpi_2023-03-14
BCOUSD,2022-12-27 13:30:00+00:00,11,rejected,exact timestamp absent,bls_cpi_2023-03-14
BCOUSD,2022-12-20 13:30:00+00:00,12,rejected,exact timestamp absent,bls_cpi_2023-03-14
BCOUSD,2023-03-14 13:30:00+00:00,0,event_rejected,quote absent/nonpositive,bls_cpi_2023-03-14
EURUSD,2023-03-31 13:30:00+00:00,1,selected,,bls_employment_2023-04-07
EURUSD,2023-03-24 13:30:00+00:00,2,rejected,quote absent/nonpositive,bls_employment_2023-04-07
EURUSD,2023-03-17 13:30:00+00:00,3,rejected,quote absent/nonpositive,bls_employment_2023-04-07
EURUSD,2023-03-10 13:30:00+00:00,4,rejected,BLS CPI/employment date,bls_employment_2023-04-07
EURUSD,2023-03-03 13:30:00+00:00,5,rejected,quote absent/nonpositive,bls_employment_2023-04-07
EURUSD,2023-02-24 13:30:00+00:00,6,rejected,quote absent/nonpositive,bls_employment_2023-04-07
EURUSD,2023-02-17 13:30:00+00:00,7,selected,,bls_employment_2023-04-07
EURUSD,2023-02-10 13:30:00+00:00,8,selected,,bls_employment_2023-04-07
EURUSD,2023-02-03 13:30:00+00:00,9,rejected,BLS CPI/employment date,bls_employment_2023-04-07
EURUSD,2023-01-27 13:30:00+00:00,10,selected,,bls_employment_2023-04-07
EURUSD,2023-01-20 13:30:00+00:00,11,valid_not_selected,,bls_employment_2023-04-07
EURUSD,2023-01-13 13:30:00+00:00,12,valid_not_selected,,bls_employment_2023-04-07
EURUSD,2023-04-07 13:30:00+00:00,0,event_rejected,exact timestamp absent,bls_employment_2023-04-07
GBPUSD,2023-03-31 13:30:00+00:00,1,rejected,quote absent/nonpositive,bls_employment_2023-04-07
GBPUSD,2023-03-24 13:30:00+00:00,2,selected,,bls_employment_2023-04-07
GBPUSD,2023-03-17 13:30:00+00:00,3,selected,,bls_employment_2023-04-07
GBPUSD,2023-03-10 13:30:00+00:00,4,rejected,BLS CPI/employment date,bls_employment_2023-04-07
GBPUSD,2023-03-03 13:30:00+00:00,5,rejected,quote absent/nonpositive,bls_employment_2023-04-07
GBPUSD,2023-02-24 13:30:00+00:00,6,rejected,quote absent/nonpositive,bls_employment_2023-04-07
GBPUSD,2023-02-17 13:30:00+00:00,7,selected,,bls_employment_2023-04-07
GBPUSD,2023-02-10 13:30:00+00:00,8,selected,,bls_employment_2023-04-07
GBPUSD,2023-02-03 13:30:00+00:00,9,rejected,BLS CPI/employment date,bls_employment_2023-04-07
GBPUSD,2023-01-27 13:30:00+00:00,10,valid_not_selected,,bls_employment_2023-04-07
GBPUSD,2023-01-20 13:30:00+00:00,11,valid_not_selected,,bls_employment_2023-04-07
GBPUSD,2023-01-13 13:30:00+00:00,12,valid_not_selected,,bls_employment_2023-04-07
GBPUSD,2023-04-07 13:30:00+00:00,0,event_rejected,exact timestamp absent,bls_employment_2023-04-07
AUDUSD,2023-03-31 13:30:00+00:00,1,selected,,bls_employment_2023-04-07
AUDUSD,2023-03-24 13:30:00+00:00,2,rejected,quote absent/nonpositive,bls_employment_2023-04-07
AUDUSD,2023-03-17 13:30:00+00:00,3,rejected,quote absent/nonpositive,bls_employment_2023-04-07
AUDUSD,2023-03-10 13:30:00+00:00,4,rejected,BLS CPI/employment date,bls_employment_2023-04-07
AUDUSD,2023-03-03 13:30:00+00:00,5,rejected,quote absent/nonpositive,bls_employment_2023-04-07
AUDUSD,2023-02-24 13:30:00+00:00,6,rejected,quote absent/nonpositive,bls_employment_2023-04-07
AUDUSD,2023-02-17 13:30:00+00:00,7,selected,,bls_employment_2023-04-07
AUDUSD,2023-02-10 13:30:00+00:00,8,selected,,bls_employment_2023-04-07
AUDUSD,2023-02-03 13:30:00+00:00,9,rejected,BLS CPI/employment date,bls_employment_2023-04-07
AUDUSD,2023-01-27 13:30:00+00:00,10,selected,,bls_employment_2023-04-07
AUDUSD,2023-01-20 13:30:00+00:00,11,valid_not_selected,,bls_employment_2023-04-07
AUDUSD,2023-01-13 13:30:00+00:00,12,valid_not_selected,,bls_employment_2023-04-07
AUDUSD,2023-04-07 13:30:00+00:00,0,event_rejected,exact timestamp absent,bls_employment_2023-04-07
NZDUSD,2023-03-31 13:30:00+00:00,1,selected,,bls_employment_2023-04-07
NZDUSD,2023-03-24 13:30:00+00:00,2,rejected,quote absent/nonpositive,bls_employment_2023-04-07
NZDUSD,2023-03-17 13:30:00+00:00,3,rejected,quote absent/nonpositive,bls_employment_2023-04-07
NZDUSD,2023-03-10 13:30:00+00:00,4,rejected,BLS CPI/employment date,bls_employment_2023-04-07
NZDUSD,2023-03-03 13:30:00+00:00,5,rejected,quote absent/nonpositive,bls_employment_2023-04-07
NZDUSD,2023-02-24 13:30:00+00:00,6,rejected,quote absent/nonpositive,bls_employment_2023-04-07
NZDUSD,2023-02-17 13:30:00+00:00,7,selected,,bls_employment_2023-04-07
NZDUSD,2023-02-10 13:30:00+00:00,8,selected,,bls_employment_2023-04-07
NZDUSD,2023-02-03 13:30:00+00:00,9,rejected,BLS CPI/employment date,bls_employment_2023-04-07
NZDUSD,2023-01-27 13:30:00+00:00,10,selected,,bls_employment_2023-04-07
NZDUSD,2023-01-20 13:30:00+00:00,11,valid_not_selected,,bls_employment_2023-04-07
NZDUSD,2023-01-13 13:30:00+00:00,12,valid_not_selected,,bls_employment_2023-04-07
NZDUSD,2023-04-07 13:30:00+00:00,0,event_rejected,exact timestamp absent,bls_employment_2023-04-07
USDJPY,2023-03-31 13:30:00+00:00,1,selected,,bls_employment_2023-04-07
USDJPY,2023-03-24 13:30:00+00:00,2,selected,,bls_employment_2023-04-07
USDJPY,2023-03-17 13:30:00+00:00,3,rejected,quote absent/nonpositive,bls_employment_2023-04-07
USDJPY,2023-03-10 13:30:00+00:00,4,rejected,BLS CPI/employment date,bls_employment_2023-04-07
USDJPY,2023-03-03 13:30:00+00:00,5,selected,,bls_employment_2023-04-07
USDJPY,2023-02-24 13:30:00+00:00,6,selected,,bls_employment_2023-04-07
USDJPY,2023-02-17 13:30:00+00:00,7,valid_not_selected,,bls_employment_2023-04-07
USDJPY,2023-02-10 13:30:00+00:00,8,valid_not_selected,,bls_employment_2023-04-07
USDJPY,2023-02-03 13:30:00+00:00,9,rejected,BLS CPI/employment date,bls_employment_2023-04-07
USDJPY,2023-01-27 13:30:00+00:00,10,valid_not_selected,,bls_employment_2023-04-07
USDJPY,2023-01-20 13:30:00+00:00,11,valid_not_selected,,bls_employment_2023-04-07
USDJPY,2023-01-13 13:30:00+00:00,12,valid_not_selected,,bls_employment_2023-04-07
USDJPY,2023-04-07 13:30:00+00:00,0,event_rejected,exact timestamp absent,bls_employment_2023-04-07
USDCHF,2023-03-31 13:30:00+00:00,1,selected,,bls_employment_2023-04-07
USDCHF,2023-03-24 13:30:00+00:00,2,rejected,quote absent/nonpositive,bls_employment_2023-04-07
USDCHF,2023-03-17 13:30:00+00:00,3,rejected,quote absent/nonpositive,bls_employment_2023-04-07
USDCHF,2023-03-10 13:30:00+00:00,4,rejected,BLS CPI/employment date,bls_employment_2023-04-07
USDCHF,2023-03-03 13:30:00+00:00,5,selected,,bls_employment_2023-04-07
USDCHF,2023-02-24 13:30:00+00:00,6,rejected,quote absent/nonpositive,bls_employment_2023-04-07
USDCHF,2023-02-17 13:30:00+00:00,7,selected,,bls_employment_2023-04-07
USDCHF,2023-02-10 13:30:00+00:00,8,selected,,bls_employment_2023-04-07
USDCHF,2023-02-03 13:30:00+00:00,9,rejected,BLS CPI/employment date,bls_employment_2023-04-07
USDCHF,2023-01-27 13:30:00+00:00,10,valid_not_selected,,bls_employment_2023-04-07
USDCHF,2023-01-20 13:30:00+00:00,11,valid_not_selected,,bls_employment_2023-04-07
USDCHF,2023-01-13 13:30:00+00:00,12,valid_not_selected,,bls_employment_2023-04-07
USDCHF,2023-04-07 13:30:00+00:00,0,event_rejected,exact timestamp absent,bls_employment_2023-04-07
USDCAD,2023-03-31 13:30:00+00:00,1,selected,,bls_employment_2023-04-07
USDCAD,2023-03-24 13:30:00+00:00,2,selected,,bls_employment_2023-04-07
USDCAD,2023-03-17 13:30:00+00:00,3,selected,,bls_employment_2023-04-07
USDCAD,2023-03-10 13:30:00+00:00,4,rejected,BLS CPI/employment date,bls_employment_2023-04-07
USDCAD,2023-03-03 13:30:00+00:00,5,rejected,quote absent/nonpositive,bls_employment_2023-04-07
USDCAD,2023-02-24 13:30:00+00:00,6,selected,,bls_employment_2023-04-07
USDCAD,2023-02-17 13:30:00+00:00,7,valid_not_selected,,bls_employment_2023-04-07
USDCAD,2023-02-10 13:30:00+00:00,8,valid_not_selected,,bls_employment_2023-04-07
USDCAD,2023-02-03 13:30:00+00:00,9,rejected,BLS CPI/employment date,bls_employment_2023-04-07
USDCAD,2023-01-27 13:30:00+00:00,10,valid_not_selected,,bls_employment_2023-04-07
USDCAD,2023-01-20 13:30:00+00:00,11,valid_not_selected,,bls_employment_2023-04-07
USDCAD,2023-01-13 13:30:00+00:00,12,valid_not_selected,,bls_employment_2023-04-07
USDCAD,2023-04-07 13:30:00+00:00,0,event_rejected,exact timestamp absent,bls_employment_2023-04-07
EURJPY,2023-03-31 13:30:00+00:00,1,rejected,quote absent/nonpositive,bls_employment_2023-04-07
EURJPY,2023-03-24 13:30:00+00:00,2,selected,,bls_employment_2023-04-07
EURJPY,2023-03-17 13:30:00+00:00,3,selected,,bls_employment_2023-04-07
EURJPY,2023-03-10 13:30:00+00:00,4,rejected,BLS CPI/employment date,bls_employment_2023-04-07
EURJPY,2023-03-03 13:30:00+00:00,5,rejected,quote absent/nonpositive,bls_employment_2023-04-07
EURJPY,2023-02-24 13:30:00+00:00,6,rejected,quote absent/nonpositive,bls_employment_2023-04-07
EURJPY,2023-02-17 13:30:00+00:00,7,selected,,bls_employment_2023-04-07
EURJPY,2023-02-10 13:30:00+00:00,8,selected,,bls_employment_2023-04-07
EURJPY,2023-02-03 13:30:00+00:00,9,rejected,BLS CPI/employment date,bls_employment_2023-04-07
EURJPY,2023-01-27 13:30:00+00:00,10,valid_not_selected,,bls_employment_2023-04-07
EURJPY,2023-01-20 13:30:00+00:00,11,valid_not_selected,,bls_employment_2023-04-07
EURJPY,2023-01-13 13:30:00+00:00,12,valid_not_selected,,bls_employment_2023-04-07
EURJPY,2023-04-07 13:30:00+00:00,0,event_rejected,exact timestamp absent,bls_employment_2023-04-07
XAUUSD,2023-03-31 13:30:00+00:00,1,selected,,bls_employment_2023-04-07
XAUUSD,2023-03-24 13:30:00+00:00,2,rejected,quote absent/nonpositive,bls_employment_2023-04-07
XAUUSD,2023-03-17 13:30:00+00:00,3,selected,,bls_employment_2023-04-07
XAUUSD,2023-03-10 13:30:00+00:00,4,rejected,BLS CPI/employment date,bls_employment_2023-04-07
XAUUSD,2023-03-03 13:30:00+00:00,5,selected,,bls_employment_2023-04-07
XAUUSD,2023-02-24 13:30:00+00:00,6,rejected,quote absent/nonpositive,bls_employment_2023-04-07
XAUUSD,2023-02-17 13:30:00+00:00,7,selected,,bls_employment_2023-04-07
XAUUSD,2023-02-10 13:30:00+00:00,8,valid_not_selected,,bls_employment_2023-04-07
XAUUSD,2023-02-03 13:30:00+00:00,9,rejected,BLS CPI/employment date,bls_employment_2023-04-07
XAUUSD,2023-01-27 13:30:00+00:00,10,valid_not_selected,,bls_employment_2023-04-07
XAUUSD,2023-01-20 13:30:00+00:00,11,valid_not_selected,,bls_employment_2023-04-07
XAUUSD,2023-01-13 13:30:00+00:00,12,valid_not_selected,,bls_employment_2023-04-07
XAUUSD,2023-04-07 13:30:00+00:00,0,event_rejected,exact timestamp absent,bls_employment_2023-04-07
XAGUSD,2023-03-31 13:30:00+00:00,1,rejected,quote absent/nonpositive,bls_employment_2023-04-07
XAGUSD,2023-03-24 13:30:00+00:00,2,rejected,quote absent/nonpositive,bls_employment_2023-04-07
XAGUSD,2023-03-17 13:30:00+00:00,3,rejected,quote absent/nonpositive,bls_employment_2023-04-07
XAGUSD,2023-03-10 13:30:00+00:00,4,rejected,BLS CPI/employment date,bls_employment_2023-04-07
XAGUSD,2023-03-03 13:30:00+00:00,5,selected,,bls_employment_2023-04-07
XAGUSD,2023-02-24 13:30:00+00:00,6,rejected,quote absent/nonpositive,bls_employment_2023-04-07
XAGUSD,2023-02-17 13:30:00+00:00,7,selected,,bls_employment_2023-04-07
XAGUSD,2023-02-10 13:30:00+00:00,8,selected,,bls_employment_2023-04-07
XAGUSD,2023-02-03 13:30:00+00:00,9,rejected,BLS CPI/employment date,bls_employment_2023-04-07
XAGUSD,2023-01-27 13:30:00+00:00,10,selected,,bls_employment_2023-04-07
XAGUSD,2023-01-20 13:30:00+00:00,11,valid_not_selected,,bls_employment_2023-04-07
XAGUSD,2023-01-13 13:30:00+00:00,12,valid_not_selected,,bls_employment_2023-04-07
XAGUSD,2023-04-07 13:30:00+00:00,0,event_rejected,exact timestamp absent,bls_employment_2023-04-07
SPXUSD,2023-03-31 13:30:00+00:00,1,selected,,bls_employment_2023-04-07
SPXUSD,2023-03-24 13:30:00+00:00,2,selected,,bls_employment_2023-04-07
SPXUSD,2023-03-17 13:30:00+00:00,3,rejected,quote absent/nonpositive,bls_employment_2023-04-07
SPXUSD,2023-03-10 13:30:00+00:00,4,rejected,BLS CPI/employment date,bls_employment_2023-04-07
SPXUSD,2023-03-03 13:30:00+00:00,5,selected,,bls_employment_2023-04-07
SPXUSD,2023-02-24 13:30:00+00:00,6,selected,,bls_employment_2023-04-07
SPXUSD,2023-02-17 13:30:00+00:00,7,valid_not_selected,,bls_employment_2023-04-07
SPXUSD,2023-02-10 13:30:00+00:00,8,valid_not_selected,,bls_employment_2023-04-07
SPXUSD,2023-02-03 13:30:00+00:00,9,rejected,BLS CPI/employment date,bls_employment_2023-04-07
SPXUSD,2023-01-27 13:30:00+00:00,10,valid_not_selected,,bls_employment_2023-04-07
SPXUSD,2023-01-20 13:30:00+00:00,11,valid_not_selected,,bls_employment_2023-04-07
SPXUSD,2023-01-13 13:30:00+00:00,12,valid_not_selected,,bls_employment_2023-04-07
SPXUSD,2023-04-07 13:30:00+00:00,0,event_rejected,exact timestamp absent,bls_employment_2023-04-07
NSXUSD,2023-03-31 13:30:00+00:00,1,selected,,bls_employment_2023-04-07
NSXUSD,2023-03-24 13:30:00+00:00,2,rejected,quote absent/nonpositive,bls_employment_2023-04-07
NSXUSD,2023-03-17 13:30:00+00:00,3,selected,,bls_employment_2023-04-07
NSXUSD,2023-03-10 13:30:00+00:00,4,rejected,BLS CPI/employment date,bls_employment_2023-04-07
NSXUSD,2023-03-03 13:30:00+00:00,5,rejected,quote absent/nonpositive,bls_employment_2023-04-07
NSXUSD,2023-02-24 13:30:00+00:00,6,rejected,quote absent/nonpositive,bls_employment_2023-04-07
NSXUSD,2023-02-17 13:30:00+00:00,7,selected,,bls_employment_2023-04-07
NSXUSD,2023-02-10 13:30:00+00:00,8,selected,,bls_employment_2023-04-07
NSXUSD,2023-02-03 13:30:00+00:00,9,rejected,BLS CPI/employment date,bls_employment_2023-04-07
NSXUSD,2023-01-27 13:30:00+00:00,10,valid_not_selected,,bls_employment_2023-04-07
NSXUSD,2023-01-20 13:30:00+00:00,11,valid_not_selected,,bls_employment_2023-04-07
NSXUSD,2023-01-13 13:30:00+00:00,12,valid_not_selected,,bls_employment_2023-04-07
NSXUSD,2023-04-07 13:30:00+00:00,0,event_rejected,exact timestamp absent,bls_employment_2023-04-07
GRXEUR,2023-03-31 13:30:00+00:00,1,selected,,bls_employment_2023-04-07
GRXEUR,2023-03-24 13:30:00+00:00,2,rejected,quote absent/nonpositive,bls_employment_2023-04-07
GRXEUR,2023-03-17 13:30:00+00:00,3,selected,,bls_employment_2023-04-07
GRXEUR,2023-03-10 13:30:00+00:00,4,rejected,BLS CPI/employment date,bls_employment_2023-04-07
GRXEUR,2023-03-03 13:30:00+00:00,5,selected,,bls_employment_2023-04-07
GRXEUR,2023-02-24 13:30:00+00:00,6,rejected,quote absent/nonpositive,bls_employment_2023-04-07
GRXEUR,2023-02-17 13:30:00+00:00,7,selected,,bls_employment_2023-04-07
GRXEUR,2023-02-10 13:30:00+00:00,8,valid_not_selected,,bls_employment_2023-04-07
GRXEUR,2023-02-03 13:30:00+00:00,9,rejected,BLS CPI/employment date,bls_employment_2023-04-07
GRXEUR,2023-01-27 13:30:00+00:00,10,valid_not_selected,,bls_employment_2023-04-07
GRXEUR,2023-01-20 13:30:00+00:00,11,valid_not_selected,,bls_employment_2023-04-07
GRXEUR,2023-01-13 13:30:00+00:00,12,valid_not_selected,,bls_employment_2023-04-07
GRXEUR,2023-04-07 13:30:00+00:00,0,event_rejected,exact timestamp absent,bls_employment_2023-04-07
UKXGBP,2023-03-31 13:30:00+00:00,1,selected,,bls_employment_2023-04-07
UKXGBP,2023-03-24 13:30:00+00:00,2,selected,,bls_employment_2023-04-07
UKXGBP,2023-03-17 13:30:00+00:00,3,rejected,quote absent/nonpositive,bls_employment_2023-04-07
UKXGBP,2023-03-10 13:30:00+00:00,4,rejected,BLS CPI/employment date,bls_employment_2023-04-07
UKXGBP,2023-03-03 13:30:00+00:00,5,rejected,quote absent/nonpositive,bls_employment_2023-04-07
UKXGBP,2023-02-24 13:30:00+00:00,6,rejected,quote absent/nonpositive,bls_employment_2023-04-07
UKXGBP,2023-02-17 13:30:00+00:00,7,selected,,bls_employment_2023-04-07
UKXGBP,2023-02-10 13:30:00+00:00,8,selected,,bls_employment_2023-04-07
UKXGBP,2023-02-03 13:30:00+00:00,9,rejected,BLS CPI/employment date,bls_employment_2023-04-07
UKXGBP,2023-01-27 13:30:00+00:00,10,valid_not_selected,,bls_employment_2023-04-07
UKXGBP,2023-01-20 13:30:00+00:00,11,valid_not_selected,,bls_employment_2023-04-07
UKXGBP,2023-01-13 13:30:00+00:00,12,valid_not_selected,,bls_employment_2023-04-07
UKXGBP,2023-04-07 13:30:00+00:00,0,event_rejected,exact timestamp absent,bls_employment_2023-04-07
BCOUSD,2023-03-31 13:30:00+00:00,1,selected,,bls_employment_2023-04-07
BCOUSD,2023-03-24 13:30:00+00:00,2,selected,,bls_employment_2023-04-07
BCOUSD,2023-03-17 13:30:00+00:00,3,selected,,bls_employment_2023-04-07
BCOUSD,2023-03-10 13:30:00+00:00,4,rejected,BLS CPI/employment date,bls_employment_2023-04-07
BCOUSD,2023-03-03 13:30:00+00:00,5,rejected,quote absent/nonpositive,bls_employment_2023-04-07
BCOUSD,2023-02-24 13:30:00+00:00,6,rejected,quote absent/nonpositive,bls_employment_2023-04-07
BCOUSD,2023-02-17 13:30:00+00:00,7,selected,,bls_employment_2023-04-07
BCOUSD,2023-02-10 13:30:00+00:00,8,valid_not_selected,,bls_employment_2023-04-07
BCOUSD,2023-02-03 13:30:00+00:00,9,rejected,BLS CPI/employment date,bls_employment_2023-04-07
BCOUSD,2023-01-27 13:30:00+00:00,10,valid_not_selected,,bls_employment_2023-04-07
BCOUSD,2023-01-20 13:30:00+00:00,11,valid_not_selected,,bls_employment_2023-04-07
BCOUSD,2023-01-13 13:30:00+00:00,12,valid_not_selected,,bls_employment_2023-04-07
BCOUSD,2023-04-07 13:30:00+00:00,0,event_rejected,exact timestamp absent,bls_employment_2023-04-07
EURUSD,2023-04-05 13:30:00+00:00,1,rejected,quote absent/nonpositive,bls_cpi_2023-04-12
EURUSD,2023-03-29 13:30:00+00:00,2,rejected,quote absent/nonpositive,bls_cpi_2023-04-12
EURUSD,2023-03-22 13:30:00+00:00,3,selected,,bls_cpi_2023-04-12
EURUSD,2023-03-15 13:30:00+00:00,4,selected,,bls_cpi_2023-04-12
EURUSD,2023-03-08 13:30:00+00:00,5,selected,,bls_cpi_2023-04-12
EURUSD,2023-03-01 13:30:00+00:00,6,selected,,bls_cpi_2023-04-12
EURUSD,2023-02-22 13:30:00+00:00,7,valid_not_selected,,bls_cpi_2023-04-12
EURUSD,2023-02-15 13:30:00+00:00,8,valid_not_selected,,bls_cpi_2023-04-12
EURUSD,2023-02-08 13:30:00+00:00,9,valid_not_selected,,bls_cpi_2023-04-12
EURUSD,2023-02-01 13:30:00+00:00,10,valid_not_selected,,bls_cpi_2023-04-12
EURUSD,2023-01-25 13:30:00+00:00,11,valid_not_selected,,bls_cpi_2023-04-12
EURUSD,2023-01-18 13:30:00+00:00,12,valid_not_selected,,bls_cpi_2023-04-12
GBPUSD,2023-04-05 13:30:00+00:00,1,rejected,quote absent/nonpositive,bls_cpi_2023-04-12
GBPUSD,2023-03-29 13:30:00+00:00,2,rejected,quote absent/nonpositive,bls_cpi_2023-04-12
GBPUSD,2023-03-22 13:30:00+00:00,3,selected,,bls_cpi_2023-04-12
GBPUSD,2023-03-15 13:30:00+00:00,4,rejected,quote absent/nonpositive,bls_cpi_2023-04-12
GBPUSD,2023-03-08 13:30:00+00:00,5,rejected,quote absent/nonpositive,bls_cpi_2023-04-12
GBPUSD,2023-03-01 13:30:00+00:00,6,selected,,bls_cpi_2023-04-12
GBPUSD,2023-02-22 13:30:00+00:00,7,rejected,quote absent/nonpositive,bls_cpi_2023-04-12
GBPUSD,2023-02-15 13:30:00+00:00,8,selected,,bls_cpi_2023-04-12
GBPUSD,2023-02-08 13:30:00+00:00,9,selected,,bls_cpi_2023-04-12
GBPUSD,2023-02-01 13:30:00+00:00,10,valid_not_selected,,bls_cpi_2023-04-12
GBPUSD,2023-01-25 13:30:00+00:00,11,valid_not_selected,,bls_cpi_2023-04-12
GBPUSD,2023-01-18 13:30:00+00:00,12,valid_not_selected,,bls_cpi_2023-04-12
AUDUSD,2023-04-05 13:30:00+00:00,1,selected,,bls_cpi_2023-04-12
AUDUSD,2023-03-29 13:30:00+00:00,2,selected,,bls_cpi_2023-04-12
AUDUSD,2023-03-22 13:30:00+00:00,3,selected,,bls_cpi_2023-04-12
AUDUSD,2023-03-15 13:30:00+00:00,4,selected,,bls_cpi_2023-04-12
AUDUSD,2023-03-08 13:30:00+00:00,5,rejected,quote absent/nonpositive,bls_cpi_2023-04-12
AUDUSD,2023-03-01 13:30:00+00:00,6,rejected,quote absent/nonpositive,bls_cpi_2023-04-12
AUDUSD,2023-02-22 13:30:00+00:00,7,valid_not_selected,,bls_cpi_2023-04-12
AUDUSD,2023-02-15 13:30:00+00:00,8,valid_not_selected,,bls_cpi_2023-04-12
AUDUSD,2023-02-08 13:30:00+00:00,9,valid_not_selected,,bls_cpi_2023-04-12
AUDUSD,2023-02-01 13:30:00+00:00,10,valid_not_selected,,bls_cpi_2023-04-12
AUDUSD,2023-01-25 13:30:00+00:00,11,valid_not_selected,,bls_cpi_2023-04-12
AUDUSD,2023-01-18 13:30:00+00:00,12,valid_not_selected,,bls_cpi_2023-04-12
NZDUSD,2023-04-05 13:30:00+00:00,1,rejected,quote absent/nonpositive,bls_cpi_2023-04-12
NZDUSD,2023-03-29 13:30:00+00:00,2,rejected,quote absent/nonpositive,bls_cpi_2023-04-12
NZDUSD,2023-03-22 13:30:00+00:00,3,selected,,bls_cpi_2023-04-12
NZDUSD,2023-03-15 13:30:00+00:00,4,selected,,bls_cpi_2023-04-12
NZDUSD,2023-03-08 13:30:00+00:00,5,selected,,bls_cpi_2023-04-12
NZDUSD,2023-03-01 13:30:00+00:00,6,rejected,quote absent/nonpositive,bls_cpi_2023-04-12
NZDUSD,2023-02-22 13:30:00+00:00,7,rejected,quote absent/nonpositive,bls_cpi_2023-04-12
NZDUSD,2023-02-15 13:30:00+00:00,8,selected,,bls_cpi_2023-04-12
NZDUSD,2023-02-08 13:30:00+00:00,9,valid_not_selected,,bls_cpi_2023-04-12
NZDUSD,2023-02-01 13:30:00+00:00,10,valid_not_selected,,bls_cpi_2023-04-12
NZDUSD,2023-01-25 13:30:00+00:00,11,valid_not_selected,,bls_cpi_2023-04-12
NZDUSD,2023-01-18 13:30:00+00:00,12,valid_not_selected,,bls_cpi_2023-04-12
NZDUSD,2023-04-12 13:30:00+00:00,0,event_rejected,quote absent/nonpositive,bls_cpi_2023-04-12
USDJPY,2023-04-05 13:30:00+00:00,1,rejected,quote absent/nonpositive,bls_cpi_2023-04-12
USDJPY,2023-03-29 13:30:00+00:00,2,selected,,bls_cpi_2023-04-12
USDJPY,2023-03-22 13:30:00+00:00,3,rejected,quote absent/nonpositive,bls_cpi_2023-04-12
USDJPY,2023-03-15 13:30:00+00:00,4,rejected,quote absent/nonpositive,bls_cpi_2023-04-12
USDJPY,2023-03-08 13:30:00+00:00,5,selected,,bls_cpi_2023-04-12
USDJPY,2023-03-01 13:30:00+00:00,6,selected,,bls_cpi_2023-04-12
USDJPY,2023-02-22 13:30:00+00:00,7,selected,,bls_cpi_2023-04-12
USDJPY,2023-02-15 13:30:00+00:00,8,valid_not_selected,,bls_cpi_2023-04-12
USDJPY,2023-02-08 13:30:00+00:00,9,valid_not_selected,,bls_cpi_2023-04-12
USDJPY,2023-02-01 13:30:00+00:00,10,valid_not_selected,,bls_cpi_2023-04-12
USDJPY,2023-01-25 13:30:00+00:00,11,valid_not_selected,,bls_cpi_2023-04-12
USDJPY,2023-01-18 13:30:00+00:00,12,valid_not_selected,,bls_cpi_2023-04-12
USDCHF,2023-04-05 13:30:00+00:00,1,rejected,quote absent/nonpositive,bls_cpi_2023-04-12
USDCHF,2023-03-29 13:30:00+00:00,2,rejected,quote absent/nonpositive,bls_cpi_2023-04-12
USDCHF,2023-03-22 13:30:00+00:00,3,rejected,quote absent/nonpositive,bls_cpi_2023-04-12
USDCHF,2023-03-15 13:30:00+00:00,4,rejected,quote absent/nonpositive,bls_cpi_2023-04-12
USDCHF,2023-03-08 13:30:00+00:00,5,selected,,bls_cpi_2023-04-12
USDCHF,2023-03-01 13:30:00+00:00,6,rejected,quote absent/nonpositive,bls_cpi_2023-04-12
USDCHF,2023-02-22 13:30:00+00:00,7,rejected,quote absent/nonpositive,bls_cpi_2023-04-12
USDCHF,2023-02-15 13:30:00+00:00,8,selected,,bls_cpi_2023-04-12
USDCHF,2023-02-08 13:30:00+00:00,9,selected,,bls_cpi_2023-04-12
USDCHF,2023-02-01 13:30:00+00:00,10,selected,,bls_cpi_2023-04-12
USDCHF,2023-01-25 13:30:00+00:00,11,valid_not_selected,,bls_cpi_2023-04-12
USDCHF,2023-01-18 13:30:00+00:00,12,valid_not_selected,,bls_cpi_2023-04-12
USDCHF,2023-04-12 13:30:00+00:00,0,event_rejected,quote absent/nonpositive,bls_cpi_2023-04-12
USDCAD,2023-04-05 13:30:00+00:00,1,selected,,bls_cpi_2023-04-12
USDCAD,2023-03-29 13:30:00+00:00,2,selected,,bls_cpi_2023-04-12
USDCAD,2023-03-22 13:30:00+00:00,3,selected,,bls_cpi_2023-04-12
USDCAD,2023-03-15 13:30:00+00:00,4,rejected,quote absent/nonpositive,bls_cpi_2023-04-12
USDCAD,2023-03-08 13:30:00+00:00,5,selected,,bls_cpi_2023-04-12
USDCAD,2023-03-01 13:30:00+00:00,6,rejected,quote absent/nonpositive,bls_cpi_2023-04-12
USDCAD,2023-02-22 13:30:00+00:00,7,valid_not_selected,,bls_cpi_2023-04-12
USDCAD,2023-02-15 13:30:00+00:00,8,valid_not_selected,,bls_cpi_2023-04-12
USDCAD,2023-02-08 13:30:00+00:00,9,valid_not_selected,,bls_cpi_2023-04-12
USDCAD,2023-02-01 13:30:00+00:00,10,valid_not_selected,,bls_cpi_2023-04-12
USDCAD,2023-01-25 13:30:00+00:00,11,valid_not_selected,,bls_cpi_2023-04-12
USDCAD,2023-01-18 13:30:00+00:00,12,valid_not_selected,,bls_cpi_2023-04-12
USDCAD,2023-04-12 13:30:00+00:00,0,event_rejected,quote absent/nonpositive,bls_cpi_2023-04-12
EURJPY,2023-04-05 13:30:00+00:00,1,rejected,quote absent/nonpositive,bls_cpi_2023-04-12
EURJPY,2023-03-29 13:30:00+00:00,2,selected,,bls_cpi_2023-04-12
EURJPY,2023-03-22 13:30:00+00:00,3,selected,,bls_cpi_2023-04-12
EURJPY,2023-03-15 13:30:00+00:00,4,selected,,bls_cpi_2023-04-12
EURJPY,2023-03-08 13:30:00+00:00,5,rejected,quote absent/nonpositive,bls_cpi_2023-04-12
EURJPY,2023-03-01 13:30:00+00:00,6,selected,,bls_cpi_2023-04-12
EURJPY,2023-02-22 13:30:00+00:00,7,valid_not_selected,,bls_cpi_2023-04-12
EURJPY,2023-02-15 13:30:00+00:00,8,valid_not_selected,,bls_cpi_2023-04-12
EURJPY,2023-02-08 13:30:00+00:00,9,valid_not_selected,,bls_cpi_2023-04-12
EURJPY,2023-02-01 13:30:00+00:00,10,valid_not_selected,,bls_cpi_2023-04-12
EURJPY,2023-01-25 13:30:00+00:00,11,valid_not_selected,,bls_cpi_2023-04-12
EURJPY,2023-01-18 13:30:00+00:00,12,valid_not_selected,,bls_cpi_2023-04-12
EURJPY,2023-04-12 13:30:00+00:00,0,event_rejected,quote absent/nonpositive,bls_cpi_2023-04-12
XAUUSD,2023-04-05 13:30:00+00:00,1,selected,,bls_cpi_2023-04-12
XAUUSD,2023-03-29 13:30:00+00:00,2,rejected,quote absent/nonpositive,bls_cpi_2023-04-12
XAUUSD,2023-03-22 13:30:00+00:00,3,rejected,quote absent/nonpositive,bls_cpi_2023-04-12
XAUUSD,2023-03-15 13:30:00+00:00,4,rejected,quote absent/nonpositive,bls_cpi_2023-04-12
XAUUSD,2023-03-08 13:30:00+00:00,5,selected,,bls_cpi_2023-04-12
XAUUSD,2023-03-01 13:30:00+00:00,6,selected,,bls_cpi_2023-04-12
XAUUSD,2023-02-22 13:30:00+00:00,7,rejected,quote absent/nonpositive,bls_cpi_2023-04-12
XAUUSD,2023-02-15 13:30:00+00:00,8,selected,,bls_cpi_2023-04-12
XAUUSD,2023-02-08 13:30:00+00:00,9,valid_not_selected,,bls_cpi_2023-04-12
XAUUSD,2023-02-01 13:30:00+00:00,10,valid_not_selected,,bls_cpi_2023-04-12
XAUUSD,2023-01-25 13:30:00+00:00,11,valid_not_selected,,bls_cpi_2023-04-12
XAUUSD,2023-01-18 13:30:00+00:00,12,valid_not_selected,,bls_cpi_2023-04-12
XAGUSD,2023-04-05 13:30:00+00:00,1,rejected,quote absent/nonpositive,bls_cpi_2023-04-12
XAGUSD,2023-03-29 13:30:00+00:00,2,selected,,bls_cpi_2023-04-12
XAGUSD,2023-03-22 13:30:00+00:00,3,rejected,quote absent/nonpositive,bls_cpi_2023-04-12
XAGUSD,2023-03-15 13:30:00+00:00,4,rejected,quote absent/nonpositive,bls_cpi_2023-04-12
XAGUSD,2023-03-08 13:30:00+00:00,5,rejected,quote absent/nonpositive,bls_cpi_2023-04-12
XAGUSD,2023-03-01 13:30:00+00:00,6,selected,,bls_cpi_2023-04-12
XAGUSD,2023-02-22 13:30:00+00:00,7,selected,,bls_cpi_2023-04-12
XAGUSD,2023-02-15 13:30:00+00:00,8,selected,,bls_cpi_2023-04-12
XAGUSD,2023-02-08 13:30:00+00:00,9,valid_not_selected,,bls_cpi_2023-04-12
XAGUSD,2023-02-01 13:30:00+00:00,10,valid_not_selected,,bls_cpi_2023-04-12
XAGUSD,2023-01-25 13:30:00+00:00,11,valid_not_selected,,bls_cpi_2023-04-12
XAGUSD,2023-01-18 13:30:00+00:00,12,valid_not_selected,,bls_cpi_2023-04-12
SPXUSD,2023-04-05 13:30:00+00:00,1,selected,,bls_cpi_2023-04-12
SPXUSD,2023-03-29 13:30:00+00:00,2,selected,,bls_cpi_2023-04-12
SPXUSD,2023-03-22 13:30:00+00:00,3,selected,,bls_cpi_2023-04-12
SPXUSD,2023-03-15 13:30:00+00:00,4,rejected,quote absent/nonpositive,bls_cpi_2023-04-12
SPXUSD,2023-03-08 13:30:00+00:00,5,selected,,bls_cpi_2023-04-12
SPXUSD,2023-03-01 13:30:00+00:00,6,rejected,quote absent/nonpositive,bls_cpi_2023-04-12
SPXUSD,2023-02-22 13:30:00+00:00,7,rejected,quote absent/nonpositive,bls_cpi_2023-04-12
SPXUSD,2023-02-15 13:30:00+00:00,8,valid_not_selected,,bls_cpi_2023-04-12
SPXUSD,2023-02-08 13:30:00+00:00,9,valid_not_selected,,bls_cpi_2023-04-12
SPXUSD,2023-02-01 13:30:00+00:00,10,valid_not_selected,,bls_cpi_2023-04-12
SPXUSD,2023-01-25 13:30:00+00:00,11,valid_not_selected,,bls_cpi_2023-04-12
SPXUSD,2023-01-18 13:30:00+00:00,12,valid_not_selected,,bls_cpi_2023-04-12
SPXUSD,2023-04-12 13:30:00+00:00,0,event_rejected,quote absent/nonpositive,bls_cpi_2023-04-12
NSXUSD,2023-04-05 13:30:00+00:00,1,rejected,quote absent/nonpositive,bls_cpi_2023-04-12
NSXUSD,2023-03-29 13:30:00+00:00,2,selected,,bls_cpi_2023-04-12
NSXUSD,2023-03-22 13:30:00+00:00,3,rejected,quote absent/nonpositive,bls_cpi_2023-04-12
NSXUSD,2023-03-15 13:30:00+00:00,4,rejected,quote absent/nonpositive,bls_cpi_2023-04-12
NSXUSD,2023-03-08 13:30:00+00:00,5,rejected,quote absent/nonpositive,bls_cpi_2023-04-12
NSXUSD,2023-03-01 13:30:00+00:00,6,rejected,quote absent/nonpositive,bls_cpi_2023-04-12
NSXUSD,2023-02-22 13:30:00+00:00,7,rejected,quote absent/nonpositive,bls_cpi_2023-04-12
NSXUSD,2023-02-15 13:30:00+00:00,8,selected,,bls_cpi_2023-04-12
NSXUSD,2023-02-08 13:30:00+00:00,9,selected,,bls_cpi_2023-04-12
NSXUSD,2023-02-01 13:30:00+00:00,10,selected,,bls_cpi_2023-04-12
NSXUSD,2023-01-25 13:30:00+00:00,11,valid_not_selected,,bls_cpi_2023-04-12
NSXUSD,2023-01-18 13:30:00+00:00,12,valid_not_selected,,bls_cpi_2023-04-12
GRXEUR,2023-04-05 13:30:00+00:00,1,selected,,bls_cpi_2023-04-12
GRXEUR,2023-03-29 13:30:00+00:00,2,rejected,quote absent/nonpositive,bls_cpi_2023-04-12
GRXEUR,2023-03-22 13:30:00+00:00,3,rejected,quote absent/nonpositive,bls_cpi_2023-04-12
GRXEUR,2023-03-15 13:30:00+00:00,4,rejected,quote absent/nonpositive,bls_cpi_2023-04-12
GRXEUR,2023-03-08 13:30:00+00:00,5,selected,,bls_cpi_2023-04-12
GRXEUR,2023-03-01 13:30:00+00:00,6,rejected,quote absent/nonpositive,bls_cpi_2023-04-12
GRXEUR,2023-02-22 13:30:00+00:00,7,selected,,bls_cpi_2023-04-12
GRXEUR,2023-02-15 13:30:00+00:00,8,selected,,bls_cpi_2023-04-12
GRXEUR,2023-02-08 13:30:00+00:00,9,valid_not_selected,,bls_cpi_2023-04-12
GRXEUR,2023-02-01 13:30:00+00:00,10,valid_not_selected,,bls_cpi_2023-04-12
GRXEUR,2023-01-25 13:30:00+00:00,11,valid_not_selected,,bls_cpi_2023-04-12
GRXEUR,2023-01-18 13:30:00+00:00,12,valid_not_selected,,bls_cpi_2023-04-12
GRXEUR,2023-04-12 13:30:00+00:00,0,event_rejected,quote absent/nonpositive,bls_cpi_2023-04-12
UKXGBP,2023-04-05 13:30:00+00:00,1,rejected,quote absent/nonpositive,bls_cpi_2023-04-12
UKXGBP,2023-03-29 13:30:00+00:00,2,selected,,bls_cpi_2023-04-12
UKXGBP,2023-03-22 13:30:00+00:00,3,rejected,quote absent/nonpositive,bls_cpi_2023-04-12
UKXGBP,2023-03-15 13:30:00+00:00,4,selected,,bls_cpi_2023-04-12
UKXGBP,2023-03-08 13:30:00+00:00,5,selected,,bls_cpi_2023-04-12
UKXGBP,2023-03-01 13:30:00+00:00,6,rejected,quote absent/nonpositive,bls_cpi_2023-04-12
UKXGBP,2023-02-22 13:30:00+00:00,7,selected,,bls_cpi_2023-04-12
UKXGBP,2023-02-15 13:30:00+00:00,8,valid_not_selected,,bls_cpi_2023-04-12
UKXGBP,2023-02-08 13:30:00+00:00,9,valid_not_selected,,bls_cpi_2023-04-12
UKXGBP,2023-02-01 13:30:00+00:00,10,valid_not_selected,,bls_cpi_2023-04-12
UKXGBP,2023-01-25 13:30:00+00:00,11,valid_not_selected,,bls_cpi_2023-04-12
UKXGBP,2023-01-18 13:30:00+00:00,12,valid_not_selected,,bls_cpi_2023-04-12
UKXGBP,2023-04-12 13:30:00+00:00,0,event_rejected,quote absent/nonpositive,bls_cpi_2023-04-12
BCOUSD,2023-04-05 13:30:00+00:00,1,selected,,bls_cpi_2023-04-12
BCOUSD,2023-03-29 13:30:00+00:00,2,selected,,bls_cpi_2023-04-12
BCOUSD,2023-03-22 13:30:00+00:00,3,selected,,bls_cpi_2023-04-12
BCOUSD,2023-03-15 13:30:00+00:00,4,selected,,bls_cpi_2023-04-12
BCOUSD,2023-03-08 13:30:00+00:00,5,rejected,quote absent/nonpositive,bls_cpi_2023-04-12
BCOUSD,2023-03-01 13:30:00+00:00,6,rejected,quote absent/nonpositive,bls_cpi_2023-04-12
BCOUSD,2023-02-22 13:30:00+00:00,7,rejected,quote absent/nonpositive,bls_cpi_2023-04-12
BCOUSD,2023-02-15 13:30:00+00:00,8,valid_not_selected,,bls_cpi_2023-04-12
BCOUSD,2023-02-08 13:30:00+00:00,9,valid_not_selected,,bls_cpi_2023-04-12
BCOUSD,2023-02-01 13:30:00+00:00,10,valid_not_selected,,bls_cpi_2023-04-12
BCOUSD,2023-01-25 13:30:00+00:00,11,valid_not_selected,,bls_cpi_2023-04-12
BCOUSD,2023-01-18 13:30:00+00:00,12,valid_not_selected,,bls_cpi_2023-04-12
EURUSD,2023-04-28 13:30:00+00:00,1,rejected,quote absent/nonpositive,bls_employment_2023-05-05
EURUSD,2023-04-21 13:30:00+00:00,2,rejected,quote absent/nonpositive,bls_employment_2023-05-05
EURUSD,2023-04-14 13:30:00+00:00,3,rejected,quote absent/nonpositive,bls_employment_2023-05-05
EURUSD,2023-04-07 13:30:00+00:00,4,rejected,BLS CPI/employment date,bls_employment_2023-05-05
EURUSD,2023-03-31 13:30:00+00:00,5,selected,,bls_employment_2023-05-05
EURUSD,2023-03-24 13:30:00+00:00,6,rejected,quote absent/nonpositive,bls_employment_2023-05-05
EURUSD,2023-03-17 13:30:00+00:00,7,rejected,quote absent/nonpositive,bls_employment_2023-05-05
EURUSD,2023-03-10 13:30:00+00:00,8,rejected,BLS CPI/employment date,bls_employment_2023-05-05
EURUSD,2023-03-03 13:30:00+00:00,9,rejected,quote absent/nonpositive,bls_employment_2023-05-05
EURUSD,2023-02-24 13:30:00+00:00,10,rejected,quote absent/nonpositive,bls_employment_2023-05-05
EURUSD,2023-02-17 13:30:00+00:00,11,selected,,bls_employment_2023-05-05
EURUSD,2023-02-10 13:30:00+00:00,12,selected,,bls_employment_2023-05-05
EURUSD,2023-05-05 13:30:00+00:00,0,event_rejected,only 3 controls,bls_employment_2023-05-05
GBPUSD,2023-04-28 13:30:00+00:00,1,selected,,bls_employment_2023-05-05
GBPUSD,2023-04-21 13:30:00+00:00,2,rejected,quote absent/nonpositive,bls_employment_2023-05-05
GBPUSD,2023-04-14 13:30:00+00:00,3,rejected,quote absent/nonpositive,bls_employment_2023-05-05
GBPUSD,2023-04-07 13:30:00+00:00,4,rejected,BLS CPI/employment date,bls_employment_2023-05-05
GBPUSD,2023-03-31 13:30:00+00:00,5,rejected,quote absent/nonpositive,bls_employment_2023-05-05
GBPUSD,2023-03-24 13:30:00+00:00,6,selected,,bls_employment_2023-05-05
GBPUSD,2023-03-17 13:30:00+00:00,7,selected,,bls_employment_2023-05-05
GBPUSD,2023-03-10 13:30:00+00:00,8,rejected,BLS CPI/employment date,bls_employment_2023-05-05
GBPUSD,2023-03-03 13:30:00+00:00,9,rejected,quote absent/nonpositive,bls_employment_2023-05-05
GBPUSD,2023-02-24 13:30:00+00:00,10,rejected,quote absent/nonpositive,bls_employment_2023-05-05
GBPUSD,2023-02-17 13:30:00+00:00,11,selected,,bls_employment_2023-05-05
GBPUSD,2023-02-10 13:30:00+00:00,12,valid_not_selected,,bls_employment_2023-05-05
GBPUSD,2023-05-05 13:30:00+00:00,0,event_rejected,quote absent/nonpositive,bls_employment_2023-05-05
AUDUSD,2023-04-28 13:30:00+00:00,1,selected,,bls_employment_2023-05-05
AUDUSD,2023-04-21 13:30:00+00:00,2,selected,,bls_employment_2023-05-05
AUDUSD,2023-04-14 13:30:00+00:00,3,selected,,bls_employment_2023-05-05
AUDUSD,2023-04-07 13:30:00+00:00,4,rejected,BLS CPI/employment date,bls_employment_2023-05-05
AUDUSD,2023-03-31 13:30:00+00:00,5,selected,,bls_employment_2023-05-05
AUDUSD,2023-03-24 13:30:00+00:00,6,rejected,quote absent/nonpositive,bls_employment_2023-05-05
AUDUSD,2023-03-17 13:30:00+00:00,7,rejected,quote absent/nonpositive,bls_employment_2023-05-05
AUDUSD,2023-03-10 13:30:00+00:00,8,rejected,BLS CPI/employment date,bls_employment_2023-05-05
AUDUSD,2023-03-03 13:30:00+00:00,9,rejected,quote absent/nonpositive,bls_employment_2023-05-05
AUDUSD,2023-02-24 13:30:00+00:00,10,rejected,quote absent/nonpositive,bls_employment_2023-05-05
AUDUSD,2023-02-17 13:30:00+00:00,11,valid_not_selected,,bls_employment_2023-05-05
AUDUSD,2023-02-10 13:30:00+00:00,12,valid_not_selected,,bls_employment_2023-05-05
NZDUSD,2023-04-28 13:30:00+00:00,1,selected,,bls_employment_2023-05-05
NZDUSD,2023-04-21 13:30:00+00:00,2,selected,,bls_employment_2023-05-05
NZDUSD,2023-04-14 13:30:00+00:00,3,selected,,bls_employment_2023-05-05
NZDUSD,2023-04-07 13:30:00+00:00,4,rejected,BLS CPI/employment date,bls_employment_2023-05-05
NZDUSD,2023-03-31 13:30:00+00:00,5,selected,,bls_employment_2023-05-05
NZDUSD,2023-03-24 13:30:00+00:00,6,rejected,quote absent/nonpositive,bls_employment_2023-05-05
NZDUSD,2023-03-17 13:30:00+00:00,7,rejected,quote absent/nonpositive,bls_employment_2023-05-05
NZDUSD,2023-03-10 13:30:00+00:00,8,rejected,BLS CPI/employment date,bls_employment_2023-05-05
NZDUSD,2023-03-03 13:30:00+00:00,9,rejected,quote absent/nonpositive,bls_employment_2023-05-05
NZDUSD,2023-02-24 13:30:00+00:00,10,rejected,quote absent/nonpositive,bls_employment_2023-05-05
NZDUSD,2023-02-17 13:30:00+00:00,11,valid_not_selected,,bls_employment_2023-05-05
NZDUSD,2023-02-10 13:30:00+00:00,12,valid_not_selected,,bls_employment_2023-05-05
NZDUSD,2023-05-05 13:30:00+00:00,0,event_rejected,quote absent/nonpositive,bls_employment_2023-05-05
USDJPY,2023-04-28 13:30:00+00:00,1,rejected,quote absent/nonpositive,bls_employment_2023-05-05
USDJPY,2023-04-21 13:30:00+00:00,2,rejected,quote absent/nonpositive,bls_employment_2023-05-05
USDJPY,2023-04-14 13:30:00+00:00,3,rejected,quote absent/nonpositive,bls_employment_2023-05-05
USDJPY,2023-04-07 13:30:00+00:00,4,rejected,BLS CPI/employment date,bls_employment_2023-05-05
USDJPY,2023-03-31 13:30:00+00:00,5,selected,,bls_employment_2023-05-05
USDJPY,2023-03-24 13:30:00+00:00,6,selected,,bls_employment_2023-05-05
USDJPY,2023-03-17 13:30:00+00:00,7,rejected,quote absent/nonpositive,bls_employment_2023-05-05
USDJPY,2023-03-10 13:30:00+00:00,8,rejected,BLS CPI/employment date,bls_employment_2023-05-05
USDJPY,2023-03-03 13:30:00+00:00,9,selected,,bls_employment_2023-05-05
USDJPY,2023-02-24 13:30:00+00:00,10,selected,,bls_employment_2023-05-05
USDJPY,2023-02-17 13:30:00+00:00,11,valid_not_selected,,bls_employment_2023-05-05
USDJPY,2023-02-10 13:30:00+00:00,12,valid_not_selected,,bls_employment_2023-05-05
USDJPY,2023-05-05 13:30:00+00:00,0,event_rejected,quote absent/nonpositive,bls_employment_2023-05-05
USDCHF,2023-04-28 13:30:00+00:00,1,rejected,quote absent/nonpositive,bls_employment_2023-05-05
USDCHF,2023-04-21 13:30:00+00:00,2,rejected,quote absent/nonpositive,bls_employment_2023-05-05
USDCHF,2023-04-14 13:30:00+00:00,3,selected,,bls_employment_2023-05-05
USDCHF,2023-04-07 13:30:00+00:00,4,rejected,BLS CPI/employment date,bls_employment_2023-05-05
USDCHF,2023-03-31 13:30:00+00:00,5,selected,,bls_employment_2023-05-05
USDCHF,2023-03-24 13:30:00+00:00,6,rejected,quote absent/nonpositive,bls_employment_2023-05-05
USDCHF,2023-03-17 13:30:00+00:00,7,rejected,quote absent/nonpositive,bls_employment_2023-05-05
USDCHF,2023-03-10 13:30:00+00:00,8,rejected,BLS CPI/employment date,bls_employment_2023-05-05
USDCHF,2023-03-03 13:30:00+00:00,9,selected,,bls_employment_2023-05-05
USDCHF,2023-02-24 13:30:00+00:00,10,rejected,quote absent/nonpositive,bls_employment_2023-05-05
USDCHF,2023-02-17 13:30:00+00:00,11,selected,,bls_employment_2023-05-05
USDCHF,2023-02-10 13:30:00+00:00,12,valid_not_selected,,bls_employment_2023-05-05
USDCAD,2023-04-28 13:30:00+00:00,1,selected,,bls_employment_2023-05-05
USDCAD,2023-04-21 13:30:00+00:00,2,selected,,bls_employment_2023-05-05
USDCAD,2023-04-14 13:30:00+00:00,3,selected,,bls_employment_2023-05-05
USDCAD,2023-04-07 13:30:00+00:00,4,rejected,BLS CPI/employment date,bls_employment_2023-05-05
USDCAD,2023-03-31 13:30:00+00:00,5,selected,,bls_employment_2023-05-05
USDCAD,2023-03-24 13:30:00+00:00,6,valid_not_selected,,bls_employment_2023-05-05
USDCAD,2023-03-17 13:30:00+00:00,7,valid_not_selected,,bls_employment_2023-05-05
USDCAD,2023-03-10 13:30:00+00:00,8,rejected,BLS CPI/employment date,bls_employment_2023-05-05
USDCAD,2023-03-03 13:30:00+00:00,9,rejected,quote absent/nonpositive,bls_employment_2023-05-05
USDCAD,2023-02-24 13:30:00+00:00,10,valid_not_selected,,bls_employment_2023-05-05
USDCAD,2023-02-17 13:30:00+00:00,11,valid_not_selected,,bls_employment_2023-05-05
USDCAD,2023-02-10 13:30:00+00:00,12,valid_not_selected,,bls_employment_2023-05-05
USDCAD,2023-05-05 13:30:00+00:00,0,event_rejected,quote absent/nonpositive,bls_employment_2023-05-05
EURJPY,2023-04-28 13:30:00+00:00,1,rejected,quote absent/nonpositive,bls_employment_2023-05-05
EURJPY,2023-04-21 13:30:00+00:00,2,selected,,bls_employment_2023-05-05
EURJPY,2023-04-14 13:30:00+00:00,3,rejected,quote absent/nonpositive,bls_employment_2023-05-05
EURJPY,2023-04-07 13:30:00+00:00,4,rejected,BLS CPI/employment date,bls_employment_2023-05-05
EURJPY,2023-03-31 13:30:00+00:00,5,rejected,quote absent/nonpositive,bls_employment_2023-05-05
EURJPY,2023-03-24 13:30:00+00:00,6,selected,,bls_employment_2023-05-05
EURJPY,2023-03-17 13:30:00+00:00,7,selected,,bls_employment_2023-05-05
EURJPY,2023-03-10 13:30:00+00:00,8,rejected,BLS CPI/employment date,bls_employment_2023-05-05
EURJPY,2023-03-03 13:30:00+00:00,9,rejected,quote absent/nonpositive,bls_employment_2023-05-05
EURJPY,2023-02-24 13:30:00+00:00,10,rejected,quote absent/nonpositive,bls_employment_2023-05-05
EURJPY,2023-02-17 13:30:00+00:00,11,selected,,bls_employment_2023-05-05
EURJPY,2023-02-10 13:30:00+00:00,12,valid_not_selected,,bls_employment_2023-05-05
XAUUSD,2023-04-28 13:30:00+00:00,1,selected,,bls_employment_2023-05-05
XAUUSD,2023-04-21 13:30:00+00:00,2,selected,,bls_employment_2023-05-05
XAUUSD,2023-04-14 13:30:00+00:00,3,selected,,bls_employment_2023-05-05
XAUUSD,2023-04-07 13:30:00+00:00,4,rejected,BLS CPI/employment date,bls_employment_2023-05-05
XAUUSD,2023-03-31 13:30:00+00:00,5,selected,,bls_employment_2023-05-05
XAUUSD,2023-03-24 13:30:00+00:00,6,rejected,quote absent/nonpositive,bls_employment_2023-05-05
XAUUSD,2023-03-17 13:30:00+00:00,7,valid_not_selected,,bls_employment_2023-05-05
XAUUSD,2023-03-10 13:30:00+00:00,8,rejected,BLS CPI/employment date,bls_employment_2023-05-05
XAUUSD,2023-03-03 13:30:00+00:00,9,valid_not_selected,,bls_employment_2023-05-05
XAUUSD,2023-02-24 13:30:00+00:00,10,rejected,quote absent/nonpositive,bls_employment_2023-05-05
XAUUSD,2023-02-17 13:30:00+00:00,11,valid_not_selected,,bls_employment_2023-05-05
XAUUSD,2023-02-10 13:30:00+00:00,12,valid_not_selected,,bls_employment_2023-05-05
XAUUSD,2023-05-05 13:30:00+00:00,0,event_rejected,quote absent/nonpositive,bls_employment_2023-05-05
XAGUSD,2023-04-28 13:30:00+00:00,1,selected,,bls_employment_2023-05-05
XAGUSD,2023-04-21 13:30:00+00:00,2,rejected,quote absent/nonpositive,bls_employment_2023-05-05
XAGUSD,2023-04-14 13:30:00+00:00,3,rejected,quote absent/nonpositive,bls_employment_2023-05-05
XAGUSD,2023-04-07 13:30:00+00:00,4,rejected,BLS CPI/employment date,bls_employment_2023-05-05
XAGUSD,2023-03-31 13:30:00+00:00,5,rejected,quote absent/nonpositive,bls_employment_2023-05-05
XAGUSD,2023-03-24 13:30:00+00:00,6,rejected,quote absent/nonpositive,bls_employment_2023-05-05
XAGUSD,2023-03-17 13:30:00+00:00,7,rejected,quote absent/nonpositive,bls_employment_2023-05-05
XAGUSD,2023-03-10 13:30:00+00:00,8,rejected,BLS CPI/employment date,bls_employment_2023-05-05
XAGUSD,2023-03-03 13:30:00+00:00,9,selected,,bls_employment_2023-05-05
XAGUSD,2023-02-24 13:30:00+00:00,10,rejected,quote absent/nonpositive,bls_employment_2023-05-05
XAGUSD,2023-02-17 13:30:00+00:00,11,selected,,bls_employment_2023-05-05
XAGUSD,2023-02-10 13:30:00+00:00,12,selected,,bls_employment_2023-05-05
SPXUSD,2023-04-28 13:30:00+00:00,1,rejected,quote absent/nonpositive,bls_employment_2023-05-05
SPXUSD,2023-04-21 13:30:00+00:00,2,rejected,quote absent/nonpositive,bls_employment_2023-05-05
SPXUSD,2023-04-14 13:30:00+00:00,3,rejected,quote absent/nonpositive,bls_employment_2023-05-05
SPXUSD,2023-04-07 13:30:00+00:00,4,rejected,BLS CPI/employment date,bls_employment_2023-05-05
SPXUSD,2023-03-31 13:30:00+00:00,5,selected,,bls_employment_2023-05-05
SPXUSD,2023-03-24 13:30:00+00:00,6,selected,,bls_employment_2023-05-05
SPXUSD,2023-03-17 13:30:00+00:00,7,rejected,quote absent/nonpositive,bls_employment_2023-05-05
SPXUSD,2023-03-10 13:30:00+00:00,8,rejected,BLS CPI/employment date,bls_employment_2023-05-05
SPXUSD,2023-03-03 13:30:00+00:00,9,selected,,bls_employment_2023-05-05
SPXUSD,2023-02-24 13:30:00+00:00,10,selected,,bls_employment_2023-05-05
SPXUSD,2023-02-17 13:30:00+00:00,11,valid_not_selected,,bls_employment_2023-05-05
SPXUSD,2023-02-10 13:30:00+00:00,12,valid_not_selected,,bls_employment_2023-05-05
SPXUSD,2023-05-05 13:30:00+00:00,0,event_rejected,quote absent/nonpositive,bls_employment_2023-05-05
NSXUSD,2023-04-28 13:30:00+00:00,1,selected,,bls_employment_2023-05-05
NSXUSD,2023-04-21 13:30:00+00:00,2,selected,,bls_employment_2023-05-05
NSXUSD,2023-04-14 13:30:00+00:00,3,rejected,quote absent/nonpositive,bls_employment_2023-05-05
NSXUSD,2023-04-07 13:30:00+00:00,4,rejected,BLS CPI/employment date,bls_employment_2023-05-05
NSXUSD,2023-03-31 13:30:00+00:00,5,selected,,bls_employment_2023-05-05
NSXUSD,2023-03-24 13:30:00+00:00,6,rejected,quote absent/nonpositive,bls_employment_2023-05-05
NSXUSD,2023-03-17 13:30:00+00:00,7,selected,,bls_employment_2023-05-05
NSXUSD,2023-03-10 13:30:00+00:00,8,rejected,BLS CPI/employment date,bls_employment_2023-05-05
NSXUSD,2023-03-03 13:30:00+00:00,9,rejected,quote absent/nonpositive,bls_employment_2023-05-05
NSXUSD,2023-02-24 13:30:00+00:00,10,rejected,quote absent/nonpositive,bls_employment_2023-05-05
NSXUSD,2023-02-17 13:30:00+00:00,11,valid_not_selected,,bls_employment_2023-05-05
NSXUSD,2023-02-10 13:30:00+00:00,12,valid_not_selected,,bls_employment_2023-05-05
GRXEUR,2023-04-28 13:30:00+00:00,1,rejected,quote absent/nonpositive,bls_employment_2023-05-05
GRXEUR,2023-04-21 13:30:00+00:00,2,selected,,bls_employment_2023-05-05
GRXEUR,2023-04-14 13:30:00+00:00,3,selected,,bls_employment_2023-05-05
GRXEUR,2023-04-07 13:30:00+00:00,4,rejected,BLS CPI/employment date,bls_employment_2023-05-05
GRXEUR,2023-03-31 13:30:00+00:00,5,selected,,bls_employment_2023-05-05
GRXEUR,2023-03-24 13:30:00+00:00,6,rejected,quote absent/nonpositive,bls_employment_2023-05-05
GRXEUR,2023-03-17 13:30:00+00:00,7,selected,,bls_employment_2023-05-05
GRXEUR,2023-03-10 13:30:00+00:00,8,rejected,BLS CPI/employment date,bls_employment_2023-05-05
GRXEUR,2023-03-03 13:30:00+00:00,9,valid_not_selected,,bls_employment_2023-05-05
GRXEUR,2023-02-24 13:30:00+00:00,10,rejected,quote absent/nonpositive,bls_employment_2023-05-05
GRXEUR,2023-02-17 13:30:00+00:00,11,valid_not_selected,,bls_employment_2023-05-05
GRXEUR,2023-02-10 13:30:00+00:00,12,valid_not_selected,,bls_employment_2023-05-05
UKXGBP,2023-04-28 13:30:00+00:00,1,selected,,bls_employment_2023-05-05
UKXGBP,2023-04-21 13:30:00+00:00,2,rejected,quote absent/nonpositive,bls_employment_2023-05-05
UKXGBP,2023-04-14 13:30:00+00:00,3,rejected,quote absent/nonpositive,bls_employment_2023-05-05
UKXGBP,2023-04-07 13:30:00+00:00,4,rejected,BLS CPI/employment date,bls_employment_2023-05-05
UKXGBP,2023-03-31 13:30:00+00:00,5,selected,,bls_employment_2023-05-05
UKXGBP,2023-03-24 13:30:00+00:00,6,selected,,bls_employment_2023-05-05
UKXGBP,2023-03-17 13:30:00+00:00,7,rejected,quote absent/nonpositive,bls_employment_2023-05-05
UKXGBP,2023-03-10 13:30:00+00:00,8,rejected,BLS CPI/employment date,bls_employment_2023-05-05
UKXGBP,2023-03-03 13:30:00+00:00,9,rejected,quote absent/nonpositive,bls_employment_2023-05-05
UKXGBP,2023-02-24 13:30:00+00:00,10,rejected,quote absent/nonpositive,bls_employment_2023-05-05
UKXGBP,2023-02-17 13:30:00+00:00,11,selected,,bls_employment_2023-05-05
UKXGBP,2023-02-10 13:30:00+00:00,12,valid_not_selected,,bls_employment_2023-05-05
UKXGBP,2023-05-05 13:30:00+00:00,0,event_rejected,quote absent/nonpositive,bls_employment_2023-05-05
BCOUSD,2023-04-28 13:30:00+00:00,1,selected,,bls_employment_2023-05-05
BCOUSD,2023-04-21 13:30:00+00:00,2,rejected,quote absent/nonpositive,bls_employment_2023-05-05
BCOUSD,2023-04-14 13:30:00+00:00,3,selected,,bls_employment_2023-05-05
BCOUSD,2023-04-07 13:30:00+00:00,4,rejected,BLS CPI/employment date,bls_employment_2023-05-05
BCOUSD,2023-03-31 13:30:00+00:00,5,selected,,bls_employment_2023-05-05
BCOUSD,2023-03-24 13:30:00+00:00,6,selected,,bls_employment_2023-05-05
BCOUSD,2023-03-17 13:30:00+00:00,7,valid_not_selected,,bls_employment_2023-05-05
BCOUSD,2023-03-10 13:30:00+00:00,8,rejected,BLS CPI/employment date,bls_employment_2023-05-05
BCOUSD,2023-03-03 13:30:00+00:00,9,rejected,quote absent/nonpositive,bls_employment_2023-05-05
BCOUSD,2023-02-24 13:30:00+00:00,10,rejected,quote absent/nonpositive,bls_employment_2023-05-05
BCOUSD,2023-02-17 13:30:00+00:00,11,valid_not_selected,,bls_employment_2023-05-05
BCOUSD,2023-02-10 13:30:00+00:00,12,valid_not_selected,,bls_employment_2023-05-05
BCOUSD,2023-05-05 13:30:00+00:00,0,event_rejected,quote absent/nonpositive,bls_employment_2023-05-05
EURUSD,2023-05-03 13:30:00+00:00,1,selected,,bls_cpi_2023-05-10
EURUSD,2023-04-26 13:30:00+00:00,2,selected,,bls_cpi_2023-05-10
EURUSD,2023-04-19 13:30:00+00:00,3,rejected,quote absent/nonpositive,bls_cpi_2023-05-10
EURUSD,2023-04-12 13:30:00+00:00,4,rejected,BLS CPI/employment date,bls_cpi_2023-05-10
EURUSD,2023-04-05 13:30:00+00:00,5,rejected,quote absent/nonpositive,bls_cpi_2023-05-10
EURUSD,2023-03-29 13:30:00+00:00,6,rejected,quote absent/nonpositive,bls_cpi_2023-05-10
EURUSD,2023-03-22 13:30:00+00:00,7,selected,,bls_cpi_2023-05-10
EURUSD,2023-03-15 13:30:00+00:00,8,selected,,bls_cpi_2023-05-10
EURUSD,2023-03-08 13:30:00+00:00,9,valid_not_selected,,bls_cpi_2023-05-10
EURUSD,2023-03-01 13:30:00+00:00,10,valid_not_selected,,bls_cpi_2023-05-10
EURUSD,2023-02-22 13:30:00+00:00,11,valid_not_selected,,bls_cpi_2023-05-10
EURUSD,2023-02-15 13:30:00+00:00,12,valid_not_selected,,bls_cpi_2023-05-10
GBPUSD,2023-05-03 13:30:00+00:00,1,selected,,bls_cpi_2023-05-10
GBPUSD,2023-04-26 13:30:00+00:00,2,rejected,quote absent/nonpositive,bls_cpi_2023-05-10
GBPUSD,2023-04-19 13:30:00+00:00,3,selected,,bls_cpi_2023-05-10
GBPUSD,2023-04-12 13:30:00+00:00,4,rejected,BLS CPI/employment date,bls_cpi_2023-05-10
GBPUSD,2023-04-05 13:30:00+00:00,5,rejected,quote absent/nonpositive,bls_cpi_2023-05-10
GBPUSD,2023-03-29 13:30:00+00:00,6,rejected,quote absent/nonpositive,bls_cpi_2023-05-10
GBPUSD,2023-03-22 13:30:00+00:00,7,selected,,bls_cpi_2023-05-10
GBPUSD,2023-03-15 13:30:00+00:00,8,rejected,quote absent/nonpositive,bls_cpi_2023-05-10
GBPUSD,2023-03-08 13:30:00+00:00,9,rejected,quote absent/nonpositive,bls_cpi_2023-05-10
GBPUSD,2023-03-01 13:30:00+00:00,10,selected,,bls_cpi_2023-05-10
GBPUSD,2023-02-22 13:30:00+00:00,11,rejected,quote absent/nonpositive,bls_cpi_2023-05-10
GBPUSD,2023-02-15 13:30:00+00:00,12,valid_not_selected,,bls_cpi_2023-05-10
GBPUSD,2023-05-10 13:30:00+00:00,0,event_rejected,quote absent/nonpositive,bls_cpi_2023-05-10
AUDUSD,2023-05-03 13:30:00+00:00,1,rejected,quote absent/nonpositive,bls_cpi_2023-05-10
AUDUSD,2023-04-26 13:30:00+00:00,2,selected,,bls_cpi_2023-05-10
AUDUSD,2023-04-19 13:30:00+00:00,3,rejected,quote absent/nonpositive,bls_cpi_2023-05-10
AUDUSD,2023-04-12 13:30:00+00:00,4,rejected,BLS CPI/employment date,bls_cpi_2023-05-10
AUDUSD,2023-04-05 13:30:00+00:00,5,selected,,bls_cpi_2023-05-10
AUDUSD,2023-03-29 13:30:00+00:00,6,selected,,bls_cpi_2023-05-10
AUDUSD,2023-03-22 13:30:00+00:00,7,selected,,bls_cpi_2023-05-10
AUDUSD,2023-03-15 13:30:00+00:00,8,valid_not_selected,,bls_cpi_2023-05-10
AUDUSD,2023-03-08 13:30:00+00:00,9,rejected,quote absent/nonpositive,bls_cpi_2023-05-10
AUDUSD,2023-03-01 13:30:00+00:00,10,rejected,quote absent/nonpositive,bls_cpi_2023-05-10
AUDUSD,2023-02-22 13:30:00+00:00,11,valid_not_selected,,bls_cpi_2023-05-10
AUDUSD,2023-02-15 13:30:00+00:00,12,valid_not_selected,,bls_cpi_2023-05-10
NZDUSD,2023-05-03 13:30:00+00:00,1,selected,,bls_cpi_2023-05-10
NZDUSD,2023-04-26 13:30:00+00:00,2,rejected,quote absent/nonpositive,bls_cpi_2023-05-10
NZDUSD,2023-04-19 13:30:00+00:00,3,rejected,quote absent/nonpositive,bls_cpi_2023-05-10
NZDUSD,2023-04-12 13:30:00+00:00,4,rejected,BLS CPI/employment date,bls_cpi_2023-05-10
NZDUSD,2023-04-05 13:30:00+00:00,5,rejected,quote absent/nonpositive,bls_cpi_2023-05-10
NZDUSD,2023-03-29 13:30:00+00:00,6,rejected,quote absent/nonpositive,bls_cpi_2023-05-10
NZDUSD,2023-03-22 13:30:00+00:00,7,selected,,bls_cpi_2023-05-10
NZDUSD,2023-03-15 13:30:00+00:00,8,selected,,bls_cpi_2023-05-10
NZDUSD,2023-03-08 13:30:00+00:00,9,selected,,bls_cpi_2023-05-10
NZDUSD,2023-03-01 13:30:00+00:00,10,rejected,quote absent/nonpositive,bls_cpi_2023-05-10
NZDUSD,2023-02-22 13:30:00+00:00,11,rejected,quote absent/nonpositive,bls_cpi_2023-05-10
NZDUSD,2023-02-15 13:30:00+00:00,12,valid_not_selected,,bls_cpi_2023-05-10
NZDUSD,2023-05-10 13:30:00+00:00,0,event_rejected,quote absent/nonpositive,bls_cpi_2023-05-10
USDJPY,2023-05-03 13:30:00+00:00,1,selected,,bls_cpi_2023-05-10
USDJPY,2023-04-26 13:30:00+00:00,2,rejected,quote absent/nonpositive,bls_cpi_2023-05-10
USDJPY,2023-04-19 13:30:00+00:00,3,rejected,quote absent/nonpositive,bls_cpi_2023-05-10
USDJPY,2023-04-12 13:30:00+00:00,4,rejected,BLS CPI/employment date,bls_cpi_2023-05-10
USDJPY,2023-04-05 13:30:00+00:00,5,rejected,quote absent/nonpositive,bls_cpi_2023-05-10
USDJPY,2023-03-29 13:30:00+00:00,6,selected,,bls_cpi_2023-05-10
USDJPY,2023-03-22 13:30:00+00:00,7,rejected,quote absent/nonpositive,bls_cpi_2023-05-10
USDJPY,2023-03-15 13:30:00+00:00,8,rejected,quote absent/nonpositive,bls_cpi_2023-05-10
USDJPY,2023-03-08 13:30:00+00:00,9,selected,,bls_cpi_2023-05-10
USDJPY,2023-03-01 13:30:00+00:00,10,selected,,bls_cpi_2023-05-10
USDJPY,2023-02-22 13:30:00+00:00,11,valid_not_selected,,bls_cpi_2023-05-10
USDJPY,2023-02-15 13:30:00+00:00,12,valid_not_selected,,bls_cpi_2023-05-10
USDCHF,2023-05-03 13:30:00+00:00,1,rejected,quote absent/nonpositive,bls_cpi_2023-05-10
USDCHF,2023-04-26 13:30:00+00:00,2,selected,,bls_cpi_2023-05-10
USDCHF,2023-04-19 13:30:00+00:00,3,rejected,quote absent/nonpositive,bls_cpi_2023-05-10
USDCHF,2023-04-12 13:30:00+00:00,4,rejected,BLS CPI/employment date,bls_cpi_2023-05-10
USDCHF,2023-04-05 13:30:00+00:00,5,rejected,quote absent/nonpositive,bls_cpi_2023-05-10
USDCHF,2023-03-29 13:30:00+00:00,6,rejected,quote absent/nonpositive,bls_cpi_2023-05-10
USDCHF,2023-03-22 13:30:00+00:00,7,rejected,quote absent/nonpositive,bls_cpi_2023-05-10
USDCHF,2023-03-15 13:30:00+00:00,8,rejected,quote absent/nonpositive,bls_cpi_2023-05-10
USDCHF,2023-03-08 13:30:00+00:00,9,selected,,bls_cpi_2023-05-10
USDCHF,2023-03-01 13:30:00+00:00,10,rejected,quote absent/nonpositive,bls_cpi_2023-05-10
USDCHF,2023-02-22 13:30:00+00:00,11,rejected,quote absent/nonpositive,bls_cpi_2023-05-10
USDCHF,2023-02-15 13:30:00+00:00,12,selected,,bls_cpi_2023-05-10
USDCHF,2023-05-10 13:30:00+00:00,0,event_rejected,only 3 controls,bls_cpi_2023-05-10
USDCAD,2023-05-03 13:30:00+00:00,1,selected,,bls_cpi_2023-05-10
USDCAD,2023-04-26 13:30:00+00:00,2,rejected,quote absent/nonpositive,bls_cpi_2023-05-10
USDCAD,2023-04-19 13:30:00+00:00,3,rejected,quote absent/nonpositive,bls_cpi_2023-05-10
USDCAD,2023-04-12 13:30:00+00:00,4,rejected,BLS CPI/employment date,bls_cpi_2023-05-10
USDCAD,2023-04-05 13:30:00+00:00,5,selected,,bls_cpi_2023-05-10
USDCAD,2023-03-29 13:30:00+00:00,6,selected,,bls_cpi_2023-05-10
USDCAD,2023-03-22 13:30:00+00:00,7,selected,,bls_cpi_2023-05-10
USDCAD,2023-03-15 13:30:00+00:00,8,rejected,quote absent/nonpositive,bls_cpi_2023-05-10
USDCAD,2023-03-08 13:30:00+00:00,9,valid_not_selected,,bls_cpi_2023-05-10
USDCAD,2023-03-01 13:30:00+00:00,10,rejected,quote absent/nonpositive,bls_cpi_2023-05-10
USDCAD,2023-02-22 13:30:00+00:00,11,valid_not_selected,,bls_cpi_2023-05-10
USDCAD,2023-02-15 13:30:00+00:00,12,valid_not_selected,,bls_cpi_2023-05-10
EURJPY,2023-05-03 13:30:00+00:00,1,selected,,bls_cpi_2023-05-10
EURJPY,2023-04-26 13:30:00+00:00,2,selected,,bls_cpi_2023-05-10
EURJPY,2023-04-19 13:30:00+00:00,3,rejected,quote absent/nonpositive,bls_cpi_2023-05-10
EURJPY,2023-04-12 13:30:00+00:00,4,rejected,BLS CPI/employment date,bls_cpi_2023-05-10
EURJPY,2023-04-05 13:30:00+00:00,5,rejected,quote absent/nonpositive,bls_cpi_2023-05-10
EURJPY,2023-03-29 13:30:00+00:00,6,selected,,bls_cpi_2023-05-10
EURJPY,2023-03-22 13:30:00+00:00,7,selected,,bls_cpi_2023-05-10
EURJPY,2023-03-15 13:30:00+00:00,8,valid_not_selected,,bls_cpi_2023-05-10
EURJPY,2023-03-08 13:30:00+00:00,9,rejected,quote absent/nonpositive,bls_cpi_2023-05-10
EURJPY,2023-03-01 13:30:00+00:00,10,valid_not_selected,,bls_cpi_2023-05-10
EURJPY,2023-02-22 13:30:00+00:00,11,valid_not_selected,,bls_cpi_2023-05-10
EURJPY,2023-02-15 13:30:00+00:00,12,valid_not_selected,,bls_cpi_2023-05-10
EURJPY,2023-05-10 13:30:00+00:00,0,event_rejected,quote absent/nonpositive,bls_cpi_2023-05-10
XAUUSD,2023-05-03 13:30:00+00:00,1,selected,,bls_cpi_2023-05-10
XAUUSD,2023-04-26 13:30:00+00:00,2,rejected,quote absent/nonpositive,bls_cpi_2023-05-10
XAUUSD,2023-04-19 13:30:00+00:00,3,rejected,quote absent/nonpositive,bls_cpi_2023-05-10
XAUUSD,2023-04-12 13:30:00+00:00,4,rejected,BLS CPI/employment date,bls_cpi_2023-05-10
XAUUSD,2023-04-05 13:30:00+00:00,5,selected,,bls_cpi_2023-05-10
XAUUSD,2023-03-29 13:30:00+00:00,6,rejected,quote absent/nonpositive,bls_cpi_2023-05-10
XAUUSD,2023-03-22 13:30:00+00:00,7,rejected,quote absent/nonpositive,bls_cpi_2023-05-10
XAUUSD,2023-03-15 13:30:00+00:00,8,rejected,quote absent/nonpositive,bls_cpi_2023-05-10
XAUUSD,2023-03-08 13:30:00+00:00,9,selected,,bls_cpi_2023-05-10
XAUUSD,2023-03-01 13:30:00+00:00,10,selected,,bls_cpi_2023-05-10
XAUUSD,2023-02-22 13:30:00+00:00,11,rejected,quote absent/nonpositive,bls_cpi_2023-05-10
XAUUSD,2023-02-15 13:30:00+00:00,12,valid_not_selected,,bls_cpi_2023-05-10
XAGUSD,2023-05-03 13:30:00+00:00,1,rejected,quote absent/nonpositive,bls_cpi_2023-05-10
XAGUSD,2023-04-26 13:30:00+00:00,2,selected,,bls_cpi_2023-05-10
XAGUSD,2023-04-19 13:30:00+00:00,3,rejected,quote absent/nonpositive,bls_cpi_2023-05-10
XAGUSD,2023-04-12 13:30:00+00:00,4,rejected,BLS CPI/employment date,bls_cpi_2023-05-10
XAGUSD,2023-04-05 13:30:00+00:00,5,rejected,quote absent/nonpositive,bls_cpi_2023-05-10
XAGUSD,2023-03-29 13:30:00+00:00,6,selected,,bls_cpi_2023-05-10
XAGUSD,2023-03-22 13:30:00+00:00,7,rejected,quote absent/nonpositive,bls_cpi_2023-05-10
XAGUSD,2023-03-15 13:30:00+00:00,8,rejected,quote absent/nonpositive,bls_cpi_2023-05-10
XAGUSD,2023-03-08 13:30:00+00:00,9,rejected,quote absent/nonpositive,bls_cpi_2023-05-10
XAGUSD,2023-03-01 13:30:00+00:00,10,selected,,bls_cpi_2023-05-10
XAGUSD,2023-02-22 13:30:00+00:00,11,selected,,bls_cpi_2023-05-10
XAGUSD,2023-02-15 13:30:00+00:00,12,valid_not_selected,,bls_cpi_2023-05-10
SPXUSD,2023-05-03 13:30:00+00:00,1,rejected,quote absent/nonpositive,bls_cpi_2023-05-10
SPXUSD,2023-04-26 13:30:00+00:00,2,rejected,quote absent/nonpositive,bls_cpi_2023-05-10
SPXUSD,2023-04-19 13:30:00+00:00,3,rejected,quote absent/nonpositive,bls_cpi_2023-05-10
SPXUSD,2023-04-12 13:30:00+00:00,4,rejected,BLS CPI/employment date,bls_cpi_2023-05-10
SPXUSD,2023-04-05 13:30:00+00:00,5,selected,,bls_cpi_2023-05-10
SPXUSD,2023-03-29 13:30:00+00:00,6,selected,,bls_cpi_2023-05-10
SPXUSD,2023-03-22 13:30:00+00:00,7,selected,,bls_cpi_2023-05-10
SPXUSD,2023-03-15 13:30:00+00:00,8,rejected,quote absent/nonpositive,bls_cpi_2023-05-10
SPXUSD,2023-03-08 13:30:00+00:00,9,selected,,bls_cpi_2023-05-10
SPXUSD,2023-03-01 13:30:00+00:00,10,rejected,quote absent/nonpositive,bls_cpi_2023-05-10
SPXUSD,2023-02-22 13:30:00+00:00,11,rejected,quote absent/nonpositive,bls_cpi_2023-05-10
SPXUSD,2023-02-15 13:30:00+00:00,12,valid_not_selected,,bls_cpi_2023-05-10
NSXUSD,2023-05-03 13:30:00+00:00,1,rejected,quote absent/nonpositive,bls_cpi_2023-05-10
NSXUSD,2023-04-26 13:30:00+00:00,2,selected,,bls_cpi_2023-05-10
NSXUSD,2023-04-19 13:30:00+00:00,3,rejected,quote absent/nonpositive,bls_cpi_2023-05-10
NSXUSD,2023-04-12 13:30:00+00:00,4,rejected,BLS CPI/employment date,bls_cpi_2023-05-10
NSXUSD,2023-04-05 13:30:00+00:00,5,rejected,quote absent/nonpositive,bls_cpi_2023-05-10
NSXUSD,2023-03-29 13:30:00+00:00,6,selected,,bls_cpi_2023-05-10
NSXUSD,2023-03-22 13:30:00+00:00,7,rejected,quote absent/nonpositive,bls_cpi_2023-05-10
NSXUSD,2023-03-15 13:30:00+00:00,8,rejected,quote absent/nonpositive,bls_cpi_2023-05-10
NSXUSD,2023-03-08 13:30:00+00:00,9,rejected,quote absent/nonpositive,bls_cpi_2023-05-10
NSXUSD,2023-03-01 13:30:00+00:00,10,rejected,quote absent/nonpositive,bls_cpi_2023-05-10
NSXUSD,2023-02-22 13:30:00+00:00,11,rejected,quote absent/nonpositive,bls_cpi_2023-05-10
NSXUSD,2023-02-15 13:30:00+00:00,12,selected,,bls_cpi_2023-05-10
NSXUSD,2023-05-10 13:30:00+00:00,0,event_rejected,quote absent/nonpositive,bls_cpi_2023-05-10
GRXEUR,2023-05-03 13:30:00+00:00,1,selected,,bls_cpi_2023-05-10
GRXEUR,2023-04-26 13:30:00+00:00,2,rejected,quote absent/nonpositive,bls_cpi_2023-05-10
GRXEUR,2023-04-19 13:30:00+00:00,3,rejected,quote absent/nonpositive,bls_cpi_2023-05-10
GRXEUR,2023-04-12 13:30:00+00:00,4,rejected,BLS CPI/employment date,bls_cpi_2023-05-10
GRXEUR,2023-04-05 13:30:00+00:00,5,selected,,bls_cpi_2023-05-10
GRXEUR,2023-03-29 13:30:00+00:00,6,rejected,quote absent/nonpositive,bls_cpi_2023-05-10
GRXEUR,2023-03-22 13:30:00+00:00,7,rejected,quote absent/nonpositive,bls_cpi_2023-05-10
GRXEUR,2023-03-15 13:30:00+00:00,8,rejected,quote absent/nonpositive,bls_cpi_2023-05-10
GRXEUR,2023-03-08 13:30:00+00:00,9,selected,,bls_cpi_2023-05-10
GRXEUR,2023-03-01 13:30:00+00:00,10,rejected,quote absent/nonpositive,bls_cpi_2023-05-10
GRXEUR,2023-02-22 13:30:00+00:00,11,selected,,bls_cpi_2023-05-10
GRXEUR,2023-02-15 13:30:00+00:00,12,valid_not_selected,,bls_cpi_2023-05-10
GRXEUR,2023-05-10 13:30:00+00:00,0,event_rejected,quote absent/nonpositive,bls_cpi_2023-05-10
UKXGBP,2023-05-03 13:30:00+00:00,1,rejected,quote absent/nonpositive,bls_cpi_2023-05-10
UKXGBP,2023-04-26 13:30:00+00:00,2,selected,,bls_cpi_2023-05-10
UKXGBP,2023-04-19 13:30:00+00:00,3,selected,,bls_cpi_2023-05-10
UKXGBP,2023-04-12 13:30:00+00:00,4,rejected,BLS CPI/employment date,bls_cpi_2023-05-10
UKXGBP,2023-04-05 13:30:00+00:00,5,rejected,quote absent/nonpositive,bls_cpi_2023-05-10
UKXGBP,2023-03-29 13:30:00+00:00,6,selected,,bls_cpi_2023-05-10
UKXGBP,2023-03-22 13:30:00+00:00,7,rejected,quote absent/nonpositive,bls_cpi_2023-05-10
UKXGBP,2023-03-15 13:30:00+00:00,8,selected,,bls_cpi_2023-05-10
UKXGBP,2023-03-08 13:30:00+00:00,9,valid_not_selected,,bls_cpi_2023-05-10
UKXGBP,2023-03-01 13:30:00+00:00,10,rejected,quote absent/nonpositive,bls_cpi_2023-05-10
UKXGBP,2023-02-22 13:30:00+00:00,11,valid_not_selected,,bls_cpi_2023-05-10
UKXGBP,2023-02-15 13:30:00+00:00,12,valid_not_selected,,bls_cpi_2023-05-10
UKXGBP,2023-05-10 13:30:00+00:00,0,event_rejected,quote absent/nonpositive,bls_cpi_2023-05-10
BCOUSD,2023-05-03 13:30:00+00:00,1,selected,,bls_cpi_2023-05-10
BCOUSD,2023-04-26 13:30:00+00:00,2,selected,,bls_cpi_2023-05-10
BCOUSD,2023-04-19 13:30:00+00:00,3,rejected,quote absent/nonpositive,bls_cpi_2023-05-10
BCOUSD,2023-04-12 13:30:00+00:00,4,rejected,BLS CPI/employment date,bls_cpi_2023-05-10
BCOUSD,2023-04-05 13:30:00+00:00,5,selected,,bls_cpi_2023-05-10
BCOUSD,2023-03-29 13:30:00+00:00,6,selected,,bls_cpi_2023-05-10
BCOUSD,2023-03-22 13:30:00+00:00,7,valid_not_selected,,bls_cpi_2023-05-10
BCOUSD,2023-03-15 13:30:00+00:00,8,valid_not_selected,,bls_cpi_2023-05-10
BCOUSD,2023-03-08 13:30:00+00:00,9,rejected,quote absent/nonpositive,bls_cpi_2023-05-10
BCOUSD,2023-03-01 13:30:00+00:00,10,rejected,quote absent/nonpositive,bls_cpi_2023-05-10
BCOUSD,2023-02-22 13:30:00+00:00,11,rejected,quote absent/nonpositive,bls_cpi_2023-05-10
BCOUSD,2023-02-15 13:30:00+00:00,12,valid_not_selected,,bls_cpi_2023-05-10
BCOUSD,2023-05-10 13:30:00+00:00,0,event_rejected,quote absent/nonpositive,bls_cpi_2023-05-10
EURUSD,2023-05-26 13:30:00+00:00,1,selected,,bls_employment_2023-06-02
EURUSD,2023-05-19 13:30:00+00:00,2,selected,,bls_employment_2023-06-02
EURUSD,2023-05-12 13:30:00+00:00,3,selected,,bls_employment_2023-06-02
EURUSD,2023-05-05 13:30:00+00:00,4,rejected,BLS CPI/employment date,bls_employment_2023-06-02
EURUSD,2023-04-28 13:30:00+00:00,5,rejected,quote absent/nonpositive,bls_employment_2023-06-02
EURUSD,2023-04-21 13:30:00+00:00,6,rejected,quote absent/nonpositive,bls_employment_2023-06-02
EURUSD,2023-04-14 13:30:00+00:00,7,rejected,quote absent/nonpositive,bls_employment_2023-06-02
EURUSD,2023-04-07 13:30:00+00:00,8,rejected,BLS CPI/employment date,bls_employment_2023-06-02
EURUSD,2023-03-31 13:30:00+00:00,9,selected,,bls_employment_2023-06-02
EURUSD,2023-03-24 13:30:00+00:00,10,rejected,quote absent/nonpositive,bls_employment_2023-06-02
EURUSD,2023-03-17 13:30:00+00:00,11,rejected,quote absent/nonpositive,bls_employment_2023-06-02
EURUSD,2023-03-10 13:30:00+00:00,12,rejected,BLS CPI/employment date,bls_employment_2023-06-02
EURUSD,2023-06-02 13:30:00+00:00,0,event_rejected,quote absent/nonpositive,bls_employment_2023-06-02
GBPUSD,2023-05-26 13:30:00+00:00,1,rejected,quote absent/nonpositive,bls_employment_2023-06-02
GBPUSD,2023-05-19 13:30:00+00:00,2,selected,,bls_employment_2023-06-02
GBPUSD,2023-05-12 13:30:00+00:00,3,rejected,quote absent/nonpositive,bls_employment_2023-06-02
GBPUSD,2023-05-05 13:30:00+00:00,4,rejected,BLS CPI/employment date,bls_employment_2023-06-02
GBPUSD,2023-04-28 13:30:00+00:00,5,selected,,bls_employment_2023-06-02
GBPUSD,2023-04-21 13:30:00+00:00,6,rejected,quote absent/nonpositive,bls_employment_2023-06-02
GBPUSD,2023-04-14 13:30:00+00:00,7,rejected,quote absent/nonpositive,bls_employment_2023-06-02
GBPUSD,2023-04-07 13:30:00+00:00,8,rejected,BLS CPI/employment date,bls_employment_2023-06-02
GBPUSD,2023-03-31 13:30:00+00:00,9,rejected,quote absent/nonpositive,bls_employment_2023-06-02
GBPUSD,2023-03-24 13:30:00+00:00,10,selected,,bls_employment_2023-06-02
GBPUSD,2023-03-17 13:30:00+00:00,11,selected,,bls_employment_2023-06-02
GBPUSD,2023-03-10 13:30:00+00:00,12,rejected,BLS CPI/employment date,bls_employment_2023-06-02
GBPUSD,2023-06-02 13:30:00+00:00,0,event_rejected,quote absent/nonpositive,bls_employment_2023-06-02
AUDUSD,2023-05-26 13:30:00+00:00,1,selected,,bls_employment_2023-06-02
AUDUSD,2023-05-19 13:30:00+00:00,2,rejected,quote absent/nonpositive,bls_employment_2023-06-02
AUDUSD,2023-05-12 13:30:00+00:00,3,selected,,bls_employment_2023-06-02
AUDUSD,2023-05-05 13:30:00+00:00,4,rejected,BLS CPI/employment date,bls_employment_2023-06-02
AUDUSD,2023-04-28 13:30:00+00:00,5,selected,,bls_employment_2023-06-02
AUDUSD,2023-04-21 13:30:00+00:00,6,selected,,bls_employment_2023-06-02
AUDUSD,2023-04-14 13:30:00+00:00,7,valid_not_selected,,bls_employment_2023-06-02
AUDUSD,2023-04-07 13:30:00+00:00,8,rejected,BLS CPI/employment date,bls_employment_2023-06-02
AUDUSD,2023-03-31 13:30:00+00:00,9,valid_not_selected,,bls_employment_2023-06-02
AUDUSD,2023-03-24 13:30:00+00:00,10,rejected,quote absent/nonpositive,bls_employment_2023-06-02
AUDUSD,2023-03-17 13:30:00+00:00,11,rejected,quote absent/nonpositive,bls_employment_2023-06-02
AUDUSD,2023-03-10 13:30:00+00:00,12,rejected,BLS CPI/employment date,bls_employment_2023-06-02
NZDUSD,2023-05-26 13:30:00+00:00,1,selected,,bls_employment_2023-06-02
NZDUSD,2023-05-19 13:30:00+00:00,2,selected,,bls_employment_2023-06-02
NZDUSD,2023-05-12 13:30:00+00:00,3,rejected,quote absent/nonpositive,bls_employment_2023-06-02
NZDUSD,2023-05-05 13:30:00+00:00,4,rejected,BLS CPI/employment date,bls_employment_2023-06-02
NZDUSD,2023-04-28 13:30:00+00:00,5,selected,,bls_employment_2023-06-02
NZDUSD,2023-04-21 13:30:00+00:00,6,selected,,bls_employment_2023-06-02
NZDUSD,2023-04-14 13:30:00+00:00,7,valid_not_selected,,bls_employment_2023-06-02
NZDUSD,2023-04-07 13:30:00+00:00,8,rejected,BLS CPI/employment date,bls_employment_2023-06-02
NZDUSD,2023-03-31 13:30:00+00:00,9,valid_not_selected,,bls_employment_2023-06-02
NZDUSD,2023-03-24 13:30:00+00:00,10,rejected,quote absent/nonpositive,bls_employment_2023-06-02
NZDUSD,2023-03-17 13:30:00+00:00,11,rejected,quote absent/nonpositive,bls_employment_2023-06-02
NZDUSD,2023-03-10 13:30:00+00:00,12,rejected,BLS CPI/employment date,bls_employment_2023-06-02
NZDUSD,2023-06-02 13:30:00+00:00,0,event_rejected,quote absent/nonpositive,bls_employment_2023-06-02
USDJPY,2023-05-26 13:30:00+00:00,1,rejected,quote absent/nonpositive,bls_employment_2023-06-02
USDJPY,2023-05-19 13:30:00+00:00,2,rejected,quote absent/nonpositive,bls_employment_2023-06-02
USDJPY,2023-05-12 13:30:00+00:00,3,rejected,quote absent/nonpositive,bls_employment_2023-06-02
USDJPY,2023-05-05 13:30:00+00:00,4,rejected,BLS CPI/employment date,bls_employment_2023-06-02
USDJPY,2023-04-28 13:30:00+00:00,5,rejected,quote absent/nonpositive,bls_employment_2023-06-02
USDJPY,2023-04-21 13:30:00+00:00,6,rejected,quote absent/nonpositive,bls_employment_2023-06-02
USDJPY,2023-04-14 13:30:00+00:00,7,rejected,quote absent/nonpositive,bls_employment_2023-06-02
USDJPY,2023-04-07 13:30:00+00:00,8,rejected,BLS CPI/employment date,bls_employment_2023-06-02
USDJPY,2023-03-31 13:30:00+00:00,9,selected,,bls_employment_2023-06-02
USDJPY,2023-03-24 13:30:00+00:00,10,selected,,bls_employment_2023-06-02
USDJPY,2023-03-17 13:30:00+00:00,11,rejected,quote absent/nonpositive,bls_employment_2023-06-02
USDJPY,2023-03-10 13:30:00+00:00,12,rejected,BLS CPI/employment date,bls_employment_2023-06-02
USDJPY,2023-06-02 13:30:00+00:00,0,event_rejected,only 2 controls,bls_employment_2023-06-02
USDCHF,2023-05-26 13:30:00+00:00,1,selected,,bls_employment_2023-06-02
USDCHF,2023-05-19 13:30:00+00:00,2,rejected,quote absent/nonpositive,bls_employment_2023-06-02
USDCHF,2023-05-12 13:30:00+00:00,3,rejected,quote absent/nonpositive,bls_employment_2023-06-02
USDCHF,2023-05-05 13:30:00+00:00,4,rejected,BLS CPI/employment date,bls_employment_2023-06-02
USDCHF,2023-04-28 13:30:00+00:00,5,rejected,quote absent/nonpositive,bls_employment_2023-06-02
USDCHF,2023-04-21 13:30:00+00:00,6,rejected,quote absent/nonpositive,bls_employment_2023-06-02
USDCHF,2023-04-14 13:30:00+00:00,7,selected,,bls_employment_2023-06-02
USDCHF,2023-04-07 13:30:00+00:00,8,rejected,BLS CPI/employment date,bls_employment_2023-06-02
USDCHF,2023-03-31 13:30:00+00:00,9,selected,,bls_employment_2023-06-02
USDCHF,2023-03-24 13:30:00+00:00,10,rejected,quote absent/nonpositive,bls_employment_2023-06-02
USDCHF,2023-03-17 13:30:00+00:00,11,rejected,quote absent/nonpositive,bls_employment_2023-06-02
USDCHF,2023-03-10 13:30:00+00:00,12,rejected,BLS CPI/employment date,bls_employment_2023-06-02
USDCHF,2023-06-02 13:30:00+00:00,0,event_rejected,quote absent/nonpositive,bls_employment_2023-06-02
USDCAD,2023-05-26 13:30:00+00:00,1,rejected,quote absent/nonpositive,bls_employment_2023-06-02
USDCAD,2023-05-19 13:30:00+00:00,2,rejected,quote absent/nonpositive,bls_employment_2023-06-02
USDCAD,2023-05-12 13:30:00+00:00,3,selected,,bls_employment_2023-06-02
USDCAD,2023-05-05 13:30:00+00:00,4,rejected,BLS CPI/employment date,bls_employment_2023-06-02
USDCAD,2023-04-28 13:30:00+00:00,5,selected,,bls_employment_2023-06-02
USDCAD,2023-04-21 13:30:00+00:00,6,selected,,bls_employment_2023-06-02
USDCAD,2023-04-14 13:30:00+00:00,7,selected,,bls_employment_2023-06-02
USDCAD,2023-04-07 13:30:00+00:00,8,rejected,BLS CPI/employment date,bls_employment_2023-06-02
USDCAD,2023-03-31 13:30:00+00:00,9,valid_not_selected,,bls_employment_2023-06-02
USDCAD,2023-03-24 13:30:00+00:00,10,valid_not_selected,,bls_employment_2023-06-02
USDCAD,2023-03-17 13:30:00+00:00,11,valid_not_selected,,bls_employment_2023-06-02
USDCAD,2023-03-10 13:30:00+00:00,12,rejected,BLS CPI/employment date,bls_employment_2023-06-02
EURJPY,2023-05-26 13:30:00+00:00,1,rejected,quote absent/nonpositive,bls_employment_2023-06-02
EURJPY,2023-05-19 13:30:00+00:00,2,selected,,bls_employment_2023-06-02
EURJPY,2023-05-12 13:30:00+00:00,3,selected,,bls_employment_2023-06-02
EURJPY,2023-05-05 13:30:00+00:00,4,rejected,BLS CPI/employment date,bls_employment_2023-06-02
EURJPY,2023-04-28 13:30:00+00:00,5,rejected,quote absent/nonpositive,bls_employment_2023-06-02
EURJPY,2023-04-21 13:30:00+00:00,6,selected,,bls_employment_2023-06-02
EURJPY,2023-04-14 13:30:00+00:00,7,rejected,quote absent/nonpositive,bls_employment_2023-06-02
EURJPY,2023-04-07 13:30:00+00:00,8,rejected,BLS CPI/employment date,bls_employment_2023-06-02
EURJPY,2023-03-31 13:30:00+00:00,9,rejected,quote absent/nonpositive,bls_employment_2023-06-02
EURJPY,2023-03-24 13:30:00+00:00,10,selected,,bls_employment_2023-06-02
EURJPY,2023-03-17 13:30:00+00:00,11,valid_not_selected,,bls_employment_2023-06-02
EURJPY,2023-03-10 13:30:00+00:00,12,rejected,BLS CPI/employment date,bls_employment_2023-06-02
EURJPY,2023-06-02 13:30:00+00:00,0,event_rejected,quote absent/nonpositive,bls_employment_2023-06-02
XAUUSD,2023-05-26 13:30:00+00:00,1,rejected,quote absent/nonpositive,bls_employment_2023-06-02
XAUUSD,2023-05-19 13:30:00+00:00,2,rejected,quote absent/nonpositive,bls_employment_2023-06-02
XAUUSD,2023-05-12 13:30:00+00:00,3,selected,,bls_employment_2023-06-02
XAUUSD,2023-05-05 13:30:00+00:00,4,rejected,BLS CPI/employment date,bls_employment_2023-06-02
XAUUSD,2023-04-28 13:30:00+00:00,5,selected,,bls_employment_2023-06-02
XAUUSD,2023-04-21 13:30:00+00:00,6,selected,,bls_employment_2023-06-02
XAUUSD,2023-04-14 13:30:00+00:00,7,selected,,bls_employment_2023-06-02
XAUUSD,2023-04-07 13:30:00+00:00,8,rejected,BLS CPI/employment date,bls_employment_2023-06-02
XAUUSD,2023-03-31 13:30:00+00:00,9,valid_not_selected,,bls_employment_2023-06-02
XAUUSD,2023-03-24 13:30:00+00:00,10,rejected,quote absent/nonpositive,bls_employment_2023-06-02
XAUUSD,2023-03-17 13:30:00+00:00,11,valid_not_selected,,bls_employment_2023-06-02
XAUUSD,2023-03-10 13:30:00+00:00,12,rejected,BLS CPI/employment date,bls_employment_2023-06-02
XAUUSD,2023-06-02 13:30:00+00:00,0,event_rejected,quote absent/nonpositive,bls_employment_2023-06-02
XAGUSD,2023-05-26 13:30:00+00:00,1,selected,,bls_employment_2023-06-02
XAGUSD,2023-05-19 13:30:00+00:00,2,selected,,bls_employment_2023-06-02
XAGUSD,2023-05-12 13:30:00+00:00,3,selected,,bls_employment_2023-06-02
XAGUSD,2023-05-05 13:30:00+00:00,4,rejected,BLS CPI/employment date,bls_employment_2023-06-02
XAGUSD,2023-04-28 13:30:00+00:00,5,selected,,bls_employment_2023-06-02
XAGUSD,2023-04-21 13:30:00+00:00,6,rejected,quote absent/nonpositive,bls_employment_2023-06-02
XAGUSD,2023-04-14 13:30:00+00:00,7,rejected,quote absent/nonpositive,bls_employment_2023-06-02
XAGUSD,2023-04-07 13:30:00+00:00,8,rejected,BLS CPI/employment date,bls_employment_2023-06-02
XAGUSD,2023-03-31 13:30:00+00:00,9,rejected,quote absent/nonpositive,bls_employment_2023-06-02
XAGUSD,2023-03-24 13:30:00+00:00,10,rejected,quote absent/nonpositive,bls_employment_2023-06-02
XAGUSD,2023-03-17 13:30:00+00:00,11,rejected,quote absent/nonpositive,bls_employment_2023-06-02
XAGUSD,2023-03-10 13:30:00+00:00,12,rejected,BLS CPI/employment date,bls_employment_2023-06-02
XAGUSD,2023-06-02 13:30:00+00:00,0,event_rejected,quote absent/nonpositive,bls_employment_2023-06-02
SPXUSD,2023-05-26 13:30:00+00:00,1,rejected,quote absent/nonpositive,bls_employment_2023-06-02
SPXUSD,2023-05-19 13:30:00+00:00,2,selected,,bls_employment_2023-06-02
SPXUSD,2023-05-12 13:30:00+00:00,3,rejected,quote absent/nonpositive,bls_employment_2023-06-02
SPXUSD,2023-05-05 13:30:00+00:00,4,rejected,BLS CPI/employment date,bls_employment_2023-06-02
SPXUSD,2023-04-28 13:30:00+00:00,5,rejected,quote absent/nonpositive,bls_employment_2023-06-02
SPXUSD,2023-04-21 13:30:00+00:00,6,rejected,quote absent/nonpositive,bls_employment_2023-06-02
SPXUSD,2023-04-14 13:30:00+00:00,7,rejected,quote absent/nonpositive,bls_employment_2023-06-02
SPXUSD,2023-04-07 13:30:00+00:00,8,rejected,BLS CPI/employment date,bls_employment_2023-06-02
SPXUSD,2023-03-31 13:30:00+00:00,9,selected,,bls_employment_2023-06-02
SPXUSD,2023-03-24 13:30:00+00:00,10,selected,,bls_employment_2023-06-02
SPXUSD,2023-03-17 13:30:00+00:00,11,rejected,quote absent/nonpositive,bls_employment_2023-06-02
SPXUSD,2023-03-10 13:30:00+00:00,12,rejected,BLS CPI/employment date,bls_employment_2023-06-02
SPXUSD,2023-06-02 13:30:00+00:00,0,event_rejected,only 3 controls,bls_employment_2023-06-02
NSXUSD,2023-05-26 13:30:00+00:00,1,selected,,bls_employment_2023-06-02
NSXUSD,2023-05-19 13:30:00+00:00,2,selected,,bls_employment_2023-06-02
NSXUSD,2023-05-12 13:30:00+00:00,3,rejected,quote absent/nonpositive,bls_employment_2023-06-02
NSXUSD,2023-05-05 13:30:00+00:00,4,rejected,BLS CPI/employment date,bls_employment_2023-06-02
NSXUSD,2023-04-28 13:30:00+00:00,5,selected,,bls_employment_2023-06-02
NSXUSD,2023-04-21 13:30:00+00:00,6,selected,,bls_employment_2023-06-02
NSXUSD,2023-04-14 13:30:00+00:00,7,rejected,quote absent/nonpositive,bls_employment_2023-06-02
NSXUSD,2023-04-07 13:30:00+00:00,8,rejected,BLS CPI/employment date,bls_employment_2023-06-02
NSXUSD,2023-03-31 13:30:00+00:00,9,valid_not_selected,,bls_employment_2023-06-02
NSXUSD,2023-03-24 13:30:00+00:00,10,rejected,quote absent/nonpositive,bls_employment_2023-06-02
NSXUSD,2023-03-17 13:30:00+00:00,11,valid_not_selected,,bls_employment_2023-06-02
NSXUSD,2023-03-10 13:30:00+00:00,12,rejected,BLS CPI/employment date,bls_employment_2023-06-02
NSXUSD,2023-06-02 13:30:00+00:00,0,event_rejected,quote absent/nonpositive,bls_employment_2023-06-02
GRXEUR,2023-05-26 13:30:00+00:00,1,rejected,quote absent/nonpositive,bls_employment_2023-06-02
GRXEUR,2023-05-19 13:30:00+00:00,2,selected,,bls_employment_2023-06-02
GRXEUR,2023-05-12 13:30:00+00:00,3,rejected,quote absent/nonpositive,bls_employment_2023-06-02
GRXEUR,2023-05-05 13:30:00+00:00,4,rejected,BLS CPI/employment date,bls_employment_2023-06-02
GRXEUR,2023-04-28 13:30:00+00:00,5,rejected,quote absent/nonpositive,bls_employment_2023-06-02
GRXEUR,2023-04-21 13:30:00+00:00,6,selected,,bls_employment_2023-06-02
GRXEUR,2023-04-14 13:30:00+00:00,7,selected,,bls_employment_2023-06-02
GRXEUR,2023-04-07 13:30:00+00:00,8,rejected,BLS CPI/employment date,bls_employment_2023-06-02
GRXEUR,2023-03-31 13:30:00+00:00,9,selected,,bls_employment_2023-06-02
GRXEUR,2023-03-24 13:30:00+00:00,10,rejected,quote absent/nonpositive,bls_employment_2023-06-02
GRXEUR,2023-03-17 13:30:00+00:00,11,valid_not_selected,,bls_employment_2023-06-02
GRXEUR,2023-03-10 13:30:00+00:00,12,rejected,BLS CPI/employment date,bls_employment_2023-06-02
GRXEUR,2023-06-02 13:30:00+00:00,0,event_rejected,quote absent/nonpositive,bls_employment_2023-06-02
UKXGBP,2023-05-26 13:30:00+00:00,1,selected,,bls_employment_2023-06-02
UKXGBP,2023-05-19 13:30:00+00:00,2,selected,,bls_employment_2023-06-02
UKXGBP,2023-05-12 13:30:00+00:00,3,rejected,quote absent/nonpositive,bls_employment_2023-06-02
UKXGBP,2023-05-05 13:30:00+00:00,4,rejected,BLS CPI/employment date,bls_employment_2023-06-02
UKXGBP,2023-04-28 13:30:00+00:00,5,selected,,bls_employment_2023-06-02
UKXGBP,2023-04-21 13:30:00+00:00,6,rejected,quote absent/nonpositive,bls_employment_2023-06-02
UKXGBP,2023-04-14 13:30:00+00:00,7,rejected,quote absent/nonpositive,bls_employment_2023-06-02
UKXGBP,2023-04-07 13:30:00+00:00,8,rejected,BLS CPI/employment date,bls_employment_2023-06-02
UKXGBP,2023-03-31 13:30:00+00:00,9,selected,,bls_employment_2023-06-02
UKXGBP,2023-03-24 13:30:00+00:00,10,valid_not_selected,,bls_employment_2023-06-02
UKXGBP,2023-03-17 13:30:00+00:00,11,rejected,quote absent/nonpositive,bls_employment_2023-06-02
UKXGBP,2023-03-10 13:30:00+00:00,12,rejected,BLS CPI/employment date,bls_employment_2023-06-02
BCOUSD,2023-05-26 13:30:00+00:00,1,selected,,bls_employment_2023-06-02
BCOUSD,2023-05-19 13:30:00+00:00,2,rejected,quote absent/nonpositive,bls_employment_2023-06-02
BCOUSD,2023-05-12 13:30:00+00:00,3,selected,,bls_employment_2023-06-02
BCOUSD,2023-05-05 13:30:00+00:00,4,rejected,BLS CPI/employment date,bls_employment_2023-06-02
BCOUSD,2023-04-28 13:30:00+00:00,5,selected,,bls_employment_2023-06-02
BCOUSD,2023-04-21 13:30:00+00:00,6,rejected,quote absent/nonpositive,bls_employment_2023-06-02
BCOUSD,2023-04-14 13:30:00+00:00,7,selected,,bls_employment_2023-06-02
BCOUSD,2023-04-07 13:30:00+00:00,8,rejected,BLS CPI/employment date,bls_employment_2023-06-02
BCOUSD,2023-03-31 13:30:00+00:00,9,valid_not_selected,,bls_employment_2023-06-02
BCOUSD,2023-03-24 13:30:00+00:00,10,valid_not_selected,,bls_employment_2023-06-02
BCOUSD,2023-03-17 13:30:00+00:00,11,valid_not_selected,,bls_employment_2023-06-02
BCOUSD,2023-03-10 13:30:00+00:00,12,rejected,BLS CPI/employment date,bls_employment_2023-06-02
EURUSD,2023-06-06 13:30:00+00:00,1,selected,,bls_cpi_2023-06-13
EURUSD,2023-05-30 13:30:00+00:00,2,selected,,bls_cpi_2023-06-13
EURUSD,2023-05-23 13:30:00+00:00,3,selected,,bls_cpi_2023-06-13
EURUSD,2023-05-16 13:30:00+00:00,4,rejected,quote absent/nonpositive,bls_cpi_2023-06-13
EURUSD,2023-05-09 13:30:00+00:00,5,selected,,bls_cpi_2023-06-13
EURUSD,2023-05-02 13:30:00+00:00,6,rejected,quote absent/nonpositive,bls_cpi_2023-06-13
EURUSD,2023-04-25 13:30:00+00:00,7,rejected,quote absent/nonpositive,bls_cpi_2023-06-13
EURUSD,2023-04-18 13:30:00+00:00,8,valid_not_selected,,bls_cpi_2023-06-13
EURUSD,2023-04-11 13:30:00+00:00,9,valid_not_selected,,bls_cpi_2023-06-13
EURUSD,2023-04-04 13:30:00+00:00,10,valid_not_selected,,bls_cpi_2023-06-13
EURUSD,2023-03-28 13:30:00+00:00,11,rejected,quote absent/nonpositive,bls_cpi_2023-06-13
EURUSD,2023-03-21 13:30:00+00:00,12,rejected,quote absent/nonpositive,bls_cpi_2023-06-13
GBPUSD,2023-06-06 13:30:00+00:00,1,selected,,bls_cpi_2023-06-13
GBPUSD,2023-05-30 13:30:00+00:00,2,selected,,bls_cpi_2023-06-13
GBPUSD,2023-05-23 13:30:00+00:00,3,rejected,quote absent/nonpositive,bls_cpi_2023-06-13
GBPUSD,2023-05-16 13:30:00+00:00,4,rejected,quote absent/nonpositive,bls_cpi_2023-06-13
GBPUSD,2023-05-09 13:30:00+00:00,5,selected,,bls_cpi_2023-06-13
GBPUSD,2023-05-02 13:30:00+00:00,6,selected,,bls_cpi_2023-06-13
GBPUSD,2023-04-25 13:30:00+00:00,7,valid_not_selected,,bls_cpi_2023-06-13
GBPUSD,2023-04-18 13:30:00+00:00,8,rejected,quote absent/nonpositive,bls_cpi_2023-06-13
GBPUSD,2023-04-11 13:30:00+00:00,9,valid_not_selected,,bls_cpi_2023-06-13
GBPUSD,2023-04-04 13:30:00+00:00,10,valid_not_selected,,bls_cpi_2023-06-13
GBPUSD,2023-03-28 13:30:00+00:00,11,valid_not_selected,,bls_cpi_2023-06-13
GBPUSD,2023-03-21 13:30:00+00:00,12,valid_not_selected,,bls_cpi_2023-06-13
GBPUSD,2023-06-13 13:30:00+00:00,0,event_rejected,quote absent/nonpositive,bls_cpi_2023-06-13
AUDUSD,2023-06-06 13:30:00+00:00,1,selected,,bls_cpi_2023-06-13
AUDUSD,2023-05-30 13:30:00+00:00,2,selected,,bls_cpi_2023-06-13
AUDUSD,2023-05-23 13:30:00+00:00,3,rejected,quote absent/nonpositive,bls_cpi_2023-06-13
AUDUSD,2023-05-16 13:30:00+00:00,4,rejected,quote absent/nonpositive,bls_cpi_2023-06-13
AUDUSD,2023-05-09 13:30:00+00:00,5,selected,,bls_cpi_2023-06-13
AUDUSD,2023-05-02 13:30:00+00:00,6,rejected,quote absent/nonpositive,bls_cpi_2023-06-13
AUDUSD,2023-04-25 13:30:00+00:00,7,rejected,quote absent/nonpositive,bls_cpi_2023-06-13
AUDUSD,2023-04-18 13:30:00+00:00,8,selected,,bls_cpi_2023-06-13
AUDUSD,2023-04-11 13:30:00+00:00,9,rejected,quote absent/nonpositive,bls_cpi_2023-06-13
AUDUSD,2023-04-04 13:30:00+00:00,10,rejected,quote absent/nonpositive,bls_cpi_2023-06-13
AUDUSD,2023-03-28 13:30:00+00:00,11,valid_not_selected,,bls_cpi_2023-06-13
AUDUSD,2023-03-21 13:30:00+00:00,12,rejected,quote absent/nonpositive,bls_cpi_2023-06-13
NZDUSD,2023-06-06 13:30:00+00:00,1,selected,,bls_cpi_2023-06-13
NZDUSD,2023-05-30 13:30:00+00:00,2,rejected,quote absent/nonpositive,bls_cpi_2023-06-13
NZDUSD,2023-05-23 13:30:00+00:00,3,rejected,quote absent/nonpositive,bls_cpi_2023-06-13
NZDUSD,2023-05-16 13:30:00+00:00,4,rejected,quote absent/nonpositive,bls_cpi_2023-06-13
NZDUSD,2023-05-09 13:30:00+00:00,5,selected,,bls_cpi_2023-06-13
NZDUSD,2023-05-02 13:30:00+00:00,6,selected,,bls_cpi_2023-06-13
NZDUSD,2023-04-25 13:30:00+00:00,7,rejected,quote absent/nonpositive,bls_cpi_2023-06-13
NZDUSD,2023-04-18 13:30:00+00:00,8,selected,,bls_cpi_2023-06-13
NZDUSD,2023-04-11 13:30:00+00:00,9,rejected,quote absent/nonpositive,bls_cpi_2023-06-13
NZDUSD,2023-04-04 13:30:00+00:00,10,rejected,quote absent/nonpositive,bls_cpi_2023-06-13
NZDUSD,2023-03-28 13:30:00+00:00,11,rejected,quote absent/nonpositive,bls_cpi_2023-06-13
NZDUSD,2023-03-21 13:30:00+00:00,12,rejected,quote absent/nonpositive,bls_cpi_2023-06-13
USDJPY,2023-06-06 13:30:00+00:00,1,selected,,bls_cpi_2023-06-13
USDJPY,2023-05-30 13:30:00+00:00,2,rejected,quote absent/nonpositive,bls_cpi_2023-06-13
USDJPY,2023-05-23 13:30:00+00:00,3,selected,,bls_cpi_2023-06-13
USDJPY,2023-05-16 13:30:00+00:00,4,rejected,quote absent/nonpositive,bls_cpi_2023-06-13
USDJPY,2023-05-09 13:30:00+00:00,5,selected,,bls_cpi_2023-06-13
USDJPY,2023-05-02 13:30:00+00:00,6,selected,,bls_cpi_2023-06-13
USDJPY,2023-04-25 13:30:00+00:00,7,rejected,quote absent/nonpositive,bls_cpi_2023-06-13
USDJPY,2023-04-18 13:30:00+00:00,8,rejected,quote absent/nonpositive,bls_cpi_2023-06-13
USDJPY,2023-04-11 13:30:00+00:00,9,rejected,quote absent/nonpositive,bls_cpi_2023-06-13
USDJPY,2023-04-04 13:30:00+00:00,10,valid_not_selected,,bls_cpi_2023-06-13
USDJPY,2023-03-28 13:30:00+00:00,11,valid_not_selected,,bls_cpi_2023-06-13
USDJPY,2023-03-21 13:30:00+00:00,12,valid_not_selected,,bls_cpi_2023-06-13
USDCHF,2023-06-06 13:30:00+00:00,1,rejected,quote absent/nonpositive,bls_cpi_2023-06-13
USDCHF,2023-05-30 13:30:00+00:00,2,selected,,bls_cpi_2023-06-13
USDCHF,2023-05-23 13:30:00+00:00,3,selected,,bls_cpi_2023-06-13
USDCHF,2023-05-16 13:30:00+00:00,4,selected,,bls_cpi_2023-06-13
USDCHF,2023-05-09 13:30:00+00:00,5,selected,,bls_cpi_2023-06-13
USDCHF,2023-05-02 13:30:00+00:00,6,valid_not_selected,,bls_cpi_2023-06-13
USDCHF,2023-04-25 13:30:00+00:00,7,valid_not_selected,,bls_cpi_2023-06-13
USDCHF,2023-04-18 13:30:00+00:00,8,valid_not_selected,,bls_cpi_2023-06-13
USDCHF,2023-04-11 13:30:00+00:00,9,valid_not_selected,,bls_cpi_2023-06-13
USDCHF,2023-04-04 13:30:00+00:00,10,valid_not_selected,,bls_cpi_2023-06-13
USDCHF,2023-03-28 13:30:00+00:00,11,valid_not_selected,,bls_cpi_2023-06-13
USDCHF,2023-03-21 13:30:00+00:00,12,valid_not_selected,,bls_cpi_2023-06-13
USDCHF,2023-06-13 13:30:00+00:00,0,event_rejected,quote absent/nonpositive,bls_cpi_2023-06-13
USDCAD,2023-06-06 13:30:00+00:00,1,rejected,quote absent/nonpositive,bls_cpi_2023-06-13
USDCAD,2023-05-30 13:30:00+00:00,2,rejected,quote absent/nonpositive,bls_cpi_2023-06-13
USDCAD,2023-05-23 13:30:00+00:00,3,selected,,bls_cpi_2023-06-13
USDCAD,2023-05-16 13:30:00+00:00,4,rejected,quote absent/nonpositive,bls_cpi_2023-06-13
USDCAD,2023-05-09 13:30:00+00:00,5,selected,,bls_cpi_2023-06-13
USDCAD,2023-05-02 13:30:00+00:00,6,rejected,quote absent/nonpositive,bls_cpi_2023-06-13
USDCAD,2023-04-25 13:30:00+00:00,7,selected,,bls_cpi_2023-06-13
USDCAD,2023-04-18 13:30:00+00:00,8,selected,,bls_cpi_2023-06-13
USDCAD,2023-04-11 13:30:00+00:00,9,valid_not_selected,,bls_cpi_2023-06-13
USDCAD,2023-04-04 13:30:00+00:00,10,valid_not_selected,,bls_cpi_2023-06-13
USDCAD,2023-03-28 13:30:00+00:00,11,valid_not_selected,,bls_cpi_2023-06-13
USDCAD,2023-03-21 13:30:00+00:00,12,valid_not_selected,,bls_cpi_2023-06-13
USDCAD,2023-06-13 13:30:00+00:00,0,event_rejected,quote absent/nonpositive,bls_cpi_2023-06-13
EURJPY,2023-06-06 13:30:00+00:00,1,selected,,bls_cpi_2023-06-13
EURJPY,2023-05-30 13:30:00+00:00,2,selected,,bls_cpi_2023-06-13
EURJPY,2023-05-23 13:30:00+00:00,3,selected,,bls_cpi_2023-06-13
EURJPY,2023-05-16 13:30:00+00:00,4,selected,,bls_cpi_2023-06-13
EURJPY,2023-05-09 13:30:00+00:00,5,rejected,quote absent/nonpositive,bls_cpi_2023-06-13
EURJPY,2023-05-02 13:30:00+00:00,6,valid_not_selected,,bls_cpi_2023-06-13
EURJPY,2023-04-25 13:30:00+00:00,7,valid_not_selected,,bls_cpi_2023-06-13
EURJPY,2023-04-18 13:30:00+00:00,8,valid_not_selected,,bls_cpi_2023-06-13
EURJPY,2023-04-11 13:30:00+00:00,9,valid_not_selected,,bls_cpi_2023-06-13
EURJPY,2023-04-04 13:30:00+00:00,10,valid_not_selected,,bls_cpi_2023-06-13
EURJPY,2023-03-28 13:30:00+00:00,11,rejected,quote absent/nonpositive,bls_cpi_2023-06-13
EURJPY,2023-03-21 13:30:00+00:00,12,rejected,quote absent/nonpositive,bls_cpi_2023-06-13
EURJPY,2023-06-13 13:30:00+00:00,0,event_rejected,quote absent/nonpositive,bls_cpi_2023-06-13
XAUUSD,2023-06-06 13:30:00+00:00,1,rejected,quote absent/nonpositive,bls_cpi_2023-06-13
XAUUSD,2023-05-30 13:30:00+00:00,2,selected,,bls_cpi_2023-06-13
XAUUSD,2023-05-23 13:30:00+00:00,3,selected,,bls_cpi_2023-06-13
XAUUSD,2023-05-16 13:30:00+00:00,4,rejected,quote absent/nonpositive,bls_cpi_2023-06-13
XAUUSD,2023-05-09 13:30:00+00:00,5,rejected,quote absent/nonpositive,bls_cpi_2023-06-13
XAUUSD,2023-05-02 13:30:00+00:00,6,selected,,bls_cpi_2023-06-13
XAUUSD,2023-04-25 13:30:00+00:00,7,rejected,quote absent/nonpositive,bls_cpi_2023-06-13
XAUUSD,2023-04-18 13:30:00+00:00,8,rejected,quote absent/nonpositive,bls_cpi_2023-06-13
XAUUSD,2023-04-11 13:30:00+00:00,9,selected,,bls_cpi_2023-06-13
XAUUSD,2023-04-04 13:30:00+00:00,10,rejected,quote absent/nonpositive,bls_cpi_2023-06-13
XAUUSD,2023-03-28 13:30:00+00:00,11,valid_not_selected,,bls_cpi_2023-06-13
XAUUSD,2023-03-21 13:30:00+00:00,12,rejected,quote absent/nonpositive,bls_cpi_2023-06-13
XAUUSD,2023-06-13 13:30:00+00:00,0,event_rejected,quote absent/nonpositive,bls_cpi_2023-06-13
XAGUSD,2023-06-06 13:30:00+00:00,1,selected,,bls_cpi_2023-06-13
XAGUSD,2023-05-30 13:30:00+00:00,2,selected,,bls_cpi_2023-06-13
XAGUSD,2023-05-23 13:30:00+00:00,3,selected,,bls_cpi_2023-06-13
XAGUSD,2023-05-16 13:30:00+00:00,4,selected,,bls_cpi_2023-06-13
XAGUSD,2023-05-09 13:30:00+00:00,5,rejected,quote absent/nonpositive,bls_cpi_2023-06-13
XAGUSD,2023-05-02 13:30:00+00:00,6,valid_not_selected,,bls_cpi_2023-06-13
XAGUSD,2023-04-25 13:30:00+00:00,7,rejected,quote absent/nonpositive,bls_cpi_2023-06-13
XAGUSD,2023-04-18 13:30:00+00:00,8,valid_not_selected,,bls_cpi_2023-06-13
XAGUSD,2023-04-11 13:30:00+00:00,9,rejected,quote absent/nonpositive,bls_cpi_2023-06-13
XAGUSD,2023-04-04 13:30:00+00:00,10,rejected,quote absent/nonpositive,bls_cpi_2023-06-13
XAGUSD,2023-03-28 13:30:00+00:00,11,valid_not_selected,,bls_cpi_2023-06-13
XAGUSD,2023-03-21 13:30:00+00:00,12,valid_not_selected,,bls_cpi_2023-06-13
SPXUSD,2023-06-06 13:30:00+00:00,1,rejected,quote absent/nonpositive,bls_cpi_2023-06-13
SPXUSD,2023-05-30 13:30:00+00:00,2,selected,,bls_cpi_2023-06-13
SPXUSD,2023-05-23 13:30:00+00:00,3,selected,,bls_cpi_2023-06-13
SPXUSD,2023-05-16 13:30:00+00:00,4,rejected,quote absent/nonpositive,bls_cpi_2023-06-13
SPXUSD,2023-05-09 13:30:00+00:00,5,selected,,bls_cpi_2023-06-13
SPXUSD,2023-05-02 13:30:00+00:00,6,rejected,quote absent/nonpositive,bls_cpi_2023-06-13
SPXUSD,2023-04-25 13:30:00+00:00,7,rejected,quote absent/nonpositive,bls_cpi_2023-06-13
SPXUSD,2023-04-18 13:30:00+00:00,8,rejected,quote absent/nonpositive,bls_cpi_2023-06-13
SPXUSD,2023-04-11 13:30:00+00:00,9,selected,,bls_cpi_2023-06-13
SPXUSD,2023-04-04 13:30:00+00:00,10,valid_not_selected,,bls_cpi_2023-06-13
SPXUSD,2023-03-28 13:30:00+00:00,11,valid_not_selected,,bls_cpi_2023-06-13
SPXUSD,2023-03-21 13:30:00+00:00,12,valid_not_selected,,bls_cpi_2023-06-13
NSXUSD,2023-06-06 13:30:00+00:00,1,rejected,quote absent/nonpositive,bls_cpi_2023-06-13
NSXUSD,2023-05-30 13:30:00+00:00,2,rejected,quote absent/nonpositive,bls_cpi_2023-06-13
NSXUSD,2023-05-23 13:30:00+00:00,3,rejected,quote absent/nonpositive,bls_cpi_2023-06-13
NSXUSD,2023-05-16 13:30:00+00:00,4,selected,,bls_cpi_2023-06-13
NSXUSD,2023-05-09 13:30:00+00:00,5,rejected,quote absent/nonpositive,bls_cpi_2023-06-13
NSXUSD,2023-05-02 13:30:00+00:00,6,rejected,quote absent/nonpositive,bls_cpi_2023-06-13
NSXUSD,2023-04-25 13:30:00+00:00,7,rejected,quote absent/nonpositive,bls_cpi_2023-06-13
NSXUSD,2023-04-18 13:30:00+00:00,8,selected,,bls_cpi_2023-06-13
NSXUSD,2023-04-11 13:30:00+00:00,9,rejected,quote absent/nonpositive,bls_cpi_2023-06-13
NSXUSD,2023-04-04 13:30:00+00:00,10,selected,,bls_cpi_2023-06-13
NSXUSD,2023-03-28 13:30:00+00:00,11,selected,,bls_cpi_2023-06-13
NSXUSD,2023-03-21 13:30:00+00:00,12,rejected,quote absent/nonpositive,bls_cpi_2023-06-13
NSXUSD,2023-06-13 13:30:00+00:00,0,event_rejected,quote absent/nonpositive,bls_cpi_2023-06-13
GRXEUR,2023-06-06 13:30:00+00:00,1,rejected,quote absent/nonpositive,bls_cpi_2023-06-13
GRXEUR,2023-05-30 13:30:00+00:00,2,selected,,bls_cpi_2023-06-13
GRXEUR,2023-05-23 13:30:00+00:00,3,selected,,bls_cpi_2023-06-13
GRXEUR,2023-05-16 13:30:00+00:00,4,rejected,quote absent/nonpositive,bls_cpi_2023-06-13
GRXEUR,2023-05-09 13:30:00+00:00,5,selected,,bls_cpi_2023-06-13
GRXEUR,2023-05-02 13:30:00+00:00,6,selected,,bls_cpi_2023-06-13
GRXEUR,2023-04-25 13:30:00+00:00,7,rejected,quote absent/nonpositive,bls_cpi_2023-06-13
GRXEUR,2023-04-18 13:30:00+00:00,8,rejected,quote absent/nonpositive,bls_cpi_2023-06-13
GRXEUR,2023-04-11 13:30:00+00:00,9,valid_not_selected,,bls_cpi_2023-06-13
GRXEUR,2023-04-04 13:30:00+00:00,10,valid_not_selected,,bls_cpi_2023-06-13
GRXEUR,2023-03-28 13:30:00+00:00,11,valid_not_selected,,bls_cpi_2023-06-13
GRXEUR,2023-03-21 13:30:00+00:00,12,rejected,quote absent/nonpositive,bls_cpi_2023-06-13
UKXGBP,2023-06-06 13:30:00+00:00,1,rejected,quote absent/nonpositive,bls_cpi_2023-06-13
UKXGBP,2023-05-30 13:30:00+00:00,2,selected,,bls_cpi_2023-06-13
UKXGBP,2023-05-23 13:30:00+00:00,3,rejected,quote absent/nonpositive,bls_cpi_2023-06-13
UKXGBP,2023-05-16 13:30:00+00:00,4,rejected,quote absent/nonpositive,bls_cpi_2023-06-13
UKXGBP,2023-05-09 13:30:00+00:00,5,rejected,quote absent/nonpositive,bls_cpi_2023-06-13
UKXGBP,2023-05-02 13:30:00+00:00,6,selected,,bls_cpi_2023-06-13
UKXGBP,2023-04-25 13:30:00+00:00,7,selected,,bls_cpi_2023-06-13
UKXGBP,2023-04-18 13:30:00+00:00,8,rejected,quote absent/nonpositive,bls_cpi_2023-06-13
UKXGBP,2023-04-11 13:30:00+00:00,9,rejected,quote absent/nonpositive,bls_cpi_2023-06-13
UKXGBP,2023-04-04 13:30:00+00:00,10,rejected,quote absent/nonpositive,bls_cpi_2023-06-13
UKXGBP,2023-03-28 13:30:00+00:00,11,rejected,quote absent/nonpositive,bls_cpi_2023-06-13
UKXGBP,2023-03-21 13:30:00+00:00,12,rejected,quote absent/nonpositive,bls_cpi_2023-06-13
UKXGBP,2023-06-13 13:30:00+00:00,0,event_rejected,only 3 controls,bls_cpi_2023-06-13
BCOUSD,2023-06-06 13:30:00+00:00,1,selected,,bls_cpi_2023-06-13
BCOUSD,2023-05-30 13:30:00+00:00,2,selected,,bls_cpi_2023-06-13
BCOUSD,2023-05-23 13:30:00+00:00,3,rejected,quote absent/nonpositive,bls_cpi_2023-06-13
BCOUSD,2023-05-16 13:30:00+00:00,4,rejected,quote absent/nonpositive,bls_cpi_2023-06-13
BCOUSD,2023-05-09 13:30:00+00:00,5,rejected,quote absent/nonpositive,bls_cpi_2023-06-13
BCOUSD,2023-05-02 13:30:00+00:00,6,selected,,bls_cpi_2023-06-13
BCOUSD,2023-04-25 13:30:00+00:00,7,selected,,bls_cpi_2023-06-13
BCOUSD,2023-04-18 13:30:00+00:00,8,valid_not_selected,,bls_cpi_2023-06-13
BCOUSD,2023-04-11 13:30:00+00:00,9,valid_not_selected,,bls_cpi_2023-06-13
BCOUSD,2023-04-04 13:30:00+00:00,10,rejected,quote absent/nonpositive,bls_cpi_2023-06-13
BCOUSD,2023-03-28 13:30:00+00:00,11,rejected,quote absent/nonpositive,bls_cpi_2023-06-13
BCOUSD,2023-03-21 13:30:00+00:00,12,valid_not_selected,,bls_cpi_2023-06-13
BCOUSD,2023-06-13 13:30:00+00:00,0,event_rejected,quote absent/nonpositive,bls_cpi_2023-06-13
EURUSD,2023-06-30 13:30:00+00:00,1,rejected,quote absent/nonpositive,bls_employment_2023-07-07
EURUSD,2023-06-23 13:30:00+00:00,2,selected,,bls_employment_2023-07-07
EURUSD,2023-06-16 13:30:00+00:00,3,rejected,quote absent/nonpositive,bls_employment_2023-07-07
EURUSD,2023-06-09 13:30:00+00:00,4,selected,,bls_employment_2023-07-07
EURUSD,2023-06-02 13:30:00+00:00,5,rejected,BLS CPI/employment date,bls_employment_2023-07-07
EURUSD,2023-05-26 13:30:00+00:00,6,selected,,bls_employment_2023-07-07
EURUSD,2023-05-19 13:30:00+00:00,7,selected,,bls_employment_2023-07-07
EURUSD,2023-05-12 13:30:00+00:00,8,valid_not_selected,,bls_employment_2023-07-07
EURUSD,2023-05-05 13:30:00+00:00,9,rejected,BLS CPI/employment date,bls_employment_2023-07-07
EURUSD,2023-04-28 13:30:00+00:00,10,rejected,quote absent/nonpositive,bls_employment_2023-07-07
EURUSD,2023-04-21 13:30:00+00:00,11,rejected,quote absent/nonpositive,bls_employment_2023-07-07
EURUSD,2023-04-14 13:30:00+00:00,12,rejected,quote absent/nonpositive,bls_employment_2023-07-07
GBPUSD,2023-06-30 13:30:00+00:00,1,rejected,quote absent/nonpositive,bls_employment_2023-07-07
GBPUSD,2023-06-23 13:30:00+00:00,2,rejected,quote absent/nonpositive,bls_employment_2023-07-07
GBPUSD,2023-06-16 13:30:00+00:00,3,selected,,bls_employment_2023-07-07
GBPUSD,2023-06-09 13:30:00+00:00,4,rejected,quote absent/nonpositive,bls_employment_2023-07-07
GBPUSD,2023-06-02 13:30:00+00:00,5,rejected,BLS CPI/employment date,bls_employment_2023-07-07
GBPUSD,2023-05-26 13:30:00+00:00,6,rejected,quote absent/nonpositive,bls_employment_2023-07-07
GBPUSD,2023-05-19 13:30:00+00:00,7,selected,,bls_employment_2023-07-07
GBPUSD,2023-05-12 13:30:00+00:00,8,rejected,quote absent/nonpositive,bls_employment_2023-07-07
GBPUSD,2023-05-05 13:30:00+00:00,9,rejected,BLS CPI/employment date,bls_employment_2023-07-07
GBPUSD,2023-04-28 13:30:00+00:00,10,selected,,bls_employment_2023-07-07
GBPUSD,2023-04-21 13:30:00+00:00,11,rejected,quote absent/nonpositive,bls_employment_2023-07-07
GBPUSD,2023-04-14 13:30:00+00:00,12,rejected,quote absent/nonpositive,bls_employment_2023-07-07
GBPUSD,2023-07-07 13:30:00+00:00,0,event_rejected,only 3 controls,bls_employment_2023-07-07
AUDUSD,2023-06-30 13:30:00+00:00,1,selected,,bls_employment_2023-07-07
AUDUSD,2023-06-23 13:30:00+00:00,2,rejected,quote absent/nonpositive,bls_employment_2023-07-07
AUDUSD,2023-06-16 13:30:00+00:00,3,rejected,quote absent/nonpositive,bls_employment_2023-07-07
AUDUSD,2023-06-09 13:30:00+00:00,4,selected,,bls_employment_2023-07-07
AUDUSD,2023-06-02 13:30:00+00:00,5,rejected,BLS CPI/employment date,bls_employment_2023-07-07
AUDUSD,2023-05-26 13:30:00+00:00,6,selected,,bls_employment_2023-07-07
AUDUSD,2023-05-19 13:30:00+00:00,7,rejected,quote absent/nonpositive,bls_employment_2023-07-07
AUDUSD,2023-05-12 13:30:00+00:00,8,selected,,bls_employment_2023-07-07
AUDUSD,2023-05-05 13:30:00+00:00,9,rejected,BLS CPI/employment date,bls_employment_2023-07-07
AUDUSD,2023-04-28 13:30:00+00:00,10,valid_not_selected,,bls_employment_2023-07-07
AUDUSD,2023-04-21 13:30:00+00:00,11,valid_not_selected,,bls_employment_2023-07-07
AUDUSD,2023-04-14 13:30:00+00:00,12,valid_not_selected,,bls_employment_2023-07-07
AUDUSD,2023-07-07 13:30:00+00:00,0,event_rejected,quote absent/nonpositive,bls_employment_2023-07-07
NZDUSD,2023-06-30 13:30:00+00:00,1,rejected,quote absent/nonpositive,bls_employment_2023-07-07
NZDUSD,2023-06-23 13:30:00+00:00,2,selected,,bls_employment_2023-07-07
NZDUSD,2023-06-16 13:30:00+00:00,3,rejected,quote absent/nonpositive,bls_employment_2023-07-07
NZDUSD,2023-06-09 13:30:00+00:00,4,selected,,bls_employment_2023-07-07
NZDUSD,2023-06-02 13:30:00+00:00,5,rejected,BLS CPI/employment date,bls_employment_2023-07-07
NZDUSD,2023-05-26 13:30:00+00:00,6,selected,,bls_employment_2023-07-07
NZDUSD,2023-05-19 13:30:00+00:00,7,selected,,bls_employment_2023-07-07
NZDUSD,2023-05-12 13:30:00+00:00,8,rejected,quote absent/nonpositive,bls_employment_2023-07-07
NZDUSD,2023-05-05 13:30:00+00:00,9,rejected,BLS CPI/employment date,bls_employment_2023-07-07
NZDUSD,2023-04-28 13:30:00+00:00,10,valid_not_selected,,bls_employment_2023-07-07
NZDUSD,2023-04-21 13:30:00+00:00,11,valid_not_selected,,bls_employment_2023-07-07
NZDUSD,2023-04-14 13:30:00+00:00,12,valid_not_selected,,bls_employment_2023-07-07
USDJPY,2023-06-30 13:30:00+00:00,1,rejected,quote absent/nonpositive,bls_employment_2023-07-07
USDJPY,2023-06-23 13:30:00+00:00,2,rejected,quote absent/nonpositive,bls_employment_2023-07-07
USDJPY,2023-06-16 13:30:00+00:00,3,selected,,bls_employment_2023-07-07
USDJPY,2023-06-09 13:30:00+00:00,4,selected,,bls_employment_2023-07-07
USDJPY,2023-06-02 13:30:00+00:00,5,rejected,BLS CPI/employment date,bls_employment_2023-07-07
USDJPY,2023-05-26 13:30:00+00:00,6,rejected,quote absent/nonpositive,bls_employment_2023-07-07
USDJPY,2023-05-19 13:30:00+00:00,7,rejected,quote absent/nonpositive,bls_employment_2023-07-07
USDJPY,2023-05-12 13:30:00+00:00,8,rejected,quote absent/nonpositive,bls_employment_2023-07-07
USDJPY,2023-05-05 13:30:00+00:00,9,rejected,BLS CPI/employment date,bls_employment_2023-07-07
USDJPY,2023-04-28 13:30:00+00:00,10,rejected,quote absent/nonpositive,bls_employment_2023-07-07
USDJPY,2023-04-21 13:30:00+00:00,11,rejected,quote absent/nonpositive,bls_employment_2023-07-07
USDJPY,2023-04-14 13:30:00+00:00,12,rejected,quote absent/nonpositive,bls_employment_2023-07-07
USDJPY,2023-07-07 13:30:00+00:00,0,event_rejected,only 2 controls,bls_employment_2023-07-07
USDCHF,2023-06-30 13:30:00+00:00,1,selected,,bls_employment_2023-07-07
USDCHF,2023-06-23 13:30:00+00:00,2,rejected,quote absent/nonpositive,bls_employment_2023-07-07
USDCHF,2023-06-16 13:30:00+00:00,3,selected,,bls_employment_2023-07-07
USDCHF,2023-06-09 13:30:00+00:00,4,selected,,bls_employment_2023-07-07
USDCHF,2023-06-02 13:30:00+00:00,5,rejected,BLS CPI/employment date,bls_employment_2023-07-07
USDCHF,2023-05-26 13:30:00+00:00,6,selected,,bls_employment_2023-07-07
USDCHF,2023-05-19 13:30:00+00:00,7,rejected,quote absent/nonpositive,bls_employment_2023-07-07
USDCHF,2023-05-12 13:30:00+00:00,8,rejected,quote absent/nonpositive,bls_employment_2023-07-07
USDCHF,2023-05-05 13:30:00+00:00,9,rejected,BLS CPI/employment date,bls_employment_2023-07-07
USDCHF,2023-04-28 13:30:00+00:00,10,rejected,quote absent/nonpositive,bls_employment_2023-07-07
USDCHF,2023-04-21 13:30:00+00:00,11,rejected,quote absent/nonpositive,bls_employment_2023-07-07
USDCHF,2023-04-14 13:30:00+00:00,12,valid_not_selected,,bls_employment_2023-07-07
USDCAD,2023-06-30 13:30:00+00:00,1,selected,,bls_employment_2023-07-07
USDCAD,2023-06-23 13:30:00+00:00,2,selected,,bls_employment_2023-07-07
USDCAD,2023-06-16 13:30:00+00:00,3,rejected,quote absent/nonpositive,bls_employment_2023-07-07
USDCAD,2023-06-09 13:30:00+00:00,4,selected,,bls_employment_2023-07-07
USDCAD,2023-06-02 13:30:00+00:00,5,rejected,BLS CPI/employment date,bls_employment_2023-07-07
USDCAD,2023-05-26 13:30:00+00:00,6,rejected,quote absent/nonpositive,bls_employment_2023-07-07
USDCAD,2023-05-19 13:30:00+00:00,7,rejected,quote absent/nonpositive,bls_employment_2023-07-07
USDCAD,2023-05-12 13:30:00+00:00,8,selected,,bls_employment_2023-07-07
USDCAD,2023-05-05 13:30:00+00:00,9,rejected,BLS CPI/employment date,bls_employment_2023-07-07
USDCAD,2023-04-28 13:30:00+00:00,10,valid_not_selected,,bls_employment_2023-07-07
USDCAD,2023-04-21 13:30:00+00:00,11,valid_not_selected,,bls_employment_2023-07-07
USDCAD,2023-04-14 13:30:00+00:00,12,valid_not_selected,,bls_employment_2023-07-07
USDCAD,2023-07-07 13:30:00+00:00,0,event_rejected,quote absent/nonpositive,bls_employment_2023-07-07
EURJPY,2023-06-30 13:30:00+00:00,1,rejected,quote absent/nonpositive,bls_employment_2023-07-07
EURJPY,2023-06-23 13:30:00+00:00,2,selected,,bls_employment_2023-07-07
EURJPY,2023-06-16 13:30:00+00:00,3,selected,,bls_employment_2023-07-07
EURJPY,2023-06-09 13:30:00+00:00,4,selected,,bls_employment_2023-07-07
EURJPY,2023-06-02 13:30:00+00:00,5,rejected,BLS CPI/employment date,bls_employment_2023-07-07
EURJPY,2023-05-26 13:30:00+00:00,6,rejected,quote absent/nonpositive,bls_employment_2023-07-07
EURJPY,2023-05-19 13:30:00+00:00,7,selected,,bls_employment_2023-07-07
EURJPY,2023-05-12 13:30:00+00:00,8,valid_not_selected,,bls_employment_2023-07-07
EURJPY,2023-05-05 13:30:00+00:00,9,rejected,BLS CPI/employment date,bls_employment_2023-07-07
EURJPY,2023-04-28 13:30:00+00:00,10,rejected,quote absent/nonpositive,bls_employment_2023-07-07
EURJPY,2023-04-21 13:30:00+00:00,11,valid_not_selected,,bls_employment_2023-07-07
EURJPY,2023-04-14 13:30:00+00:00,12,rejected,quote absent/nonpositive,bls_employment_2023-07-07
XAUUSD,2023-06-30 13:30:00+00:00,1,selected,,bls_employment_2023-07-07
XAUUSD,2023-06-23 13:30:00+00:00,2,selected,,bls_employment_2023-07-07
XAUUSD,2023-06-16 13:30:00+00:00,3,selected,,bls_employment_2023-07-07
XAUUSD,2023-06-09 13:30:00+00:00,4,rejected,quote absent/nonpositive,bls_employment_2023-07-07
XAUUSD,2023-06-02 13:30:00+00:00,5,rejected,BLS CPI/employment date,bls_employment_2023-07-07
XAUUSD,2023-05-26 13:30:00+00:00,6,rejected,quote absent/nonpositive,bls_employment_2023-07-07
XAUUSD,2023-05-19 13:30:00+00:00,7,rejected,quote absent/nonpositive,bls_employment_2023-07-07
XAUUSD,2023-05-12 13:30:00+00:00,8,selected,,bls_employment_2023-07-07
XAUUSD,2023-05-05 13:30:00+00:00,9,rejected,BLS CPI/employment date,bls_employment_2023-07-07
XAUUSD,2023-04-28 13:30:00+00:00,10,valid_not_selected,,bls_employment_2023-07-07
XAUUSD,2023-04-21 13:30:00+00:00,11,valid_not_selected,,bls_employment_2023-07-07
XAUUSD,2023-04-14 13:30:00+00:00,12,valid_not_selected,,bls_employment_2023-07-07
XAGUSD,2023-06-30 13:30:00+00:00,1,rejected,quote absent/nonpositive,bls_employment_2023-07-07
XAGUSD,2023-06-23 13:30:00+00:00,2,selected,,bls_employment_2023-07-07
XAGUSD,2023-06-16 13:30:00+00:00,3,selected,,bls_employment_2023-07-07
XAGUSD,2023-06-09 13:30:00+00:00,4,selected,,bls_employment_2023-07-07
XAGUSD,2023-06-02 13:30:00+00:00,5,rejected,BLS CPI/employment date,bls_employment_2023-07-07
XAGUSD,2023-05-26 13:30:00+00:00,6,selected,,bls_employment_2023-07-07
XAGUSD,2023-05-19 13:30:00+00:00,7,valid_not_selected,,bls_employment_2023-07-07
XAGUSD,2023-05-12 13:30:00+00:00,8,valid_not_selected,,bls_employment_2023-07-07
XAGUSD,2023-05-05 13:30:00+00:00,9,rejected,BLS CPI/employment date,bls_employment_2023-07-07
XAGUSD,2023-04-28 13:30:00+00:00,10,valid_not_selected,,bls_employment_2023-07-07
XAGUSD,2023-04-21 13:30:00+00:00,11,rejected,quote absent/nonpositive,bls_employment_2023-07-07
XAGUSD,2023-04-14 13:30:00+00:00,12,rejected,quote absent/nonpositive,bls_employment_2023-07-07
SPXUSD,2023-06-30 13:30:00+00:00,1,selected,,bls_employment_2023-07-07
SPXUSD,2023-06-23 13:30:00+00:00,2,selected,,bls_employment_2023-07-07
SPXUSD,2023-06-16 13:30:00+00:00,3,selected,,bls_employment_2023-07-07
SPXUSD,2023-06-09 13:30:00+00:00,4,selected,,bls_employment_2023-07-07
SPXUSD,2023-06-02 13:30:00+00:00,5,rejected,BLS CPI/employment date,bls_employment_2023-07-07
SPXUSD,2023-05-26 13:30:00+00:00,6,rejected,quote absent/nonpositive,bls_employment_2023-07-07
SPXUSD,2023-05-19 13:30:00+00:00,7,valid_not_selected,,bls_employment_2023-07-07
SPXUSD,2023-05-12 13:30:00+00:00,8,rejected,quote absent/nonpositive,bls_employment_2023-07-07
SPXUSD,2023-05-05 13:30:00+00:00,9,rejected,BLS CPI/employment date,bls_employment_2023-07-07
SPXUSD,2023-04-28 13:30:00+00:00,10,rejected,quote absent/nonpositive,bls_employment_2023-07-07
SPXUSD,2023-04-21 13:30:00+00:00,11,rejected,quote absent/nonpositive,bls_employment_2023-07-07
SPXUSD,2023-04-14 13:30:00+00:00,12,rejected,quote absent/nonpositive,bls_employment_2023-07-07
NSXUSD,2023-06-30 13:30:00+00:00,1,rejected,quote absent/nonpositive,bls_employment_2023-07-07
NSXUSD,2023-06-23 13:30:00+00:00,2,selected,,bls_employment_2023-07-07
NSXUSD,2023-06-16 13:30:00+00:00,3,rejected,quote absent/nonpositive,bls_employment_2023-07-07
NSXUSD,2023-06-09 13:30:00+00:00,4,rejected,quote absent/nonpositive,bls_employment_2023-07-07
NSXUSD,2023-06-02 13:30:00+00:00,5,rejected,BLS CPI/employment date,bls_employment_2023-07-07
NSXUSD,2023-05-26 13:30:00+00:00,6,selected,,bls_employment_2023-07-07
NSXUSD,2023-05-19 13:30:00+00:00,7,selected,,bls_employment_2023-07-07
NSXUSD,2023-05-12 13:30:00+00:00,8,rejected,quote absent/nonpositive,bls_employment_2023-07-07
NSXUSD,2023-05-05 13:30:00+00:00,9,rejected,BLS CPI/employment date,bls_employment_2023-07-07
NSXUSD,2023-04-28 13:30:00+00:00,10,selected,,bls_employment_2023-07-07
NSXUSD,2023-04-21 13:30:00+00:00,11,valid_not_selected,,bls_employment_2023-07-07
NSXUSD,2023-04-14 13:30:00+00:00,12,rejected,quote absent/nonpositive,bls_employment_2023-07-07
GRXEUR,2023-06-30 13:30:00+00:00,1,rejected,quote absent/nonpositive,bls_employment_2023-07-07
GRXEUR,2023-06-23 13:30:00+00:00,2,selected,,bls_employment_2023-07-07
GRXEUR,2023-06-16 13:30:00+00:00,3,rejected,quote absent/nonpositive,bls_employment_2023-07-07
GRXEUR,2023-06-09 13:30:00+00:00,4,selected,,bls_employment_2023-07-07
GRXEUR,2023-06-02 13:30:00+00:00,5,rejected,BLS CPI/employment date,bls_employment_2023-07-07
GRXEUR,2023-05-26 13:30:00+00:00,6,rejected,quote absent/nonpositive,bls_employment_2023-07-07
GRXEUR,2023-05-19 13:30:00+00:00,7,selected,,bls_employment_2023-07-07
GRXEUR,2023-05-12 13:30:00+00:00,8,rejected,quote absent/nonpositive,bls_employment_2023-07-07
GRXEUR,2023-05-05 13:30:00+00:00,9,rejected,BLS CPI/employment date,bls_employment_2023-07-07
GRXEUR,2023-04-28 13:30:00+00:00,10,rejected,quote absent/nonpositive,bls_employment_2023-07-07
GRXEUR,2023-04-21 13:30:00+00:00,11,selected,,bls_employment_2023-07-07
GRXEUR,2023-04-14 13:30:00+00:00,12,valid_not_selected,,bls_employment_2023-07-07
GRXEUR,2023-07-07 13:30:00+00:00,0,event_rejected,quote absent/nonpositive,bls_employment_2023-07-07
UKXGBP,2023-06-30 13:30:00+00:00,1,selected,,bls_employment_2023-07-07
UKXGBP,2023-06-23 13:30:00+00:00,2,selected,,bls_employment_2023-07-07
UKXGBP,2023-06-16 13:30:00+00:00,3,rejected,quote absent/nonpositive,bls_employment_2023-07-07
UKXGBP,2023-06-09 13:30:00+00:00,4,selected,,bls_employment_2023-07-07
UKXGBP,2023-06-02 13:30:00+00:00,5,rejected,BLS CPI/employment date,bls_employment_2023-07-07
UKXGBP,2023-05-26 13:30:00+00:00,6,selected,,bls_employment_2023-07-07
UKXGBP,2023-05-19 13:30:00+00:00,7,valid_not_selected,,bls_employment_2023-07-07
UKXGBP,2023-05-12 13:30:00+00:00,8,rejected,quote absent/nonpositive,bls_employment_2023-07-07
UKXGBP,2023-05-05 13:30:00+00:00,9,rejected,BLS CPI/employment date,bls_employment_2023-07-07
UKXGBP,2023-04-28 13:30:00+00:00,10,valid_not_selected,,bls_employment_2023-07-07
UKXGBP,2023-04-21 13:30:00+00:00,11,rejected,quote absent/nonpositive,bls_employment_2023-07-07
UKXGBP,2023-04-14 13:30:00+00:00,12,rejected,quote absent/nonpositive,bls_employment_2023-07-07
BCOUSD,2023-06-30 13:30:00+00:00,1,rejected,quote absent/nonpositive,bls_employment_2023-07-07
BCOUSD,2023-06-23 13:30:00+00:00,2,rejected,quote absent/nonpositive,bls_employment_2023-07-07
BCOUSD,2023-06-16 13:30:00+00:00,3,selected,,bls_employment_2023-07-07
BCOUSD,2023-06-09 13:30:00+00:00,4,rejected,quote absent/nonpositive,bls_employment_2023-07-07
BCOUSD,2023-06-02 13:30:00+00:00,5,rejected,BLS CPI/employment date,bls_employment_2023-07-07
BCOUSD,2023-05-26 13:30:00+00:00,6,selected,,bls_employment_2023-07-07
BCOUSD,2023-05-19 13:30:00+00:00,7,rejected,quote absent/nonpositive,bls_employment_2023-07-07
BCOUSD,2023-05-12 13:30:00+00:00,8,selected,,bls_employment_2023-07-07
BCOUSD,2023-05-05 13:30:00+00:00,9,rejected,BLS CPI/employment date,bls_employment_2023-07-07
BCOUSD,2023-04-28 13:30:00+00:00,10,selected,,bls_employment_2023-07-07
BCOUSD,2023-04-21 13:30:00+00:00,11,rejected,quote absent/nonpositive,bls_employment_2023-07-07
BCOUSD,2023-04-14 13:30:00+00:00,12,valid_not_selected,,bls_employment_2023-07-07
EURUSD,2023-07-05 13:30:00+00:00,1,selected,,bls_cpi_2023-07-12
EURUSD,2023-06-28 13:30:00+00:00,2,selected,,bls_cpi_2023-07-12
EURUSD,2023-06-21 13:30:00+00:00,3,selected,,bls_cpi_2023-07-12
EURUSD,2023-06-14 13:30:00+00:00,4,selected,,bls_cpi_2023-07-12
EURUSD,2023-06-07 13:30:00+00:00,5,rejected,quote absent/nonpositive,bls_cpi_2023-07-12
EURUSD,2023-05-31 13:30:00+00:00,6,rejected,quote absent/nonpositive,bls_cpi_2023-07-12
EURUSD,2023-05-24 13:30:00+00:00,7,valid_not_selected,,bls_cpi_2023-07-12
EURUSD,2023-05-17 13:30:00+00:00,8,rejected,quote absent/nonpositive,bls_cpi_2023-07-12
EURUSD,2023-05-10 13:30:00+00:00,9,rejected,BLS CPI/employment date,bls_cpi_2023-07-12
EURUSD,2023-05-03 13:30:00+00:00,10,valid_not_selected,,bls_cpi_2023-07-12
EURUSD,2023-04-26 13:30:00+00:00,11,valid_not_selected,,bls_cpi_2023-07-12
EURUSD,2023-04-19 13:30:00+00:00,12,rejected,quote absent/nonpositive,bls_cpi_2023-07-12
GBPUSD,2023-07-05 13:30:00+00:00,1,selected,,bls_cpi_2023-07-12
GBPUSD,2023-06-28 13:30:00+00:00,2,selected,,bls_cpi_2023-07-12
GBPUSD,2023-06-21 13:30:00+00:00,3,rejected,quote absent/nonpositive,bls_cpi_2023-07-12
GBPUSD,2023-06-14 13:30:00+00:00,4,selected,,bls_cpi_2023-07-12
GBPUSD,2023-06-07 13:30:00+00:00,5,selected,,bls_cpi_2023-07-12
GBPUSD,2023-05-31 13:30:00+00:00,6,rejected,quote absent/nonpositive,bls_cpi_2023-07-12
GBPUSD,2023-05-24 13:30:00+00:00,7,valid_not_selected,,bls_cpi_2023-07-12
GBPUSD,2023-05-17 13:30:00+00:00,8,valid_not_selected,,bls_cpi_2023-07-12
GBPUSD,2023-05-10 13:30:00+00:00,9,rejected,BLS CPI/employment date,bls_cpi_2023-07-12
GBPUSD,2023-05-03 13:30:00+00:00,10,valid_not_selected,,bls_cpi_2023-07-12
GBPUSD,2023-04-26 13:30:00+00:00,11,rejected,quote absent/nonpositive,bls_cpi_2023-07-12
GBPUSD,2023-04-19 13:30:00+00:00,12,valid_not_selected,,bls_cpi_2023-07-12
AUDUSD,2023-07-05 13:30:00+00:00,1,selected,,bls_cpi_2023-07-12
AUDUSD,2023-06-28 13:30:00+00:00,2,rejected,quote absent/nonpositive,bls_cpi_2023-07-12
AUDUSD,2023-06-21 13:30:00+00:00,3,rejected,quote absent/nonpositive,bls_cpi_2023-07-12
AUDUSD,2023-06-14 13:30:00+00:00,4,selected,,bls_cpi_2023-07-12
AUDUSD,2023-06-07 13:30:00+00:00,5,selected,,bls_cpi_2023-07-12
AUDUSD,2023-05-31 13:30:00+00:00,6,selected,,bls_cpi_2023-07-12
AUDUSD,2023-05-24 13:30:00+00:00,7,rejected,quote absent/nonpositive,bls_cpi_2023-07-12
AUDUSD,2023-05-17 13:30:00+00:00,8,rejected,quote absent/nonpositive,bls_cpi_2023-07-12
AUDUSD,2023-05-10 13:30:00+00:00,9,rejected,BLS CPI/employment date,bls_cpi_2023-07-12
AUDUSD,2023-05-03 13:30:00+00:00,10,rejected,quote absent/nonpositive,bls_cpi_2023-07-12
AUDUSD,2023-04-26 13:30:00+00:00,11,valid_not_selected,,bls_cpi_2023-07-12
AUDUSD,2023-04-19 13:30:00+00:00,12,rejected,quote absent/nonpositive,bls_cpi_2023-07-12
NZDUSD,2023-07-05 13:30:00+00:00,1,rejected,quote absent/nonpositive,bls_cpi_2023-07-12
NZDUSD,2023-06-28 13:30:00+00:00,2,rejected,quote absent/nonpositive,bls_cpi_2023-07-12
NZDUSD,2023-06-21 13:30:00+00:00,3,selected,,bls_cpi_2023-07-12
NZDUSD,2023-06-14 13:30:00+00:00,4,rejected,quote absent/nonpositive,bls_cpi_2023-07-12
NZDUSD,2023-06-07 13:30:00+00:00,5,selected,,bls_cpi_2023-07-12
NZDUSD,2023-05-31 13:30:00+00:00,6,selected,,bls_cpi_2023-07-12
NZDUSD,2023-05-24 13:30:00+00:00,7,selected,,bls_cpi_2023-07-12
NZDUSD,2023-05-17 13:30:00+00:00,8,valid_not_selected,,bls_cpi_2023-07-12
NZDUSD,2023-05-10 13:30:00+00:00,9,rejected,BLS CPI/employment date,bls_cpi_2023-07-12
NZDUSD,2023-05-03 13:30:00+00:00,10,valid_not_selected,,bls_cpi_2023-07-12
NZDUSD,2023-04-26 13:30:00+00:00,11,rejected,quote absent/nonpositive,bls_cpi_2023-07-12
NZDUSD,2023-04-19 13:30:00+00:00,12,rejected,quote absent/nonpositive,bls_cpi_2023-07-12
USDJPY,2023-07-05 13:30:00+00:00,1,selected,,bls_cpi_2023-07-12
USDJPY,2023-06-28 13:30:00+00:00,2,rejected,quote absent/nonpositive,bls_cpi_2023-07-12
USDJPY,2023-06-21 13:30:00+00:00,3,rejected,quote absent/nonpositive,bls_cpi_2023-07-12
USDJPY,2023-06-14 13:30:00+00:00,4,rejected,quote absent/nonpositive,bls_cpi_2023-07-12
USDJPY,2023-06-07 13:30:00+00:00,5,rejected,quote absent/nonpositive,bls_cpi_2023-07-12
USDJPY,2023-05-31 13:30:00+00:00,6,selected,,bls_cpi_2023-07-12
USDJPY,2023-05-24 13:30:00+00:00,7,selected,,bls_cpi_2023-07-12
USDJPY,2023-05-17 13:30:00+00:00,8,rejected,quote absent/nonpositive,bls_cpi_2023-07-12
USDJPY,2023-05-10 13:30:00+00:00,9,rejected,BLS CPI/employment date,bls_cpi_2023-07-12
USDJPY,2023-05-03 13:30:00+00:00,10,selected,,bls_cpi_2023-07-12
USDJPY,2023-04-26 13:30:00+00:00,11,rejected,quote absent/nonpositive,bls_cpi_2023-07-12
USDJPY,2023-04-19 13:30:00+00:00,12,rejected,quote absent/nonpositive,bls_cpi_2023-07-12
USDCHF,2023-07-05 13:30:00+00:00,1,rejected,quote absent/nonpositive,bls_cpi_2023-07-12
USDCHF,2023-06-28 13:30:00+00:00,2,rejected,quote absent/nonpositive,bls_cpi_2023-07-12
USDCHF,2023-06-21 13:30:00+00:00,3,selected,,bls_cpi_2023-07-12
USDCHF,2023-06-14 13:30:00+00:00,4,selected,,bls_cpi_2023-07-12
USDCHF,2023-06-07 13:30:00+00:00,5,rejected,quote absent/nonpositive,bls_cpi_2023-07-12
USDCHF,2023-05-31 13:30:00+00:00,6,rejected,quote absent/nonpositive,bls_cpi_2023-07-12
USDCHF,2023-05-24 13:30:00+00:00,7,selected,,bls_cpi_2023-07-12
USDCHF,2023-05-17 13:30:00+00:00,8,selected,,bls_cpi_2023-07-12
USDCHF,2023-05-10 13:30:00+00:00,9,rejected,BLS CPI/employment date,bls_cpi_2023-07-12
USDCHF,2023-05-03 13:30:00+00:00,10,rejected,quote absent/nonpositive,bls_cpi_2023-07-12
USDCHF,2023-04-26 13:30:00+00:00,11,valid_not_selected,,bls_cpi_2023-07-12
USDCHF,2023-04-19 13:30:00+00:00,12,rejected,quote absent/nonpositive,bls_cpi_2023-07-12
USDCAD,2023-07-05 13:30:00+00:00,1,selected,,bls_cpi_2023-07-12
USDCAD,2023-06-28 13:30:00+00:00,2,selected,,bls_cpi_2023-07-12
USDCAD,2023-06-21 13:30:00+00:00,3,rejected,quote absent/nonpositive,bls_cpi_2023-07-12
USDCAD,2023-06-14 13:30:00+00:00,4,selected,,bls_cpi_2023-07-12
USDCAD,2023-06-07 13:30:00+00:00,5,rejected,quote absent/nonpositive,bls_cpi_2023-07-12
USDCAD,2023-05-31 13:30:00+00:00,6,selected,,bls_cpi_2023-07-12
USDCAD,2023-05-24 13:30:00+00:00,7,valid_not_selected,,bls_cpi_2023-07-12
USDCAD,2023-05-17 13:30:00+00:00,8,rejected,quote absent/nonpositive,bls_cpi_2023-07-12
USDCAD,2023-05-10 13:30:00+00:00,9,rejected,BLS CPI/employment date,bls_cpi_2023-07-12
USDCAD,2023-05-03 13:30:00+00:00,10,valid_not_selected,,bls_cpi_2023-07-12
USDCAD,2023-04-26 13:30:00+00:00,11,rejected,quote absent/nonpositive,bls_cpi_2023-07-12
USDCAD,2023-04-19 13:30:00+00:00,12,rejected,quote absent/nonpositive,bls_cpi_2023-07-12
USDCAD,2023-07-12 13:30:00+00:00,0,event_rejected,quote absent/nonpositive,bls_cpi_2023-07-12
EURJPY,2023-07-05 13:30:00+00:00,1,rejected,quote absent/nonpositive,bls_cpi_2023-07-12
EURJPY,2023-06-28 13:30:00+00:00,2,selected,,bls_cpi_2023-07-12
EURJPY,2023-06-21 13:30:00+00:00,3,selected,,bls_cpi_2023-07-12
EURJPY,2023-06-14 13:30:00+00:00,4,selected,,bls_cpi_2023-07-12
EURJPY,2023-06-07 13:30:00+00:00,5,selected,,bls_cpi_2023-07-12
EURJPY,2023-05-31 13:30:00+00:00,6,rejected,quote absent/nonpositive,bls_cpi_2023-07-12
EURJPY,2023-05-24 13:30:00+00:00,7,valid_not_selected,,bls_cpi_2023-07-12
EURJPY,2023-05-17 13:30:00+00:00,8,valid_not_selected,,bls_cpi_2023-07-12
EURJPY,2023-05-10 13:30:00+00:00,9,rejected,BLS CPI/employment date,bls_cpi_2023-07-12
EURJPY,2023-05-03 13:30:00+00:00,10,valid_not_selected,,bls_cpi_2023-07-12
EURJPY,2023-04-26 13:30:00+00:00,11,valid_not_selected,,bls_cpi_2023-07-12
EURJPY,2023-04-19 13:30:00+00:00,12,rejected,quote absent/nonpositive,bls_cpi_2023-07-12
EURJPY,2023-07-12 13:30:00+00:00,0,event_rejected,quote absent/nonpositive,bls_cpi_2023-07-12
XAUUSD,2023-07-05 13:30:00+00:00,1,rejected,quote absent/nonpositive,bls_cpi_2023-07-12
XAUUSD,2023-06-28 13:30:00+00:00,2,selected,,bls_cpi_2023-07-12
XAUUSD,2023-06-21 13:30:00+00:00,3,selected,,bls_cpi_2023-07-12
XAUUSD,2023-06-14 13:30:00+00:00,4,selected,,bls_cpi_2023-07-12
XAUUSD,2023-06-07 13:30:00+00:00,5,selected,,bls_cpi_2023-07-12
XAUUSD,2023-05-31 13:30:00+00:00,6,valid_not_selected,,bls_cpi_2023-07-12
XAUUSD,2023-05-24 13:30:00+00:00,7,rejected,quote absent/nonpositive,bls_cpi_2023-07-12
XAUUSD,2023-05-17 13:30:00+00:00,8,rejected,quote absent/nonpositive,bls_cpi_2023-07-12
XAUUSD,2023-05-10 13:30:00+00:00,9,rejected,BLS CPI/employment date,bls_cpi_2023-07-12
XAUUSD,2023-05-03 13:30:00+00:00,10,valid_not_selected,,bls_cpi_2023-07-12
XAUUSD,2023-04-26 13:30:00+00:00,11,rejected,quote absent/nonpositive,bls_cpi_2023-07-12
XAUUSD,2023-04-19 13:30:00+00:00,12,rejected,quote absent/nonpositive,bls_cpi_2023-07-12
XAGUSD,2023-07-05 13:30:00+00:00,1,rejected,quote absent/nonpositive,bls_cpi_2023-07-12
XAGUSD,2023-06-28 13:30:00+00:00,2,selected,,bls_cpi_2023-07-12
XAGUSD,2023-06-21 13:30:00+00:00,3,rejected,quote absent/nonpositive,bls_cpi_2023-07-12
XAGUSD,2023-06-14 13:30:00+00:00,4,rejected,quote absent/nonpositive,bls_cpi_2023-07-12
XAGUSD,2023-06-07 13:30:00+00:00,5,selected,,bls_cpi_2023-07-12
XAGUSD,2023-05-31 13:30:00+00:00,6,selected,,bls_cpi_2023-07-12
XAGUSD,2023-05-24 13:30:00+00:00,7,selected,,bls_cpi_2023-07-12
XAGUSD,2023-05-17 13:30:00+00:00,8,rejected,quote absent/nonpositive,bls_cpi_2023-07-12
XAGUSD,2023-05-10 13:30:00+00:00,9,rejected,BLS CPI/employment date,bls_cpi_2023-07-12
XAGUSD,2023-05-03 13:30:00+00:00,10,rejected,quote absent/nonpositive,bls_cpi_2023-07-12
XAGUSD,2023-04-26 13:30:00+00:00,11,valid_not_selected,,bls_cpi_2023-07-12
XAGUSD,2023-04-19 13:30:00+00:00,12,rejected,quote absent/nonpositive,bls_cpi_2023-07-12
SPXUSD,2023-07-05 13:30:00+00:00,1,selected,,bls_cpi_2023-07-12
SPXUSD,2023-06-28 13:30:00+00:00,2,rejected,quote absent/nonpositive,bls_cpi_2023-07-12
SPXUSD,2023-06-21 13:30:00+00:00,3,selected,,bls_cpi_2023-07-12
SPXUSD,2023-06-14 13:30:00+00:00,4,selected,,bls_cpi_2023-07-12
SPXUSD,2023-06-07 13:30:00+00:00,5,selected,,bls_cpi_2023-07-12
SPXUSD,2023-05-31 13:30:00+00:00,6,valid_not_selected,,bls_cpi_2023-07-12
SPXUSD,2023-05-24 13:30:00+00:00,7,valid_not_selected,,bls_cpi_2023-07-12
SPXUSD,2023-05-17 13:30:00+00:00,8,rejected,quote absent/nonpositive,bls_cpi_2023-07-12
SPXUSD,2023-05-10 13:30:00+00:00,9,rejected,BLS CPI/employment date,bls_cpi_2023-07-12
SPXUSD,2023-05-03 13:30:00+00:00,10,rejected,quote absent/nonpositive,bls_cpi_2023-07-12
SPXUSD,2023-04-26 13:30:00+00:00,11,rejected,quote absent/nonpositive,bls_cpi_2023-07-12
SPXUSD,2023-04-19 13:30:00+00:00,12,rejected,quote absent/nonpositive,bls_cpi_2023-07-12
SPXUSD,2023-07-12 13:30:00+00:00,0,event_rejected,quote absent/nonpositive,bls_cpi_2023-07-12
NSXUSD,2023-07-05 13:30:00+00:00,1,rejected,quote absent/nonpositive,bls_cpi_2023-07-12
NSXUSD,2023-06-28 13:30:00+00:00,2,selected,,bls_cpi_2023-07-12
NSXUSD,2023-06-21 13:30:00+00:00,3,rejected,quote absent/nonpositive,bls_cpi_2023-07-12
NSXUSD,2023-06-14 13:30:00+00:00,4,selected,,bls_cpi_2023-07-12
NSXUSD,2023-06-07 13:30:00+00:00,5,selected,,bls_cpi_2023-07-12
NSXUSD,2023-05-31 13:30:00+00:00,6,selected,,bls_cpi_2023-07-12
NSXUSD,2023-05-24 13:30:00+00:00,7,rejected,quote absent/nonpositive,bls_cpi_2023-07-12
NSXUSD,2023-05-17 13:30:00+00:00,8,valid_not_selected,,bls_cpi_2023-07-12
NSXUSD,2023-05-10 13:30:00+00:00,9,rejected,BLS CPI/employment date,bls_cpi_2023-07-12
NSXUSD,2023-05-03 13:30:00+00:00,10,rejected,quote absent/nonpositive,bls_cpi_2023-07-12
NSXUSD,2023-04-26 13:30:00+00:00,11,valid_not_selected,,bls_cpi_2023-07-12
NSXUSD,2023-04-19 13:30:00+00:00,12,rejected,quote absent/nonpositive,bls_cpi_2023-07-12
GRXEUR,2023-07-05 13:30:00+00:00,1,selected,,bls_cpi_2023-07-12
GRXEUR,2023-06-28 13:30:00+00:00,2,selected,,bls_cpi_2023-07-12
GRXEUR,2023-06-21 13:30:00+00:00,3,rejected,quote absent/nonpositive,bls_cpi_2023-07-12
GRXEUR,2023-06-14 13:30:00+00:00,4,selected,,bls_cpi_2023-07-12
GRXEUR,2023-06-07 13:30:00+00:00,5,selected,,bls_cpi_2023-07-12
GRXEUR,2023-05-31 13:30:00+00:00,6,valid_not_selected,,bls_cpi_2023-07-12
GRXEUR,2023-05-24 13:30:00+00:00,7,valid_not_selected,,bls_cpi_2023-07-12
GRXEUR,2023-05-17 13:30:00+00:00,8,valid_not_selected,,bls_cpi_2023-07-12
GRXEUR,2023-05-10 13:30:00+00:00,9,rejected,BLS CPI/employment date,bls_cpi_2023-07-12
GRXEUR,2023-05-03 13:30:00+00:00,10,valid_not_selected,,bls_cpi_2023-07-12
GRXEUR,2023-04-26 13:30:00+00:00,11,rejected,quote absent/nonpositive,bls_cpi_2023-07-12
GRXEUR,2023-04-19 13:30:00+00:00,12,rejected,quote absent/nonpositive,bls_cpi_2023-07-12
GRXEUR,2023-07-12 13:30:00+00:00,0,event_rejected,quote absent/nonpositive,bls_cpi_2023-07-12
UKXGBP,2023-07-05 13:30:00+00:00,1,rejected,quote absent/nonpositive,bls_cpi_2023-07-12
UKXGBP,2023-06-28 13:30:00+00:00,2,rejected,quote absent/nonpositive,bls_cpi_2023-07-12
UKXGBP,2023-06-21 13:30:00+00:00,3,rejected,quote absent/nonpositive,bls_cpi_2023-07-12
UKXGBP,2023-06-14 13:30:00+00:00,4,rejected,quote absent/nonpositive,bls_cpi_2023-07-12
UKXGBP,2023-06-07 13:30:00+00:00,5,selected,,bls_cpi_2023-07-12
UKXGBP,2023-05-31 13:30:00+00:00,6,rejected,quote absent/nonpositive,bls_cpi_2023-07-12
UKXGBP,2023-05-24 13:30:00+00:00,7,rejected,quote absent/nonpositive,bls_cpi_2023-07-12
UKXGBP,2023-05-17 13:30:00+00:00,8,selected,,bls_cpi_2023-07-12
UKXGBP,2023-05-10 13:30:00+00:00,9,rejected,BLS CPI/employment date,bls_cpi_2023-07-12
UKXGBP,2023-05-03 13:30:00+00:00,10,rejected,quote absent/nonpositive,bls_cpi_2023-07-12
UKXGBP,2023-04-26 13:30:00+00:00,11,selected,,bls_cpi_2023-07-12
UKXGBP,2023-04-19 13:30:00+00:00,12,selected,,bls_cpi_2023-07-12
BCOUSD,2023-07-05 13:30:00+00:00,1,selected,,bls_cpi_2023-07-12
BCOUSD,2023-06-28 13:30:00+00:00,2,selected,,bls_cpi_2023-07-12
BCOUSD,2023-06-21 13:30:00+00:00,3,rejected,quote absent/nonpositive,bls_cpi_2023-07-12
BCOUSD,2023-06-14 13:30:00+00:00,4,selected,,bls_cpi_2023-07-12
BCOUSD,2023-06-07 13:30:00+00:00,5,selected,,bls_cpi_2023-07-12
BCOUSD,2023-05-31 13:30:00+00:00,6,rejected,quote absent/nonpositive,bls_cpi_2023-07-12
BCOUSD,2023-05-24 13:30:00+00:00,7,rejected,quote absent/nonpositive,bls_cpi_2023-07-12
BCOUSD,2023-05-17 13:30:00+00:00,8,rejected,quote absent/nonpositive,bls_cpi_2023-07-12
BCOUSD,2023-05-10 13:30:00+00:00,9,rejected,BLS CPI/employment date,bls_cpi_2023-07-12
BCOUSD,2023-05-03 13:30:00+00:00,10,valid_not_selected,,bls_cpi_2023-07-12
BCOUSD,2023-04-26 13:30:00+00:00,11,valid_not_selected,,bls_cpi_2023-07-12
BCOUSD,2023-04-19 13:30:00+00:00,12,rejected,quote absent/nonpositive,bls_cpi_2023-07-12
EURUSD,2023-07-28 13:30:00+00:00,1,selected,,bls_employment_2023-08-04
EURUSD,2023-07-21 13:30:00+00:00,2,rejected,quote absent/nonpositive,bls_employment_2023-08-04
EURUSD,2023-07-14 13:30:00+00:00,3,rejected,quote absent/nonpositive,bls_employment_2023-08-04
EURUSD,2023-07-07 13:30:00+00:00,4,rejected,BLS CPI/employment date,bls_employment_2023-08-04
EURUSD,2023-06-30 13:30:00+00:00,5,rejected,quote absent/nonpositive,bls_employment_2023-08-04
EURUSD,2023-06-23 13:30:00+00:00,6,selected,,bls_employment_2023-08-04
EURUSD,2023-06-16 13:30:00+00:00,7,rejected,quote absent/nonpositive,bls_employment_2023-08-04
EURUSD,2023-06-09 13:30:00+00:00,8,selected,,bls_employment_2023-08-04
EURUSD,2023-06-02 13:30:00+00:00,9,rejected,BLS CPI/employment date,bls_employment_2023-08-04
EURUSD,2023-05-26 13:30:00+00:00,10,selected,,bls_employment_2023-08-04
EURUSD,2023-05-19 13:30:00+00:00,11,valid_not_selected,,bls_employment_2023-08-04
EURUSD,2023-05-12 13:30:00+00:00,12,valid_not_selected,,bls_employment_2023-08-04
GBPUSD,2023-07-28 13:30:00+00:00,1,selected,,bls_employment_2023-08-04
GBPUSD,2023-07-21 13:30:00+00:00,2,selected,,bls_employment_2023-08-04
GBPUSD,2023-07-14 13:30:00+00:00,3,rejected,quote absent/nonpositive,bls_employment_2023-08-04
GBPUSD,2023-07-07 13:30:00+00:00,4,rejected,BLS CPI/employment date,bls_employment_2023-08-04
GBPUSD,2023-06-30 13:30:00+00:00,5,rejected,quote absent/nonpositive,bls_employment_2023-08-04
GBPUSD,2023-06-23 13:30:00+00:00,6,rejected,quote absent/nonpositive,bls_employment_2023-08-04
GBPUSD,2023-06-16 13:30:00+00:00,7,selected,,bls_employment_2023-08-04
GBPUSD,2023-06-09 13:30:00+00:00,8,rejected,quote absent/nonpositive,bls_employment_2023-08-04
GBPUSD,2023-06-02 13:30:00+00:00,9,rejected,BLS CPI/employment date,bls_employment_2023-08-04
GBPUSD,2023-05-26 13:30:00+00:00,10,rejected,quote absent/nonpositive,bls_employment_2023-08-04
GBPUSD,2023-05-19 13:30:00+00:00,11,selected,,bls_employment_2023-08-04
GBPUSD,2023-05-12 13:30:00+00:00,12,rejected,quote absent/nonpositive,bls_employment_2023-08-04
AUDUSD,2023-07-28 13:30:00+00:00,1,rejected,quote absent/nonpositive,bls_employment_2023-08-04
AUDUSD,2023-07-21 13:30:00+00:00,2,selected,,bls_employment_2023-08-04
AUDUSD,2023-07-14 13:30:00+00:00,3,rejected,quote absent/nonpositive,bls_employment_2023-08-04
AUDUSD,2023-07-07 13:30:00+00:00,4,rejected,BLS CPI/employment date,bls_employment_2023-08-04
AUDUSD,2023-06-30 13:30:00+00:00,5,selected,,bls_employment_2023-08-04
AUDUSD,2023-06-23 13:30:00+00:00,6,rejected,quote absent/nonpositive,bls_employment_2023-08-04
AUDUSD,2023-06-16 13:30:00+00:00,7,rejected,quote absent/nonpositive,bls_employment_2023-08-04
AUDUSD,2023-06-09 13:30:00+00:00,8,selected,,bls_employment_2023-08-04
AUDUSD,2023-06-02 13:30:00+00:00,9,rejected,BLS CPI/employment date,bls_employment_2023-08-04
AUDUSD,2023-05-26 13:30:00+00:00,10,selected,,bls_employment_2023-08-04
AUDUSD,2023-05-19 13:30:00+00:00,11,rejected,quote absent/nonpositive,bls_employment_2023-08-04
AUDUSD,2023-05-12 13:30:00+00:00,12,valid_not_selected,,bls_employment_2023-08-04
NZDUSD,2023-07-28 13:30:00+00:00,1,rejected,quote absent/nonpositive,bls_employment_2023-08-04
NZDUSD,2023-07-21 13:30:00+00:00,2,selected,,bls_employment_2023-08-04
NZDUSD,2023-07-14 13:30:00+00:00,3,rejected,quote absent/nonpositive,bls_employment_2023-08-04
NZDUSD,2023-07-07 13:30:00+00:00,4,rejected,BLS CPI/employment date,bls_employment_2023-08-04
NZDUSD,2023-06-30 13:30:00+00:00,5,rejected,quote absent/nonpositive,bls_employment_2023-08-04
NZDUSD,2023-06-23 13:30:00+00:00,6,selected,,bls_employment_2023-08-04
NZDUSD,2023-06-16 13:30:00+00:00,7,rejected,quote absent/nonpositive,bls_employment_2023-08-04
NZDUSD,2023-06-09 13:30:00+00:00,8,selected,,bls_employment_2023-08-04
NZDUSD,2023-06-02 13:30:00+00:00,9,rejected,BLS CPI/employment date,bls_employment_2023-08-04
NZDUSD,2023-05-26 13:30:00+00:00,10,selected,,bls_employment_2023-08-04
NZDUSD,2023-05-19 13:30:00+00:00,11,valid_not_selected,,bls_employment_2023-08-04
NZDUSD,2023-05-12 13:30:00+00:00,12,rejected,quote absent/nonpositive,bls_employment_2023-08-04
USDJPY,2023-07-28 13:30:00+00:00,1,rejected,quote absent/nonpositive,bls_employment_2023-08-04
USDJPY,2023-07-21 13:30:00+00:00,2,selected,,bls_employment_2023-08-04
USDJPY,2023-07-14 13:30:00+00:00,3,rejected,quote absent/nonpositive,bls_employment_2023-08-04
USDJPY,2023-07-07 13:30:00+00:00,4,rejected,BLS CPI/employment date,bls_employment_2023-08-04
USDJPY,2023-06-30 13:30:00+00:00,5,rejected,quote absent/nonpositive,bls_employment_2023-08-04
USDJPY,2023-06-23 13:30:00+00:00,6,rejected,quote absent/nonpositive,bls_employment_2023-08-04
USDJPY,2023-06-16 13:30:00+00:00,7,selected,,bls_employment_2023-08-04
USDJPY,2023-06-09 13:30:00+00:00,8,selected,,bls_employment_2023-08-04
USDJPY,2023-06-02 13:30:00+00:00,9,rejected,BLS CPI/employment date,bls_employment_2023-08-04
USDJPY,2023-05-26 13:30:00+00:00,10,rejected,quote absent/nonpositive,bls_employment_2023-08-04
USDJPY,2023-05-19 13:30:00+00:00,11,rejected,quote absent/nonpositive,bls_employment_2023-08-04
USDJPY,2023-05-12 13:30:00+00:00,12,rejected,quote absent/nonpositive,bls_employment_2023-08-04
USDJPY,2023-08-04 13:30:00+00:00,0,event_rejected,only 3 controls,bls_employment_2023-08-04
USDCHF,2023-07-28 13:30:00+00:00,1,selected,,bls_employment_2023-08-04
USDCHF,2023-07-21 13:30:00+00:00,2,selected,,bls_employment_2023-08-04
USDCHF,2023-07-14 13:30:00+00:00,3,selected,,bls_employment_2023-08-04
USDCHF,2023-07-07 13:30:00+00:00,4,rejected,BLS CPI/employment date,bls_employment_2023-08-04
USDCHF,2023-06-30 13:30:00+00:00,5,selected,,bls_employment_2023-08-04
USDCHF,2023-06-23 13:30:00+00:00,6,rejected,quote absent/nonpositive,bls_employment_2023-08-04
USDCHF,2023-06-16 13:30:00+00:00,7,valid_not_selected,,bls_employment_2023-08-04
USDCHF,2023-06-09 13:30:00+00:00,8,valid_not_selected,,bls_employment_2023-08-04
USDCHF,2023-06-02 13:30:00+00:00,9,rejected,BLS CPI/employment date,bls_employment_2023-08-04
USDCHF,2023-05-26 13:30:00+00:00,10,valid_not_selected,,bls_employment_2023-08-04
USDCHF,2023-05-19 13:30:00+00:00,11,rejected,quote absent/nonpositive,bls_employment_2023-08-04
USDCHF,2023-05-12 13:30:00+00:00,12,rejected,quote absent/nonpositive,bls_employment_2023-08-04
USDCAD,2023-07-28 13:30:00+00:00,1,selected,,bls_employment_2023-08-04
USDCAD,2023-07-21 13:30:00+00:00,2,rejected,quote absent/nonpositive,bls_employment_2023-08-04
USDCAD,2023-07-14 13:30:00+00:00,3,rejected,quote absent/nonpositive,bls_employment_2023-08-04
USDCAD,2023-07-07 13:30:00+00:00,4,rejected,BLS CPI/employment date,bls_employment_2023-08-04
USDCAD,2023-06-30 13:30:00+00:00,5,selected,,bls_employment_2023-08-04
USDCAD,2023-06-23 13:30:00+00:00,6,selected,,bls_employment_2023-08-04
USDCAD,2023-06-16 13:30:00+00:00,7,rejected,quote absent/nonpositive,bls_employment_2023-08-04
USDCAD,2023-06-09 13:30:00+00:00,8,selected,,bls_employment_2023-08-04
USDCAD,2023-06-02 13:30:00+00:00,9,rejected,BLS CPI/employment date,bls_employment_2023-08-04
USDCAD,2023-05-26 13:30:00+00:00,10,rejected,quote absent/nonpositive,bls_employment_2023-08-04
USDCAD,2023-05-19 13:30:00+00:00,11,rejected,quote absent/nonpositive,bls_employment_2023-08-04
USDCAD,2023-05-12 13:30:00+00:00,12,valid_not_selected,,bls_employment_2023-08-04
EURJPY,2023-07-28 13:30:00+00:00,1,selected,,bls_employment_2023-08-04
EURJPY,2023-07-21 13:30:00+00:00,2,rejected,quote absent/nonpositive,bls_employment_2023-08-04
EURJPY,2023-07-14 13:30:00+00:00,3,rejected,quote absent/nonpositive,bls_employment_2023-08-04
EURJPY,2023-07-07 13:30:00+00:00,4,rejected,BLS CPI/employment date,bls_employment_2023-08-04
EURJPY,2023-06-30 13:30:00+00:00,5,rejected,quote absent/nonpositive,bls_employment_2023-08-04
EURJPY,2023-06-23 13:30:00+00:00,6,selected,,bls_employment_2023-08-04
EURJPY,2023-06-16 13:30:00+00:00,7,selected,,bls_employment_2023-08-04
EURJPY,2023-06-09 13:30:00+00:00,8,selected,,bls_employment_2023-08-04
EURJPY,2023-06-02 13:30:00+00:00,9,rejected,BLS CPI/employment date,bls_employment_2023-08-04
EURJPY,2023-05-26 13:30:00+00:00,10,rejected,quote absent/nonpositive,bls_employment_2023-08-04
EURJPY,2023-05-19 13:30:00+00:00,11,valid_not_selected,,bls_employment_2023-08-04
EURJPY,2023-05-12 13:30:00+00:00,12,valid_not_selected,,bls_employment_2023-08-04
XAUUSD,2023-07-28 13:30:00+00:00,1,rejected,quote absent/nonpositive,bls_employment_2023-08-04
XAUUSD,2023-07-21 13:30:00+00:00,2,selected,,bls_employment_2023-08-04
XAUUSD,2023-07-14 13:30:00+00:00,3,selected,,bls_employment_2023-08-04
XAUUSD,2023-07-07 13:30:00+00:00,4,rejected,BLS CPI/employment date,bls_employment_2023-08-04
XAUUSD,2023-06-30 13:30:00+00:00,5,selected,,bls_employment_2023-08-04
XAUUSD,2023-06-23 13:30:00+00:00,6,selected,,bls_employment_2023-08-04
XAUUSD,2023-06-16 13:30:00+00:00,7,valid_not_selected,,bls_employment_2023-08-04
XAUUSD,2023-06-09 13:30:00+00:00,8,rejected,quote absent/nonpositive,bls_employment_2023-08-04
XAUUSD,2023-06-02 13:30:00+00:00,9,rejected,BLS CPI/employment date,bls_employment_2023-08-04
XAUUSD,2023-05-26 13:30:00+00:00,10,rejected,quote absent/nonpositive,bls_employment_2023-08-04
XAUUSD,2023-05-19 13:30:00+00:00,11,rejected,quote absent/nonpositive,bls_employment_2023-08-04
XAUUSD,2023-05-12 13:30:00+00:00,12,valid_not_selected,,bls_employment_2023-08-04
XAGUSD,2023-07-28 13:30:00+00:00,1,rejected,quote absent/nonpositive,bls_employment_2023-08-04
XAGUSD,2023-07-21 13:30:00+00:00,2,selected,,bls_employment_2023-08-04
XAGUSD,2023-07-14 13:30:00+00:00,3,selected,,bls_employment_2023-08-04
XAGUSD,2023-07-07 13:30:00+00:00,4,rejected,BLS CPI/employment date,bls_employment_2023-08-04
XAGUSD,2023-06-30 13:30:00+00:00,5,rejected,quote absent/nonpositive,bls_employment_2023-08-04
XAGUSD,2023-06-23 13:30:00+00:00,6,selected,,bls_employment_2023-08-04
XAGUSD,2023-06-16 13:30:00+00:00,7,selected,,bls_employment_2023-08-04
XAGUSD,2023-06-09 13:30:00+00:00,8,valid_not_selected,,bls_employment_2023-08-04
XAGUSD,2023-06-02 13:30:00+00:00,9,rejected,BLS CPI/employment date,bls_employment_2023-08-04
XAGUSD,2023-05-26 13:30:00+00:00,10,valid_not_selected,,bls_employment_2023-08-04
XAGUSD,2023-05-19 13:30:00+00:00,11,valid_not_selected,,bls_employment_2023-08-04
XAGUSD,2023-05-12 13:30:00+00:00,12,valid_not_selected,,bls_employment_2023-08-04
SPXUSD,2023-07-28 13:30:00+00:00,1,rejected,quote absent/nonpositive,bls_employment_2023-08-04
SPXUSD,2023-07-21 13:30:00+00:00,2,selected,,bls_employment_2023-08-04
SPXUSD,2023-07-14 13:30:00+00:00,3,selected,,bls_employment_2023-08-04
SPXUSD,2023-07-07 13:30:00+00:00,4,rejected,BLS CPI/employment date,bls_employment_2023-08-04
SPXUSD,2023-06-30 13:30:00+00:00,5,selected,,bls_employment_2023-08-04
SPXUSD,2023-06-23 13:30:00+00:00,6,selected,,bls_employment_2023-08-04
SPXUSD,2023-06-16 13:30:00+00:00,7,valid_not_selected,,bls_employment_2023-08-04
SPXUSD,2023-06-09 13:30:00+00:00,8,valid_not_selected,,bls_employment_2023-08-04
SPXUSD,2023-06-02 13:30:00+00:00,9,rejected,BLS CPI/employment date,bls_employment_2023-08-04
SPXUSD,2023-05-26 13:30:00+00:00,10,rejected,quote absent/nonpositive,bls_employment_2023-08-04
SPXUSD,2023-05-19 13:30:00+00:00,11,valid_not_selected,,bls_employment_2023-08-04
SPXUSD,2023-05-12 13:30:00+00:00,12,rejected,quote absent/nonpositive,bls_employment_2023-08-04
NSXUSD,2023-07-28 13:30:00+00:00,1,rejected,quote absent/nonpositive,bls_employment_2023-08-04
NSXUSD,2023-07-21 13:30:00+00:00,2,selected,,bls_employment_2023-08-04
NSXUSD,2023-07-14 13:30:00+00:00,3,rejected,quote absent/nonpositive,bls_employment_2023-08-04
NSXUSD,2023-07-07 13:30:00+00:00,4,rejected,BLS CPI/employment date,bls_employment_2023-08-04
NSXUSD,2023-06-30 13:30:00+00:00,5,rejected,quote absent/nonpositive,bls_employment_2023-08-04
NSXUSD,2023-06-23 13:30:00+00:00,6,selected,,bls_employment_2023-08-04
NSXUSD,2023-06-16 13:30:00+00:00,7,rejected,quote absent/nonpositive,bls_employment_2023-08-04
NSXUSD,2023-06-09 13:30:00+00:00,8,rejected,quote absent/nonpositive,bls_employment_2023-08-04
NSXUSD,2023-06-02 13:30:00+00:00,9,rejected,BLS CPI/employment date,bls_employment_2023-08-04
NSXUSD,2023-05-26 13:30:00+00:00,10,selected,,bls_employment_2023-08-04
NSXUSD,2023-05-19 13:30:00+00:00,11,selected,,bls_employment_2023-08-04
NSXUSD,2023-05-12 13:30:00+00:00,12,rejected,quote absent/nonpositive,bls_employment_2023-08-04
GRXEUR,2023-07-28 13:30:00+00:00,1,selected,,bls_employment_2023-08-04
GRXEUR,2023-07-21 13:30:00+00:00,2,selected,,bls_employment_2023-08-04
GRXEUR,2023-07-14 13:30:00+00:00,3,rejected,quote absent/nonpositive,bls_employment_2023-08-04
GRXEUR,2023-07-07 13:30:00+00:00,4,rejected,BLS CPI/employment date,bls_employment_2023-08-04
GRXEUR,2023-06-30 13:30:00+00:00,5,rejected,quote absent/nonpositive,bls_employment_2023-08-04
GRXEUR,2023-06-23 13:30:00+00:00,6,selected,,bls_employment_2023-08-04
GRXEUR,2023-06-16 13:30:00+00:00,7,rejected,quote absent/nonpositive,bls_employment_2023-08-04
GRXEUR,2023-06-09 13:30:00+00:00,8,selected,,bls_employment_2023-08-04
GRXEUR,2023-06-02 13:30:00+00:00,9,rejected,BLS CPI/employment date,bls_employment_2023-08-04
GRXEUR,2023-05-26 13:30:00+00:00,10,rejected,quote absent/nonpositive,bls_employment_2023-08-04
GRXEUR,2023-05-19 13:30:00+00:00,11,valid_not_selected,,bls_employment_2023-08-04
GRXEUR,2023-05-12 13:30:00+00:00,12,rejected,quote absent/nonpositive,bls_employment_2023-08-04
UKXGBP,2023-07-28 13:30:00+00:00,1,rejected,quote absent/nonpositive,bls_employment_2023-08-04
UKXGBP,2023-07-21 13:30:00+00:00,2,rejected,quote absent/nonpositive,bls_employment_2023-08-04
UKXGBP,2023-07-14 13:30:00+00:00,3,rejected,quote absent/nonpositive,bls_employment_2023-08-04
UKXGBP,2023-07-07 13:30:00+00:00,4,rejected,BLS CPI/employment date,bls_employment_2023-08-04
UKXGBP,2023-06-30 13:30:00+00:00,5,selected,,bls_employment_2023-08-04
UKXGBP,2023-06-23 13:30:00+00:00,6,selected,,bls_employment_2023-08-04
UKXGBP,2023-06-16 13:30:00+00:00,7,rejected,quote absent/nonpositive,bls_employment_2023-08-04
UKXGBP,2023-06-09 13:30:00+00:00,8,selected,,bls_employment_2023-08-04
UKXGBP,2023-06-02 13:30:00+00:00,9,rejected,BLS CPI/employment date,bls_employment_2023-08-04
UKXGBP,2023-05-26 13:30:00+00:00,10,selected,,bls_employment_2023-08-04
UKXGBP,2023-05-19 13:30:00+00:00,11,valid_not_selected,,bls_employment_2023-08-04
UKXGBP,2023-05-12 13:30:00+00:00,12,rejected,quote absent/nonpositive,bls_employment_2023-08-04
BCOUSD,2023-07-28 13:30:00+00:00,1,selected,,bls_employment_2023-08-04
BCOUSD,2023-07-21 13:30:00+00:00,2,selected,,bls_employment_2023-08-04
BCOUSD,2023-07-14 13:30:00+00:00,3,rejected,quote absent/nonpositive,bls_employment_2023-08-04
BCOUSD,2023-07-07 13:30:00+00:00,4,rejected,BLS CPI/employment date,bls_employment_2023-08-04
BCOUSD,2023-06-30 13:30:00+00:00,5,rejected,quote absent/nonpositive,bls_employment_2023-08-04
BCOUSD,2023-06-23 13:30:00+00:00,6,rejected,quote absent/nonpositive,bls_employment_2023-08-04
BCOUSD,2023-06-16 13:30:00+00:00,7,selected,,bls_employment_2023-08-04
BCOUSD,2023-06-09 13:30:00+00:00,8,rejected,quote absent/nonpositive,bls_employment_2023-08-04
BCOUSD,2023-06-02 13:30:00+00:00,9,rejected,BLS CPI/employment date,bls_employment_2023-08-04
BCOUSD,2023-05-26 13:30:00+00:00,10,selected,,bls_employment_2023-08-04
BCOUSD,2023-05-19 13:30:00+00:00,11,rejected,quote absent/nonpositive,bls_employment_2023-08-04
BCOUSD,2023-05-12 13:30:00+00:00,12,valid_not_selected,,bls_employment_2023-08-04
EURUSD,2023-08-03 13:30:00+00:00,1,selected,,bls_cpi_2023-08-10
EURUSD,2023-07-27 13:30:00+00:00,2,rejected,quote absent/nonpositive,bls_cpi_2023-08-10
EURUSD,2023-07-20 13:30:00+00:00,3,selected,,bls_cpi_2023-08-10
EURUSD,2023-07-13 13:30:00+00:00,4,rejected,quote absent/nonpositive,bls_cpi_2023-08-10
EURUSD,2023-07-06 13:30:00+00:00,5,rejected,quote absent/nonpositive,bls_cpi_2023-08-10
EURUSD,2023-06-29 13:30:00+00:00,6,selected,,bls_cpi_2023-08-10
EURUSD,2023-06-22 13:30:00+00:00,7,rejected,quote absent/nonpositive,bls_cpi_2023-08-10
EURUSD,2023-06-15 13:30:00+00:00,8,selected,,bls_cpi_2023-08-10
EURUSD,2023-06-08 13:30:00+00:00,9,valid_not_selected,,bls_cpi_2023-08-10
EURUSD,2023-06-01 13:30:00+00:00,10,valid_not_selected,,bls_cpi_2023-08-10
EURUSD,2023-05-25 13:30:00+00:00,11,rejected,quote absent/nonpositive,bls_cpi_2023-08-10
EURUSD,2023-05-18 13:30:00+00:00,12,valid_not_selected,,bls_cpi_2023-08-10
GBPUSD,2023-08-03 13:30:00+00:00,1,selected,,bls_cpi_2023-08-10
GBPUSD,2023-07-27 13:30:00+00:00,2,rejected,quote absent/nonpositive,bls_cpi_2023-08-10
GBPUSD,2023-07-20 13:30:00+00:00,3,rejected,quote absent/nonpositive,bls_cpi_2023-08-10
GBPUSD,2023-07-13 13:30:00+00:00,4,rejected,quote absent/nonpositive,bls_cpi_2023-08-10
GBPUSD,2023-07-06 13:30:00+00:00,5,rejected,quote absent/nonpositive,bls_cpi_2023-08-10
GBPUSD,2023-06-29 13:30:00+00:00,6,selected,,bls_cpi_2023-08-10
GBPUSD,2023-06-22 13:30:00+00:00,7,selected,,bls_cpi_2023-08-10
GBPUSD,2023-06-15 13:30:00+00:00,8,rejected,quote absent/nonpositive,bls_cpi_2023-08-10
GBPUSD,2023-06-08 13:30:00+00:00,9,selected,,bls_cpi_2023-08-10
GBPUSD,2023-06-01 13:30:00+00:00,10,valid_not_selected,,bls_cpi_2023-08-10
GBPUSD,2023-05-25 13:30:00+00:00,11,valid_not_selected,,bls_cpi_2023-08-10
GBPUSD,2023-05-18 13:30:00+00:00,12,rejected,quote absent/nonpositive,bls_cpi_2023-08-10
AUDUSD,2023-08-03 13:30:00+00:00,1,selected,,bls_cpi_2023-08-10
AUDUSD,2023-07-27 13:30:00+00:00,2,selected,,bls_cpi_2023-08-10
AUDUSD,2023-07-20 13:30:00+00:00,3,rejected,quote absent/nonpositive,bls_cpi_2023-08-10
AUDUSD,2023-07-13 13:30:00+00:00,4,selected,,bls_cpi_2023-08-10
AUDUSD,2023-07-06 13:30:00+00:00,5,rejected,quote absent/nonpositive,bls_cpi_2023-08-10
AUDUSD,2023-06-29 13:30:00+00:00,6,selected,,bls_cpi_2023-08-10
AUDUSD,2023-06-22 13:30:00+00:00,7,rejected,quote absent/nonpositive,bls_cpi_2023-08-10
AUDUSD,2023-06-15 13:30:00+00:00,8,rejected,quote absent/nonpositive,bls_cpi_2023-08-10
AUDUSD,2023-06-08 13:30:00+00:00,9,valid_not_selected,,bls_cpi_2023-08-10
AUDUSD,2023-06-01 13:30:00+00:00,10,valid_not_selected,,bls_cpi_2023-08-10
AUDUSD,2023-05-25 13:30:00+00:00,11,valid_not_selected,,bls_cpi_2023-08-10
AUDUSD,2023-05-18 13:30:00+00:00,12,valid_not_selected,,bls_cpi_2023-08-10
NZDUSD,2023-08-03 13:30:00+00:00,1,selected,,bls_cpi_2023-08-10
NZDUSD,2023-07-27 13:30:00+00:00,2,rejected,quote absent/nonpositive,bls_cpi_2023-08-10
NZDUSD,2023-07-20 13:30:00+00:00,3,rejected,quote absent/nonpositive,bls_cpi_2023-08-10
NZDUSD,2023-07-13 13:30:00+00:00,4,rejected,quote absent/nonpositive,bls_cpi_2023-08-10
NZDUSD,2023-07-06 13:30:00+00:00,5,selected,,bls_cpi_2023-08-10
NZDUSD,2023-06-29 13:30:00+00:00,6,rejected,quote absent/nonpositive,bls_cpi_2023-08-10
NZDUSD,2023-06-22 13:30:00+00:00,7,selected,,bls_cpi_2023-08-10
NZDUSD,2023-06-15 13:30:00+00:00,8,rejected,quote absent/nonpositive,bls_cpi_2023-08-10
NZDUSD,2023-06-08 13:30:00+00:00,9,rejected,quote absent/nonpositive,bls_cpi_2023-08-10
NZDUSD,2023-06-01 13:30:00+00:00,10,selected,,bls_cpi_2023-08-10
NZDUSD,2023-05-25 13:30:00+00:00,11,valid_not_selected,,bls_cpi_2023-08-10
NZDUSD,2023-05-18 13:30:00+00:00,12,valid_not_selected,,bls_cpi_2023-08-10
USDJPY,2023-08-03 13:30:00+00:00,1,selected,,bls_cpi_2023-08-10
USDJPY,2023-07-27 13:30:00+00:00,2,selected,,bls_cpi_2023-08-10
USDJPY,2023-07-20 13:30:00+00:00,3,selected,,bls_cpi_2023-08-10
USDJPY,2023-07-13 13:30:00+00:00,4,rejected,quote absent/nonpositive,bls_cpi_2023-08-10
USDJPY,2023-07-06 13:30:00+00:00,5,selected,,bls_cpi_2023-08-10
USDJPY,2023-06-29 13:30:00+00:00,6,valid_not_selected,,bls_cpi_2023-08-10
USDJPY,2023-06-22 13:30:00+00:00,7,valid_not_selected,,bls_cpi_2023-08-10
USDJPY,2023-06-15 13:30:00+00:00,8,valid_not_selected,,bls_cpi_2023-08-10
USDJPY,2023-06-08 13:30:00+00:00,9,valid_not_selected,,bls_cpi_2023-08-10
USDJPY,2023-06-01 13:30:00+00:00,10,valid_not_selected,,bls_cpi_2023-08-10
USDJPY,2023-05-25 13:30:00+00:00,11,rejected,quote absent/nonpositive,bls_cpi_2023-08-10
USDJPY,2023-05-18 13:30:00+00:00,12,valid_not_selected,,bls_cpi_2023-08-10
USDCHF,2023-08-03 13:30:00+00:00,1,selected,,bls_cpi_2023-08-10
USDCHF,2023-07-27 13:30:00+00:00,2,rejected,quote absent/nonpositive,bls_cpi_2023-08-10
USDCHF,2023-07-20 13:30:00+00:00,3,selected,,bls_cpi_2023-08-10
USDCHF,2023-07-13 13:30:00+00:00,4,selected,,bls_cpi_2023-08-10
USDCHF,2023-07-06 13:30:00+00:00,5,selected,,bls_cpi_2023-08-10
USDCHF,2023-06-29 13:30:00+00:00,6,rejected,quote absent/nonpositive,bls_cpi_2023-08-10
USDCHF,2023-06-22 13:30:00+00:00,7,rejected,quote absent/nonpositive,bls_cpi_2023-08-10
USDCHF,2023-06-15 13:30:00+00:00,8,valid_not_selected,,bls_cpi_2023-08-10
USDCHF,2023-06-08 13:30:00+00:00,9,valid_not_selected,,bls_cpi_2023-08-10
USDCHF,2023-06-01 13:30:00+00:00,10,rejected,quote absent/nonpositive,bls_cpi_2023-08-10
USDCHF,2023-05-25 13:30:00+00:00,11,valid_not_selected,,bls_cpi_2023-08-10
USDCHF,2023-05-18 13:30:00+00:00,12,rejected,quote absent/nonpositive,bls_cpi_2023-08-10
USDCAD,2023-08-03 13:30:00+00:00,1,selected,,bls_cpi_2023-08-10
USDCAD,2023-07-27 13:30:00+00:00,2,selected,,bls_cpi_2023-08-10
USDCAD,2023-07-20 13:30:00+00:00,3,rejected,quote absent/nonpositive,bls_cpi_2023-08-10
USDCAD,2023-07-13 13:30:00+00:00,4,selected,,bls_cpi_2023-08-10
USDCAD,2023-07-06 13:30:00+00:00,5,selected,,bls_cpi_2023-08-10
USDCAD,2023-06-29 13:30:00+00:00,6,valid_not_selected,,bls_cpi_2023-08-10
USDCAD,2023-06-22 13:30:00+00:00,7,valid_not_selected,,bls_cpi_2023-08-10
USDCAD,2023-06-15 13:30:00+00:00,8,rejected,quote absent/nonpositive,bls_cpi_2023-08-10
USDCAD,2023-06-08 13:30:00+00:00,9,valid_not_selected,,bls_cpi_2023-08-10
USDCAD,2023-06-01 13:30:00+00:00,10,rejected,quote absent/nonpositive,bls_cpi_2023-08-10
USDCAD,2023-05-25 13:30:00+00:00,11,rejected,quote absent/nonpositive,bls_cpi_2023-08-10
USDCAD,2023-05-18 13:30:00+00:00,12,rejected,quote absent/nonpositive,bls_cpi_2023-08-10
EURJPY,2023-08-03 13:30:00+00:00,1,selected,,bls_cpi_2023-08-10
EURJPY,2023-07-27 13:30:00+00:00,2,rejected,quote absent/nonpositive,bls_cpi_2023-08-10
EURJPY,2023-07-20 13:30:00+00:00,3,rejected,quote absent/nonpositive,bls_cpi_2023-08-10
EURJPY,2023-07-13 13:30:00+00:00,4,rejected,quote absent/nonpositive,bls_cpi_2023-08-10
EURJPY,2023-07-06 13:30:00+00:00,5,rejected,quote absent/nonpositive,bls_cpi_2023-08-10
EURJPY,2023-06-29 13:30:00+00:00,6,selected,,bls_cpi_2023-08-10
EURJPY,2023-06-22 13:30:00+00:00,7,selected,,bls_cpi_2023-08-10
EURJPY,2023-06-15 13:30:00+00:00,8,rejected,quote absent/nonpositive,bls_cpi_2023-08-10
EURJPY,2023-06-08 13:30:00+00:00,9,rejected,quote absent/nonpositive,bls_cpi_2023-08-10
EURJPY,2023-06-01 13:30:00+00:00,10,selected,,bls_cpi_2023-08-10
EURJPY,2023-05-25 13:30:00+00:00,11,valid_not_selected,,bls_cpi_2023-08-10
EURJPY,2023-05-18 13:30:00+00:00,12,valid_not_selected,,bls_cpi_2023-08-10
XAUUSD,2023-08-03 13:30:00+00:00,1,selected,,bls_cpi_2023-08-10
XAUUSD,2023-07-27 13:30:00+00:00,2,rejected,quote absent/nonpositive,bls_cpi_2023-08-10
XAUUSD,2023-07-20 13:30:00+00:00,3,selected,,bls_cpi_2023-08-10
XAUUSD,2023-07-13 13:30:00+00:00,4,rejected,quote absent/nonpositive,bls_cpi_2023-08-10
XAUUSD,2023-07-06 13:30:00+00:00,5,selected,,bls_cpi_2023-08-10
XAUUSD,2023-06-29 13:30:00+00:00,6,selected,,bls_cpi_2023-08-10
XAUUSD,2023-06-22 13:30:00+00:00,7,rejected,quote absent/nonpositive,bls_cpi_2023-08-10
XAUUSD,2023-06-15 13:30:00+00:00,8,valid_not_selected,,bls_cpi_2023-08-10
XAUUSD,2023-06-08 13:30:00+00:00,9,rejected,quote absent/nonpositive,bls_cpi_2023-08-10
XAUUSD,2023-06-01 13:30:00+00:00,10,valid_not_selected,,bls_cpi_2023-08-10
XAUUSD,2023-05-25 13:30:00+00:00,11,valid_not_selected,,bls_cpi_2023-08-10
XAUUSD,2023-05-18 13:30:00+00:00,12,valid_not_selected,,bls_cpi_2023-08-10
XAGUSD,2023-08-03 13:30:00+00:00,1,selected,,bls_cpi_2023-08-10
XAGUSD,2023-07-27 13:30:00+00:00,2,rejected,quote absent/nonpositive,bls_cpi_2023-08-10
XAGUSD,2023-07-20 13:30:00+00:00,3,selected,,bls_cpi_2023-08-10
XAGUSD,2023-07-13 13:30:00+00:00,4,selected,,bls_cpi_2023-08-10
XAGUSD,2023-07-06 13:30:00+00:00,5,selected,,bls_cpi_2023-08-10
XAGUSD,2023-06-29 13:30:00+00:00,6,valid_not_selected,,bls_cpi_2023-08-10
XAGUSD,2023-06-22 13:30:00+00:00,7,rejected,quote absent/nonpositive,bls_cpi_2023-08-10
XAGUSD,2023-06-15 13:30:00+00:00,8,rejected,quote absent/nonpositive,bls_cpi_2023-08-10
XAGUSD,2023-06-08 13:30:00+00:00,9,rejected,quote absent/nonpositive,bls_cpi_2023-08-10
XAGUSD,2023-06-01 13:30:00+00:00,10,valid_not_selected,,bls_cpi_2023-08-10
XAGUSD,2023-05-25 13:30:00+00:00,11,rejected,quote absent/nonpositive,bls_cpi_2023-08-10
XAGUSD,2023-05-18 13:30:00+00:00,12,valid_not_selected,,bls_cpi_2023-08-10
SPXUSD,2023-08-03 13:30:00+00:00,1,selected,,bls_cpi_2023-08-10
SPXUSD,2023-07-27 13:30:00+00:00,2,selected,,bls_cpi_2023-08-10
SPXUSD,2023-07-20 13:30:00+00:00,3,rejected,quote absent/nonpositive,bls_cpi_2023-08-10
SPXUSD,2023-07-13 13:30:00+00:00,4,selected,,bls_cpi_2023-08-10
SPXUSD,2023-07-06 13:30:00+00:00,5,rejected,quote absent/nonpositive,bls_cpi_2023-08-10
SPXUSD,2023-06-29 13:30:00+00:00,6,selected,,bls_cpi_2023-08-10
SPXUSD,2023-06-22 13:30:00+00:00,7,valid_not_selected,,bls_cpi_2023-08-10
SPXUSD,2023-06-15 13:30:00+00:00,8,valid_not_selected,,bls_cpi_2023-08-10
SPXUSD,2023-06-08 13:30:00+00:00,9,valid_not_selected,,bls_cpi_2023-08-10
SPXUSD,2023-06-01 13:30:00+00:00,10,valid_not_selected,,bls_cpi_2023-08-10
SPXUSD,2023-05-25 13:30:00+00:00,11,rejected,quote absent/nonpositive,bls_cpi_2023-08-10
SPXUSD,2023-05-18 13:30:00+00:00,12,valid_not_selected,,bls_cpi_2023-08-10
NSXUSD,2023-08-03 13:30:00+00:00,1,selected,,bls_cpi_2023-08-10
NSXUSD,2023-07-27 13:30:00+00:00,2,rejected,quote absent/nonpositive,bls_cpi_2023-08-10
NSXUSD,2023-07-20 13:30:00+00:00,3,selected,,bls_cpi_2023-08-10
NSXUSD,2023-07-13 13:30:00+00:00,4,selected,,bls_cpi_2023-08-10
NSXUSD,2023-07-06 13:30:00+00:00,5,rejected,quote absent/nonpositive,bls_cpi_2023-08-10
NSXUSD,2023-06-29 13:30:00+00:00,6,selected,,bls_cpi_2023-08-10
NSXUSD,2023-06-22 13:30:00+00:00,7,rejected,quote absent/nonpositive,bls_cpi_2023-08-10
NSXUSD,2023-06-15 13:30:00+00:00,8,rejected,quote absent/nonpositive,bls_cpi_2023-08-10
NSXUSD,2023-06-08 13:30:00+00:00,9,rejected,quote absent/nonpositive,bls_cpi_2023-08-10
NSXUSD,2023-06-01 13:30:00+00:00,10,valid_not_selected,,bls_cpi_2023-08-10
NSXUSD,2023-05-25 13:30:00+00:00,11,valid_not_selected,,bls_cpi_2023-08-10
NSXUSD,2023-05-18 13:30:00+00:00,12,valid_not_selected,,bls_cpi_2023-08-10
GRXEUR,2023-08-03 13:30:00+00:00,1,selected,,bls_cpi_2023-08-10
GRXEUR,2023-07-27 13:30:00+00:00,2,rejected,quote absent/nonpositive,bls_cpi_2023-08-10
GRXEUR,2023-07-20 13:30:00+00:00,3,rejected,quote absent/nonpositive,bls_cpi_2023-08-10
GRXEUR,2023-07-13 13:30:00+00:00,4,selected,,bls_cpi_2023-08-10
GRXEUR,2023-07-06 13:30:00+00:00,5,rejected,quote absent/nonpositive,bls_cpi_2023-08-10
GRXEUR,2023-06-29 13:30:00+00:00,6,selected,,bls_cpi_2023-08-10
GRXEUR,2023-06-22 13:30:00+00:00,7,rejected,quote absent/nonpositive,bls_cpi_2023-08-10
GRXEUR,2023-06-15 13:30:00+00:00,8,selected,,bls_cpi_2023-08-10
GRXEUR,2023-06-08 13:30:00+00:00,9,valid_not_selected,,bls_cpi_2023-08-10
GRXEUR,2023-06-01 13:30:00+00:00,10,valid_not_selected,,bls_cpi_2023-08-10
GRXEUR,2023-05-25 13:30:00+00:00,11,rejected,quote absent/nonpositive,bls_cpi_2023-08-10
GRXEUR,2023-05-18 13:30:00+00:00,12,valid_not_selected,,bls_cpi_2023-08-10
UKXGBP,2023-08-03 13:30:00+00:00,1,selected,,bls_cpi_2023-08-10
UKXGBP,2023-07-27 13:30:00+00:00,2,rejected,quote absent/nonpositive,bls_cpi_2023-08-10
UKXGBP,2023-07-20 13:30:00+00:00,3,selected,,bls_cpi_2023-08-10
UKXGBP,2023-07-13 13:30:00+00:00,4,selected,,bls_cpi_2023-08-10
UKXGBP,2023-07-06 13:30:00+00:00,5,selected,,bls_cpi_2023-08-10
UKXGBP,2023-06-29 13:30:00+00:00,6,valid_not_selected,,bls_cpi_2023-08-10
UKXGBP,2023-06-22 13:30:00+00:00,7,rejected,quote absent/nonpositive,bls_cpi_2023-08-10
UKXGBP,2023-06-15 13:30:00+00:00,8,valid_not_selected,,bls_cpi_2023-08-10
UKXGBP,2023-06-08 13:30:00+00:00,9,valid_not_selected,,bls_cpi_2023-08-10
UKXGBP,2023-06-01 13:30:00+00:00,10,valid_not_selected,,bls_cpi_2023-08-10
UKXGBP,2023-05-25 13:30:00+00:00,11,valid_not_selected,,bls_cpi_2023-08-10
UKXGBP,2023-05-18 13:30:00+00:00,12,rejected,quote absent/nonpositive,bls_cpi_2023-08-10
BCOUSD,2023-08-03 13:30:00+00:00,1,selected,,bls_cpi_2023-08-10
BCOUSD,2023-07-27 13:30:00+00:00,2,rejected,quote absent/nonpositive,bls_cpi_2023-08-10
BCOUSD,2023-07-20 13:30:00+00:00,3,selected,,bls_cpi_2023-08-10
BCOUSD,2023-07-13 13:30:00+00:00,4,rejected,quote absent/nonpositive,bls_cpi_2023-08-10
BCOUSD,2023-07-06 13:30:00+00:00,5,rejected,quote absent/nonpositive,bls_cpi_2023-08-10
BCOUSD,2023-06-29 13:30:00+00:00,6,rejected,quote absent/nonpositive,bls_cpi_2023-08-10
BCOUSD,2023-06-22 13:30:00+00:00,7,rejected,quote absent/nonpositive,bls_cpi_2023-08-10
BCOUSD,2023-06-15 13:30:00+00:00,8,selected,,bls_cpi_2023-08-10
BCOUSD,2023-06-08 13:30:00+00:00,9,selected,,bls_cpi_2023-08-10
BCOUSD,2023-06-01 13:30:00+00:00,10,rejected,quote absent/nonpositive,bls_cpi_2023-08-10
BCOUSD,2023-05-25 13:30:00+00:00,11,valid_not_selected,,bls_cpi_2023-08-10
BCOUSD,2023-05-18 13:30:00+00:00,12,rejected,quote absent/nonpositive,bls_cpi_2023-08-10
EURUSD,2023-08-25 13:30:00+00:00,1,selected,,bls_employment_2023-09-01
EURUSD,2023-08-18 13:30:00+00:00,2,selected,,bls_employment_2023-09-01
EURUSD,2023-08-11 13:30:00+00:00,3,selected,,bls_employment_2023-09-01
EURUSD,2023-08-04 13:30:00+00:00,4,rejected,BLS CPI/employment date,bls_employment_2023-09-01
EURUSD,2023-07-28 13:30:00+00:00,5,selected,,bls_employment_2023-09-01
EURUSD,2023-07-21 13:30:00+00:00,6,rejected,quote absent/nonpositive,bls_employment_2023-09-01
EURUSD,2023-07-14 13:30:00+00:00,7,rejected,quote absent/nonpositive,bls_employment_2023-09-01
EURUSD,2023-07-07 13:30:00+00:00,8,rejected,BLS CPI/employment date,bls_employment_2023-09-01
EURUSD,2023-06-30 13:30:00+00:00,9,rejected,quote absent/nonpositive,bls_employment_2023-09-01
EURUSD,2023-06-23 13:30:00+00:00,10,valid_not_selected,,bls_employment_2023-09-01
EURUSD,2023-06-16 13:30:00+00:00,11,rejected,quote absent/nonpositive,bls_employment_2023-09-01
EURUSD,2023-06-09 13:30:00+00:00,12,valid_not_selected,,bls_employment_2023-09-01
GBPUSD,2023-08-25 13:30:00+00:00,1,selected,,bls_employment_2023-09-01
GBPUSD,2023-08-18 13:30:00+00:00,2,selected,,bls_employment_2023-09-01
GBPUSD,2023-08-11 13:30:00+00:00,3,selected,,bls_employment_2023-09-01
GBPUSD,2023-08-04 13:30:00+00:00,4,rejected,BLS CPI/employment date,bls_employment_2023-09-01
GBPUSD,2023-07-28 13:30:00+00:00,5,selected,,bls_employment_2023-09-01
GBPUSD,2023-07-21 13:30:00+00:00,6,valid_not_selected,,bls_employment_2023-09-01
GBPUSD,2023-07-14 13:30:00+00:00,7,rejected,quote absent/nonpositive,bls_employment_2023-09-01
GBPUSD,2023-07-07 13:30:00+00:00,8,rejected,BLS CPI/employment date,bls_employment_2023-09-01
GBPUSD,2023-06-30 13:30:00+00:00,9,rejected,quote absent/nonpositive,bls_employment_2023-09-01
GBPUSD,2023-06-23 13:30:00+00:00,10,rejected,quote absent/nonpositive,bls_employment_2023-09-01
GBPUSD,2023-06-16 13:30:00+00:00,11,valid_not_selected,,bls_employment_2023-09-01
GBPUSD,2023-06-09 13:30:00+00:00,12,rejected,quote absent/nonpositive,bls_employment_2023-09-01
AUDUSD,2023-08-25 13:30:00+00:00,1,selected,,bls_employment_2023-09-01
AUDUSD,2023-08-18 13:30:00+00:00,2,selected,,bls_employment_2023-09-01
AUDUSD,2023-08-11 13:30:00+00:00,3,selected,,bls_employment_2023-09-01
AUDUSD,2023-08-04 13:30:00+00:00,4,rejected,BLS CPI/employment date,bls_employment_2023-09-01
AUDUSD,2023-07-28 13:30:00+00:00,5,rejected,quote absent/nonpositive,bls_employment_2023-09-01
AUDUSD,2023-07-21 13:30:00+00:00,6,selected,,bls_employment_2023-09-01
AUDUSD,2023-07-14 13:30:00+00:00,7,rejected,quote absent/nonpositive,bls_employment_2023-09-01
AUDUSD,2023-07-07 13:30:00+00:00,8,rejected,BLS CPI/employment date,bls_employment_2023-09-01
AUDUSD,2023-06-30 13:30:00+00:00,9,valid_not_selected,,bls_employment_2023-09-01
AUDUSD,2023-06-23 13:30:00+00:00,10,rejected,quote absent/nonpositive,bls_employment_2023-09-01
AUDUSD,2023-06-16 13:30:00+00:00,11,rejected,quote absent/nonpositive,bls_employment_2023-09-01
AUDUSD,2023-06-09 13:30:00+00:00,12,valid_not_selected,,bls_employment_2023-09-01
NZDUSD,2023-08-25 13:30:00+00:00,1,selected,,bls_employment_2023-09-01
NZDUSD,2023-08-18 13:30:00+00:00,2,selected,,bls_employment_2023-09-01
NZDUSD,2023-08-11 13:30:00+00:00,3,selected,,bls_employment_2023-09-01
NZDUSD,2023-08-04 13:30:00+00:00,4,rejected,BLS CPI/employment date,bls_employment_2023-09-01
NZDUSD,2023-07-28 13:30:00+00:00,5,rejected,quote absent/nonpositive,bls_employment_2023-09-01
NZDUSD,2023-07-21 13:30:00+00:00,6,selected,,bls_employment_2023-09-01
NZDUSD,2023-07-14 13:30:00+00:00,7,rejected,quote absent/nonpositive,bls_employment_2023-09-01
NZDUSD,2023-07-07 13:30:00+00:00,8,rejected,BLS CPI/employment date,bls_employment_2023-09-01
NZDUSD,2023-06-30 13:30:00+00:00,9,rejected,quote absent/nonpositive,bls_employment_2023-09-01
NZDUSD,2023-06-23 13:30:00+00:00,10,valid_not_selected,,bls_employment_2023-09-01
NZDUSD,2023-06-16 13:30:00+00:00,11,rejected,quote absent/nonpositive,bls_employment_2023-09-01
NZDUSD,2023-06-09 13:30:00+00:00,12,valid_not_selected,,bls_employment_2023-09-01
USDJPY,2023-08-25 13:30:00+00:00,1,selected,,bls_employment_2023-09-01
USDJPY,2023-08-18 13:30:00+00:00,2,selected,,bls_employment_2023-09-01
USDJPY,2023-08-11 13:30:00+00:00,3,selected,,bls_employment_2023-09-01
USDJPY,2023-08-04 13:30:00+00:00,4,rejected,BLS CPI/employment date,bls_employment_2023-09-01
USDJPY,2023-07-28 13:30:00+00:00,5,rejected,quote absent/nonpositive,bls_employment_2023-09-01
USDJPY,2023-07-21 13:30:00+00:00,6,selected,,bls_employment_2023-09-01
USDJPY,2023-07-14 13:30:00+00:00,7,rejected,quote absent/nonpositive,bls_employment_2023-09-01
USDJPY,2023-07-07 13:30:00+00:00,8,rejected,BLS CPI/employment date,bls_employment_2023-09-01
USDJPY,2023-06-30 13:30:00+00:00,9,rejected,quote absent/nonpositive,bls_employment_2023-09-01
USDJPY,2023-06-23 13:30:00+00:00,10,rejected,quote absent/nonpositive,bls_employment_2023-09-01
USDJPY,2023-06-16 13:30:00+00:00,11,valid_not_selected,,bls_employment_2023-09-01
USDJPY,2023-06-09 13:30:00+00:00,12,valid_not_selected,,bls_employment_2023-09-01
USDCHF,2023-08-25 13:30:00+00:00,1,selected,,bls_employment_2023-09-01
USDCHF,2023-08-18 13:30:00+00:00,2,selected,,bls_employment_2023-09-01
USDCHF,2023-08-11 13:30:00+00:00,3,selected,,bls_employment_2023-09-01
USDCHF,2023-08-04 13:30:00+00:00,4,rejected,BLS CPI/employment date,bls_employment_2023-09-01
USDCHF,2023-07-28 13:30:00+00:00,5,selected,,bls_employment_2023-09-01
USDCHF,2023-07-21 13:30:00+00:00,6,valid_not_selected,,bls_employment_2023-09-01
USDCHF,2023-07-14 13:30:00+00:00,7,valid_not_selected,,bls_employment_2023-09-01
USDCHF,2023-07-07 13:30:00+00:00,8,rejected,BLS CPI/employment date,bls_employment_2023-09-01
USDCHF,2023-06-30 13:30:00+00:00,9,valid_not_selected,,bls_employment_2023-09-01
USDCHF,2023-06-23 13:30:00+00:00,10,rejected,quote absent/nonpositive,bls_employment_2023-09-01
USDCHF,2023-06-16 13:30:00+00:00,11,valid_not_selected,,bls_employment_2023-09-01
USDCHF,2023-06-09 13:30:00+00:00,12,valid_not_selected,,bls_employment_2023-09-01
USDCAD,2023-08-25 13:30:00+00:00,1,selected,,bls_employment_2023-09-01
USDCAD,2023-08-18 13:30:00+00:00,2,selected,,bls_employment_2023-09-01
USDCAD,2023-08-11 13:30:00+00:00,3,selected,,bls_employment_2023-09-01
USDCAD,2023-08-04 13:30:00+00:00,4,rejected,BLS CPI/employment date,bls_employment_2023-09-01
USDCAD,2023-07-28 13:30:00+00:00,5,selected,,bls_employment_2023-09-01
USDCAD,2023-07-21 13:30:00+00:00,6,rejected,quote absent/nonpositive,bls_employment_2023-09-01
USDCAD,2023-07-14 13:30:00+00:00,7,rejected,quote absent/nonpositive,bls_employment_2023-09-01
USDCAD,2023-07-07 13:30:00+00:00,8,rejected,BLS CPI/employment date,bls_employment_2023-09-01
USDCAD,2023-06-30 13:30:00+00:00,9,valid_not_selected,,bls_employment_2023-09-01
USDCAD,2023-06-23 13:30:00+00:00,10,valid_not_selected,,bls_employment_2023-09-01
USDCAD,2023-06-16 13:30:00+00:00,11,rejected,quote absent/nonpositive,bls_employment_2023-09-01
USDCAD,2023-06-09 13:30:00+00:00,12,valid_not_selected,,bls_employment_2023-09-01
EURJPY,2023-08-25 13:30:00+00:00,1,selected,,bls_employment_2023-09-01
EURJPY,2023-08-18 13:30:00+00:00,2,selected,,bls_employment_2023-09-01
EURJPY,2023-08-11 13:30:00+00:00,3,selected,,bls_employment_2023-09-01
EURJPY,2023-08-04 13:30:00+00:00,4,rejected,BLS CPI/employment date,bls_employment_2023-09-01
EURJPY,2023-07-28 13:30:00+00:00,5,selected,,bls_employment_2023-09-01
EURJPY,2023-07-21 13:30:00+00:00,6,rejected,quote absent/nonpositive,bls_employment_2023-09-01
EURJPY,2023-07-14 13:30:00+00:00,7,rejected,quote absent/nonpositive,bls_employment_2023-09-01
EURJPY,2023-07-07 13:30:00+00:00,8,rejected,BLS CPI/employment date,bls_employment_2023-09-01
EURJPY,2023-06-30 13:30:00+00:00,9,rejected,quote absent/nonpositive,bls_employment_2023-09-01
EURJPY,2023-06-23 13:30:00+00:00,10,valid_not_selected,,bls_employment_2023-09-01
EURJPY,2023-06-16 13:30:00+00:00,11,valid_not_selected,,bls_employment_2023-09-01
EURJPY,2023-06-09 13:30:00+00:00,12,valid_not_selected,,bls_employment_2023-09-01
XAUUSD,2023-08-25 13:30:00+00:00,1,selected,,bls_employment_2023-09-01
XAUUSD,2023-08-18 13:30:00+00:00,2,selected,,bls_employment_2023-09-01
XAUUSD,2023-08-11 13:30:00+00:00,3,selected,,bls_employment_2023-09-01
XAUUSD,2023-08-04 13:30:00+00:00,4,rejected,BLS CPI/employment date,bls_employment_2023-09-01
XAUUSD,2023-07-28 13:30:00+00:00,5,rejected,quote absent/nonpositive,bls_employment_2023-09-01
XAUUSD,2023-07-21 13:30:00+00:00,6,selected,,bls_employment_2023-09-01
XAUUSD,2023-07-14 13:30:00+00:00,7,valid_not_selected,,bls_employment_2023-09-01
XAUUSD,2023-07-07 13:30:00+00:00,8,rejected,BLS CPI/employment date,bls_employment_2023-09-01
XAUUSD,2023-06-30 13:30:00+00:00,9,valid_not_selected,,bls_employment_2023-09-01
XAUUSD,2023-06-23 13:30:00+00:00,10,valid_not_selected,,bls_employment_2023-09-01
XAUUSD,2023-06-16 13:30:00+00:00,11,valid_not_selected,,bls_employment_2023-09-01
XAUUSD,2023-06-09 13:30:00+00:00,12,rejected,quote absent/nonpositive,bls_employment_2023-09-01
XAGUSD,2023-08-25 13:30:00+00:00,1,selected,,bls_employment_2023-09-01
XAGUSD,2023-08-18 13:30:00+00:00,2,selected,,bls_employment_2023-09-01
XAGUSD,2023-08-11 13:30:00+00:00,3,selected,,bls_employment_2023-09-01
XAGUSD,2023-08-04 13:30:00+00:00,4,rejected,BLS CPI/employment date,bls_employment_2023-09-01
XAGUSD,2023-07-28 13:30:00+00:00,5,rejected,quote absent/nonpositive,bls_employment_2023-09-01
XAGUSD,2023-07-21 13:30:00+00:00,6,selected,,bls_employment_2023-09-01
XAGUSD,2023-07-14 13:30:00+00:00,7,valid_not_selected,,bls_employment_2023-09-01
XAGUSD,2023-07-07 13:30:00+00:00,8,rejected,BLS CPI/employment date,bls_employment_2023-09-01
XAGUSD,2023-06-30 13:30:00+00:00,9,rejected,quote absent/nonpositive,bls_employment_2023-09-01
XAGUSD,2023-06-23 13:30:00+00:00,10,valid_not_selected,,bls_employment_2023-09-01
XAGUSD,2023-06-16 13:30:00+00:00,11,valid_not_selected,,bls_employment_2023-09-01
XAGUSD,2023-06-09 13:30:00+00:00,12,valid_not_selected,,bls_employment_2023-09-01
SPXUSD,2023-08-25 13:30:00+00:00,1,selected,,bls_employment_2023-09-01
SPXUSD,2023-08-18 13:30:00+00:00,2,selected,,bls_employment_2023-09-01
SPXUSD,2023-08-11 13:30:00+00:00,3,selected,,bls_employment_2023-09-01
SPXUSD,2023-08-04 13:30:00+00:00,4,rejected,BLS CPI/employment date,bls_employment_2023-09-01
SPXUSD,2023-07-28 13:30:00+00:00,5,rejected,quote absent/nonpositive,bls_employment_2023-09-01
SPXUSD,2023-07-21 13:30:00+00:00,6,selected,,bls_employment_2023-09-01
SPXUSD,2023-07-14 13:30:00+00:00,7,valid_not_selected,,bls_employment_2023-09-01
SPXUSD,2023-07-07 13:30:00+00:00,8,rejected,BLS CPI/employment date,bls_employment_2023-09-01
SPXUSD,2023-06-30 13:30:00+00:00,9,valid_not_selected,,bls_employment_2023-09-01
SPXUSD,2023-06-23 13:30:00+00:00,10,valid_not_selected,,bls_employment_2023-09-01
SPXUSD,2023-06-16 13:30:00+00:00,11,valid_not_selected,,bls_employment_2023-09-01
SPXUSD,2023-06-09 13:30:00+00:00,12,valid_not_selected,,bls_employment_2023-09-01
NSXUSD,2023-08-25 13:30:00+00:00,1,selected,,bls_employment_2023-09-01
NSXUSD,2023-08-18 13:30:00+00:00,2,selected,,bls_employment_2023-09-01
NSXUSD,2023-08-11 13:30:00+00:00,3,selected,,bls_employment_2023-09-01
NSXUSD,2023-08-04 13:30:00+00:00,4,rejected,BLS CPI/employment date,bls_employment_2023-09-01
NSXUSD,2023-07-28 13:30:00+00:00,5,rejected,quote absent/nonpositive,bls_employment_2023-09-01
NSXUSD,2023-07-21 13:30:00+00:00,6,selected,,bls_employment_2023-09-01
NSXUSD,2023-07-14 13:30:00+00:00,7,rejected,quote absent/nonpositive,bls_employment_2023-09-01
NSXUSD,2023-07-07 13:30:00+00:00,8,rejected,BLS CPI/employment date,bls_employment_2023-09-01
NSXUSD,2023-06-30 13:30:00+00:00,9,rejected,quote absent/nonpositive,bls_employment_2023-09-01
NSXUSD,2023-06-23 13:30:00+00:00,10,valid_not_selected,,bls_employment_2023-09-01
NSXUSD,2023-06-16 13:30:00+00:00,11,rejected,quote absent/nonpositive,bls_employment_2023-09-01
NSXUSD,2023-06-09 13:30:00+00:00,12,rejected,quote absent/nonpositive,bls_employment_2023-09-01
GRXEUR,2023-08-25 13:30:00+00:00,1,selected,,bls_employment_2023-09-01
GRXEUR,2023-08-18 13:30:00+00:00,2,selected,,bls_employment_2023-09-01
GRXEUR,2023-08-11 13:30:00+00:00,3,selected,,bls_employment_2023-09-01
GRXEUR,2023-08-04 13:30:00+00:00,4,rejected,BLS CPI/employment date,bls_employment_2023-09-01
GRXEUR,2023-07-28 13:30:00+00:00,5,selected,,bls_employment_2023-09-01
GRXEUR,2023-07-21 13:30:00+00:00,6,valid_not_selected,,bls_employment_2023-09-01
GRXEUR,2023-07-14 13:30:00+00:00,7,rejected,quote absent/nonpositive,bls_employment_2023-09-01
GRXEUR,2023-07-07 13:30:00+00:00,8,rejected,BLS CPI/employment date,bls_employment_2023-09-01
GRXEUR,2023-06-30 13:30:00+00:00,9,rejected,quote absent/nonpositive,bls_employment_2023-09-01
GRXEUR,2023-06-23 13:30:00+00:00,10,valid_not_selected,,bls_employment_2023-09-01
GRXEUR,2023-06-16 13:30:00+00:00,11,rejected,quote absent/nonpositive,bls_employment_2023-09-01
GRXEUR,2023-06-09 13:30:00+00:00,12,valid_not_selected,,bls_employment_2023-09-01
UKXGBP,2023-08-25 13:30:00+00:00,1,selected,,bls_employment_2023-09-01
UKXGBP,2023-08-18 13:30:00+00:00,2,selected,,bls_employment_2023-09-01
UKXGBP,2023-08-11 13:30:00+00:00,3,selected,,bls_employment_2023-09-01
UKXGBP,2023-08-04 13:30:00+00:00,4,rejected,BLS CPI/employment date,bls_employment_2023-09-01
UKXGBP,2023-07-28 13:30:00+00:00,5,rejected,quote absent/nonpositive,bls_employment_2023-09-01
UKXGBP,2023-07-21 13:30:00+00:00,6,rejected,quote absent/nonpositive,bls_employment_2023-09-01
UKXGBP,2023-07-14 13:30:00+00:00,7,rejected,quote absent/nonpositive,bls_employment_2023-09-01
UKXGBP,2023-07-07 13:30:00+00:00,8,rejected,BLS CPI/employment date,bls_employment_2023-09-01
UKXGBP,2023-06-30 13:30:00+00:00,9,selected,,bls_employment_2023-09-01
UKXGBP,2023-06-23 13:30:00+00:00,10,valid_not_selected,,bls_employment_2023-09-01
UKXGBP,2023-06-16 13:30:00+00:00,11,rejected,quote absent/nonpositive,bls_employment_2023-09-01
UKXGBP,2023-06-09 13:30:00+00:00,12,valid_not_selected,,bls_employment_2023-09-01
BCOUSD,2023-08-25 13:30:00+00:00,1,selected,,bls_employment_2023-09-01
BCOUSD,2023-08-18 13:30:00+00:00,2,selected,,bls_employment_2023-09-01
BCOUSD,2023-08-11 13:30:00+00:00,3,selected,,bls_employment_2023-09-01
BCOUSD,2023-08-04 13:30:00+00:00,4,rejected,BLS CPI/employment date,bls_employment_2023-09-01
BCOUSD,2023-07-28 13:30:00+00:00,5,selected,,bls_employment_2023-09-01
BCOUSD,2023-07-21 13:30:00+00:00,6,valid_not_selected,,bls_employment_2023-09-01
BCOUSD,2023-07-14 13:30:00+00:00,7,rejected,quote absent/nonpositive,bls_employment_2023-09-01
BCOUSD,2023-07-07 13:30:00+00:00,8,rejected,BLS CPI/employment date,bls_employment_2023-09-01
BCOUSD,2023-06-30 13:30:00+00:00,9,rejected,quote absent/nonpositive,bls_employment_2023-09-01
BCOUSD,2023-06-23 13:30:00+00:00,10,rejected,quote absent/nonpositive,bls_employment_2023-09-01
BCOUSD,2023-06-16 13:30:00+00:00,11,valid_not_selected,,bls_employment_2023-09-01
BCOUSD,2023-06-09 13:30:00+00:00,12,rejected,quote absent/nonpositive,bls_employment_2023-09-01
EURUSD,2023-09-06 13:30:00+00:00,1,selected,,bls_cpi_2023-09-13
EURUSD,2023-08-30 13:30:00+00:00,2,selected,,bls_cpi_2023-09-13
EURUSD,2023-08-23 13:30:00+00:00,3,selected,,bls_cpi_2023-09-13
EURUSD,2023-08-16 13:30:00+00:00,4,selected,,bls_cpi_2023-09-13
EURUSD,2023-08-09 13:30:00+00:00,5,valid_not_selected,,bls_cpi_2023-09-13
EURUSD,2023-08-02 13:30:00+00:00,6,valid_not_selected,,bls_cpi_2023-09-13
EURUSD,2023-07-26 13:30:00+00:00,7,valid_not_selected,,bls_cpi_2023-09-13
EURUSD,2023-07-19 13:30:00+00:00,8,rejected,quote absent/nonpositive,bls_cpi_2023-09-13
EURUSD,2023-07-12 13:30:00+00:00,9,rejected,BLS CPI/employment date,bls_cpi_2023-09-13
EURUSD,2023-07-05 13:30:00+00:00,10,valid_not_selected,,bls_cpi_2023-09-13
EURUSD,2023-06-28 13:30:00+00:00,11,valid_not_selected,,bls_cpi_2023-09-13
EURUSD,2023-06-21 13:30:00+00:00,12,valid_not_selected,,bls_cpi_2023-09-13
GBPUSD,2023-09-06 13:30:00+00:00,1,selected,,bls_cpi_2023-09-13
GBPUSD,2023-08-30 13:30:00+00:00,2,selected,,bls_cpi_2023-09-13
GBPUSD,2023-08-23 13:30:00+00:00,3,selected,,bls_cpi_2023-09-13
GBPUSD,2023-08-16 13:30:00+00:00,4,selected,,bls_cpi_2023-09-13
GBPUSD,2023-08-09 13:30:00+00:00,5,valid_not_selected,,bls_cpi_2023-09-13
GBPUSD,2023-08-02 13:30:00+00:00,6,valid_not_selected,,bls_cpi_2023-09-13
GBPUSD,2023-07-26 13:30:00+00:00,7,rejected,quote absent/nonpositive,bls_cpi_2023-09-13
GBPUSD,2023-07-19 13:30:00+00:00,8,rejected,quote absent/nonpositive,bls_cpi_2023-09-13
GBPUSD,2023-07-12 13:30:00+00:00,9,rejected,BLS CPI/employment date,bls_cpi_2023-09-13
GBPUSD,2023-07-05 13:30:00+00:00,10,valid_not_selected,,bls_cpi_2023-09-13
GBPUSD,2023-06-28 13:30:00+00:00,11,valid_not_selected,,bls_cpi_2023-09-13
GBPUSD,2023-06-21 13:30:00+00:00,12,rejected,quote absent/nonpositive,bls_cpi_2023-09-13
AUDUSD,2023-09-06 13:30:00+00:00,1,selected,,bls_cpi_2023-09-13
AUDUSD,2023-08-30 13:30:00+00:00,2,selected,,bls_cpi_2023-09-13
AUDUSD,2023-08-23 13:30:00+00:00,3,selected,,bls_cpi_2023-09-13
AUDUSD,2023-08-16 13:30:00+00:00,4,selected,,bls_cpi_2023-09-13
AUDUSD,2023-08-09 13:30:00+00:00,5,valid_not_selected,,bls_cpi_2023-09-13
AUDUSD,2023-08-02 13:30:00+00:00,6,valid_not_selected,,bls_cpi_2023-09-13
AUDUSD,2023-07-26 13:30:00+00:00,7,rejected,quote absent/nonpositive,bls_cpi_2023-09-13
AUDUSD,2023-07-19 13:30:00+00:00,8,rejected,quote absent/nonpositive,bls_cpi_2023-09-13
AUDUSD,2023-07-12 13:30:00+00:00,9,rejected,BLS CPI/employment date,bls_cpi_2023-09-13
AUDUSD,2023-07-05 13:30:00+00:00,10,valid_not_selected,,bls_cpi_2023-09-13
AUDUSD,2023-06-28 13:30:00+00:00,11,rejected,quote absent/nonpositive,bls_cpi_2023-09-13
AUDUSD,2023-06-21 13:30:00+00:00,12,rejected,quote absent/nonpositive,bls_cpi_2023-09-13
NZDUSD,2023-09-06 13:30:00+00:00,1,selected,,bls_cpi_2023-09-13
NZDUSD,2023-08-30 13:30:00+00:00,2,selected,,bls_cpi_2023-09-13
NZDUSD,2023-08-23 13:30:00+00:00,3,selected,,bls_cpi_2023-09-13
NZDUSD,2023-08-16 13:30:00+00:00,4,selected,,bls_cpi_2023-09-13
NZDUSD,2023-08-09 13:30:00+00:00,5,valid_not_selected,,bls_cpi_2023-09-13
NZDUSD,2023-08-02 13:30:00+00:00,6,valid_not_selected,,bls_cpi_2023-09-13
NZDUSD,2023-07-26 13:30:00+00:00,7,valid_not_selected,,bls_cpi_2023-09-13
NZDUSD,2023-07-19 13:30:00+00:00,8,valid_not_selected,,bls_cpi_2023-09-13
NZDUSD,2023-07-12 13:30:00+00:00,9,rejected,BLS CPI/employment date,bls_cpi_2023-09-13
NZDUSD,2023-07-05 13:30:00+00:00,10,rejected,quote absent/nonpositive,bls_cpi_2023-09-13
NZDUSD,2023-06-28 13:30:00+00:00,11,rejected,quote absent/nonpositive,bls_cpi_2023-09-13
NZDUSD,2023-06-21 13:30:00+00:00,12,valid_not_selected,,bls_cpi_2023-09-13
USDJPY,2023-09-06 13:30:00+00:00,1,selected,,bls_cpi_2023-09-13
USDJPY,2023-08-30 13:30:00+00:00,2,selected,,bls_cpi_2023-09-13
USDJPY,2023-08-23 13:30:00+00:00,3,selected,,bls_cpi_2023-09-13
USDJPY,2023-08-16 13:30:00+00:00,4,selected,,bls_cpi_2023-09-13
USDJPY,2023-08-09 13:30:00+00:00,5,valid_not_selected,,bls_cpi_2023-09-13
USDJPY,2023-08-02 13:30:00+00:00,6,valid_not_selected,,bls_cpi_2023-09-13
USDJPY,2023-07-26 13:30:00+00:00,7,rejected,quote absent/nonpositive,bls_cpi_2023-09-13
USDJPY,2023-07-19 13:30:00+00:00,8,rejected,quote absent/nonpositive,bls_cpi_2023-09-13
USDJPY,2023-07-12 13:30:00+00:00,9,rejected,BLS CPI/employment date,bls_cpi_2023-09-13
USDJPY,2023-07-05 13:30:00+00:00,10,valid_not_selected,,bls_cpi_2023-09-13
USDJPY,2023-06-28 13:30:00+00:00,11,rejected,quote absent/nonpositive,bls_cpi_2023-09-13
USDJPY,2023-06-21 13:30:00+00:00,12,rejected,quote absent/nonpositive,bls_cpi_2023-09-13
USDCHF,2023-09-06 13:30:00+00:00,1,selected,,bls_cpi_2023-09-13
USDCHF,2023-08-30 13:30:00+00:00,2,selected,,bls_cpi_2023-09-13
USDCHF,2023-08-23 13:30:00+00:00,3,selected,,bls_cpi_2023-09-13
USDCHF,2023-08-16 13:30:00+00:00,4,selected,,bls_cpi_2023-09-13
USDCHF,2023-08-09 13:30:00+00:00,5,valid_not_selected,,bls_cpi_2023-09-13
USDCHF,2023-08-02 13:30:00+00:00,6,valid_not_selected,,bls_cpi_2023-09-13
USDCHF,2023-07-26 13:30:00+00:00,7,rejected,quote absent/nonpositive,bls_cpi_2023-09-13
USDCHF,2023-07-19 13:30:00+00:00,8,valid_not_selected,,bls_cpi_2023-09-13
USDCHF,2023-07-12 13:30:00+00:00,9,rejected,BLS CPI/employment date,bls_cpi_2023-09-13
USDCHF,2023-07-05 13:30:00+00:00,10,rejected,quote absent/nonpositive,bls_cpi_2023-09-13
USDCHF,2023-06-28 13:30:00+00:00,11,rejected,quote absent/nonpositive,bls_cpi_2023-09-13
USDCHF,2023-06-21 13:30:00+00:00,12,valid_not_selected,,bls_cpi_2023-09-13
USDCAD,2023-09-06 13:30:00+00:00,1,selected,,bls_cpi_2023-09-13
USDCAD,2023-08-30 13:30:00+00:00,2,selected,,bls_cpi_2023-09-13
USDCAD,2023-08-23 13:30:00+00:00,3,selected,,bls_cpi_2023-09-13
USDCAD,2023-08-16 13:30:00+00:00,4,selected,,bls_cpi_2023-09-13
USDCAD,2023-08-09 13:30:00+00:00,5,valid_not_selected,,bls_cpi_2023-09-13
USDCAD,2023-08-02 13:30:00+00:00,6,valid_not_selected,,bls_cpi_2023-09-13
USDCAD,2023-07-26 13:30:00+00:00,7,valid_not_selected,,bls_cpi_2023-09-13
USDCAD,2023-07-19 13:30:00+00:00,8,rejected,quote absent/nonpositive,bls_cpi_2023-09-13
USDCAD,2023-07-12 13:30:00+00:00,9,rejected,BLS CPI/employment date,bls_cpi_2023-09-13
USDCAD,2023-07-05 13:30:00+00:00,10,valid_not_selected,,bls_cpi_2023-09-13
USDCAD,2023-06-28 13:30:00+00:00,11,valid_not_selected,,bls_cpi_2023-09-13
USDCAD,2023-06-21 13:30:00+00:00,12,rejected,quote absent/nonpositive,bls_cpi_2023-09-13
EURJPY,2023-09-06 13:30:00+00:00,1,selected,,bls_cpi_2023-09-13
EURJPY,2023-08-30 13:30:00+00:00,2,selected,,bls_cpi_2023-09-13
EURJPY,2023-08-23 13:30:00+00:00,3,selected,,bls_cpi_2023-09-13
EURJPY,2023-08-16 13:30:00+00:00,4,selected,,bls_cpi_2023-09-13
EURJPY,2023-08-09 13:30:00+00:00,5,valid_not_selected,,bls_cpi_2023-09-13
EURJPY,2023-08-02 13:30:00+00:00,6,valid_not_selected,,bls_cpi_2023-09-13
EURJPY,2023-07-26 13:30:00+00:00,7,valid_not_selected,,bls_cpi_2023-09-13
EURJPY,2023-07-19 13:30:00+00:00,8,valid_not_selected,,bls_cpi_2023-09-13
EURJPY,2023-07-12 13:30:00+00:00,9,rejected,BLS CPI/employment date,bls_cpi_2023-09-13
EURJPY,2023-07-05 13:30:00+00:00,10,rejected,quote absent/nonpositive,bls_cpi_2023-09-13
EURJPY,2023-06-28 13:30:00+00:00,11,valid_not_selected,,bls_cpi_2023-09-13
EURJPY,2023-06-21 13:30:00+00:00,12,valid_not_selected,,bls_cpi_2023-09-13
XAUUSD,2023-09-06 13:30:00+00:00,1,selected,,bls_cpi_2023-09-13
XAUUSD,2023-08-30 13:30:00+00:00,2,selected,,bls_cpi_2023-09-13
XAUUSD,2023-08-23 13:30:00+00:00,3,selected,,bls_cpi_2023-09-13
XAUUSD,2023-08-16 13:30:00+00:00,4,selected,,bls_cpi_2023-09-13
XAUUSD,2023-08-09 13:30:00+00:00,5,valid_not_selected,,bls_cpi_2023-09-13
XAUUSD,2023-08-02 13:30:00+00:00,6,valid_not_selected,,bls_cpi_2023-09-13
XAUUSD,2023-07-26 13:30:00+00:00,7,valid_not_selected,,bls_cpi_2023-09-13
XAUUSD,2023-07-19 13:30:00+00:00,8,rejected,quote absent/nonpositive,bls_cpi_2023-09-13
XAUUSD,2023-07-12 13:30:00+00:00,9,rejected,BLS CPI/employment date,bls_cpi_2023-09-13
XAUUSD,2023-07-05 13:30:00+00:00,10,rejected,quote absent/nonpositive,bls_cpi_2023-09-13
XAUUSD,2023-06-28 13:30:00+00:00,11,valid_not_selected,,bls_cpi_2023-09-13
XAUUSD,2023-06-21 13:30:00+00:00,12,valid_not_selected,,bls_cpi_2023-09-13
XAGUSD,2023-09-06 13:30:00+00:00,1,selected,,bls_cpi_2023-09-13
XAGUSD,2023-08-30 13:30:00+00:00,2,selected,,bls_cpi_2023-09-13
XAGUSD,2023-08-23 13:30:00+00:00,3,selected,,bls_cpi_2023-09-13
XAGUSD,2023-08-16 13:30:00+00:00,4,selected,,bls_cpi_2023-09-13
XAGUSD,2023-08-09 13:30:00+00:00,5,valid_not_selected,,bls_cpi_2023-09-13
XAGUSD,2023-08-02 13:30:00+00:00,6,valid_not_selected,,bls_cpi_2023-09-13
XAGUSD,2023-07-26 13:30:00+00:00,7,valid_not_selected,,bls_cpi_2023-09-13
XAGUSD,2023-07-19 13:30:00+00:00,8,valid_not_selected,,bls_cpi_2023-09-13
XAGUSD,2023-07-12 13:30:00+00:00,9,rejected,BLS CPI/employment date,bls_cpi_2023-09-13
XAGUSD,2023-07-05 13:30:00+00:00,10,rejected,quote absent/nonpositive,bls_cpi_2023-09-13
XAGUSD,2023-06-28 13:30:00+00:00,11,valid_not_selected,,bls_cpi_2023-09-13
XAGUSD,2023-06-21 13:30:00+00:00,12,rejected,quote absent/nonpositive,bls_cpi_2023-09-13
SPXUSD,2023-09-06 13:30:00+00:00,1,selected,,bls_cpi_2023-09-13
SPXUSD,2023-08-30 13:30:00+00:00,2,selected,,bls_cpi_2023-09-13
SPXUSD,2023-08-23 13:30:00+00:00,3,selected,,bls_cpi_2023-09-13
SPXUSD,2023-08-16 13:30:00+00:00,4,selected,,bls_cpi_2023-09-13
SPXUSD,2023-08-09 13:30:00+00:00,5,valid_not_selected,,bls_cpi_2023-09-13
SPXUSD,2023-08-02 13:30:00+00:00,6,valid_not_selected,,bls_cpi_2023-09-13
SPXUSD,2023-07-26 13:30:00+00:00,7,rejected,quote absent/nonpositive,bls_cpi_2023-09-13
SPXUSD,2023-07-19 13:30:00+00:00,8,rejected,quote absent/nonpositive,bls_cpi_2023-09-13
SPXUSD,2023-07-12 13:30:00+00:00,9,rejected,BLS CPI/employment date,bls_cpi_2023-09-13
SPXUSD,2023-07-05 13:30:00+00:00,10,valid_not_selected,,bls_cpi_2023-09-13
SPXUSD,2023-06-28 13:30:00+00:00,11,rejected,quote absent/nonpositive,bls_cpi_2023-09-13
SPXUSD,2023-06-21 13:30:00+00:00,12,valid_not_selected,,bls_cpi_2023-09-13
NSXUSD,2023-09-06 13:30:00+00:00,1,selected,,bls_cpi_2023-09-13
NSXUSD,2023-08-30 13:30:00+00:00,2,selected,,bls_cpi_2023-09-13
NSXUSD,2023-08-23 13:30:00+00:00,3,selected,,bls_cpi_2023-09-13
NSXUSD,2023-08-16 13:30:00+00:00,4,selected,,bls_cpi_2023-09-13
NSXUSD,2023-08-09 13:30:00+00:00,5,valid_not_selected,,bls_cpi_2023-09-13
NSXUSD,2023-08-02 13:30:00+00:00,6,valid_not_selected,,bls_cpi_2023-09-13
NSXUSD,2023-07-26 13:30:00+00:00,7,valid_not_selected,,bls_cpi_2023-09-13
NSXUSD,2023-07-19 13:30:00+00:00,8,valid_not_selected,,bls_cpi_2023-09-13
NSXUSD,2023-07-12 13:30:00+00:00,9,rejected,BLS CPI/employment date,bls_cpi_2023-09-13
NSXUSD,2023-07-05 13:30:00+00:00,10,rejected,quote absent/nonpositive,bls_cpi_2023-09-13
NSXUSD,2023-06-28 13:30:00+00:00,11,valid_not_selected,,bls_cpi_2023-09-13
NSXUSD,2023-06-21 13:30:00+00:00,12,rejected,quote absent/nonpositive,bls_cpi_2023-09-13
GRXEUR,2023-09-06 13:30:00+00:00,1,selected,,bls_cpi_2023-09-13
GRXEUR,2023-08-30 13:30:00+00:00,2,selected,,bls_cpi_2023-09-13
GRXEUR,2023-08-23 13:30:00+00:00,3,selected,,bls_cpi_2023-09-13
GRXEUR,2023-08-16 13:30:00+00:00,4,selected,,bls_cpi_2023-09-13
GRXEUR,2023-08-09 13:30:00+00:00,5,valid_not_selected,,bls_cpi_2023-09-13
GRXEUR,2023-08-02 13:30:00+00:00,6,valid_not_selected,,bls_cpi_2023-09-13
GRXEUR,2023-07-26 13:30:00+00:00,7,valid_not_selected,,bls_cpi_2023-09-13
GRXEUR,2023-07-19 13:30:00+00:00,8,valid_not_selected,,bls_cpi_2023-09-13
GRXEUR,2023-07-12 13:30:00+00:00,9,rejected,BLS CPI/employment date,bls_cpi_2023-09-13
GRXEUR,2023-07-05 13:30:00+00:00,10,valid_not_selected,,bls_cpi_2023-09-13
GRXEUR,2023-06-28 13:30:00+00:00,11,valid_not_selected,,bls_cpi_2023-09-13
GRXEUR,2023-06-21 13:30:00+00:00,12,rejected,quote absent/nonpositive,bls_cpi_2023-09-13
UKXGBP,2023-09-06 13:30:00+00:00,1,selected,,bls_cpi_2023-09-13
UKXGBP,2023-08-30 13:30:00+00:00,2,selected,,bls_cpi_2023-09-13
UKXGBP,2023-08-23 13:30:00+00:00,3,selected,,bls_cpi_2023-09-13
UKXGBP,2023-08-16 13:30:00+00:00,4,selected,,bls_cpi_2023-09-13
UKXGBP,2023-08-09 13:30:00+00:00,5,valid_not_selected,,bls_cpi_2023-09-13
UKXGBP,2023-08-02 13:30:00+00:00,6,valid_not_selected,,bls_cpi_2023-09-13
UKXGBP,2023-07-26 13:30:00+00:00,7,valid_not_selected,,bls_cpi_2023-09-13
UKXGBP,2023-07-19 13:30:00+00:00,8,valid_not_selected,,bls_cpi_2023-09-13
UKXGBP,2023-07-12 13:30:00+00:00,9,rejected,BLS CPI/employment date,bls_cpi_2023-09-13
UKXGBP,2023-07-05 13:30:00+00:00,10,rejected,quote absent/nonpositive,bls_cpi_2023-09-13
UKXGBP,2023-06-28 13:30:00+00:00,11,rejected,quote absent/nonpositive,bls_cpi_2023-09-13
UKXGBP,2023-06-21 13:30:00+00:00,12,rejected,quote absent/nonpositive,bls_cpi_2023-09-13
BCOUSD,2023-09-06 13:30:00+00:00,1,selected,,bls_cpi_2023-09-13
BCOUSD,2023-08-30 13:30:00+00:00,2,selected,,bls_cpi_2023-09-13
BCOUSD,2023-08-23 13:30:00+00:00,3,selected,,bls_cpi_2023-09-13
BCOUSD,2023-08-16 13:30:00+00:00,4,selected,,bls_cpi_2023-09-13
BCOUSD,2023-08-09 13:30:00+00:00,5,valid_not_selected,,bls_cpi_2023-09-13
BCOUSD,2023-08-02 13:30:00+00:00,6,valid_not_selected,,bls_cpi_2023-09-13
BCOUSD,2023-07-26 13:30:00+00:00,7,rejected,quote absent/nonpositive,bls_cpi_2023-09-13
BCOUSD,2023-07-19 13:30:00+00:00,8,rejected,quote absent/nonpositive,bls_cpi_2023-09-13
BCOUSD,2023-07-12 13:30:00+00:00,9,rejected,BLS CPI/employment date,bls_cpi_2023-09-13
BCOUSD,2023-07-05 13:30:00+00:00,10,valid_not_selected,,bls_cpi_2023-09-13
BCOUSD,2023-06-28 13:30:00+00:00,11,valid_not_selected,,bls_cpi_2023-09-13
BCOUSD,2023-06-21 13:30:00+00:00,12,rejected,quote absent/nonpositive,bls_cpi_2023-09-13
EURUSD,2023-09-29 13:30:00+00:00,1,selected,,bls_employment_2023-10-06
EURUSD,2023-09-22 13:30:00+00:00,2,selected,,bls_employment_2023-10-06
EURUSD,2023-09-15 13:30:00+00:00,3,selected,,bls_employment_2023-10-06
EURUSD,2023-09-08 13:30:00+00:00,4,selected,,bls_employment_2023-10-06
EURUSD,2023-09-01 13:30:00+00:00,5,rejected,BLS CPI/employment date,bls_employment_2023-10-06
EURUSD,2023-08-25 13:30:00+00:00,6,valid_not_selected,,bls_employment_2023-10-06
EURUSD,2023-08-18 13:30:00+00:00,7,valid_not_selected,,bls_employment_2023-10-06
EURUSD,2023-08-11 13:30:00+00:00,8,valid_not_selected,,bls_employment_2023-10-06
EURUSD,2023-08-04 13:30:00+00:00,9,rejected,BLS CPI/employment date,bls_employment_2023-10-06
EURUSD,2023-07-28 13:30:00+00:00,10,valid_not_selected,,bls_employment_2023-10-06
EURUSD,2023-07-21 13:30:00+00:00,11,rejected,quote absent/nonpositive,bls_employment_2023-10-06
EURUSD,2023-07-14 13:30:00+00:00,12,rejected,quote absent/nonpositive,bls_employment_2023-10-06
GBPUSD,2023-09-29 13:30:00+00:00,1,selected,,bls_employment_2023-10-06
GBPUSD,2023-09-22 13:30:00+00:00,2,selected,,bls_employment_2023-10-06
GBPUSD,2023-09-15 13:30:00+00:00,3,selected,,bls_employment_2023-10-06
GBPUSD,2023-09-08 13:30:00+00:00,4,selected,,bls_employment_2023-10-06
GBPUSD,2023-09-01 13:30:00+00:00,5,rejected,BLS CPI/employment date,bls_employment_2023-10-06
GBPUSD,2023-08-25 13:30:00+00:00,6,valid_not_selected,,bls_employment_2023-10-06
GBPUSD,2023-08-18 13:30:00+00:00,7,valid_not_selected,,bls_employment_2023-10-06
GBPUSD,2023-08-11 13:30:00+00:00,8,valid_not_selected,,bls_employment_2023-10-06
GBPUSD,2023-08-04 13:30:00+00:00,9,rejected,BLS CPI/employment date,bls_employment_2023-10-06
GBPUSD,2023-07-28 13:30:00+00:00,10,valid_not_selected,,bls_employment_2023-10-06
GBPUSD,2023-07-21 13:30:00+00:00,11,valid_not_selected,,bls_employment_2023-10-06
GBPUSD,2023-07-14 13:30:00+00:00,12,rejected,quote absent/nonpositive,bls_employment_2023-10-06
AUDUSD,2023-09-29 13:30:00+00:00,1,selected,,bls_employment_2023-10-06
AUDUSD,2023-09-22 13:30:00+00:00,2,selected,,bls_employment_2023-10-06
AUDUSD,2023-09-15 13:30:00+00:00,3,selected,,bls_employment_2023-10-06
AUDUSD,2023-09-08 13:30:00+00:00,4,selected,,bls_employment_2023-10-06
AUDUSD,2023-09-01 13:30:00+00:00,5,rejected,BLS CPI/employment date,bls_employment_2023-10-06
AUDUSD,2023-08-25 13:30:00+00:00,6,valid_not_selected,,bls_employment_2023-10-06
AUDUSD,2023-08-18 13:30:00+00:00,7,valid_not_selected,,bls_employment_2023-10-06
AUDUSD,2023-08-11 13:30:00+00:00,8,valid_not_selected,,bls_employment_2023-10-06
AUDUSD,2023-08-04 13:30:00+00:00,9,rejected,BLS CPI/employment date,bls_employment_2023-10-06
AUDUSD,2023-07-28 13:30:00+00:00,10,rejected,quote absent/nonpositive,bls_employment_2023-10-06
AUDUSD,2023-07-21 13:30:00+00:00,11,valid_not_selected,,bls_employment_2023-10-06
AUDUSD,2023-07-14 13:30:00+00:00,12,rejected,quote absent/nonpositive,bls_employment_2023-10-06
NZDUSD,2023-09-29 13:30:00+00:00,1,selected,,bls_employment_2023-10-06
NZDUSD,2023-09-22 13:30:00+00:00,2,selected,,bls_employment_2023-10-06
NZDUSD,2023-09-15 13:30:00+00:00,3,selected,,bls_employment_2023-10-06
NZDUSD,2023-09-08 13:30:00+00:00,4,selected,,bls_employment_2023-10-06
NZDUSD,2023-09-01 13:30:00+00:00,5,rejected,BLS CPI/employment date,bls_employment_2023-10-06
NZDUSD,2023-08-25 13:30:00+00:00,6,valid_not_selected,,bls_employment_2023-10-06
NZDUSD,2023-08-18 13:30:00+00:00,7,valid_not_selected,,bls_employment_2023-10-06
NZDUSD,2023-08-11 13:30:00+00:00,8,valid_not_selected,,bls_employment_2023-10-06
NZDUSD,2023-08-04 13:30:00+00:00,9,rejected,BLS CPI/employment date,bls_employment_2023-10-06
NZDUSD,2023-07-28 13:30:00+00:00,10,rejected,quote absent/nonpositive,bls_employment_2023-10-06
NZDUSD,2023-07-21 13:30:00+00:00,11,valid_not_selected,,bls_employment_2023-10-06
NZDUSD,2023-07-14 13:30:00+00:00,12,rejected,quote absent/nonpositive,bls_employment_2023-10-06
USDJPY,2023-09-29 13:30:00+00:00,1,selected,,bls_employment_2023-10-06
USDJPY,2023-09-22 13:30:00+00:00,2,selected,,bls_employment_2023-10-06
USDJPY,2023-09-15 13:30:00+00:00,3,selected,,bls_employment_2023-10-06
USDJPY,2023-09-08 13:30:00+00:00,4,selected,,bls_employment_2023-10-06
USDJPY,2023-09-01 13:30:00+00:00,5,rejected,BLS CPI/employment date,bls_employment_2023-10-06
USDJPY,2023-08-25 13:30:00+00:00,6,valid_not_selected,,bls_employment_2023-10-06
USDJPY,2023-08-18 13:30:00+00:00,7,valid_not_selected,,bls_employment_2023-10-06
USDJPY,2023-08-11 13:30:00+00:00,8,valid_not_selected,,bls_employment_2023-10-06
USDJPY,2023-08-04 13:30:00+00:00,9,rejected,BLS CPI/employment date,bls_employment_2023-10-06
USDJPY,2023-07-28 13:30:00+00:00,10,rejected,quote absent/nonpositive,bls_employment_2023-10-06
USDJPY,2023-07-21 13:30:00+00:00,11,valid_not_selected,,bls_employment_2023-10-06
USDJPY,2023-07-14 13:30:00+00:00,12,rejected,quote absent/nonpositive,bls_employment_2023-10-06
USDCHF,2023-09-29 13:30:00+00:00,1,selected,,bls_employment_2023-10-06
USDCHF,2023-09-22 13:30:00+00:00,2,selected,,bls_employment_2023-10-06
USDCHF,2023-09-15 13:30:00+00:00,3,selected,,bls_employment_2023-10-06
USDCHF,2023-09-08 13:30:00+00:00,4,selected,,bls_employment_2023-10-06
USDCHF,2023-09-01 13:30:00+00:00,5,rejected,BLS CPI/employment date,bls_employment_2023-10-06
USDCHF,2023-08-25 13:30:00+00:00,6,valid_not_selected,,bls_employment_2023-10-06
USDCHF,2023-08-18 13:30:00+00:00,7,valid_not_selected,,bls_employment_2023-10-06
USDCHF,2023-08-11 13:30:00+00:00,8,valid_not_selected,,bls_employment_2023-10-06
USDCHF,2023-08-04 13:30:00+00:00,9,rejected,BLS CPI/employment date,bls_employment_2023-10-06
USDCHF,2023-07-28 13:30:00+00:00,10,valid_not_selected,,bls_employment_2023-10-06
USDCHF,2023-07-21 13:30:00+00:00,11,valid_not_selected,,bls_employment_2023-10-06
USDCHF,2023-07-14 13:30:00+00:00,12,valid_not_selected,,bls_employment_2023-10-06
USDCAD,2023-09-29 13:30:00+00:00,1,selected,,bls_employment_2023-10-06
USDCAD,2023-09-22 13:30:00+00:00,2,selected,,bls_employment_2023-10-06
USDCAD,2023-09-15 13:30:00+00:00,3,selected,,bls_employment_2023-10-06
USDCAD,2023-09-08 13:30:00+00:00,4,selected,,bls_employment_2023-10-06
USDCAD,2023-09-01 13:30:00+00:00,5,rejected,BLS CPI/employment date,bls_employment_2023-10-06
USDCAD,2023-08-25 13:30:00+00:00,6,valid_not_selected,,bls_employment_2023-10-06
USDCAD,2023-08-18 13:30:00+00:00,7,valid_not_selected,,bls_employment_2023-10-06
USDCAD,2023-08-11 13:30:00+00:00,8,valid_not_selected,,bls_employment_2023-10-06
USDCAD,2023-08-04 13:30:00+00:00,9,rejected,BLS CPI/employment date,bls_employment_2023-10-06
USDCAD,2023-07-28 13:30:00+00:00,10,valid_not_selected,,bls_employment_2023-10-06
USDCAD,2023-07-21 13:30:00+00:00,11,rejected,quote absent/nonpositive,bls_employment_2023-10-06
USDCAD,2023-07-14 13:30:00+00:00,12,rejected,quote absent/nonpositive,bls_employment_2023-10-06
EURJPY,2023-09-29 13:30:00+00:00,1,selected,,bls_employment_2023-10-06
EURJPY,2023-09-22 13:30:00+00:00,2,selected,,bls_employment_2023-10-06
EURJPY,2023-09-15 13:30:00+00:00,3,selected,,bls_employment_2023-10-06
EURJPY,2023-09-08 13:30:00+00:00,4,selected,,bls_employment_2023-10-06
EURJPY,2023-09-01 13:30:00+00:00,5,rejected,BLS CPI/employment date,bls_employment_2023-10-06
EURJPY,2023-08-25 13:30:00+00:00,6,valid_not_selected,,bls_employment_2023-10-06
EURJPY,2023-08-18 13:30:00+00:00,7,valid_not_selected,,bls_employment_2023-10-06
EURJPY,2023-08-11 13:30:00+00:00,8,valid_not_selected,,bls_employment_2023-10-06
EURJPY,2023-08-04 13:30:00+00:00,9,rejected,BLS CPI/employment date,bls_employment_2023-10-06
EURJPY,2023-07-28 13:30:00+00:00,10,valid_not_selected,,bls_employment_2023-10-06
EURJPY,2023-07-21 13:30:00+00:00,11,rejected,quote absent/nonpositive,bls_employment_2023-10-06
EURJPY,2023-07-14 13:30:00+00:00,12,rejected,quote absent/nonpositive,bls_employment_2023-10-06
XAUUSD,2023-09-29 13:30:00+00:00,1,selected,,bls_employment_2023-10-06
XAUUSD,2023-09-22 13:30:00+00:00,2,selected,,bls_employment_2023-10-06
XAUUSD,2023-09-15 13:30:00+00:00,3,selected,,bls_employment_2023-10-06
XAUUSD,2023-09-08 13:30:00+00:00,4,selected,,bls_employment_2023-10-06
XAUUSD,2023-09-01 13:30:00+00:00,5,rejected,BLS CPI/employment date,bls_employment_2023-10-06
XAUUSD,2023-08-25 13:30:00+00:00,6,valid_not_selected,,bls_employment_2023-10-06
XAUUSD,2023-08-18 13:30:00+00:00,7,valid_not_selected,,bls_employment_2023-10-06
XAUUSD,2023-08-11 13:30:00+00:00,8,valid_not_selected,,bls_employment_2023-10-06
XAUUSD,2023-08-04 13:30:00+00:00,9,rejected,BLS CPI/employment date,bls_employment_2023-10-06
XAUUSD,2023-07-28 13:30:00+00:00,10,rejected,quote absent/nonpositive,bls_employment_2023-10-06
XAUUSD,2023-07-21 13:30:00+00:00,11,valid_not_selected,,bls_employment_2023-10-06
XAUUSD,2023-07-14 13:30:00+00:00,12,valid_not_selected,,bls_employment_2023-10-06
XAGUSD,2023-09-29 13:30:00+00:00,1,selected,,bls_employment_2023-10-06
XAGUSD,2023-09-22 13:30:00+00:00,2,selected,,bls_employment_2023-10-06
XAGUSD,2023-09-15 13:30:00+00:00,3,selected,,bls_employment_2023-10-06
XAGUSD,2023-09-08 13:30:00+00:00,4,selected,,bls_employment_2023-10-06
XAGUSD,2023-09-01 13:30:00+00:00,5,rejected,BLS CPI/employment date,bls_employment_2023-10-06
XAGUSD,2023-08-25 13:30:00+00:00,6,valid_not_selected,,bls_employment_2023-10-06
XAGUSD,2023-08-18 13:30:00+00:00,7,valid_not_selected,,bls_employment_2023-10-06
XAGUSD,2023-08-11 13:30:00+00:00,8,valid_not_selected,,bls_employment_2023-10-06
XAGUSD,2023-08-04 13:30:00+00:00,9,rejected,BLS CPI/employment date,bls_employment_2023-10-06
XAGUSD,2023-07-28 13:30:00+00:00,10,rejected,quote absent/nonpositive,bls_employment_2023-10-06
XAGUSD,2023-07-21 13:30:00+00:00,11,valid_not_selected,,bls_employment_2023-10-06
XAGUSD,2023-07-14 13:30:00+00:00,12,valid_not_selected,,bls_employment_2023-10-06
SPXUSD,2023-09-29 13:30:00+00:00,1,selected,,bls_employment_2023-10-06
SPXUSD,2023-09-22 13:30:00+00:00,2,selected,,bls_employment_2023-10-06
SPXUSD,2023-09-15 13:30:00+00:00,3,selected,,bls_employment_2023-10-06
SPXUSD,2023-09-08 13:30:00+00:00,4,selected,,bls_employment_2023-10-06
SPXUSD,2023-09-01 13:30:00+00:00,5,rejected,BLS CPI/employment date,bls_employment_2023-10-06
SPXUSD,2023-08-25 13:30:00+00:00,6,valid_not_selected,,bls_employment_2023-10-06
SPXUSD,2023-08-18 13:30:00+00:00,7,valid_not_selected,,bls_employment_2023-10-06
SPXUSD,2023-08-11 13:30:00+00:00,8,valid_not_selected,,bls_employment_2023-10-06
SPXUSD,2023-08-04 13:30:00+00:00,9,rejected,BLS CPI/employment date,bls_employment_2023-10-06
SPXUSD,2023-07-28 13:30:00+00:00,10,rejected,quote absent/nonpositive,bls_employment_2023-10-06
SPXUSD,2023-07-21 13:30:00+00:00,11,valid_not_selected,,bls_employment_2023-10-06
SPXUSD,2023-07-14 13:30:00+00:00,12,valid_not_selected,,bls_employment_2023-10-06
NSXUSD,2023-09-29 13:30:00+00:00,1,selected,,bls_employment_2023-10-06
NSXUSD,2023-09-22 13:30:00+00:00,2,selected,,bls_employment_2023-10-06
NSXUSD,2023-09-15 13:30:00+00:00,3,selected,,bls_employment_2023-10-06
NSXUSD,2023-09-08 13:30:00+00:00,4,selected,,bls_employment_2023-10-06
NSXUSD,2023-09-01 13:30:00+00:00,5,rejected,BLS CPI/employment date,bls_employment_2023-10-06
NSXUSD,2023-08-25 13:30:00+00:00,6,valid_not_selected,,bls_employment_2023-10-06
NSXUSD,2023-08-18 13:30:00+00:00,7,valid_not_selected,,bls_employment_2023-10-06
NSXUSD,2023-08-11 13:30:00+00:00,8,valid_not_selected,,bls_employment_2023-10-06
NSXUSD,2023-08-04 13:30:00+00:00,9,rejected,BLS CPI/employment date,bls_employment_2023-10-06
NSXUSD,2023-07-28 13:30:00+00:00,10,rejected,quote absent/nonpositive,bls_employment_2023-10-06
NSXUSD,2023-07-21 13:30:00+00:00,11,valid_not_selected,,bls_employment_2023-10-06
NSXUSD,2023-07-14 13:30:00+00:00,12,rejected,quote absent/nonpositive,bls_employment_2023-10-06
GRXEUR,2023-09-29 13:30:00+00:00,1,selected,,bls_employment_2023-10-06
GRXEUR,2023-09-22 13:30:00+00:00,2,selected,,bls_employment_2023-10-06
GRXEUR,2023-09-15 13:30:00+00:00,3,selected,,bls_employment_2023-10-06
GRXEUR,2023-09-08 13:30:00+00:00,4,selected,,bls_employment_2023-10-06
GRXEUR,2023-09-01 13:30:00+00:00,5,rejected,BLS CPI/employment date,bls_employment_2023-10-06
GRXEUR,2023-08-25 13:30:00+00:00,6,valid_not_selected,,bls_employment_2023-10-06
GRXEUR,2023-08-18 13:30:00+00:00,7,valid_not_selected,,bls_employment_2023-10-06
GRXEUR,2023-08-11 13:30:00+00:00,8,valid_not_selected,,bls_employment_2023-10-06
GRXEUR,2023-08-04 13:30:00+00:00,9,rejected,BLS CPI/employment date,bls_employment_2023-10-06
GRXEUR,2023-07-28 13:30:00+00:00,10,valid_not_selected,,bls_employment_2023-10-06
GRXEUR,2023-07-21 13:30:00+00:00,11,valid_not_selected,,bls_employment_2023-10-06
GRXEUR,2023-07-14 13:30:00+00:00,12,rejected,quote absent/nonpositive,bls_employment_2023-10-06
UKXGBP,2023-09-29 13:30:00+00:00,1,selected,,bls_employment_2023-10-06
UKXGBP,2023-09-22 13:30:00+00:00,2,selected,,bls_employment_2023-10-06
UKXGBP,2023-09-15 13:30:00+00:00,3,rejected,quote absent/nonpositive,bls_employment_2023-10-06
UKXGBP,2023-09-08 13:30:00+00:00,4,selected,,bls_employment_2023-10-06
UKXGBP,2023-09-01 13:30:00+00:00,5,rejected,BLS CPI/employment date,bls_employment_2023-10-06
UKXGBP,2023-08-25 13:30:00+00:00,6,selected,,bls_employment_2023-10-06
UKXGBP,2023-08-18 13:30:00+00:00,7,valid_not_selected,,bls_employment_2023-10-06
UKXGBP,2023-08-11 13:30:00+00:00,8,valid_not_selected,,bls_employment_2023-10-06
UKXGBP,2023-08-04 13:30:00+00:00,9,rejected,BLS CPI/employment date,bls_employment_2023-10-06
UKXGBP,2023-07-28 13:30:00+00:00,10,rejected,quote absent/nonpositive,bls_employment_2023-10-06
UKXGBP,2023-07-21 13:30:00+00:00,11,rejected,quote absent/nonpositive,bls_employment_2023-10-06
UKXGBP,2023-07-14 13:30:00+00:00,12,rejected,quote absent/nonpositive,bls_employment_2023-10-06
BCOUSD,2023-09-29 13:30:00+00:00,1,selected,,bls_employment_2023-10-06
BCOUSD,2023-09-22 13:30:00+00:00,2,selected,,bls_employment_2023-10-06
BCOUSD,2023-09-15 13:30:00+00:00,3,selected,,bls_employment_2023-10-06
BCOUSD,2023-09-08 13:30:00+00:00,4,selected,,bls_employment_2023-10-06
BCOUSD,2023-09-01 13:30:00+00:00,5,rejected,BLS CPI/employment date,bls_employment_2023-10-06
BCOUSD,2023-08-25 13:30:00+00:00,6,valid_not_selected,,bls_employment_2023-10-06
BCOUSD,2023-08-18 13:30:00+00:00,7,valid_not_selected,,bls_employment_2023-10-06
BCOUSD,2023-08-11 13:30:00+00:00,8,valid_not_selected,,bls_employment_2023-10-06
BCOUSD,2023-08-04 13:30:00+00:00,9,rejected,BLS CPI/employment date,bls_employment_2023-10-06
BCOUSD,2023-07-28 13:30:00+00:00,10,valid_not_selected,,bls_employment_2023-10-06
BCOUSD,2023-07-21 13:30:00+00:00,11,valid_not_selected,,bls_employment_2023-10-06
BCOUSD,2023-07-14 13:30:00+00:00,12,rejected,quote absent/nonpositive,bls_employment_2023-10-06
EURUSD,2023-10-05 13:30:00+00:00,1,selected,,bls_cpi_2023-10-12
EURUSD,2023-09-28 13:30:00+00:00,2,selected,,bls_cpi_2023-10-12
EURUSD,2023-09-21 13:30:00+00:00,3,selected,,bls_cpi_2023-10-12
EURUSD,2023-09-14 13:30:00+00:00,4,selected,,bls_cpi_2023-10-12
EURUSD,2023-09-07 13:30:00+00:00,5,valid_not_selected,,bls_cpi_2023-10-12
EURUSD,2023-08-31 13:30:00+00:00,6,valid_not_selected,,bls_cpi_2023-10-12
EURUSD,2023-08-24 13:30:00+00:00,7,valid_not_selected,,bls_cpi_2023-10-12
EURUSD,2023-08-17 13:30:00+00:00,8,valid_not_selected,,bls_cpi_2023-10-12
EURUSD,2023-08-10 13:30:00+00:00,9,rejected,BLS CPI/employment date,bls_cpi_2023-10-12
EURUSD,2023-08-03 13:30:00+00:00,10,valid_not_selected,,bls_cpi_2023-10-12
EURUSD,2023-07-27 13:30:00+00:00,11,rejected,quote absent/nonpositive,bls_cpi_2023-10-12
EURUSD,2023-07-20 13:30:00+00:00,12,valid_not_selected,,bls_cpi_2023-10-12
GBPUSD,2023-10-05 13:30:00+00:00,1,selected,,bls_cpi_2023-10-12
GBPUSD,2023-09-28 13:30:00+00:00,2,selected,,bls_cpi_2023-10-12
GBPUSD,2023-09-21 13:30:00+00:00,3,selected,,bls_cpi_2023-10-12
GBPUSD,2023-09-14 13:30:00+00:00,4,selected,,bls_cpi_2023-10-12
GBPUSD,2023-09-07 13:30:00+00:00,5,valid_not_selected,,bls_cpi_2023-10-12
GBPUSD,2023-08-31 13:30:00+00:00,6,valid_not_selected,,bls_cpi_2023-10-12
GBPUSD,2023-08-24 13:30:00+00:00,7,valid_not_selected,,bls_cpi_2023-10-12
GBPUSD,2023-08-17 13:30:00+00:00,8,valid_not_selected,,bls_cpi_2023-10-12
GBPUSD,2023-08-10 13:30:00+00:00,9,rejected,BLS CPI/employment date,bls_cpi_2023-10-12
GBPUSD,2023-08-03 13:30:00+00:00,10,valid_not_selected,,bls_cpi_2023-10-12
GBPUSD,2023-07-27 13:30:00+00:00,11,rejected,quote absent/nonpositive,bls_cpi_2023-10-12
GBPUSD,2023-07-20 13:30:00+00:00,12,rejected,quote absent/nonpositive,bls_cpi_2023-10-12
AUDUSD,2023-10-05 13:30:00+00:00,1,selected,,bls_cpi_2023-10-12
AUDUSD,2023-09-28 13:30:00+00:00,2,selected,,bls_cpi_2023-10-12
AUDUSD,2023-09-21 13:30:00+00:00,3,selected,,bls_cpi_2023-10-12
AUDUSD,2023-09-14 13:30:00+00:00,4,selected,,bls_cpi_2023-10-12
AUDUSD,2023-09-07 13:30:00+00:00,5,valid_not_selected,,bls_cpi_2023-10-12
AUDUSD,2023-08-31 13:30:00+00:00,6,valid_not_selected,,bls_cpi_2023-10-12
AUDUSD,2023-08-24 13:30:00+00:00,7,valid_not_selected,,bls_cpi_2023-10-12
AUDUSD,2023-08-17 13:30:00+00:00,8,valid_not_selected,,bls_cpi_2023-10-12
AUDUSD,2023-08-10 13:30:00+00:00,9,rejected,BLS CPI/employment date,bls_cpi_2023-10-12
AUDUSD,2023-08-03 13:30:00+00:00,10,valid_not_selected,,bls_cpi_2023-10-12
AUDUSD,2023-07-27 13:30:00+00:00,11,valid_not_selected,,bls_cpi_2023-10-12
AUDUSD,2023-07-20 13:30:00+00:00,12,rejected,quote absent/nonpositive,bls_cpi_2023-10-12
NZDUSD,2023-10-05 13:30:00+00:00,1,selected,,bls_cpi_2023-10-12
NZDUSD,2023-09-28 13:30:00+00:00,2,selected,,bls_cpi_2023-10-12
NZDUSD,2023-09-21 13:30:00+00:00,3,selected,,bls_cpi_2023-10-12
NZDUSD,2023-09-14 13:30:00+00:00,4,selected,,bls_cpi_2023-10-12
NZDUSD,2023-09-07 13:30:00+00:00,5,valid_not_selected,,bls_cpi_2023-10-12
NZDUSD,2023-08-31 13:30:00+00:00,6,valid_not_selected,,bls_cpi_2023-10-12
NZDUSD,2023-08-24 13:30:00+00:00,7,valid_not_selected,,bls_cpi_2023-10-12
NZDUSD,2023-08-17 13:30:00+00:00,8,valid_not_selected,,bls_cpi_2023-10-12
NZDUSD,2023-08-10 13:30:00+00:00,9,rejected,BLS CPI/employment date,bls_cpi_2023-10-12
NZDUSD,2023-08-03 13:30:00+00:00,10,valid_not_selected,,bls_cpi_2023-10-12
NZDUSD,2023-07-27 13:30:00+00:00,11,rejected,quote absent/nonpositive,bls_cpi_2023-10-12
NZDUSD,2023-07-20 13:30:00+00:00,12,rejected,quote absent/nonpositive,bls_cpi_2023-10-12
USDJPY,2023-10-05 13:30:00+00:00,1,selected,,bls_cpi_2023-10-12
USDJPY,2023-09-28 13:30:00+00:00,2,selected,,bls_cpi_2023-10-12
USDJPY,2023-09-21 13:30:00+00:00,3,selected,,bls_cpi_2023-10-12
USDJPY,2023-09-14 13:30:00+00:00,4,selected,,bls_cpi_2023-10-12
USDJPY,2023-09-07 13:30:00+00:00,5,valid_not_selected,,bls_cpi_2023-10-12
USDJPY,2023-08-31 13:30:00+00:00,6,valid_not_selected,,bls_cpi_2023-10-12
USDJPY,2023-08-24 13:30:00+00:00,7,valid_not_selected,,bls_cpi_2023-10-12
USDJPY,2023-08-17 13:30:00+00:00,8,valid_not_selected,,bls_cpi_2023-10-12
USDJPY,2023-08-10 13:30:00+00:00,9,rejected,BLS CPI/employment date,bls_cpi_2023-10-12
USDJPY,2023-08-03 13:30:00+00:00,10,valid_not_selected,,bls_cpi_2023-10-12
USDJPY,2023-07-27 13:30:00+00:00,11,valid_not_selected,,bls_cpi_2023-10-12
USDJPY,2023-07-20 13:30:00+00:00,12,valid_not_selected,,bls_cpi_2023-10-12
USDCHF,2023-10-05 13:30:00+00:00,1,selected,,bls_cpi_2023-10-12
USDCHF,2023-09-28 13:30:00+00:00,2,selected,,bls_cpi_2023-10-12
USDCHF,2023-09-21 13:30:00+00:00,3,selected,,bls_cpi_2023-10-12
USDCHF,2023-09-14 13:30:00+00:00,4,selected,,bls_cpi_2023-10-12
USDCHF,2023-09-07 13:30:00+00:00,5,valid_not_selected,,bls_cpi_2023-10-12
USDCHF,2023-08-31 13:30:00+00:00,6,valid_not_selected,,bls_cpi_2023-10-12
USDCHF,2023-08-24 13:30:00+00:00,7,valid_not_selected,,bls_cpi_2023-10-12
USDCHF,2023-08-17 13:30:00+00:00,8,valid_not_selected,,bls_cpi_2023-10-12
USDCHF,2023-08-10 13:30:00+00:00,9,rejected,BLS CPI/employment date,bls_cpi_2023-10-12
USDCHF,2023-08-03 13:30:00+00:00,10,valid_not_selected,,bls_cpi_2023-10-12
USDCHF,2023-07-27 13:30:00+00:00,11,rejected,quote absent/nonpositive,bls_cpi_2023-10-12
USDCHF,2023-07-20 13:30:00+00:00,12,valid_not_selected,,bls_cpi_2023-10-12
USDCAD,2023-10-05 13:30:00+00:00,1,selected,,bls_cpi_2023-10-12
USDCAD,2023-09-28 13:30:00+00:00,2,selected,,bls_cpi_2023-10-12
USDCAD,2023-09-21 13:30:00+00:00,3,selected,,bls_cpi_2023-10-12
USDCAD,2023-09-14 13:30:00+00:00,4,selected,,bls_cpi_2023-10-12
USDCAD,2023-09-07 13:30:00+00:00,5,valid_not_selected,,bls_cpi_2023-10-12
USDCAD,2023-08-31 13:30:00+00:00,6,valid_not_selected,,bls_cpi_2023-10-12
USDCAD,2023-08-24 13:30:00+00:00,7,valid_not_selected,,bls_cpi_2023-10-12
USDCAD,2023-08-17 13:30:00+00:00,8,valid_not_selected,,bls_cpi_2023-10-12
USDCAD,2023-08-10 13:30:00+00:00,9,rejected,BLS CPI/employment date,bls_cpi_2023-10-12
USDCAD,2023-08-03 13:30:00+00:00,10,valid_not_selected,,bls_cpi_2023-10-12
USDCAD,2023-07-27 13:30:00+00:00,11,valid_not_selected,,bls_cpi_2023-10-12
USDCAD,2023-07-20 13:30:00+00:00,12,rejected,quote absent/nonpositive,bls_cpi_2023-10-12
EURJPY,2023-10-05 13:30:00+00:00,1,selected,,bls_cpi_2023-10-12
EURJPY,2023-09-28 13:30:00+00:00,2,selected,,bls_cpi_2023-10-12
EURJPY,2023-09-21 13:30:00+00:00,3,selected,,bls_cpi_2023-10-12
EURJPY,2023-09-14 13:30:00+00:00,4,selected,,bls_cpi_2023-10-12
EURJPY,2023-09-07 13:30:00+00:00,5,valid_not_selected,,bls_cpi_2023-10-12
EURJPY,2023-08-31 13:30:00+00:00,6,valid_not_selected,,bls_cpi_2023-10-12
EURJPY,2023-08-24 13:30:00+00:00,7,valid_not_selected,,bls_cpi_2023-10-12
EURJPY,2023-08-17 13:30:00+00:00,8,valid_not_selected,,bls_cpi_2023-10-12
EURJPY,2023-08-10 13:30:00+00:00,9,rejected,BLS CPI/employment date,bls_cpi_2023-10-12
EURJPY,2023-08-03 13:30:00+00:00,10,valid_not_selected,,bls_cpi_2023-10-12
EURJPY,2023-07-27 13:30:00+00:00,11,rejected,quote absent/nonpositive,bls_cpi_2023-10-12
EURJPY,2023-07-20 13:30:00+00:00,12,rejected,quote absent/nonpositive,bls_cpi_2023-10-12
XAUUSD,2023-10-05 13:30:00+00:00,1,selected,,bls_cpi_2023-10-12
XAUUSD,2023-09-28 13:30:00+00:00,2,selected,,bls_cpi_2023-10-12
XAUUSD,2023-09-21 13:30:00+00:00,3,selected,,bls_cpi_2023-10-12
XAUUSD,2023-09-14 13:30:00+00:00,4,selected,,bls_cpi_2023-10-12
XAUUSD,2023-09-07 13:30:00+00:00,5,valid_not_selected,,bls_cpi_2023-10-12
XAUUSD,2023-08-31 13:30:00+00:00,6,valid_not_selected,,bls_cpi_2023-10-12
XAUUSD,2023-08-24 13:30:00+00:00,7,valid_not_selected,,bls_cpi_2023-10-12
XAUUSD,2023-08-17 13:30:00+00:00,8,valid_not_selected,,bls_cpi_2023-10-12
XAUUSD,2023-08-10 13:30:00+00:00,9,rejected,BLS CPI/employment date,bls_cpi_2023-10-12
XAUUSD,2023-08-03 13:30:00+00:00,10,valid_not_selected,,bls_cpi_2023-10-12
XAUUSD,2023-07-27 13:30:00+00:00,11,rejected,quote absent/nonpositive,bls_cpi_2023-10-12
XAUUSD,2023-07-20 13:30:00+00:00,12,valid_not_selected,,bls_cpi_2023-10-12
XAGUSD,2023-10-05 13:30:00+00:00,1,selected,,bls_cpi_2023-10-12
XAGUSD,2023-09-28 13:30:00+00:00,2,selected,,bls_cpi_2023-10-12
XAGUSD,2023-09-21 13:30:00+00:00,3,selected,,bls_cpi_2023-10-12
XAGUSD,2023-09-14 13:30:00+00:00,4,selected,,bls_cpi_2023-10-12
XAGUSD,2023-09-07 13:30:00+00:00,5,valid_not_selected,,bls_cpi_2023-10-12
XAGUSD,2023-08-31 13:30:00+00:00,6,valid_not_selected,,bls_cpi_2023-10-12
XAGUSD,2023-08-24 13:30:00+00:00,7,valid_not_selected,,bls_cpi_2023-10-12
XAGUSD,2023-08-17 13:30:00+00:00,8,valid_not_selected,,bls_cpi_2023-10-12
XAGUSD,2023-08-10 13:30:00+00:00,9,rejected,BLS CPI/employment date,bls_cpi_2023-10-12
XAGUSD,2023-08-03 13:30:00+00:00,10,valid_not_selected,,bls_cpi_2023-10-12
XAGUSD,2023-07-27 13:30:00+00:00,11,rejected,quote absent/nonpositive,bls_cpi_2023-10-12
XAGUSD,2023-07-20 13:30:00+00:00,12,valid_not_selected,,bls_cpi_2023-10-12
SPXUSD,2023-10-05 13:30:00+00:00,1,selected,,bls_cpi_2023-10-12
SPXUSD,2023-09-28 13:30:00+00:00,2,selected,,bls_cpi_2023-10-12
SPXUSD,2023-09-21 13:30:00+00:00,3,selected,,bls_cpi_2023-10-12
SPXUSD,2023-09-14 13:30:00+00:00,4,selected,,bls_cpi_2023-10-12
SPXUSD,2023-09-07 13:30:00+00:00,5,valid_not_selected,,bls_cpi_2023-10-12
SPXUSD,2023-08-31 13:30:00+00:00,6,valid_not_selected,,bls_cpi_2023-10-12
SPXUSD,2023-08-24 13:30:00+00:00,7,valid_not_selected,,bls_cpi_2023-10-12
SPXUSD,2023-08-17 13:30:00+00:00,8,valid_not_selected,,bls_cpi_2023-10-12
SPXUSD,2023-08-10 13:30:00+00:00,9,rejected,BLS CPI/employment date,bls_cpi_2023-10-12
SPXUSD,2023-08-03 13:30:00+00:00,10,valid_not_selected,,bls_cpi_2023-10-12
SPXUSD,2023-07-27 13:30:00+00:00,11,valid_not_selected,,bls_cpi_2023-10-12
SPXUSD,2023-07-20 13:30:00+00:00,12,rejected,quote absent/nonpositive,bls_cpi_2023-10-12
NSXUSD,2023-10-05 13:30:00+00:00,1,selected,,bls_cpi_2023-10-12
NSXUSD,2023-09-28 13:30:00+00:00,2,selected,,bls_cpi_2023-10-12
NSXUSD,2023-09-21 13:30:00+00:00,3,selected,,bls_cpi_2023-10-12
NSXUSD,2023-09-14 13:30:00+00:00,4,selected,,bls_cpi_2023-10-12
NSXUSD,2023-09-07 13:30:00+00:00,5,valid_not_selected,,bls_cpi_2023-10-12
NSXUSD,2023-08-31 13:30:00+00:00,6,valid_not_selected,,bls_cpi_2023-10-12
NSXUSD,2023-08-24 13:30:00+00:00,7,valid_not_selected,,bls_cpi_2023-10-12
NSXUSD,2023-08-17 13:30:00+00:00,8,valid_not_selected,,bls_cpi_2023-10-12
NSXUSD,2023-08-10 13:30:00+00:00,9,rejected,BLS CPI/employment date,bls_cpi_2023-10-12
NSXUSD,2023-08-03 13:30:00+00:00,10,valid_not_selected,,bls_cpi_2023-10-12
NSXUSD,2023-07-27 13:30:00+00:00,11,rejected,quote absent/nonpositive,bls_cpi_2023-10-12
NSXUSD,2023-07-20 13:30:00+00:00,12,valid_not_selected,,bls_cpi_2023-10-12
GRXEUR,2023-10-05 13:30:00+00:00,1,selected,,bls_cpi_2023-10-12
GRXEUR,2023-09-28 13:30:00+00:00,2,selected,,bls_cpi_2023-10-12
GRXEUR,2023-09-21 13:30:00+00:00,3,selected,,bls_cpi_2023-10-12
GRXEUR,2023-09-14 13:30:00+00:00,4,selected,,bls_cpi_2023-10-12
GRXEUR,2023-09-07 13:30:00+00:00,5,valid_not_selected,,bls_cpi_2023-10-12
GRXEUR,2023-08-31 13:30:00+00:00,6,valid_not_selected,,bls_cpi_2023-10-12
GRXEUR,2023-08-24 13:30:00+00:00,7,valid_not_selected,,bls_cpi_2023-10-12
GRXEUR,2023-08-17 13:30:00+00:00,8,valid_not_selected,,bls_cpi_2023-10-12
GRXEUR,2023-08-10 13:30:00+00:00,9,rejected,BLS CPI/employment date,bls_cpi_2023-10-12
GRXEUR,2023-08-03 13:30:00+00:00,10,valid_not_selected,,bls_cpi_2023-10-12
GRXEUR,2023-07-27 13:30:00+00:00,11,rejected,quote absent/nonpositive,bls_cpi_2023-10-12
GRXEUR,2023-07-20 13:30:00+00:00,12,rejected,quote absent/nonpositive,bls_cpi_2023-10-12
UKXGBP,2023-10-05 13:30:00+00:00,1,selected,,bls_cpi_2023-10-12
UKXGBP,2023-09-28 13:30:00+00:00,2,selected,,bls_cpi_2023-10-12
UKXGBP,2023-09-21 13:30:00+00:00,3,rejected,quote absent/nonpositive,bls_cpi_2023-10-12
UKXGBP,2023-09-14 13:30:00+00:00,4,selected,,bls_cpi_2023-10-12
UKXGBP,2023-09-07 13:30:00+00:00,5,selected,,bls_cpi_2023-10-12
UKXGBP,2023-08-31 13:30:00+00:00,6,valid_not_selected,,bls_cpi_2023-10-12
UKXGBP,2023-08-24 13:30:00+00:00,7,valid_not_selected,,bls_cpi_2023-10-12
UKXGBP,2023-08-17 13:30:00+00:00,8,valid_not_selected,,bls_cpi_2023-10-12
UKXGBP,2023-08-10 13:30:00+00:00,9,rejected,BLS CPI/employment date,bls_cpi_2023-10-12
UKXGBP,2023-08-03 13:30:00+00:00,10,valid_not_selected,,bls_cpi_2023-10-12
UKXGBP,2023-07-27 13:30:00+00:00,11,rejected,quote absent/nonpositive,bls_cpi_2023-10-12
UKXGBP,2023-07-20 13:30:00+00:00,12,valid_not_selected,,bls_cpi_2023-10-12
BCOUSD,2023-10-05 13:30:00+00:00,1,selected,,bls_cpi_2023-10-12
BCOUSD,2023-09-28 13:30:00+00:00,2,selected,,bls_cpi_2023-10-12
BCOUSD,2023-09-21 13:30:00+00:00,3,selected,,bls_cpi_2023-10-12
BCOUSD,2023-09-14 13:30:00+00:00,4,selected,,bls_cpi_2023-10-12
BCOUSD,2023-09-07 13:30:00+00:00,5,valid_not_selected,,bls_cpi_2023-10-12
BCOUSD,2023-08-31 13:30:00+00:00,6,valid_not_selected,,bls_cpi_2023-10-12
BCOUSD,2023-08-24 13:30:00+00:00,7,valid_not_selected,,bls_cpi_2023-10-12
BCOUSD,2023-08-17 13:30:00+00:00,8,valid_not_selected,,bls_cpi_2023-10-12
BCOUSD,2023-08-10 13:30:00+00:00,9,rejected,BLS CPI/employment date,bls_cpi_2023-10-12
BCOUSD,2023-08-03 13:30:00+00:00,10,valid_not_selected,,bls_cpi_2023-10-12
BCOUSD,2023-07-27 13:30:00+00:00,11,rejected,quote absent/nonpositive,bls_cpi_2023-10-12
BCOUSD,2023-07-20 13:30:00+00:00,12,valid_not_selected,,bls_cpi_2023-10-12
EURUSD,2023-10-27 13:30:00+00:00,1,selected,,bls_employment_2023-11-03
EURUSD,2023-10-20 13:30:00+00:00,2,selected,,bls_employment_2023-11-03
EURUSD,2023-10-13 13:30:00+00:00,3,selected,,bls_employment_2023-11-03
EURUSD,2023-10-06 13:30:00+00:00,4,rejected,BLS CPI/employment date,bls_employment_2023-11-03
EURUSD,2023-09-29 13:30:00+00:00,5,selected,,bls_employment_2023-11-03
EURUSD,2023-09-22 13:30:00+00:00,6,valid_not_selected,,bls_employment_2023-11-03
EURUSD,2023-09-15 13:30:00+00:00,7,valid_not_selected,,bls_employment_2023-11-03
EURUSD,2023-09-08 13:30:00+00:00,8,valid_not_selected,,bls_employment_2023-11-03
EURUSD,2023-09-01 13:30:00+00:00,9,rejected,BLS CPI/employment date,bls_employment_2023-11-03
EURUSD,2023-08-25 13:30:00+00:00,10,valid_not_selected,,bls_employment_2023-11-03
EURUSD,2023-08-18 13:30:00+00:00,11,valid_not_selected,,bls_employment_2023-11-03
EURUSD,2023-08-11 13:30:00+00:00,12,valid_not_selected,,bls_employment_2023-11-03
GBPUSD,2023-10-27 13:30:00+00:00,1,selected,,bls_employment_2023-11-03
GBPUSD,2023-10-20 13:30:00+00:00,2,selected,,bls_employment_2023-11-03
GBPUSD,2023-10-13 13:30:00+00:00,3,selected,,bls_employment_2023-11-03
GBPUSD,2023-10-06 13:30:00+00:00,4,rejected,BLS CPI/employment date,bls_employment_2023-11-03
GBPUSD,2023-09-29 13:30:00+00:00,5,selected,,bls_employment_2023-11-03
GBPUSD,2023-09-22 13:30:00+00:00,6,valid_not_selected,,bls_employment_2023-11-03
GBPUSD,2023-09-15 13:30:00+00:00,7,valid_not_selected,,bls_employment_2023-11-03
GBPUSD,2023-09-08 13:30:00+00:00,8,valid_not_selected,,bls_employment_2023-11-03
GBPUSD,2023-09-01 13:30:00+00:00,9,rejected,BLS CPI/employment date,bls_employment_2023-11-03
GBPUSD,2023-08-25 13:30:00+00:00,10,valid_not_selected,,bls_employment_2023-11-03
GBPUSD,2023-08-18 13:30:00+00:00,11,valid_not_selected,,bls_employment_2023-11-03
GBPUSD,2023-08-11 13:30:00+00:00,12,valid_not_selected,,bls_employment_2023-11-03
AUDUSD,2023-10-27 13:30:00+00:00,1,selected,,bls_employment_2023-11-03
AUDUSD,2023-10-20 13:30:00+00:00,2,selected,,bls_employment_2023-11-03
AUDUSD,2023-10-13 13:30:00+00:00,3,selected,,bls_employment_2023-11-03
AUDUSD,2023-10-06 13:30:00+00:00,4,rejected,BLS CPI/employment date,bls_employment_2023-11-03
AUDUSD,2023-09-29 13:30:00+00:00,5,selected,,bls_employment_2023-11-03
AUDUSD,2023-09-22 13:30:00+00:00,6,valid_not_selected,,bls_employment_2023-11-03
AUDUSD,2023-09-15 13:30:00+00:00,7,valid_not_selected,,bls_employment_2023-11-03
AUDUSD,2023-09-08 13:30:00+00:00,8,valid_not_selected,,bls_employment_2023-11-03
AUDUSD,2023-09-01 13:30:00+00:00,9,rejected,BLS CPI/employment date,bls_employment_2023-11-03
AUDUSD,2023-08-25 13:30:00+00:00,10,valid_not_selected,,bls_employment_2023-11-03
AUDUSD,2023-08-18 13:30:00+00:00,11,valid_not_selected,,bls_employment_2023-11-03
AUDUSD,2023-08-11 13:30:00+00:00,12,valid_not_selected,,bls_employment_2023-11-03
NZDUSD,2023-10-27 13:30:00+00:00,1,selected,,bls_employment_2023-11-03
NZDUSD,2023-10-20 13:30:00+00:00,2,selected,,bls_employment_2023-11-03
NZDUSD,2023-10-13 13:30:00+00:00,3,selected,,bls_employment_2023-11-03
NZDUSD,2023-10-06 13:30:00+00:00,4,rejected,BLS CPI/employment date,bls_employment_2023-11-03
NZDUSD,2023-09-29 13:30:00+00:00,5,selected,,bls_employment_2023-11-03
NZDUSD,2023-09-22 13:30:00+00:00,6,valid_not_selected,,bls_employment_2023-11-03
NZDUSD,2023-09-15 13:30:00+00:00,7,valid_not_selected,,bls_employment_2023-11-03
NZDUSD,2023-09-08 13:30:00+00:00,8,valid_not_selected,,bls_employment_2023-11-03
NZDUSD,2023-09-01 13:30:00+00:00,9,rejected,BLS CPI/employment date,bls_employment_2023-11-03
NZDUSD,2023-08-25 13:30:00+00:00,10,valid_not_selected,,bls_employment_2023-11-03
NZDUSD,2023-08-18 13:30:00+00:00,11,valid_not_selected,,bls_employment_2023-11-03
NZDUSD,2023-08-11 13:30:00+00:00,12,valid_not_selected,,bls_employment_2023-11-03
USDJPY,2023-10-27 13:30:00+00:00,1,selected,,bls_employment_2023-11-03
USDJPY,2023-10-20 13:30:00+00:00,2,selected,,bls_employment_2023-11-03
USDJPY,2023-10-13 13:30:00+00:00,3,selected,,bls_employment_2023-11-03
USDJPY,2023-10-06 13:30:00+00:00,4,rejected,BLS CPI/employment date,bls_employment_2023-11-03
USDJPY,2023-09-29 13:30:00+00:00,5,selected,,bls_employment_2023-11-03
USDJPY,2023-09-22 13:30:00+00:00,6,valid_not_selected,,bls_employment_2023-11-03
USDJPY,2023-09-15 13:30:00+00:00,7,valid_not_selected,,bls_employment_2023-11-03
USDJPY,2023-09-08 13:30:00+00:00,8,valid_not_selected,,bls_employment_2023-11-03
USDJPY,2023-09-01 13:30:00+00:00,9,rejected,BLS CPI/employment date,bls_employment_2023-11-03
USDJPY,2023-08-25 13:30:00+00:00,10,valid_not_selected,,bls_employment_2023-11-03
USDJPY,2023-08-18 13:30:00+00:00,11,valid_not_selected,,bls_employment_2023-11-03
USDJPY,2023-08-11 13:30:00+00:00,12,valid_not_selected,,bls_employment_2023-11-03
USDCHF,2023-10-27 13:30:00+00:00,1,selected,,bls_employment_2023-11-03
USDCHF,2023-10-20 13:30:00+00:00,2,selected,,bls_employment_2023-11-03
USDCHF,2023-10-13 13:30:00+00:00,3,selected,,bls_employment_2023-11-03
USDCHF,2023-10-06 13:30:00+00:00,4,rejected,BLS CPI/employment date,bls_employment_2023-11-03
USDCHF,2023-09-29 13:30:00+00:00,5,selected,,bls_employment_2023-11-03
USDCHF,2023-09-22 13:30:00+00:00,6,valid_not_selected,,bls_employment_2023-11-03
USDCHF,2023-09-15 13:30:00+00:00,7,valid_not_selected,,bls_employment_2023-11-03
USDCHF,2023-09-08 13:30:00+00:00,8,valid_not_selected,,bls_employment_2023-11-03
USDCHF,2023-09-01 13:30:00+00:00,9,rejected,BLS CPI/employment date,bls_employment_2023-11-03
USDCHF,2023-08-25 13:30:00+00:00,10,valid_not_selected,,bls_employment_2023-11-03
USDCHF,2023-08-18 13:30:00+00:00,11,valid_not_selected,,bls_employment_2023-11-03
USDCHF,2023-08-11 13:30:00+00:00,12,valid_not_selected,,bls_employment_2023-11-03
USDCAD,2023-10-27 13:30:00+00:00,1,selected,,bls_employment_2023-11-03
USDCAD,2023-10-20 13:30:00+00:00,2,selected,,bls_employment_2023-11-03
USDCAD,2023-10-13 13:30:00+00:00,3,selected,,bls_employment_2023-11-03
USDCAD,2023-10-06 13:30:00+00:00,4,rejected,BLS CPI/employment date,bls_employment_2023-11-03
USDCAD,2023-09-29 13:30:00+00:00,5,selected,,bls_employment_2023-11-03
USDCAD,2023-09-22 13:30:00+00:00,6,valid_not_selected,,bls_employment_2023-11-03
USDCAD,2023-09-15 13:30:00+00:00,7,valid_not_selected,,bls_employment_2023-11-03
USDCAD,2023-09-08 13:30:00+00:00,8,valid_not_selected,,bls_employment_2023-11-03
USDCAD,2023-09-01 13:30:00+00:00,9,rejected,BLS CPI/employment date,bls_employment_2023-11-03
USDCAD,2023-08-25 13:30:00+00:00,10,valid_not_selected,,bls_employment_2023-11-03
USDCAD,2023-08-18 13:30:00+00:00,11,valid_not_selected,,bls_employment_2023-11-03
USDCAD,2023-08-11 13:30:00+00:00,12,valid_not_selected,,bls_employment_2023-11-03
EURJPY,2023-10-27 13:30:00+00:00,1,selected,,bls_employment_2023-11-03
EURJPY,2023-10-20 13:30:00+00:00,2,selected,,bls_employment_2023-11-03
EURJPY,2023-10-13 13:30:00+00:00,3,selected,,bls_employment_2023-11-03
EURJPY,2023-10-06 13:30:00+00:00,4,rejected,BLS CPI/employment date,bls_employment_2023-11-03
EURJPY,2023-09-29 13:30:00+00:00,5,selected,,bls_employment_2023-11-03
EURJPY,2023-09-22 13:30:00+00:00,6,valid_not_selected,,bls_employment_2023-11-03
EURJPY,2023-09-15 13:30:00+00:00,7,valid_not_selected,,bls_employment_2023-11-03
EURJPY,2023-09-08 13:30:00+00:00,8,valid_not_selected,,bls_employment_2023-11-03
EURJPY,2023-09-01 13:30:00+00:00,9,rejected,BLS CPI/employment date,bls_employment_2023-11-03
EURJPY,2023-08-25 13:30:00+00:00,10,valid_not_selected,,bls_employment_2023-11-03
EURJPY,2023-08-18 13:30:00+00:00,11,valid_not_selected,,bls_employment_2023-11-03
EURJPY,2023-08-11 13:30:00+00:00,12,valid_not_selected,,bls_employment_2023-11-03
XAUUSD,2023-10-27 13:30:00+00:00,1,selected,,bls_employment_2023-11-03
XAUUSD,2023-10-20 13:30:00+00:00,2,selected,,bls_employment_2023-11-03
XAUUSD,2023-10-13 13:30:00+00:00,3,selected,,bls_employment_2023-11-03
XAUUSD,2023-10-06 13:30:00+00:00,4,rejected,BLS CPI/employment date,bls_employment_2023-11-03
XAUUSD,2023-09-29 13:30:00+00:00,5,selected,,bls_employment_2023-11-03
XAUUSD,2023-09-22 13:30:00+00:00,6,valid_not_selected,,bls_employment_2023-11-03
XAUUSD,2023-09-15 13:30:00+00:00,7,valid_not_selected,,bls_employment_2023-11-03
XAUUSD,2023-09-08 13:30:00+00:00,8,valid_not_selected,,bls_employment_2023-11-03
XAUUSD,2023-09-01 13:30:00+00:00,9,rejected,BLS CPI/employment date,bls_employment_2023-11-03
XAUUSD,2023-08-25 13:30:00+00:00,10,valid_not_selected,,bls_employment_2023-11-03
XAUUSD,2023-08-18 13:30:00+00:00,11,valid_not_selected,,bls_employment_2023-11-03
XAUUSD,2023-08-11 13:30:00+00:00,12,valid_not_selected,,bls_employment_2023-11-03
XAGUSD,2023-10-27 13:30:00+00:00,1,selected,,bls_employment_2023-11-03
XAGUSD,2023-10-20 13:30:00+00:00,2,selected,,bls_employment_2023-11-03
XAGUSD,2023-10-13 13:30:00+00:00,3,selected,,bls_employment_2023-11-03
XAGUSD,2023-10-06 13:30:00+00:00,4,rejected,BLS CPI/employment date,bls_employment_2023-11-03
XAGUSD,2023-09-29 13:30:00+00:00,5,selected,,bls_employment_2023-11-03
XAGUSD,2023-09-22 13:30:00+00:00,6,valid_not_selected,,bls_employment_2023-11-03
XAGUSD,2023-09-15 13:30:00+00:00,7,valid_not_selected,,bls_employment_2023-11-03
XAGUSD,2023-09-08 13:30:00+00:00,8,valid_not_selected,,bls_employment_2023-11-03
XAGUSD,2023-09-01 13:30:00+00:00,9,rejected,BLS CPI/employment date,bls_employment_2023-11-03
XAGUSD,2023-08-25 13:30:00+00:00,10,valid_not_selected,,bls_employment_2023-11-03
XAGUSD,2023-08-18 13:30:00+00:00,11,valid_not_selected,,bls_employment_2023-11-03
XAGUSD,2023-08-11 13:30:00+00:00,12,valid_not_selected,,bls_employment_2023-11-03
SPXUSD,2023-10-27 13:30:00+00:00,1,selected,,bls_employment_2023-11-03
SPXUSD,2023-10-20 13:30:00+00:00,2,selected,,bls_employment_2023-11-03
SPXUSD,2023-10-13 13:30:00+00:00,3,selected,,bls_employment_2023-11-03
SPXUSD,2023-10-06 13:30:00+00:00,4,rejected,BLS CPI/employment date,bls_employment_2023-11-03
SPXUSD,2023-09-29 13:30:00+00:00,5,selected,,bls_employment_2023-11-03
SPXUSD,2023-09-22 13:30:00+00:00,6,valid_not_selected,,bls_employment_2023-11-03
SPXUSD,2023-09-15 13:30:00+00:00,7,valid_not_selected,,bls_employment_2023-11-03
SPXUSD,2023-09-08 13:30:00+00:00,8,valid_not_selected,,bls_employment_2023-11-03
SPXUSD,2023-09-01 13:30:00+00:00,9,rejected,BLS CPI/employment date,bls_employment_2023-11-03
SPXUSD,2023-08-25 13:30:00+00:00,10,valid_not_selected,,bls_employment_2023-11-03
SPXUSD,2023-08-18 13:30:00+00:00,11,valid_not_selected,,bls_employment_2023-11-03
SPXUSD,2023-08-11 13:30:00+00:00,12,valid_not_selected,,bls_employment_2023-11-03
NSXUSD,2023-10-27 13:30:00+00:00,1,selected,,bls_employment_2023-11-03
NSXUSD,2023-10-20 13:30:00+00:00,2,selected,,bls_employment_2023-11-03
NSXUSD,2023-10-13 13:30:00+00:00,3,selected,,bls_employment_2023-11-03
NSXUSD,2023-10-06 13:30:00+00:00,4,rejected,BLS CPI/employment date,bls_employment_2023-11-03
NSXUSD,2023-09-29 13:30:00+00:00,5,selected,,bls_employment_2023-11-03
NSXUSD,2023-09-22 13:30:00+00:00,6,valid_not_selected,,bls_employment_2023-11-03
NSXUSD,2023-09-15 13:30:00+00:00,7,valid_not_selected,,bls_employment_2023-11-03
NSXUSD,2023-09-08 13:30:00+00:00,8,valid_not_selected,,bls_employment_2023-11-03
NSXUSD,2023-09-01 13:30:00+00:00,9,rejected,BLS CPI/employment date,bls_employment_2023-11-03
NSXUSD,2023-08-25 13:30:00+00:00,10,valid_not_selected,,bls_employment_2023-11-03
NSXUSD,2023-08-18 13:30:00+00:00,11,valid_not_selected,,bls_employment_2023-11-03
NSXUSD,2023-08-11 13:30:00+00:00,12,valid_not_selected,,bls_employment_2023-11-03
GRXEUR,2023-10-27 13:30:00+00:00,1,selected,,bls_employment_2023-11-03
GRXEUR,2023-10-20 13:30:00+00:00,2,selected,,bls_employment_2023-11-03
GRXEUR,2023-10-13 13:30:00+00:00,3,selected,,bls_employment_2023-11-03
GRXEUR,2023-10-06 13:30:00+00:00,4,rejected,BLS CPI/employment date,bls_employment_2023-11-03
GRXEUR,2023-09-29 13:30:00+00:00,5,selected,,bls_employment_2023-11-03
GRXEUR,2023-09-22 13:30:00+00:00,6,valid_not_selected,,bls_employment_2023-11-03
GRXEUR,2023-09-15 13:30:00+00:00,7,valid_not_selected,,bls_employment_2023-11-03
GRXEUR,2023-09-08 13:30:00+00:00,8,valid_not_selected,,bls_employment_2023-11-03
GRXEUR,2023-09-01 13:30:00+00:00,9,rejected,BLS CPI/employment date,bls_employment_2023-11-03
GRXEUR,2023-08-25 13:30:00+00:00,10,valid_not_selected,,bls_employment_2023-11-03
GRXEUR,2023-08-18 13:30:00+00:00,11,valid_not_selected,,bls_employment_2023-11-03
GRXEUR,2023-08-11 13:30:00+00:00,12,valid_not_selected,,bls_employment_2023-11-03
UKXGBP,2023-10-27 13:30:00+00:00,1,selected,,bls_employment_2023-11-03
UKXGBP,2023-10-20 13:30:00+00:00,2,selected,,bls_employment_2023-11-03
UKXGBP,2023-10-13 13:30:00+00:00,3,selected,,bls_employment_2023-11-03
UKXGBP,2023-10-06 13:30:00+00:00,4,rejected,BLS CPI/employment date,bls_employment_2023-11-03
UKXGBP,2023-09-29 13:30:00+00:00,5,selected,,bls_employment_2023-11-03
UKXGBP,2023-09-22 13:30:00+00:00,6,valid_not_selected,,bls_employment_2023-11-03
UKXGBP,2023-09-15 13:30:00+00:00,7,rejected,quote absent/nonpositive,bls_employment_2023-11-03
UKXGBP,2023-09-08 13:30:00+00:00,8,valid_not_selected,,bls_employment_2023-11-03
UKXGBP,2023-09-01 13:30:00+00:00,9,rejected,BLS CPI/employment date,bls_employment_2023-11-03
UKXGBP,2023-08-25 13:30:00+00:00,10,valid_not_selected,,bls_employment_2023-11-03
UKXGBP,2023-08-18 13:30:00+00:00,11,valid_not_selected,,bls_employment_2023-11-03
UKXGBP,2023-08-11 13:30:00+00:00,12,valid_not_selected,,bls_employment_2023-11-03
BCOUSD,2023-10-27 13:30:00+00:00,1,selected,,bls_employment_2023-11-03
BCOUSD,2023-10-20 13:30:00+00:00,2,selected,,bls_employment_2023-11-03
BCOUSD,2023-10-13 13:30:00+00:00,3,selected,,bls_employment_2023-11-03
BCOUSD,2023-10-06 13:30:00+00:00,4,rejected,BLS CPI/employment date,bls_employment_2023-11-03
BCOUSD,2023-09-29 13:30:00+00:00,5,selected,,bls_employment_2023-11-03
BCOUSD,2023-09-22 13:30:00+00:00,6,valid_not_selected,,bls_employment_2023-11-03
BCOUSD,2023-09-15 13:30:00+00:00,7,valid_not_selected,,bls_employment_2023-11-03
BCOUSD,2023-09-08 13:30:00+00:00,8,valid_not_selected,,bls_employment_2023-11-03
BCOUSD,2023-09-01 13:30:00+00:00,9,rejected,BLS CPI/employment date,bls_employment_2023-11-03
BCOUSD,2023-08-25 13:30:00+00:00,10,valid_not_selected,,bls_employment_2023-11-03
BCOUSD,2023-08-18 13:30:00+00:00,11,valid_not_selected,,bls_employment_2023-11-03
BCOUSD,2023-08-11 13:30:00+00:00,12,valid_not_selected,,bls_employment_2023-11-03
EURUSD,2023-11-07 13:30:00+00:00,1,selected,,bls_cpi_2023-11-14
EURUSD,2023-10-31 13:30:00+00:00,2,selected,,bls_cpi_2023-11-14
EURUSD,2023-10-24 13:30:00+00:00,3,selected,,bls_cpi_2023-11-14
EURUSD,2023-10-17 13:30:00+00:00,4,selected,,bls_cpi_2023-11-14
EURUSD,2023-10-10 13:30:00+00:00,5,valid_not_selected,,bls_cpi_2023-11-14
EURUSD,2023-10-03 13:30:00+00:00,6,valid_not_selected,,bls_cpi_2023-11-14
EURUSD,2023-09-26 13:30:00+00:00,7,valid_not_selected,,bls_cpi_2023-11-14
EURUSD,2023-09-19 13:30:00+00:00,8,valid_not_selected,,bls_cpi_2023-11-14
EURUSD,2023-09-12 13:30:00+00:00,9,valid_not_selected,,bls_cpi_2023-11-14
EURUSD,2023-09-05 13:30:00+00:00,10,valid_not_selected,,bls_cpi_2023-11-14
EURUSD,2023-08-29 13:30:00+00:00,11,valid_not_selected,,bls_cpi_2023-11-14
EURUSD,2023-08-22 13:30:00+00:00,12,valid_not_selected,,bls_cpi_2023-11-14
GBPUSD,2023-11-07 13:30:00+00:00,1,selected,,bls_cpi_2023-11-14
GBPUSD,2023-10-31 13:30:00+00:00,2,selected,,bls_cpi_2023-11-14
GBPUSD,2023-10-24 13:30:00+00:00,3,selected,,bls_cpi_2023-11-14
GBPUSD,2023-10-17 13:30:00+00:00,4,selected,,bls_cpi_2023-11-14
GBPUSD,2023-10-10 13:30:00+00:00,5,valid_not_selected,,bls_cpi_2023-11-14
GBPUSD,2023-10-03 13:30:00+00:00,6,valid_not_selected,,bls_cpi_2023-11-14
GBPUSD,2023-09-26 13:30:00+00:00,7,valid_not_selected,,bls_cpi_2023-11-14
GBPUSD,2023-09-19 13:30:00+00:00,8,valid_not_selected,,bls_cpi_2023-11-14
GBPUSD,2023-09-12 13:30:00+00:00,9,valid_not_selected,,bls_cpi_2023-11-14
GBPUSD,2023-09-05 13:30:00+00:00,10,valid_not_selected,,bls_cpi_2023-11-14
GBPUSD,2023-08-29 13:30:00+00:00,11,valid_not_selected,,bls_cpi_2023-11-14
GBPUSD,2023-08-22 13:30:00+00:00,12,valid_not_selected,,bls_cpi_2023-11-14
AUDUSD,2023-11-07 13:30:00+00:00,1,selected,,bls_cpi_2023-11-14
AUDUSD,2023-10-31 13:30:00+00:00,2,selected,,bls_cpi_2023-11-14
AUDUSD,2023-10-24 13:30:00+00:00,3,selected,,bls_cpi_2023-11-14
AUDUSD,2023-10-17 13:30:00+00:00,4,selected,,bls_cpi_2023-11-14
AUDUSD,2023-10-10 13:30:00+00:00,5,valid_not_selected,,bls_cpi_2023-11-14
AUDUSD,2023-10-03 13:30:00+00:00,6,valid_not_selected,,bls_cpi_2023-11-14
AUDUSD,2023-09-26 13:30:00+00:00,7,valid_not_selected,,bls_cpi_2023-11-14
AUDUSD,2023-09-19 13:30:00+00:00,8,valid_not_selected,,bls_cpi_2023-11-14
AUDUSD,2023-09-12 13:30:00+00:00,9,valid_not_selected,,bls_cpi_2023-11-14
AUDUSD,2023-09-05 13:30:00+00:00,10,valid_not_selected,,bls_cpi_2023-11-14
AUDUSD,2023-08-29 13:30:00+00:00,11,valid_not_selected,,bls_cpi_2023-11-14
AUDUSD,2023-08-22 13:30:00+00:00,12,valid_not_selected,,bls_cpi_2023-11-14
NZDUSD,2023-11-07 13:30:00+00:00,1,selected,,bls_cpi_2023-11-14
NZDUSD,2023-10-31 13:30:00+00:00,2,selected,,bls_cpi_2023-11-14
NZDUSD,2023-10-24 13:30:00+00:00,3,selected,,bls_cpi_2023-11-14
NZDUSD,2023-10-17 13:30:00+00:00,4,selected,,bls_cpi_2023-11-14
NZDUSD,2023-10-10 13:30:00+00:00,5,valid_not_selected,,bls_cpi_2023-11-14
NZDUSD,2023-10-03 13:30:00+00:00,6,valid_not_selected,,bls_cpi_2023-11-14
NZDUSD,2023-09-26 13:30:00+00:00,7,valid_not_selected,,bls_cpi_2023-11-14
NZDUSD,2023-09-19 13:30:00+00:00,8,valid_not_selected,,bls_cpi_2023-11-14
NZDUSD,2023-09-12 13:30:00+00:00,9,valid_not_selected,,bls_cpi_2023-11-14
NZDUSD,2023-09-05 13:30:00+00:00,10,valid_not_selected,,bls_cpi_2023-11-14
NZDUSD,2023-08-29 13:30:00+00:00,11,valid_not_selected,,bls_cpi_2023-11-14
NZDUSD,2023-08-22 13:30:00+00:00,12,valid_not_selected,,bls_cpi_2023-11-14
USDJPY,2023-11-07 13:30:00+00:00,1,selected,,bls_cpi_2023-11-14
USDJPY,2023-10-31 13:30:00+00:00,2,selected,,bls_cpi_2023-11-14
USDJPY,2023-10-24 13:30:00+00:00,3,selected,,bls_cpi_2023-11-14
USDJPY,2023-10-17 13:30:00+00:00,4,selected,,bls_cpi_2023-11-14
USDJPY,2023-10-10 13:30:00+00:00,5,valid_not_selected,,bls_cpi_2023-11-14
USDJPY,2023-10-03 13:30:00+00:00,6,valid_not_selected,,bls_cpi_2023-11-14
USDJPY,2023-09-26 13:30:00+00:00,7,valid_not_selected,,bls_cpi_2023-11-14
USDJPY,2023-09-19 13:30:00+00:00,8,valid_not_selected,,bls_cpi_2023-11-14
USDJPY,2023-09-12 13:30:00+00:00,9,valid_not_selected,,bls_cpi_2023-11-14
USDJPY,2023-09-05 13:30:00+00:00,10,valid_not_selected,,bls_cpi_2023-11-14
USDJPY,2023-08-29 13:30:00+00:00,11,valid_not_selected,,bls_cpi_2023-11-14
USDJPY,2023-08-22 13:30:00+00:00,12,valid_not_selected,,bls_cpi_2023-11-14
USDCHF,2023-11-07 13:30:00+00:00,1,selected,,bls_cpi_2023-11-14
USDCHF,2023-10-31 13:30:00+00:00,2,selected,,bls_cpi_2023-11-14
USDCHF,2023-10-24 13:30:00+00:00,3,selected,,bls_cpi_2023-11-14
USDCHF,2023-10-17 13:30:00+00:00,4,selected,,bls_cpi_2023-11-14
USDCHF,2023-10-10 13:30:00+00:00,5,valid_not_selected,,bls_cpi_2023-11-14
USDCHF,2023-10-03 13:30:00+00:00,6,valid_not_selected,,bls_cpi_2023-11-14
USDCHF,2023-09-26 13:30:00+00:00,7,valid_not_selected,,bls_cpi_2023-11-14
USDCHF,2023-09-19 13:30:00+00:00,8,valid_not_selected,,bls_cpi_2023-11-14
USDCHF,2023-09-12 13:30:00+00:00,9,valid_not_selected,,bls_cpi_2023-11-14
USDCHF,2023-09-05 13:30:00+00:00,10,valid_not_selected,,bls_cpi_2023-11-14
USDCHF,2023-08-29 13:30:00+00:00,11,valid_not_selected,,bls_cpi_2023-11-14
USDCHF,2023-08-22 13:30:00+00:00,12,valid_not_selected,,bls_cpi_2023-11-14
USDCAD,2023-11-07 13:30:00+00:00,1,selected,,bls_cpi_2023-11-14
USDCAD,2023-10-31 13:30:00+00:00,2,selected,,bls_cpi_2023-11-14
USDCAD,2023-10-24 13:30:00+00:00,3,selected,,bls_cpi_2023-11-14
USDCAD,2023-10-17 13:30:00+00:00,4,selected,,bls_cpi_2023-11-14
USDCAD,2023-10-10 13:30:00+00:00,5,valid_not_selected,,bls_cpi_2023-11-14
USDCAD,2023-10-03 13:30:00+00:00,6,valid_not_selected,,bls_cpi_2023-11-14
USDCAD,2023-09-26 13:30:00+00:00,7,valid_not_selected,,bls_cpi_2023-11-14
USDCAD,2023-09-19 13:30:00+00:00,8,valid_not_selected,,bls_cpi_2023-11-14
USDCAD,2023-09-12 13:30:00+00:00,9,valid_not_selected,,bls_cpi_2023-11-14
USDCAD,2023-09-05 13:30:00+00:00,10,valid_not_selected,,bls_cpi_2023-11-14
USDCAD,2023-08-29 13:30:00+00:00,11,valid_not_selected,,bls_cpi_2023-11-14
USDCAD,2023-08-22 13:30:00+00:00,12,valid_not_selected,,bls_cpi_2023-11-14
EURJPY,2023-11-07 13:30:00+00:00,1,selected,,bls_cpi_2023-11-14
EURJPY,2023-10-31 13:30:00+00:00,2,selected,,bls_cpi_2023-11-14
EURJPY,2023-10-24 13:30:00+00:00,3,selected,,bls_cpi_2023-11-14
EURJPY,2023-10-17 13:30:00+00:00,4,selected,,bls_cpi_2023-11-14
EURJPY,2023-10-10 13:30:00+00:00,5,valid_not_selected,,bls_cpi_2023-11-14
EURJPY,2023-10-03 13:30:00+00:00,6,valid_not_selected,,bls_cpi_2023-11-14
EURJPY,2023-09-26 13:30:00+00:00,7,valid_not_selected,,bls_cpi_2023-11-14
EURJPY,2023-09-19 13:30:00+00:00,8,valid_not_selected,,bls_cpi_2023-11-14
EURJPY,2023-09-12 13:30:00+00:00,9,valid_not_selected,,bls_cpi_2023-11-14
EURJPY,2023-09-05 13:30:00+00:00,10,valid_not_selected,,bls_cpi_2023-11-14
EURJPY,2023-08-29 13:30:00+00:00,11,valid_not_selected,,bls_cpi_2023-11-14
EURJPY,2023-08-22 13:30:00+00:00,12,valid_not_selected,,bls_cpi_2023-11-14
XAUUSD,2023-11-07 13:30:00+00:00,1,selected,,bls_cpi_2023-11-14
XAUUSD,2023-10-31 13:30:00+00:00,2,selected,,bls_cpi_2023-11-14
XAUUSD,2023-10-24 13:30:00+00:00,3,selected,,bls_cpi_2023-11-14
XAUUSD,2023-10-17 13:30:00+00:00,4,selected,,bls_cpi_2023-11-14
XAUUSD,2023-10-10 13:30:00+00:00,5,valid_not_selected,,bls_cpi_2023-11-14
XAUUSD,2023-10-03 13:30:00+00:00,6,valid_not_selected,,bls_cpi_2023-11-14
XAUUSD,2023-09-26 13:30:00+00:00,7,valid_not_selected,,bls_cpi_2023-11-14
XAUUSD,2023-09-19 13:30:00+00:00,8,valid_not_selected,,bls_cpi_2023-11-14
XAUUSD,2023-09-12 13:30:00+00:00,9,valid_not_selected,,bls_cpi_2023-11-14
XAUUSD,2023-09-05 13:30:00+00:00,10,valid_not_selected,,bls_cpi_2023-11-14
XAUUSD,2023-08-29 13:30:00+00:00,11,valid_not_selected,,bls_cpi_2023-11-14
XAUUSD,2023-08-22 13:30:00+00:00,12,valid_not_selected,,bls_cpi_2023-11-14
XAGUSD,2023-11-07 13:30:00+00:00,1,selected,,bls_cpi_2023-11-14
XAGUSD,2023-10-31 13:30:00+00:00,2,selected,,bls_cpi_2023-11-14
XAGUSD,2023-10-24 13:30:00+00:00,3,selected,,bls_cpi_2023-11-14
XAGUSD,2023-10-17 13:30:00+00:00,4,selected,,bls_cpi_2023-11-14
XAGUSD,2023-10-10 13:30:00+00:00,5,valid_not_selected,,bls_cpi_2023-11-14
XAGUSD,2023-10-03 13:30:00+00:00,6,valid_not_selected,,bls_cpi_2023-11-14
XAGUSD,2023-09-26 13:30:00+00:00,7,valid_not_selected,,bls_cpi_2023-11-14
XAGUSD,2023-09-19 13:30:00+00:00,8,valid_not_selected,,bls_cpi_2023-11-14
XAGUSD,2023-09-12 13:30:00+00:00,9,valid_not_selected,,bls_cpi_2023-11-14
XAGUSD,2023-09-05 13:30:00+00:00,10,valid_not_selected,,bls_cpi_2023-11-14
XAGUSD,2023-08-29 13:30:00+00:00,11,valid_not_selected,,bls_cpi_2023-11-14
XAGUSD,2023-08-22 13:30:00+00:00,12,valid_not_selected,,bls_cpi_2023-11-14
SPXUSD,2023-11-07 13:30:00+00:00,1,selected,,bls_cpi_2023-11-14
SPXUSD,2023-10-31 13:30:00+00:00,2,selected,,bls_cpi_2023-11-14
SPXUSD,2023-10-24 13:30:00+00:00,3,selected,,bls_cpi_2023-11-14
SPXUSD,2023-10-17 13:30:00+00:00,4,selected,,bls_cpi_2023-11-14
SPXUSD,2023-10-10 13:30:00+00:00,5,valid_not_selected,,bls_cpi_2023-11-14
SPXUSD,2023-10-03 13:30:00+00:00,6,valid_not_selected,,bls_cpi_2023-11-14
SPXUSD,2023-09-26 13:30:00+00:00,7,valid_not_selected,,bls_cpi_2023-11-14
SPXUSD,2023-09-19 13:30:00+00:00,8,valid_not_selected,,bls_cpi_2023-11-14
SPXUSD,2023-09-12 13:30:00+00:00,9,valid_not_selected,,bls_cpi_2023-11-14
SPXUSD,2023-09-05 13:30:00+00:00,10,valid_not_selected,,bls_cpi_2023-11-14
SPXUSD,2023-08-29 13:30:00+00:00,11,valid_not_selected,,bls_cpi_2023-11-14
SPXUSD,2023-08-22 13:30:00+00:00,12,valid_not_selected,,bls_cpi_2023-11-14
NSXUSD,2023-11-07 13:30:00+00:00,1,selected,,bls_cpi_2023-11-14
NSXUSD,2023-10-31 13:30:00+00:00,2,selected,,bls_cpi_2023-11-14
NSXUSD,2023-10-24 13:30:00+00:00,3,selected,,bls_cpi_2023-11-14
NSXUSD,2023-10-17 13:30:00+00:00,4,selected,,bls_cpi_2023-11-14
NSXUSD,2023-10-10 13:30:00+00:00,5,valid_not_selected,,bls_cpi_2023-11-14
NSXUSD,2023-10-03 13:30:00+00:00,6,valid_not_selected,,bls_cpi_2023-11-14
NSXUSD,2023-09-26 13:30:00+00:00,7,valid_not_selected,,bls_cpi_2023-11-14
NSXUSD,2023-09-19 13:30:00+00:00,8,valid_not_selected,,bls_cpi_2023-11-14
NSXUSD,2023-09-12 13:30:00+00:00,9,valid_not_selected,,bls_cpi_2023-11-14
NSXUSD,2023-09-05 13:30:00+00:00,10,valid_not_selected,,bls_cpi_2023-11-14
NSXUSD,2023-08-29 13:30:00+00:00,11,valid_not_selected,,bls_cpi_2023-11-14
NSXUSD,2023-08-22 13:30:00+00:00,12,valid_not_selected,,bls_cpi_2023-11-14
GRXEUR,2023-11-07 13:30:00+00:00,1,selected,,bls_cpi_2023-11-14
GRXEUR,2023-10-31 13:30:00+00:00,2,selected,,bls_cpi_2023-11-14
GRXEUR,2023-10-24 13:30:00+00:00,3,selected,,bls_cpi_2023-11-14
GRXEUR,2023-10-17 13:30:00+00:00,4,selected,,bls_cpi_2023-11-14
GRXEUR,2023-10-10 13:30:00+00:00,5,valid_not_selected,,bls_cpi_2023-11-14
GRXEUR,2023-10-03 13:30:00+00:00,6,valid_not_selected,,bls_cpi_2023-11-14
GRXEUR,2023-09-26 13:30:00+00:00,7,valid_not_selected,,bls_cpi_2023-11-14
GRXEUR,2023-09-19 13:30:00+00:00,8,valid_not_selected,,bls_cpi_2023-11-14
GRXEUR,2023-09-12 13:30:00+00:00,9,valid_not_selected,,bls_cpi_2023-11-14
GRXEUR,2023-09-05 13:30:00+00:00,10,valid_not_selected,,bls_cpi_2023-11-14
GRXEUR,2023-08-29 13:30:00+00:00,11,valid_not_selected,,bls_cpi_2023-11-14
GRXEUR,2023-08-22 13:30:00+00:00,12,valid_not_selected,,bls_cpi_2023-11-14
UKXGBP,2023-11-07 13:30:00+00:00,1,selected,,bls_cpi_2023-11-14
UKXGBP,2023-10-31 13:30:00+00:00,2,selected,,bls_cpi_2023-11-14
UKXGBP,2023-10-24 13:30:00+00:00,3,selected,,bls_cpi_2023-11-14
UKXGBP,2023-10-17 13:30:00+00:00,4,selected,,bls_cpi_2023-11-14
UKXGBP,2023-10-10 13:30:00+00:00,5,valid_not_selected,,bls_cpi_2023-11-14
UKXGBP,2023-10-03 13:30:00+00:00,6,valid_not_selected,,bls_cpi_2023-11-14
UKXGBP,2023-09-26 13:30:00+00:00,7,valid_not_selected,,bls_cpi_2023-11-14
UKXGBP,2023-09-19 13:30:00+00:00,8,valid_not_selected,,bls_cpi_2023-11-14
UKXGBP,2023-09-12 13:30:00+00:00,9,valid_not_selected,,bls_cpi_2023-11-14
UKXGBP,2023-09-05 13:30:00+00:00,10,valid_not_selected,,bls_cpi_2023-11-14
UKXGBP,2023-08-29 13:30:00+00:00,11,valid_not_selected,,bls_cpi_2023-11-14
UKXGBP,2023-08-22 13:30:00+00:00,12,valid_not_selected,,bls_cpi_2023-11-14
BCOUSD,2023-11-07 13:30:00+00:00,1,selected,,bls_cpi_2023-11-14
BCOUSD,2023-10-31 13:30:00+00:00,2,selected,,bls_cpi_2023-11-14
BCOUSD,2023-10-24 13:30:00+00:00,3,selected,,bls_cpi_2023-11-14
BCOUSD,2023-10-17 13:30:00+00:00,4,selected,,bls_cpi_2023-11-14
BCOUSD,2023-10-10 13:30:00+00:00,5,valid_not_selected,,bls_cpi_2023-11-14
BCOUSD,2023-10-03 13:30:00+00:00,6,valid_not_selected,,bls_cpi_2023-11-14
BCOUSD,2023-09-26 13:30:00+00:00,7,valid_not_selected,,bls_cpi_2023-11-14
BCOUSD,2023-09-19 13:30:00+00:00,8,valid_not_selected,,bls_cpi_2023-11-14
BCOUSD,2023-09-12 13:30:00+00:00,9,valid_not_selected,,bls_cpi_2023-11-14
BCOUSD,2023-09-05 13:30:00+00:00,10,valid_not_selected,,bls_cpi_2023-11-14
BCOUSD,2023-08-29 13:30:00+00:00,11,valid_not_selected,,bls_cpi_2023-11-14
BCOUSD,2023-08-22 13:30:00+00:00,12,valid_not_selected,,bls_cpi_2023-11-14
EURUSD,2023-12-01 13:30:00+00:00,1,selected,,bls_employment_2023-12-08
EURUSD,2023-11-24 13:30:00+00:00,2,selected,,bls_employment_2023-12-08
EURUSD,2023-11-17 13:30:00+00:00,3,selected,,bls_employment_2023-12-08
EURUSD,2023-11-10 13:30:00+00:00,4,selected,,bls_employment_2023-12-08
EURUSD,2023-11-03 13:30:00+00:00,5,rejected,BLS CPI/employment date,bls_employment_2023-12-08
EURUSD,2023-10-27 13:30:00+00:00,6,valid_not_selected,,bls_employment_2023-12-08
EURUSD,2023-10-20 13:30:00+00:00,7,valid_not_selected,,bls_employment_2023-12-08
EURUSD,2023-10-13 13:30:00+00:00,8,valid_not_selected,,bls_employment_2023-12-08
EURUSD,2023-10-06 13:30:00+00:00,9,rejected,BLS CPI/employment date,bls_employment_2023-12-08
EURUSD,2023-09-29 13:30:00+00:00,10,valid_not_selected,,bls_employment_2023-12-08
EURUSD,2023-09-22 13:30:00+00:00,11,valid_not_selected,,bls_employment_2023-12-08
EURUSD,2023-09-15 13:30:00+00:00,12,valid_not_selected,,bls_employment_2023-12-08
GBPUSD,2023-12-01 13:30:00+00:00,1,selected,,bls_employment_2023-12-08
GBPUSD,2023-11-24 13:30:00+00:00,2,selected,,bls_employment_2023-12-08
GBPUSD,2023-11-17 13:30:00+00:00,3,selected,,bls_employment_2023-12-08
GBPUSD,2023-11-10 13:30:00+00:00,4,selected,,bls_employment_2023-12-08
GBPUSD,2023-11-03 13:30:00+00:00,5,rejected,BLS CPI/employment date,bls_employment_2023-12-08
GBPUSD,2023-10-27 13:30:00+00:00,6,valid_not_selected,,bls_employment_2023-12-08
GBPUSD,2023-10-20 13:30:00+00:00,7,valid_not_selected,,bls_employment_2023-12-08
GBPUSD,2023-10-13 13:30:00+00:00,8,valid_not_selected,,bls_employment_2023-12-08
GBPUSD,2023-10-06 13:30:00+00:00,9,rejected,BLS CPI/employment date,bls_employment_2023-12-08
GBPUSD,2023-09-29 13:30:00+00:00,10,valid_not_selected,,bls_employment_2023-12-08
GBPUSD,2023-09-22 13:30:00+00:00,11,valid_not_selected,,bls_employment_2023-12-08
GBPUSD,2023-09-15 13:30:00+00:00,12,valid_not_selected,,bls_employment_2023-12-08
AUDUSD,2023-12-01 13:30:00+00:00,1,selected,,bls_employment_2023-12-08
AUDUSD,2023-11-24 13:30:00+00:00,2,selected,,bls_employment_2023-12-08
AUDUSD,2023-11-17 13:30:00+00:00,3,selected,,bls_employment_2023-12-08
AUDUSD,2023-11-10 13:30:00+00:00,4,selected,,bls_employment_2023-12-08
AUDUSD,2023-11-03 13:30:00+00:00,5,rejected,BLS CPI/employment date,bls_employment_2023-12-08
AUDUSD,2023-10-27 13:30:00+00:00,6,valid_not_selected,,bls_employment_2023-12-08
AUDUSD,2023-10-20 13:30:00+00:00,7,valid_not_selected,,bls_employment_2023-12-08
AUDUSD,2023-10-13 13:30:00+00:00,8,valid_not_selected,,bls_employment_2023-12-08
AUDUSD,2023-10-06 13:30:00+00:00,9,rejected,BLS CPI/employment date,bls_employment_2023-12-08
AUDUSD,2023-09-29 13:30:00+00:00,10,valid_not_selected,,bls_employment_2023-12-08
AUDUSD,2023-09-22 13:30:00+00:00,11,valid_not_selected,,bls_employment_2023-12-08
AUDUSD,2023-09-15 13:30:00+00:00,12,valid_not_selected,,bls_employment_2023-12-08
NZDUSD,2023-12-01 13:30:00+00:00,1,selected,,bls_employment_2023-12-08
NZDUSD,2023-11-24 13:30:00+00:00,2,selected,,bls_employment_2023-12-08
NZDUSD,2023-11-17 13:30:00+00:00,3,selected,,bls_employment_2023-12-08
NZDUSD,2023-11-10 13:30:00+00:00,4,selected,,bls_employment_2023-12-08
NZDUSD,2023-11-03 13:30:00+00:00,5,rejected,BLS CPI/employment date,bls_employment_2023-12-08
NZDUSD,2023-10-27 13:30:00+00:00,6,valid_not_selected,,bls_employment_2023-12-08
NZDUSD,2023-10-20 13:30:00+00:00,7,valid_not_selected,,bls_employment_2023-12-08
NZDUSD,2023-10-13 13:30:00+00:00,8,valid_not_selected,,bls_employment_2023-12-08
NZDUSD,2023-10-06 13:30:00+00:00,9,rejected,BLS CPI/employment date,bls_employment_2023-12-08
NZDUSD,2023-09-29 13:30:00+00:00,10,valid_not_selected,,bls_employment_2023-12-08
NZDUSD,2023-09-22 13:30:00+00:00,11,valid_not_selected,,bls_employment_2023-12-08
NZDUSD,2023-09-15 13:30:00+00:00,12,valid_not_selected,,bls_employment_2023-12-08
USDJPY,2023-12-01 13:30:00+00:00,1,selected,,bls_employment_2023-12-08
USDJPY,2023-11-24 13:30:00+00:00,2,selected,,bls_employment_2023-12-08
USDJPY,2023-11-17 13:30:00+00:00,3,selected,,bls_employment_2023-12-08
USDJPY,2023-11-10 13:30:00+00:00,4,selected,,bls_employment_2023-12-08
USDJPY,2023-11-03 13:30:00+00:00,5,rejected,BLS CPI/employment date,bls_employment_2023-12-08
USDJPY,2023-10-27 13:30:00+00:00,6,valid_not_selected,,bls_employment_2023-12-08
USDJPY,2023-10-20 13:30:00+00:00,7,valid_not_selected,,bls_employment_2023-12-08
USDJPY,2023-10-13 13:30:00+00:00,8,valid_not_selected,,bls_employment_2023-12-08
USDJPY,2023-10-06 13:30:00+00:00,9,rejected,BLS CPI/employment date,bls_employment_2023-12-08
USDJPY,2023-09-29 13:30:00+00:00,10,valid_not_selected,,bls_employment_2023-12-08
USDJPY,2023-09-22 13:30:00+00:00,11,valid_not_selected,,bls_employment_2023-12-08
USDJPY,2023-09-15 13:30:00+00:00,12,valid_not_selected,,bls_employment_2023-12-08
USDCHF,2023-12-01 13:30:00+00:00,1,selected,,bls_employment_2023-12-08
USDCHF,2023-11-24 13:30:00+00:00,2,selected,,bls_employment_2023-12-08
USDCHF,2023-11-17 13:30:00+00:00,3,selected,,bls_employment_2023-12-08
USDCHF,2023-11-10 13:30:00+00:00,4,selected,,bls_employment_2023-12-08
USDCHF,2023-11-03 13:30:00+00:00,5,rejected,BLS CPI/employment date,bls_employment_2023-12-08
USDCHF,2023-10-27 13:30:00+00:00,6,valid_not_selected,,bls_employment_2023-12-08
USDCHF,2023-10-20 13:30:00+00:00,7,valid_not_selected,,bls_employment_2023-12-08
USDCHF,2023-10-13 13:30:00+00:00,8,valid_not_selected,,bls_employment_2023-12-08
USDCHF,2023-10-06 13:30:00+00:00,9,rejected,BLS CPI/employment date,bls_employment_2023-12-08
USDCHF,2023-09-29 13:30:00+00:00,10,valid_not_selected,,bls_employment_2023-12-08
USDCHF,2023-09-22 13:30:00+00:00,11,valid_not_selected,,bls_employment_2023-12-08
USDCHF,2023-09-15 13:30:00+00:00,12,valid_not_selected,,bls_employment_2023-12-08
USDCAD,2023-12-01 13:30:00+00:00,1,selected,,bls_employment_2023-12-08
USDCAD,2023-11-24 13:30:00+00:00,2,selected,,bls_employment_2023-12-08
USDCAD,2023-11-17 13:30:00+00:00,3,selected,,bls_employment_2023-12-08
USDCAD,2023-11-10 13:30:00+00:00,4,selected,,bls_employment_2023-12-08
USDCAD,2023-11-03 13:30:00+00:00,5,rejected,BLS CPI/employment date,bls_employment_2023-12-08
USDCAD,2023-10-27 13:30:00+00:00,6,valid_not_selected,,bls_employment_2023-12-08
USDCAD,2023-10-20 13:30:00+00:00,7,valid_not_selected,,bls_employment_2023-12-08
USDCAD,2023-10-13 13:30:00+00:00,8,valid_not_selected,,bls_employment_2023-12-08
USDCAD,2023-10-06 13:30:00+00:00,9,rejected,BLS CPI/employment date,bls_employment_2023-12-08
USDCAD,2023-09-29 13:30:00+00:00,10,valid_not_selected,,bls_employment_2023-12-08
USDCAD,2023-09-22 13:30:00+00:00,11,valid_not_selected,,bls_employment_2023-12-08
USDCAD,2023-09-15 13:30:00+00:00,12,valid_not_selected,,bls_employment_2023-12-08
EURJPY,2023-12-01 13:30:00+00:00,1,selected,,bls_employment_2023-12-08
EURJPY,2023-11-24 13:30:00+00:00,2,selected,,bls_employment_2023-12-08
EURJPY,2023-11-17 13:30:00+00:00,3,selected,,bls_employment_2023-12-08
EURJPY,2023-11-10 13:30:00+00:00,4,selected,,bls_employment_2023-12-08
EURJPY,2023-11-03 13:30:00+00:00,5,rejected,BLS CPI/employment date,bls_employment_2023-12-08
EURJPY,2023-10-27 13:30:00+00:00,6,valid_not_selected,,bls_employment_2023-12-08
EURJPY,2023-10-20 13:30:00+00:00,7,valid_not_selected,,bls_employment_2023-12-08
EURJPY,2023-10-13 13:30:00+00:00,8,valid_not_selected,,bls_employment_2023-12-08
EURJPY,2023-10-06 13:30:00+00:00,9,rejected,BLS CPI/employment date,bls_employment_2023-12-08
EURJPY,2023-09-29 13:30:00+00:00,10,valid_not_selected,,bls_employment_2023-12-08
EURJPY,2023-09-22 13:30:00+00:00,11,valid_not_selected,,bls_employment_2023-12-08
EURJPY,2023-09-15 13:30:00+00:00,12,valid_not_selected,,bls_employment_2023-12-08
XAUUSD,2023-12-01 13:30:00+00:00,1,selected,,bls_employment_2023-12-08
XAUUSD,2023-11-24 13:30:00+00:00,2,selected,,bls_employment_2023-12-08
XAUUSD,2023-11-17 13:30:00+00:00,3,selected,,bls_employment_2023-12-08
XAUUSD,2023-11-10 13:30:00+00:00,4,selected,,bls_employment_2023-12-08
XAUUSD,2023-11-03 13:30:00+00:00,5,rejected,BLS CPI/employment date,bls_employment_2023-12-08
XAUUSD,2023-10-27 13:30:00+00:00,6,valid_not_selected,,bls_employment_2023-12-08
XAUUSD,2023-10-20 13:30:00+00:00,7,valid_not_selected,,bls_employment_2023-12-08
XAUUSD,2023-10-13 13:30:00+00:00,8,valid_not_selected,,bls_employment_2023-12-08
XAUUSD,2023-10-06 13:30:00+00:00,9,rejected,BLS CPI/employment date,bls_employment_2023-12-08
XAUUSD,2023-09-29 13:30:00+00:00,10,valid_not_selected,,bls_employment_2023-12-08
XAUUSD,2023-09-22 13:30:00+00:00,11,valid_not_selected,,bls_employment_2023-12-08
XAUUSD,2023-09-15 13:30:00+00:00,12,valid_not_selected,,bls_employment_2023-12-08
XAGUSD,2023-12-01 13:30:00+00:00,1,selected,,bls_employment_2023-12-08
XAGUSD,2023-11-24 13:30:00+00:00,2,selected,,bls_employment_2023-12-08
XAGUSD,2023-11-17 13:30:00+00:00,3,selected,,bls_employment_2023-12-08
XAGUSD,2023-11-10 13:30:00+00:00,4,selected,,bls_employment_2023-12-08
XAGUSD,2023-11-03 13:30:00+00:00,5,rejected,BLS CPI/employment date,bls_employment_2023-12-08
XAGUSD,2023-10-27 13:30:00+00:00,6,valid_not_selected,,bls_employment_2023-12-08
XAGUSD,2023-10-20 13:30:00+00:00,7,valid_not_selected,,bls_employment_2023-12-08
XAGUSD,2023-10-13 13:30:00+00:00,8,valid_not_selected,,bls_employment_2023-12-08
XAGUSD,2023-10-06 13:30:00+00:00,9,rejected,BLS CPI/employment date,bls_employment_2023-12-08
XAGUSD,2023-09-29 13:30:00+00:00,10,valid_not_selected,,bls_employment_2023-12-08
XAGUSD,2023-09-22 13:30:00+00:00,11,valid_not_selected,,bls_employment_2023-12-08
XAGUSD,2023-09-15 13:30:00+00:00,12,valid_not_selected,,bls_employment_2023-12-08
SPXUSD,2023-12-01 13:30:00+00:00,1,selected,,bls_employment_2023-12-08
SPXUSD,2023-11-24 13:30:00+00:00,2,selected,,bls_employment_2023-12-08
SPXUSD,2023-11-17 13:30:00+00:00,3,selected,,bls_employment_2023-12-08
SPXUSD,2023-11-10 13:30:00+00:00,4,selected,,bls_employment_2023-12-08
SPXUSD,2023-11-03 13:30:00+00:00,5,rejected,BLS CPI/employment date,bls_employment_2023-12-08
SPXUSD,2023-10-27 13:30:00+00:00,6,valid_not_selected,,bls_employment_2023-12-08
SPXUSD,2023-10-20 13:30:00+00:00,7,valid_not_selected,,bls_employment_2023-12-08
SPXUSD,2023-10-13 13:30:00+00:00,8,valid_not_selected,,bls_employment_2023-12-08
SPXUSD,2023-10-06 13:30:00+00:00,9,rejected,BLS CPI/employment date,bls_employment_2023-12-08
SPXUSD,2023-09-29 13:30:00+00:00,10,valid_not_selected,,bls_employment_2023-12-08
SPXUSD,2023-09-22 13:30:00+00:00,11,valid_not_selected,,bls_employment_2023-12-08
SPXUSD,2023-09-15 13:30:00+00:00,12,valid_not_selected,,bls_employment_2023-12-08
NSXUSD,2023-12-01 13:30:00+00:00,1,selected,,bls_employment_2023-12-08
NSXUSD,2023-11-24 13:30:00+00:00,2,selected,,bls_employment_2023-12-08
NSXUSD,2023-11-17 13:30:00+00:00,3,selected,,bls_employment_2023-12-08
NSXUSD,2023-11-10 13:30:00+00:00,4,selected,,bls_employment_2023-12-08
NSXUSD,2023-11-03 13:30:00+00:00,5,rejected,BLS CPI/employment date,bls_employment_2023-12-08
NSXUSD,2023-10-27 13:30:00+00:00,6,valid_not_selected,,bls_employment_2023-12-08
NSXUSD,2023-10-20 13:30:00+00:00,7,valid_not_selected,,bls_employment_2023-12-08
NSXUSD,2023-10-13 13:30:00+00:00,8,valid_not_selected,,bls_employment_2023-12-08
NSXUSD,2023-10-06 13:30:00+00:00,9,rejected,BLS CPI/employment date,bls_employment_2023-12-08
NSXUSD,2023-09-29 13:30:00+00:00,10,valid_not_selected,,bls_employment_2023-12-08
NSXUSD,2023-09-22 13:30:00+00:00,11,valid_not_selected,,bls_employment_2023-12-08
NSXUSD,2023-09-15 13:30:00+00:00,12,valid_not_selected,,bls_employment_2023-12-08
GRXEUR,2023-12-01 13:30:00+00:00,1,selected,,bls_employment_2023-12-08
GRXEUR,2023-11-24 13:30:00+00:00,2,selected,,bls_employment_2023-12-08
GRXEUR,2023-11-17 13:30:00+00:00,3,selected,,bls_employment_2023-12-08
GRXEUR,2023-11-10 13:30:00+00:00,4,selected,,bls_employment_2023-12-08
GRXEUR,2023-11-03 13:30:00+00:00,5,rejected,BLS CPI/employment date,bls_employment_2023-12-08
GRXEUR,2023-10-27 13:30:00+00:00,6,valid_not_selected,,bls_employment_2023-12-08
GRXEUR,2023-10-20 13:30:00+00:00,7,valid_not_selected,,bls_employment_2023-12-08
GRXEUR,2023-10-13 13:30:00+00:00,8,valid_not_selected,,bls_employment_2023-12-08
GRXEUR,2023-10-06 13:30:00+00:00,9,rejected,BLS CPI/employment date,bls_employment_2023-12-08
GRXEUR,2023-09-29 13:30:00+00:00,10,valid_not_selected,,bls_employment_2023-12-08
GRXEUR,2023-09-22 13:30:00+00:00,11,valid_not_selected,,bls_employment_2023-12-08
GRXEUR,2023-09-15 13:30:00+00:00,12,valid_not_selected,,bls_employment_2023-12-08
UKXGBP,2023-12-01 13:30:00+00:00,1,selected,,bls_employment_2023-12-08
UKXGBP,2023-11-24 13:30:00+00:00,2,selected,,bls_employment_2023-12-08
UKXGBP,2023-11-17 13:30:00+00:00,3,selected,,bls_employment_2023-12-08
UKXGBP,2023-11-10 13:30:00+00:00,4,selected,,bls_employment_2023-12-08
UKXGBP,2023-11-03 13:30:00+00:00,5,rejected,BLS CPI/employment date,bls_employment_2023-12-08
UKXGBP,2023-10-27 13:30:00+00:00,6,valid_not_selected,,bls_employment_2023-12-08
UKXGBP,2023-10-20 13:30:00+00:00,7,valid_not_selected,,bls_employment_2023-12-08
UKXGBP,2023-10-13 13:30:00+00:00,8,valid_not_selected,,bls_employment_2023-12-08
UKXGBP,2023-10-06 13:30:00+00:00,9,rejected,BLS CPI/employment date,bls_employment_2023-12-08
UKXGBP,2023-09-29 13:30:00+00:00,10,valid_not_selected,,bls_employment_2023-12-08
UKXGBP,2023-09-22 13:30:00+00:00,11,valid_not_selected,,bls_employment_2023-12-08
UKXGBP,2023-09-15 13:30:00+00:00,12,rejected,quote absent/nonpositive,bls_employment_2023-12-08
BCOUSD,2023-12-01 13:30:00+00:00,1,selected,,bls_employment_2023-12-08
BCOUSD,2023-11-24 13:30:00+00:00,2,selected,,bls_employment_2023-12-08
BCOUSD,2023-11-17 13:30:00+00:00,3,selected,,bls_employment_2023-12-08
BCOUSD,2023-11-10 13:30:00+00:00,4,selected,,bls_employment_2023-12-08
BCOUSD,2023-11-03 13:30:00+00:00,5,rejected,BLS CPI/employment date,bls_employment_2023-12-08
BCOUSD,2023-10-27 13:30:00+00:00,6,valid_not_selected,,bls_employment_2023-12-08
BCOUSD,2023-10-20 13:30:00+00:00,7,valid_not_selected,,bls_employment_2023-12-08
BCOUSD,2023-10-13 13:30:00+00:00,8,valid_not_selected,,bls_employment_2023-12-08
BCOUSD,2023-10-06 13:30:00+00:00,9,rejected,BLS CPI/employment date,bls_employment_2023-12-08
BCOUSD,2023-09-29 13:30:00+00:00,10,valid_not_selected,,bls_employment_2023-12-08
BCOUSD,2023-09-22 13:30:00+00:00,11,valid_not_selected,,bls_employment_2023-12-08
BCOUSD,2023-09-15 13:30:00+00:00,12,valid_not_selected,,bls_employment_2023-12-08
EURUSD,2023-12-05 13:30:00+00:00,1,selected,,bls_cpi_2023-12-12
EURUSD,2023-11-28 13:30:00+00:00,2,selected,,bls_cpi_2023-12-12
EURUSD,2023-11-21 13:30:00+00:00,3,selected,,bls_cpi_2023-12-12
EURUSD,2023-11-14 13:30:00+00:00,4,rejected,BLS CPI/employment date,bls_cpi_2023-12-12
EURUSD,2023-11-07 13:30:00+00:00,5,selected,,bls_cpi_2023-12-12
EURUSD,2023-10-31 13:30:00+00:00,6,valid_not_selected,,bls_cpi_2023-12-12
EURUSD,2023-10-24 13:30:00+00:00,7,valid_not_selected,,bls_cpi_2023-12-12
EURUSD,2023-10-17 13:30:00+00:00,8,valid_not_selected,,bls_cpi_2023-12-12
EURUSD,2023-10-10 13:30:00+00:00,9,valid_not_selected,,bls_cpi_2023-12-12
EURUSD,2023-10-03 13:30:00+00:00,10,valid_not_selected,,bls_cpi_2023-12-12
EURUSD,2023-09-26 13:30:00+00:00,11,valid_not_selected,,bls_cpi_2023-12-12
EURUSD,2023-09-19 13:30:00+00:00,12,valid_not_selected,,bls_cpi_2023-12-12
GBPUSD,2023-12-05 13:30:00+00:00,1,selected,,bls_cpi_2023-12-12
GBPUSD,2023-11-28 13:30:00+00:00,2,selected,,bls_cpi_2023-12-12
GBPUSD,2023-11-21 13:30:00+00:00,3,selected,,bls_cpi_2023-12-12
GBPUSD,2023-11-14 13:30:00+00:00,4,rejected,BLS CPI/employment date,bls_cpi_2023-12-12
GBPUSD,2023-11-07 13:30:00+00:00,5,selected,,bls_cpi_2023-12-12
GBPUSD,2023-10-31 13:30:00+00:00,6,valid_not_selected,,bls_cpi_2023-12-12
GBPUSD,2023-10-24 13:30:00+00:00,7,valid_not_selected,,bls_cpi_2023-12-12
GBPUSD,2023-10-17 13:30:00+00:00,8,valid_not_selected,,bls_cpi_2023-12-12
GBPUSD,2023-10-10 13:30:00+00:00,9,valid_not_selected,,bls_cpi_2023-12-12
GBPUSD,2023-10-03 13:30:00+00:00,10,valid_not_selected,,bls_cpi_2023-12-12
GBPUSD,2023-09-26 13:30:00+00:00,11,valid_not_selected,,bls_cpi_2023-12-12
GBPUSD,2023-09-19 13:30:00+00:00,12,valid_not_selected,,bls_cpi_2023-12-12
AUDUSD,2023-12-05 13:30:00+00:00,1,selected,,bls_cpi_2023-12-12
AUDUSD,2023-11-28 13:30:00+00:00,2,selected,,bls_cpi_2023-12-12
AUDUSD,2023-11-21 13:30:00+00:00,3,selected,,bls_cpi_2023-12-12
AUDUSD,2023-11-14 13:30:00+00:00,4,rejected,BLS CPI/employment date,bls_cpi_2023-12-12
AUDUSD,2023-11-07 13:30:00+00:00,5,selected,,bls_cpi_2023-12-12
AUDUSD,2023-10-31 13:30:00+00:00,6,valid_not_selected,,bls_cpi_2023-12-12
AUDUSD,2023-10-24 13:30:00+00:00,7,valid_not_selected,,bls_cpi_2023-12-12
AUDUSD,2023-10-17 13:30:00+00:00,8,valid_not_selected,,bls_cpi_2023-12-12
AUDUSD,2023-10-10 13:30:00+00:00,9,valid_not_selected,,bls_cpi_2023-12-12
AUDUSD,2023-10-03 13:30:00+00:00,10,valid_not_selected,,bls_cpi_2023-12-12
AUDUSD,2023-09-26 13:30:00+00:00,11,valid_not_selected,,bls_cpi_2023-12-12
AUDUSD,2023-09-19 13:30:00+00:00,12,valid_not_selected,,bls_cpi_2023-12-12
NZDUSD,2023-12-05 13:30:00+00:00,1,selected,,bls_cpi_2023-12-12
NZDUSD,2023-11-28 13:30:00+00:00,2,selected,,bls_cpi_2023-12-12
NZDUSD,2023-11-21 13:30:00+00:00,3,selected,,bls_cpi_2023-12-12
NZDUSD,2023-11-14 13:30:00+00:00,4,rejected,BLS CPI/employment date,bls_cpi_2023-12-12
NZDUSD,2023-11-07 13:30:00+00:00,5,selected,,bls_cpi_2023-12-12
NZDUSD,2023-10-31 13:30:00+00:00,6,valid_not_selected,,bls_cpi_2023-12-12
NZDUSD,2023-10-24 13:30:00+00:00,7,valid_not_selected,,bls_cpi_2023-12-12
NZDUSD,2023-10-17 13:30:00+00:00,8,valid_not_selected,,bls_cpi_2023-12-12
NZDUSD,2023-10-10 13:30:00+00:00,9,valid_not_selected,,bls_cpi_2023-12-12
NZDUSD,2023-10-03 13:30:00+00:00,10,valid_not_selected,,bls_cpi_2023-12-12
NZDUSD,2023-09-26 13:30:00+00:00,11,valid_not_selected,,bls_cpi_2023-12-12
NZDUSD,2023-09-19 13:30:00+00:00,12,valid_not_selected,,bls_cpi_2023-12-12
USDJPY,2023-12-05 13:30:00+00:00,1,selected,,bls_cpi_2023-12-12
USDJPY,2023-11-28 13:30:00+00:00,2,selected,,bls_cpi_2023-12-12
USDJPY,2023-11-21 13:30:00+00:00,3,selected,,bls_cpi_2023-12-12
USDJPY,2023-11-14 13:30:00+00:00,4,rejected,BLS CPI/employment date,bls_cpi_2023-12-12
USDJPY,2023-11-07 13:30:00+00:00,5,selected,,bls_cpi_2023-12-12
USDJPY,2023-10-31 13:30:00+00:00,6,valid_not_selected,,bls_cpi_2023-12-12
USDJPY,2023-10-24 13:30:00+00:00,7,valid_not_selected,,bls_cpi_2023-12-12
USDJPY,2023-10-17 13:30:00+00:00,8,valid_not_selected,,bls_cpi_2023-12-12
USDJPY,2023-10-10 13:30:00+00:00,9,valid_not_selected,,bls_cpi_2023-12-12
USDJPY,2023-10-03 13:30:00+00:00,10,valid_not_selected,,bls_cpi_2023-12-12
USDJPY,2023-09-26 13:30:00+00:00,11,valid_not_selected,,bls_cpi_2023-12-12
USDJPY,2023-09-19 13:30:00+00:00,12,valid_not_selected,,bls_cpi_2023-12-12
USDCHF,2023-12-05 13:30:00+00:00,1,selected,,bls_cpi_2023-12-12
USDCHF,2023-11-28 13:30:00+00:00,2,selected,,bls_cpi_2023-12-12
USDCHF,2023-11-21 13:30:00+00:00,3,selected,,bls_cpi_2023-12-12
USDCHF,2023-11-14 13:30:00+00:00,4,rejected,BLS CPI/employment date,bls_cpi_2023-12-12
USDCHF,2023-11-07 13:30:00+00:00,5,selected,,bls_cpi_2023-12-12
USDCHF,2023-10-31 13:30:00+00:00,6,valid_not_selected,,bls_cpi_2023-12-12
USDCHF,2023-10-24 13:30:00+00:00,7,valid_not_selected,,bls_cpi_2023-12-12
USDCHF,2023-10-17 13:30:00+00:00,8,valid_not_selected,,bls_cpi_2023-12-12
USDCHF,2023-10-10 13:30:00+00:00,9,valid_not_selected,,bls_cpi_2023-12-12
USDCHF,2023-10-03 13:30:00+00:00,10,valid_not_selected,,bls_cpi_2023-12-12
USDCHF,2023-09-26 13:30:00+00:00,11,valid_not_selected,,bls_cpi_2023-12-12
USDCHF,2023-09-19 13:30:00+00:00,12,valid_not_selected,,bls_cpi_2023-12-12
USDCAD,2023-12-05 13:30:00+00:00,1,selected,,bls_cpi_2023-12-12
USDCAD,2023-11-28 13:30:00+00:00,2,selected,,bls_cpi_2023-12-12
USDCAD,2023-11-21 13:30:00+00:00,3,selected,,bls_cpi_2023-12-12
USDCAD,2023-11-14 13:30:00+00:00,4,rejected,BLS CPI/employment date,bls_cpi_2023-12-12
USDCAD,2023-11-07 13:30:00+00:00,5,selected,,bls_cpi_2023-12-12
USDCAD,2023-10-31 13:30:00+00:00,6,valid_not_selected,,bls_cpi_2023-12-12
USDCAD,2023-10-24 13:30:00+00:00,7,valid_not_selected,,bls_cpi_2023-12-12
USDCAD,2023-10-17 13:30:00+00:00,8,valid_not_selected,,bls_cpi_2023-12-12
USDCAD,2023-10-10 13:30:00+00:00,9,valid_not_selected,,bls_cpi_2023-12-12
USDCAD,2023-10-03 13:30:00+00:00,10,valid_not_selected,,bls_cpi_2023-12-12
USDCAD,2023-09-26 13:30:00+00:00,11,valid_not_selected,,bls_cpi_2023-12-12
USDCAD,2023-09-19 13:30:00+00:00,12,valid_not_selected,,bls_cpi_2023-12-12
EURJPY,2023-12-05 13:30:00+00:00,1,selected,,bls_cpi_2023-12-12
EURJPY,2023-11-28 13:30:00+00:00,2,selected,,bls_cpi_2023-12-12
EURJPY,2023-11-21 13:30:00+00:00,3,selected,,bls_cpi_2023-12-12
EURJPY,2023-11-14 13:30:00+00:00,4,rejected,BLS CPI/employment date,bls_cpi_2023-12-12
EURJPY,2023-11-07 13:30:00+00:00,5,selected,,bls_cpi_2023-12-12
EURJPY,2023-10-31 13:30:00+00:00,6,valid_not_selected,,bls_cpi_2023-12-12
EURJPY,2023-10-24 13:30:00+00:00,7,valid_not_selected,,bls_cpi_2023-12-12
EURJPY,2023-10-17 13:30:00+00:00,8,valid_not_selected,,bls_cpi_2023-12-12
EURJPY,2023-10-10 13:30:00+00:00,9,valid_not_selected,,bls_cpi_2023-12-12
EURJPY,2023-10-03 13:30:00+00:00,10,valid_not_selected,,bls_cpi_2023-12-12
EURJPY,2023-09-26 13:30:00+00:00,11,valid_not_selected,,bls_cpi_2023-12-12
EURJPY,2023-09-19 13:30:00+00:00,12,valid_not_selected,,bls_cpi_2023-12-12
XAUUSD,2023-12-05 13:30:00+00:00,1,selected,,bls_cpi_2023-12-12
XAUUSD,2023-11-28 13:30:00+00:00,2,selected,,bls_cpi_2023-12-12
XAUUSD,2023-11-21 13:30:00+00:00,3,selected,,bls_cpi_2023-12-12
XAUUSD,2023-11-14 13:30:00+00:00,4,rejected,BLS CPI/employment date,bls_cpi_2023-12-12
XAUUSD,2023-11-07 13:30:00+00:00,5,selected,,bls_cpi_2023-12-12
XAUUSD,2023-10-31 13:30:00+00:00,6,valid_not_selected,,bls_cpi_2023-12-12
XAUUSD,2023-10-24 13:30:00+00:00,7,valid_not_selected,,bls_cpi_2023-12-12
XAUUSD,2023-10-17 13:30:00+00:00,8,valid_not_selected,,bls_cpi_2023-12-12
XAUUSD,2023-10-10 13:30:00+00:00,9,valid_not_selected,,bls_cpi_2023-12-12
XAUUSD,2023-10-03 13:30:00+00:00,10,valid_not_selected,,bls_cpi_2023-12-12
XAUUSD,2023-09-26 13:30:00+00:00,11,valid_not_selected,,bls_cpi_2023-12-12
XAUUSD,2023-09-19 13:30:00+00:00,12,valid_not_selected,,bls_cpi_2023-12-12
XAGUSD,2023-12-05 13:30:00+00:00,1,selected,,bls_cpi_2023-12-12
XAGUSD,2023-11-28 13:30:00+00:00,2,selected,,bls_cpi_2023-12-12
XAGUSD,2023-11-21 13:30:00+00:00,3,selected,,bls_cpi_2023-12-12
XAGUSD,2023-11-14 13:30:00+00:00,4,rejected,BLS CPI/employment date,bls_cpi_2023-12-12
XAGUSD,2023-11-07 13:30:00+00:00,5,selected,,bls_cpi_2023-12-12
XAGUSD,2023-10-31 13:30:00+00:00,6,valid_not_selected,,bls_cpi_2023-12-12
XAGUSD,2023-10-24 13:30:00+00:00,7,valid_not_selected,,bls_cpi_2023-12-12
XAGUSD,2023-10-17 13:30:00+00:00,8,valid_not_selected,,bls_cpi_2023-12-12
XAGUSD,2023-10-10 13:30:00+00:00,9,valid_not_selected,,bls_cpi_2023-12-12
XAGUSD,2023-10-03 13:30:00+00:00,10,valid_not_selected,,bls_cpi_2023-12-12
XAGUSD,2023-09-26 13:30:00+00:00,11,valid_not_selected,,bls_cpi_2023-12-12
XAGUSD,2023-09-19 13:30:00+00:00,12,valid_not_selected,,bls_cpi_2023-12-12
SPXUSD,2023-12-05 13:30:00+00:00,1,selected,,bls_cpi_2023-12-12
SPXUSD,2023-11-28 13:30:00+00:00,2,selected,,bls_cpi_2023-12-12
SPXUSD,2023-11-21 13:30:00+00:00,3,selected,,bls_cpi_2023-12-12
SPXUSD,2023-11-14 13:30:00+00:00,4,rejected,BLS CPI/employment date,bls_cpi_2023-12-12
SPXUSD,2023-11-07 13:30:00+00:00,5,selected,,bls_cpi_2023-12-12
SPXUSD,2023-10-31 13:30:00+00:00,6,valid_not_selected,,bls_cpi_2023-12-12
SPXUSD,2023-10-24 13:30:00+00:00,7,valid_not_selected,,bls_cpi_2023-12-12
SPXUSD,2023-10-17 13:30:00+00:00,8,valid_not_selected,,bls_cpi_2023-12-12
SPXUSD,2023-10-10 13:30:00+00:00,9,valid_not_selected,,bls_cpi_2023-12-12
SPXUSD,2023-10-03 13:30:00+00:00,10,valid_not_selected,,bls_cpi_2023-12-12
SPXUSD,2023-09-26 13:30:00+00:00,11,valid_not_selected,,bls_cpi_2023-12-12
SPXUSD,2023-09-19 13:30:00+00:00,12,valid_not_selected,,bls_cpi_2023-12-12
NSXUSD,2023-12-05 13:30:00+00:00,1,selected,,bls_cpi_2023-12-12
NSXUSD,2023-11-28 13:30:00+00:00,2,selected,,bls_cpi_2023-12-12
NSXUSD,2023-11-21 13:30:00+00:00,3,selected,,bls_cpi_2023-12-12
NSXUSD,2023-11-14 13:30:00+00:00,4,rejected,BLS CPI/employment date,bls_cpi_2023-12-12
NSXUSD,2023-11-07 13:30:00+00:00,5,selected,,bls_cpi_2023-12-12
NSXUSD,2023-10-31 13:30:00+00:00,6,valid_not_selected,,bls_cpi_2023-12-12
NSXUSD,2023-10-24 13:30:00+00:00,7,valid_not_selected,,bls_cpi_2023-12-12
NSXUSD,2023-10-17 13:30:00+00:00,8,valid_not_selected,,bls_cpi_2023-12-12
NSXUSD,2023-10-10 13:30:00+00:00,9,valid_not_selected,,bls_cpi_2023-12-12
NSXUSD,2023-10-03 13:30:00+00:00,10,valid_not_selected,,bls_cpi_2023-12-12
NSXUSD,2023-09-26 13:30:00+00:00,11,valid_not_selected,,bls_cpi_2023-12-12
NSXUSD,2023-09-19 13:30:00+00:00,12,valid_not_selected,,bls_cpi_2023-12-12
GRXEUR,2023-12-05 13:30:00+00:00,1,selected,,bls_cpi_2023-12-12
GRXEUR,2023-11-28 13:30:00+00:00,2,selected,,bls_cpi_2023-12-12
GRXEUR,2023-11-21 13:30:00+00:00,3,selected,,bls_cpi_2023-12-12
GRXEUR,2023-11-14 13:30:00+00:00,4,rejected,BLS CPI/employment date,bls_cpi_2023-12-12
GRXEUR,2023-11-07 13:30:00+00:00,5,selected,,bls_cpi_2023-12-12
GRXEUR,2023-10-31 13:30:00+00:00,6,valid_not_selected,,bls_cpi_2023-12-12
GRXEUR,2023-10-24 13:30:00+00:00,7,valid_not_selected,,bls_cpi_2023-12-12
GRXEUR,2023-10-17 13:30:00+00:00,8,valid_not_selected,,bls_cpi_2023-12-12
GRXEUR,2023-10-10 13:30:00+00:00,9,valid_not_selected,,bls_cpi_2023-12-12
GRXEUR,2023-10-03 13:30:00+00:00,10,valid_not_selected,,bls_cpi_2023-12-12
GRXEUR,2023-09-26 13:30:00+00:00,11,valid_not_selected,,bls_cpi_2023-12-12
GRXEUR,2023-09-19 13:30:00+00:00,12,valid_not_selected,,bls_cpi_2023-12-12
UKXGBP,2023-12-05 13:30:00+00:00,1,selected,,bls_cpi_2023-12-12
UKXGBP,2023-11-28 13:30:00+00:00,2,selected,,bls_cpi_2023-12-12
UKXGBP,2023-11-21 13:30:00+00:00,3,selected,,bls_cpi_2023-12-12
UKXGBP,2023-11-14 13:30:00+00:00,4,rejected,BLS CPI/employment date,bls_cpi_2023-12-12
UKXGBP,2023-11-07 13:30:00+00:00,5,selected,,bls_cpi_2023-12-12
UKXGBP,2023-10-31 13:30:00+00:00,6,valid_not_selected,,bls_cpi_2023-12-12
UKXGBP,2023-10-24 13:30:00+00:00,7,valid_not_selected,,bls_cpi_2023-12-12
UKXGBP,2023-10-17 13:30:00+00:00,8,valid_not_selected,,bls_cpi_2023-12-12
UKXGBP,2023-10-10 13:30:00+00:00,9,valid_not_selected,,bls_cpi_2023-12-12
UKXGBP,2023-10-03 13:30:00+00:00,10,valid_not_selected,,bls_cpi_2023-12-12
UKXGBP,2023-09-26 13:30:00+00:00,11,valid_not_selected,,bls_cpi_2023-12-12
UKXGBP,2023-09-19 13:30:00+00:00,12,valid_not_selected,,bls_cpi_2023-12-12
BCOUSD,2023-12-05 13:30:00+00:00,1,selected,,bls_cpi_2023-12-12
BCOUSD,2023-11-28 13:30:00+00:00,2,selected,,bls_cpi_2023-12-12
BCOUSD,2023-11-21 13:30:00+00:00,3,selected,,bls_cpi_2023-12-12
BCOUSD,2023-11-14 13:30:00+00:00,4,rejected,BLS CPI/employment date,bls_cpi_2023-12-12
BCOUSD,2023-11-07 13:30:00+00:00,5,selected,,bls_cpi_2023-12-12
BCOUSD,2023-10-31 13:30:00+00:00,6,valid_not_selected,,bls_cpi_2023-12-12
BCOUSD,2023-10-24 13:30:00+00:00,7,valid_not_selected,,bls_cpi_2023-12-12
BCOUSD,2023-10-17 13:30:00+00:00,8,valid_not_selected,,bls_cpi_2023-12-12
BCOUSD,2023-10-10 13:30:00+00:00,9,valid_not_selected,,bls_cpi_2023-12-12
BCOUSD,2023-10-03 13:30:00+00:00,10,valid_not_selected,,bls_cpi_2023-12-12
BCOUSD,2023-09-26 13:30:00+00:00,11,valid_not_selected,,bls_cpi_2023-12-12
BCOUSD,2023-09-19 13:30:00+00:00,12,valid_not_selected,,bls_cpi_2023-12-12
EURUSD,2023-12-29 13:30:00+00:00,1,selected,,bls_employment_2024-01-05
EURUSD,2023-12-22 13:30:00+00:00,2,selected,,bls_employment_2024-01-05
EURUSD,2023-12-15 13:30:00+00:00,3,selected,,bls_employment_2024-01-05
EURUSD,2023-12-08 13:30:00+00:00,4,rejected,BLS CPI/employment date,bls_employment_2024-01-05
EURUSD,2023-12-01 13:30:00+00:00,5,selected,,bls_employment_2024-01-05
EURUSD,2023-11-24 13:30:00+00:00,6,valid_not_selected,,bls_employment_2024-01-05
EURUSD,2023-11-17 13:30:00+00:00,7,valid_not_selected,,bls_employment_2024-01-05
EURUSD,2023-11-10 13:30:00+00:00,8,valid_not_selected,,bls_employment_2024-01-05
EURUSD,2023-11-03 13:30:00+00:00,9,rejected,BLS CPI/employment date,bls_employment_2024-01-05
EURUSD,2023-10-27 13:30:00+00:00,10,valid_not_selected,,bls_employment_2024-01-05
EURUSD,2023-10-20 13:30:00+00:00,11,valid_not_selected,,bls_employment_2024-01-05
EURUSD,2023-10-13 13:30:00+00:00,12,valid_not_selected,,bls_employment_2024-01-05
GBPUSD,2023-12-29 13:30:00+00:00,1,selected,,bls_employment_2024-01-05
GBPUSD,2023-12-22 13:30:00+00:00,2,selected,,bls_employment_2024-01-05
GBPUSD,2023-12-15 13:30:00+00:00,3,selected,,bls_employment_2024-01-05
GBPUSD,2023-12-08 13:30:00+00:00,4,rejected,BLS CPI/employment date,bls_employment_2024-01-05
GBPUSD,2023-12-01 13:30:00+00:00,5,selected,,bls_employment_2024-01-05
GBPUSD,2023-11-24 13:30:00+00:00,6,valid_not_selected,,bls_employment_2024-01-05
GBPUSD,2023-11-17 13:30:00+00:00,7,valid_not_selected,,bls_employment_2024-01-05
GBPUSD,2023-11-10 13:30:00+00:00,8,valid_not_selected,,bls_employment_2024-01-05
GBPUSD,2023-11-03 13:30:00+00:00,9,rejected,BLS CPI/employment date,bls_employment_2024-01-05
GBPUSD,2023-10-27 13:30:00+00:00,10,valid_not_selected,,bls_employment_2024-01-05
GBPUSD,2023-10-20 13:30:00+00:00,11,valid_not_selected,,bls_employment_2024-01-05
GBPUSD,2023-10-13 13:30:00+00:00,12,valid_not_selected,,bls_employment_2024-01-05
AUDUSD,2023-12-29 13:30:00+00:00,1,selected,,bls_employment_2024-01-05
AUDUSD,2023-12-22 13:30:00+00:00,2,selected,,bls_employment_2024-01-05
AUDUSD,2023-12-15 13:30:00+00:00,3,selected,,bls_employment_2024-01-05
AUDUSD,2023-12-08 13:30:00+00:00,4,rejected,BLS CPI/employment date,bls_employment_2024-01-05
AUDUSD,2023-12-01 13:30:00+00:00,5,selected,,bls_employment_2024-01-05
AUDUSD,2023-11-24 13:30:00+00:00,6,valid_not_selected,,bls_employment_2024-01-05
AUDUSD,2023-11-17 13:30:00+00:00,7,valid_not_selected,,bls_employment_2024-01-05
AUDUSD,2023-11-10 13:30:00+00:00,8,valid_not_selected,,bls_employment_2024-01-05
AUDUSD,2023-11-03 13:30:00+00:00,9,rejected,BLS CPI/employment date,bls_employment_2024-01-05
AUDUSD,2023-10-27 13:30:00+00:00,10,valid_not_selected,,bls_employment_2024-01-05
AUDUSD,2023-10-20 13:30:00+00:00,11,valid_not_selected,,bls_employment_2024-01-05
AUDUSD,2023-10-13 13:30:00+00:00,12,valid_not_selected,,bls_employment_2024-01-05
NZDUSD,2023-12-29 13:30:00+00:00,1,selected,,bls_employment_2024-01-05
NZDUSD,2023-12-22 13:30:00+00:00,2,selected,,bls_employment_2024-01-05
NZDUSD,2023-12-15 13:30:00+00:00,3,selected,,bls_employment_2024-01-05
NZDUSD,2023-12-08 13:30:00+00:00,4,rejected,BLS CPI/employment date,bls_employment_2024-01-05
NZDUSD,2023-12-01 13:30:00+00:00,5,selected,,bls_employment_2024-01-05
NZDUSD,2023-11-24 13:30:00+00:00,6,valid_not_selected,,bls_employment_2024-01-05
NZDUSD,2023-11-17 13:30:00+00:00,7,valid_not_selected,,bls_employment_2024-01-05
NZDUSD,2023-11-10 13:30:00+00:00,8,valid_not_selected,,bls_employment_2024-01-05
NZDUSD,2023-11-03 13:30:00+00:00,9,rejected,BLS CPI/employment date,bls_employment_2024-01-05
NZDUSD,2023-10-27 13:30:00+00:00,10,valid_not_selected,,bls_employment_2024-01-05
NZDUSD,2023-10-20 13:30:00+00:00,11,valid_not_selected,,bls_employment_2024-01-05
NZDUSD,2023-10-13 13:30:00+00:00,12,valid_not_selected,,bls_employment_2024-01-05
USDJPY,2023-12-29 13:30:00+00:00,1,selected,,bls_employment_2024-01-05
USDJPY,2023-12-22 13:30:00+00:00,2,selected,,bls_employment_2024-01-05
USDJPY,2023-12-15 13:30:00+00:00,3,selected,,bls_employment_2024-01-05
USDJPY,2023-12-08 13:30:00+00:00,4,rejected,BLS CPI/employment date,bls_employment_2024-01-05
USDJPY,2023-12-01 13:30:00+00:00,5,selected,,bls_employment_2024-01-05
USDJPY,2023-11-24 13:30:00+00:00,6,valid_not_selected,,bls_employment_2024-01-05
USDJPY,2023-11-17 13:30:00+00:00,7,valid_not_selected,,bls_employment_2024-01-05
USDJPY,2023-11-10 13:30:00+00:00,8,valid_not_selected,,bls_employment_2024-01-05
USDJPY,2023-11-03 13:30:00+00:00,9,rejected,BLS CPI/employment date,bls_employment_2024-01-05
USDJPY,2023-10-27 13:30:00+00:00,10,valid_not_selected,,bls_employment_2024-01-05
USDJPY,2023-10-20 13:30:00+00:00,11,valid_not_selected,,bls_employment_2024-01-05
USDJPY,2023-10-13 13:30:00+00:00,12,valid_not_selected,,bls_employment_2024-01-05
USDCHF,2023-12-29 13:30:00+00:00,1,selected,,bls_employment_2024-01-05
USDCHF,2023-12-22 13:30:00+00:00,2,selected,,bls_employment_2024-01-05
USDCHF,2023-12-15 13:30:00+00:00,3,selected,,bls_employment_2024-01-05
USDCHF,2023-12-08 13:30:00+00:00,4,rejected,BLS CPI/employment date,bls_employment_2024-01-05
USDCHF,2023-12-01 13:30:00+00:00,5,selected,,bls_employment_2024-01-05
USDCHF,2023-11-24 13:30:00+00:00,6,valid_not_selected,,bls_employment_2024-01-05
USDCHF,2023-11-17 13:30:00+00:00,7,valid_not_selected,,bls_employment_2024-01-05
USDCHF,2023-11-10 13:30:00+00:00,8,valid_not_selected,,bls_employment_2024-01-05
USDCHF,2023-11-03 13:30:00+00:00,9,rejected,BLS CPI/employment date,bls_employment_2024-01-05
USDCHF,2023-10-27 13:30:00+00:00,10,valid_not_selected,,bls_employment_2024-01-05
USDCHF,2023-10-20 13:30:00+00:00,11,valid_not_selected,,bls_employment_2024-01-05
USDCHF,2023-10-13 13:30:00+00:00,12,valid_not_selected,,bls_employment_2024-01-05
USDCAD,2023-12-29 13:30:00+00:00,1,selected,,bls_employment_2024-01-05
USDCAD,2023-12-22 13:30:00+00:00,2,selected,,bls_employment_2024-01-05
USDCAD,2023-12-15 13:30:00+00:00,3,selected,,bls_employment_2024-01-05
USDCAD,2023-12-08 13:30:00+00:00,4,rejected,BLS CPI/employment date,bls_employment_2024-01-05
USDCAD,2023-12-01 13:30:00+00:00,5,selected,,bls_employment_2024-01-05
USDCAD,2023-11-24 13:30:00+00:00,6,valid_not_selected,,bls_employment_2024-01-05
USDCAD,2023-11-17 13:30:00+00:00,7,valid_not_selected,,bls_employment_2024-01-05
USDCAD,2023-11-10 13:30:00+00:00,8,valid_not_selected,,bls_employment_2024-01-05
USDCAD,2023-11-03 13:30:00+00:00,9,rejected,BLS CPI/employment date,bls_employment_2024-01-05
USDCAD,2023-10-27 13:30:00+00:00,10,valid_not_selected,,bls_employment_2024-01-05
USDCAD,2023-10-20 13:30:00+00:00,11,valid_not_selected,,bls_employment_2024-01-05
USDCAD,2023-10-13 13:30:00+00:00,12,valid_not_selected,,bls_employment_2024-01-05
EURJPY,2023-12-29 13:30:00+00:00,1,selected,,bls_employment_2024-01-05
EURJPY,2023-12-22 13:30:00+00:00,2,selected,,bls_employment_2024-01-05
EURJPY,2023-12-15 13:30:00+00:00,3,selected,,bls_employment_2024-01-05
EURJPY,2023-12-08 13:30:00+00:00,4,rejected,BLS CPI/employment date,bls_employment_2024-01-05
EURJPY,2023-12-01 13:30:00+00:00,5,selected,,bls_employment_2024-01-05
EURJPY,2023-11-24 13:30:00+00:00,6,valid_not_selected,,bls_employment_2024-01-05
EURJPY,2023-11-17 13:30:00+00:00,7,valid_not_selected,,bls_employment_2024-01-05
EURJPY,2023-11-10 13:30:00+00:00,8,valid_not_selected,,bls_employment_2024-01-05
EURJPY,2023-11-03 13:30:00+00:00,9,rejected,BLS CPI/employment date,bls_employment_2024-01-05
EURJPY,2023-10-27 13:30:00+00:00,10,valid_not_selected,,bls_employment_2024-01-05
EURJPY,2023-10-20 13:30:00+00:00,11,valid_not_selected,,bls_employment_2024-01-05
EURJPY,2023-10-13 13:30:00+00:00,12,valid_not_selected,,bls_employment_2024-01-05
XAUUSD,2023-12-29 13:30:00+00:00,1,selected,,bls_employment_2024-01-05
XAUUSD,2023-12-22 13:30:00+00:00,2,selected,,bls_employment_2024-01-05
XAUUSD,2023-12-15 13:30:00+00:00,3,selected,,bls_employment_2024-01-05
XAUUSD,2023-12-08 13:30:00+00:00,4,rejected,BLS CPI/employment date,bls_employment_2024-01-05
XAUUSD,2023-12-01 13:30:00+00:00,5,selected,,bls_employment_2024-01-05
XAUUSD,2023-11-24 13:30:00+00:00,6,valid_not_selected,,bls_employment_2024-01-05
XAUUSD,2023-11-17 13:30:00+00:00,7,valid_not_selected,,bls_employment_2024-01-05
XAUUSD,2023-11-10 13:30:00+00:00,8,valid_not_selected,,bls_employment_2024-01-05
XAUUSD,2023-11-03 13:30:00+00:00,9,rejected,BLS CPI/employment date,bls_employment_2024-01-05
XAUUSD,2023-10-27 13:30:00+00:00,10,valid_not_selected,,bls_employment_2024-01-05
XAUUSD,2023-10-20 13:30:00+00:00,11,valid_not_selected,,bls_employment_2024-01-05
XAUUSD,2023-10-13 13:30:00+00:00,12,valid_not_selected,,bls_employment_2024-01-05
XAGUSD,2023-12-29 13:30:00+00:00,1,selected,,bls_employment_2024-01-05
XAGUSD,2023-12-22 13:30:00+00:00,2,selected,,bls_employment_2024-01-05
XAGUSD,2023-12-15 13:30:00+00:00,3,selected,,bls_employment_2024-01-05
XAGUSD,2023-12-08 13:30:00+00:00,4,rejected,BLS CPI/employment date,bls_employment_2024-01-05
XAGUSD,2023-12-01 13:30:00+00:00,5,selected,,bls_employment_2024-01-05
XAGUSD,2023-11-24 13:30:00+00:00,6,valid_not_selected,,bls_employment_2024-01-05
XAGUSD,2023-11-17 13:30:00+00:00,7,valid_not_selected,,bls_employment_2024-01-05
XAGUSD,2023-11-10 13:30:00+00:00,8,valid_not_selected,,bls_employment_2024-01-05
XAGUSD,2023-11-03 13:30:00+00:00,9,rejected,BLS CPI/employment date,bls_employment_2024-01-05
XAGUSD,2023-10-27 13:30:00+00:00,10,valid_not_selected,,bls_employment_2024-01-05
XAGUSD,2023-10-20 13:30:00+00:00,11,valid_not_selected,,bls_employment_2024-01-05
XAGUSD,2023-10-13 13:30:00+00:00,12,valid_not_selected,,bls_employment_2024-01-05
SPXUSD,2023-12-29 13:30:00+00:00,1,selected,,bls_employment_2024-01-05
SPXUSD,2023-12-22 13:30:00+00:00,2,selected,,bls_employment_2024-01-05
SPXUSD,2023-12-15 13:30:00+00:00,3,selected,,bls_employment_2024-01-05
SPXUSD,2023-12-08 13:30:00+00:00,4,rejected,BLS CPI/employment date,bls_employment_2024-01-05
SPXUSD,2023-12-01 13:30:00+00:00,5,selected,,bls_employment_2024-01-05
SPXUSD,2023-11-24 13:30:00+00:00,6,valid_not_selected,,bls_employment_2024-01-05
SPXUSD,2023-11-17 13:30:00+00:00,7,valid_not_selected,,bls_employment_2024-01-05
SPXUSD,2023-11-10 13:30:00+00:00,8,valid_not_selected,,bls_employment_2024-01-05
SPXUSD,2023-11-03 13:30:00+00:00,9,rejected,BLS CPI/employment date,bls_employment_2024-01-05
SPXUSD,2023-10-27 13:30:00+00:00,10,valid_not_selected,,bls_employment_2024-01-05
SPXUSD,2023-10-20 13:30:00+00:00,11,valid_not_selected,,bls_employment_2024-01-05
SPXUSD,2023-10-13 13:30:00+00:00,12,valid_not_selected,,bls_employment_2024-01-05
NSXUSD,2023-12-29 13:30:00+00:00,1,selected,,bls_employment_2024-01-05
NSXUSD,2023-12-22 13:30:00+00:00,2,selected,,bls_employment_2024-01-05
NSXUSD,2023-12-15 13:30:00+00:00,3,selected,,bls_employment_2024-01-05
NSXUSD,2023-12-08 13:30:00+00:00,4,rejected,BLS CPI/employment date,bls_employment_2024-01-05
NSXUSD,2023-12-01 13:30:00+00:00,5,selected,,bls_employment_2024-01-05
NSXUSD,2023-11-24 13:30:00+00:00,6,valid_not_selected,,bls_employment_2024-01-05
NSXUSD,2023-11-17 13:30:00+00:00,7,valid_not_selected,,bls_employment_2024-01-05
NSXUSD,2023-11-10 13:30:00+00:00,8,valid_not_selected,,bls_employment_2024-01-05
NSXUSD,2023-11-03 13:30:00+00:00,9,rejected,BLS CPI/employment date,bls_employment_2024-01-05
NSXUSD,2023-10-27 13:30:00+00:00,10,valid_not_selected,,bls_employment_2024-01-05
NSXUSD,2023-10-20 13:30:00+00:00,11,valid_not_selected,,bls_employment_2024-01-05
NSXUSD,2023-10-13 13:30:00+00:00,12,valid_not_selected,,bls_employment_2024-01-05
GRXEUR,2023-12-29 13:30:00+00:00,1,selected,,bls_employment_2024-01-05
GRXEUR,2023-12-22 13:30:00+00:00,2,selected,,bls_employment_2024-01-05
GRXEUR,2023-12-15 13:30:00+00:00,3,selected,,bls_employment_2024-01-05
GRXEUR,2023-12-08 13:30:00+00:00,4,rejected,BLS CPI/employment date,bls_employment_2024-01-05
GRXEUR,2023-12-01 13:30:00+00:00,5,selected,,bls_employment_2024-01-05
GRXEUR,2023-11-24 13:30:00+00:00,6,valid_not_selected,,bls_employment_2024-01-05
GRXEUR,2023-11-17 13:30:00+00:00,7,valid_not_selected,,bls_employment_2024-01-05
GRXEUR,2023-11-10 13:30:00+00:00,8,valid_not_selected,,bls_employment_2024-01-05
GRXEUR,2023-11-03 13:30:00+00:00,9,rejected,BLS CPI/employment date,bls_employment_2024-01-05
GRXEUR,2023-10-27 13:30:00+00:00,10,valid_not_selected,,bls_employment_2024-01-05
GRXEUR,2023-10-20 13:30:00+00:00,11,valid_not_selected,,bls_employment_2024-01-05
GRXEUR,2023-10-13 13:30:00+00:00,12,valid_not_selected,,bls_employment_2024-01-05
UKXGBP,2023-12-29 13:30:00+00:00,1,rejected,quote absent/nonpositive,bls_employment_2024-01-05
UKXGBP,2023-12-22 13:30:00+00:00,2,rejected,quote absent/nonpositive,bls_employment_2024-01-05
UKXGBP,2023-12-15 13:30:00+00:00,3,selected,,bls_employment_2024-01-05
UKXGBP,2023-12-08 13:30:00+00:00,4,rejected,BLS CPI/employment date,bls_employment_2024-01-05
UKXGBP,2023-12-01 13:30:00+00:00,5,selected,,bls_employment_2024-01-05
UKXGBP,2023-11-24 13:30:00+00:00,6,selected,,bls_employment_2024-01-05
UKXGBP,2023-11-17 13:30:00+00:00,7,selected,,bls_employment_2024-01-05
UKXGBP,2023-11-10 13:30:00+00:00,8,valid_not_selected,,bls_employment_2024-01-05
UKXGBP,2023-11-03 13:30:00+00:00,9,rejected,BLS CPI/employment date,bls_employment_2024-01-05
UKXGBP,2023-10-27 13:30:00+00:00,10,valid_not_selected,,bls_employment_2024-01-05
UKXGBP,2023-10-20 13:30:00+00:00,11,valid_not_selected,,bls_employment_2024-01-05
UKXGBP,2023-10-13 13:30:00+00:00,12,valid_not_selected,,bls_employment_2024-01-05
BCOUSD,2023-12-29 13:30:00+00:00,1,selected,,bls_employment_2024-01-05
BCOUSD,2023-12-22 13:30:00+00:00,2,selected,,bls_employment_2024-01-05
BCOUSD,2023-12-15 13:30:00+00:00,3,selected,,bls_employment_2024-01-05
BCOUSD,2023-12-08 13:30:00+00:00,4,rejected,BLS CPI/employment date,bls_employment_2024-01-05
BCOUSD,2023-12-01 13:30:00+00:00,5,selected,,bls_employment_2024-01-05
BCOUSD,2023-11-24 13:30:00+00:00,6,valid_not_selected,,bls_employment_2024-01-05
BCOUSD,2023-11-17 13:30:00+00:00,7,valid_not_selected,,bls_employment_2024-01-05
BCOUSD,2023-11-10 13:30:00+00:00,8,valid_not_selected,,bls_employment_2024-01-05
BCOUSD,2023-11-03 13:30:00+00:00,9,rejected,BLS CPI/employment date,bls_employment_2024-01-05
BCOUSD,2023-10-27 13:30:00+00:00,10,valid_not_selected,,bls_employment_2024-01-05
BCOUSD,2023-10-20 13:30:00+00:00,11,valid_not_selected,,bls_employment_2024-01-05
BCOUSD,2023-10-13 13:30:00+00:00,12,valid_not_selected,,bls_employment_2024-01-05
EURUSD,2024-01-04 13:30:00+00:00,1,selected,,bls_cpi_2024-01-11
EURUSD,2023-12-28 13:30:00+00:00,2,selected,,bls_cpi_2024-01-11
EURUSD,2023-12-21 13:30:00+00:00,3,selected,,bls_cpi_2024-01-11
EURUSD,2023-12-14 13:30:00+00:00,4,selected,,bls_cpi_2024-01-11
EURUSD,2023-12-07 13:30:00+00:00,5,valid_not_selected,,bls_cpi_2024-01-11
EURUSD,2023-11-30 13:30:00+00:00,6,valid_not_selected,,bls_cpi_2024-01-11
EURUSD,2023-11-23 13:30:00+00:00,7,valid_not_selected,,bls_cpi_2024-01-11
EURUSD,2023-11-16 13:30:00+00:00,8,valid_not_selected,,bls_cpi_2024-01-11
EURUSD,2023-11-09 13:30:00+00:00,9,valid_not_selected,,bls_cpi_2024-01-11
EURUSD,2023-11-02 13:30:00+00:00,10,valid_not_selected,,bls_cpi_2024-01-11
EURUSD,2023-10-26 13:30:00+00:00,11,valid_not_selected,,bls_cpi_2024-01-11
EURUSD,2023-10-19 13:30:00+00:00,12,valid_not_selected,,bls_cpi_2024-01-11
GBPUSD,2024-01-04 13:30:00+00:00,1,selected,,bls_cpi_2024-01-11
GBPUSD,2023-12-28 13:30:00+00:00,2,selected,,bls_cpi_2024-01-11
GBPUSD,2023-12-21 13:30:00+00:00,3,selected,,bls_cpi_2024-01-11
GBPUSD,2023-12-14 13:30:00+00:00,4,selected,,bls_cpi_2024-01-11
GBPUSD,2023-12-07 13:30:00+00:00,5,valid_not_selected,,bls_cpi_2024-01-11
GBPUSD,2023-11-30 13:30:00+00:00,6,valid_not_selected,,bls_cpi_2024-01-11
GBPUSD,2023-11-23 13:30:00+00:00,7,valid_not_selected,,bls_cpi_2024-01-11
GBPUSD,2023-11-16 13:30:00+00:00,8,valid_not_selected,,bls_cpi_2024-01-11
GBPUSD,2023-11-09 13:30:00+00:00,9,valid_not_selected,,bls_cpi_2024-01-11
GBPUSD,2023-11-02 13:30:00+00:00,10,valid_not_selected,,bls_cpi_2024-01-11
GBPUSD,2023-10-26 13:30:00+00:00,11,valid_not_selected,,bls_cpi_2024-01-11
GBPUSD,2023-10-19 13:30:00+00:00,12,valid_not_selected,,bls_cpi_2024-01-11
AUDUSD,2024-01-04 13:30:00+00:00,1,selected,,bls_cpi_2024-01-11
AUDUSD,2023-12-28 13:30:00+00:00,2,selected,,bls_cpi_2024-01-11
AUDUSD,2023-12-21 13:30:00+00:00,3,selected,,bls_cpi_2024-01-11
AUDUSD,2023-12-14 13:30:00+00:00,4,selected,,bls_cpi_2024-01-11
AUDUSD,2023-12-07 13:30:00+00:00,5,valid_not_selected,,bls_cpi_2024-01-11
AUDUSD,2023-11-30 13:30:00+00:00,6,valid_not_selected,,bls_cpi_2024-01-11
AUDUSD,2023-11-23 13:30:00+00:00,7,valid_not_selected,,bls_cpi_2024-01-11
AUDUSD,2023-11-16 13:30:00+00:00,8,valid_not_selected,,bls_cpi_2024-01-11
AUDUSD,2023-11-09 13:30:00+00:00,9,valid_not_selected,,bls_cpi_2024-01-11
AUDUSD,2023-11-02 13:30:00+00:00,10,valid_not_selected,,bls_cpi_2024-01-11
AUDUSD,2023-10-26 13:30:00+00:00,11,valid_not_selected,,bls_cpi_2024-01-11
AUDUSD,2023-10-19 13:30:00+00:00,12,valid_not_selected,,bls_cpi_2024-01-11
NZDUSD,2024-01-04 13:30:00+00:00,1,selected,,bls_cpi_2024-01-11
NZDUSD,2023-12-28 13:30:00+00:00,2,selected,,bls_cpi_2024-01-11
NZDUSD,2023-12-21 13:30:00+00:00,3,selected,,bls_cpi_2024-01-11
NZDUSD,2023-12-14 13:30:00+00:00,4,selected,,bls_cpi_2024-01-11
NZDUSD,2023-12-07 13:30:00+00:00,5,valid_not_selected,,bls_cpi_2024-01-11
NZDUSD,2023-11-30 13:30:00+00:00,6,valid_not_selected,,bls_cpi_2024-01-11
NZDUSD,2023-11-23 13:30:00+00:00,7,valid_not_selected,,bls_cpi_2024-01-11
NZDUSD,2023-11-16 13:30:00+00:00,8,valid_not_selected,,bls_cpi_2024-01-11
NZDUSD,2023-11-09 13:30:00+00:00,9,valid_not_selected,,bls_cpi_2024-01-11
NZDUSD,2023-11-02 13:30:00+00:00,10,valid_not_selected,,bls_cpi_2024-01-11
NZDUSD,2023-10-26 13:30:00+00:00,11,valid_not_selected,,bls_cpi_2024-01-11
NZDUSD,2023-10-19 13:30:00+00:00,12,valid_not_selected,,bls_cpi_2024-01-11
USDJPY,2024-01-04 13:30:00+00:00,1,selected,,bls_cpi_2024-01-11
USDJPY,2023-12-28 13:30:00+00:00,2,selected,,bls_cpi_2024-01-11
USDJPY,2023-12-21 13:30:00+00:00,3,selected,,bls_cpi_2024-01-11
USDJPY,2023-12-14 13:30:00+00:00,4,selected,,bls_cpi_2024-01-11
USDJPY,2023-12-07 13:30:00+00:00,5,valid_not_selected,,bls_cpi_2024-01-11
USDJPY,2023-11-30 13:30:00+00:00,6,valid_not_selected,,bls_cpi_2024-01-11
USDJPY,2023-11-23 13:30:00+00:00,7,valid_not_selected,,bls_cpi_2024-01-11
USDJPY,2023-11-16 13:30:00+00:00,8,valid_not_selected,,bls_cpi_2024-01-11
USDJPY,2023-11-09 13:30:00+00:00,9,valid_not_selected,,bls_cpi_2024-01-11
USDJPY,2023-11-02 13:30:00+00:00,10,valid_not_selected,,bls_cpi_2024-01-11
USDJPY,2023-10-26 13:30:00+00:00,11,valid_not_selected,,bls_cpi_2024-01-11
USDJPY,2023-10-19 13:30:00+00:00,12,valid_not_selected,,bls_cpi_2024-01-11
USDCHF,2024-01-04 13:30:00+00:00,1,selected,,bls_cpi_2024-01-11
USDCHF,2023-12-28 13:30:00+00:00,2,selected,,bls_cpi_2024-01-11
USDCHF,2023-12-21 13:30:00+00:00,3,selected,,bls_cpi_2024-01-11
USDCHF,2023-12-14 13:30:00+00:00,4,selected,,bls_cpi_2024-01-11
USDCHF,2023-12-07 13:30:00+00:00,5,valid_not_selected,,bls_cpi_2024-01-11
USDCHF,2023-11-30 13:30:00+00:00,6,valid_not_selected,,bls_cpi_2024-01-11
USDCHF,2023-11-23 13:30:00+00:00,7,valid_not_selected,,bls_cpi_2024-01-11
USDCHF,2023-11-16 13:30:00+00:00,8,valid_not_selected,,bls_cpi_2024-01-11
USDCHF,2023-11-09 13:30:00+00:00,9,valid_not_selected,,bls_cpi_2024-01-11
USDCHF,2023-11-02 13:30:00+00:00,10,valid_not_selected,,bls_cpi_2024-01-11
USDCHF,2023-10-26 13:30:00+00:00,11,valid_not_selected,,bls_cpi_2024-01-11
USDCHF,2023-10-19 13:30:00+00:00,12,valid_not_selected,,bls_cpi_2024-01-11
USDCAD,2024-01-04 13:30:00+00:00,1,selected,,bls_cpi_2024-01-11
USDCAD,2023-12-28 13:30:00+00:00,2,selected,,bls_cpi_2024-01-11
USDCAD,2023-12-21 13:30:00+00:00,3,selected,,bls_cpi_2024-01-11
USDCAD,2023-12-14 13:30:00+00:00,4,selected,,bls_cpi_2024-01-11
USDCAD,2023-12-07 13:30:00+00:00,5,valid_not_selected,,bls_cpi_2024-01-11
USDCAD,2023-11-30 13:30:00+00:00,6,valid_not_selected,,bls_cpi_2024-01-11
USDCAD,2023-11-23 13:30:00+00:00,7,valid_not_selected,,bls_cpi_2024-01-11
USDCAD,2023-11-16 13:30:00+00:00,8,valid_not_selected,,bls_cpi_2024-01-11
USDCAD,2023-11-09 13:30:00+00:00,9,valid_not_selected,,bls_cpi_2024-01-11
USDCAD,2023-11-02 13:30:00+00:00,10,valid_not_selected,,bls_cpi_2024-01-11
USDCAD,2023-10-26 13:30:00+00:00,11,valid_not_selected,,bls_cpi_2024-01-11
USDCAD,2023-10-19 13:30:00+00:00,12,valid_not_selected,,bls_cpi_2024-01-11
EURJPY,2024-01-04 13:30:00+00:00,1,selected,,bls_cpi_2024-01-11
EURJPY,2023-12-28 13:30:00+00:00,2,selected,,bls_cpi_2024-01-11
EURJPY,2023-12-21 13:30:00+00:00,3,selected,,bls_cpi_2024-01-11
EURJPY,2023-12-14 13:30:00+00:00,4,selected,,bls_cpi_2024-01-11
EURJPY,2023-12-07 13:30:00+00:00,5,valid_not_selected,,bls_cpi_2024-01-11
EURJPY,2023-11-30 13:30:00+00:00,6,valid_not_selected,,bls_cpi_2024-01-11
EURJPY,2023-11-23 13:30:00+00:00,7,valid_not_selected,,bls_cpi_2024-01-11
EURJPY,2023-11-16 13:30:00+00:00,8,valid_not_selected,,bls_cpi_2024-01-11
EURJPY,2023-11-09 13:30:00+00:00,9,valid_not_selected,,bls_cpi_2024-01-11
EURJPY,2023-11-02 13:30:00+00:00,10,valid_not_selected,,bls_cpi_2024-01-11
EURJPY,2023-10-26 13:30:00+00:00,11,valid_not_selected,,bls_cpi_2024-01-11
EURJPY,2023-10-19 13:30:00+00:00,12,valid_not_selected,,bls_cpi_2024-01-11
XAUUSD,2024-01-04 13:30:00+00:00,1,selected,,bls_cpi_2024-01-11
XAUUSD,2023-12-28 13:30:00+00:00,2,selected,,bls_cpi_2024-01-11
XAUUSD,2023-12-21 13:30:00+00:00,3,selected,,bls_cpi_2024-01-11
XAUUSD,2023-12-14 13:30:00+00:00,4,selected,,bls_cpi_2024-01-11
XAUUSD,2023-12-07 13:30:00+00:00,5,valid_not_selected,,bls_cpi_2024-01-11
XAUUSD,2023-11-30 13:30:00+00:00,6,valid_not_selected,,bls_cpi_2024-01-11
XAUUSD,2023-11-23 13:30:00+00:00,7,valid_not_selected,,bls_cpi_2024-01-11
XAUUSD,2023-11-16 13:30:00+00:00,8,valid_not_selected,,bls_cpi_2024-01-11
XAUUSD,2023-11-09 13:30:00+00:00,9,valid_not_selected,,bls_cpi_2024-01-11
XAUUSD,2023-11-02 13:30:00+00:00,10,valid_not_selected,,bls_cpi_2024-01-11
XAUUSD,2023-10-26 13:30:00+00:00,11,valid_not_selected,,bls_cpi_2024-01-11
XAUUSD,2023-10-19 13:30:00+00:00,12,valid_not_selected,,bls_cpi_2024-01-11
XAGUSD,2024-01-04 13:30:00+00:00,1,selected,,bls_cpi_2024-01-11
XAGUSD,2023-12-28 13:30:00+00:00,2,selected,,bls_cpi_2024-01-11
XAGUSD,2023-12-21 13:30:00+00:00,3,selected,,bls_cpi_2024-01-11
XAGUSD,2023-12-14 13:30:00+00:00,4,selected,,bls_cpi_2024-01-11
XAGUSD,2023-12-07 13:30:00+00:00,5,valid_not_selected,,bls_cpi_2024-01-11
XAGUSD,2023-11-30 13:30:00+00:00,6,valid_not_selected,,bls_cpi_2024-01-11
XAGUSD,2023-11-23 13:30:00+00:00,7,valid_not_selected,,bls_cpi_2024-01-11
XAGUSD,2023-11-16 13:30:00+00:00,8,valid_not_selected,,bls_cpi_2024-01-11
XAGUSD,2023-11-09 13:30:00+00:00,9,valid_not_selected,,bls_cpi_2024-01-11
XAGUSD,2023-11-02 13:30:00+00:00,10,valid_not_selected,,bls_cpi_2024-01-11
XAGUSD,2023-10-26 13:30:00+00:00,11,valid_not_selected,,bls_cpi_2024-01-11
XAGUSD,2023-10-19 13:30:00+00:00,12,valid_not_selected,,bls_cpi_2024-01-11
SPXUSD,2024-01-04 13:30:00+00:00,1,selected,,bls_cpi_2024-01-11
SPXUSD,2023-12-28 13:30:00+00:00,2,selected,,bls_cpi_2024-01-11
SPXUSD,2023-12-21 13:30:00+00:00,3,selected,,bls_cpi_2024-01-11
SPXUSD,2023-12-14 13:30:00+00:00,4,selected,,bls_cpi_2024-01-11
SPXUSD,2023-12-07 13:30:00+00:00,5,valid_not_selected,,bls_cpi_2024-01-11
SPXUSD,2023-11-30 13:30:00+00:00,6,valid_not_selected,,bls_cpi_2024-01-11
SPXUSD,2023-11-23 13:30:00+00:00,7,valid_not_selected,,bls_cpi_2024-01-11
SPXUSD,2023-11-16 13:30:00+00:00,8,valid_not_selected,,bls_cpi_2024-01-11
SPXUSD,2023-11-09 13:30:00+00:00,9,valid_not_selected,,bls_cpi_2024-01-11
SPXUSD,2023-11-02 13:30:00+00:00,10,valid_not_selected,,bls_cpi_2024-01-11
SPXUSD,2023-10-26 13:30:00+00:00,11,valid_not_selected,,bls_cpi_2024-01-11
SPXUSD,2023-10-19 13:30:00+00:00,12,valid_not_selected,,bls_cpi_2024-01-11
NSXUSD,2024-01-04 13:30:00+00:00,1,selected,,bls_cpi_2024-01-11
NSXUSD,2023-12-28 13:30:00+00:00,2,selected,,bls_cpi_2024-01-11
NSXUSD,2023-12-21 13:30:00+00:00,3,selected,,bls_cpi_2024-01-11
NSXUSD,2023-12-14 13:30:00+00:00,4,selected,,bls_cpi_2024-01-11
NSXUSD,2023-12-07 13:30:00+00:00,5,valid_not_selected,,bls_cpi_2024-01-11
NSXUSD,2023-11-30 13:30:00+00:00,6,valid_not_selected,,bls_cpi_2024-01-11
NSXUSD,2023-11-23 13:30:00+00:00,7,valid_not_selected,,bls_cpi_2024-01-11
NSXUSD,2023-11-16 13:30:00+00:00,8,valid_not_selected,,bls_cpi_2024-01-11
NSXUSD,2023-11-09 13:30:00+00:00,9,valid_not_selected,,bls_cpi_2024-01-11
NSXUSD,2023-11-02 13:30:00+00:00,10,valid_not_selected,,bls_cpi_2024-01-11
NSXUSD,2023-10-26 13:30:00+00:00,11,valid_not_selected,,bls_cpi_2024-01-11
NSXUSD,2023-10-19 13:30:00+00:00,12,valid_not_selected,,bls_cpi_2024-01-11
GRXEUR,2024-01-04 13:30:00+00:00,1,selected,,bls_cpi_2024-01-11
GRXEUR,2023-12-28 13:30:00+00:00,2,selected,,bls_cpi_2024-01-11
GRXEUR,2023-12-21 13:30:00+00:00,3,selected,,bls_cpi_2024-01-11
GRXEUR,2023-12-14 13:30:00+00:00,4,selected,,bls_cpi_2024-01-11
GRXEUR,2023-12-07 13:30:00+00:00,5,valid_not_selected,,bls_cpi_2024-01-11
GRXEUR,2023-11-30 13:30:00+00:00,6,valid_not_selected,,bls_cpi_2024-01-11
GRXEUR,2023-11-23 13:30:00+00:00,7,valid_not_selected,,bls_cpi_2024-01-11
GRXEUR,2023-11-16 13:30:00+00:00,8,valid_not_selected,,bls_cpi_2024-01-11
GRXEUR,2023-11-09 13:30:00+00:00,9,valid_not_selected,,bls_cpi_2024-01-11
GRXEUR,2023-11-02 13:30:00+00:00,10,valid_not_selected,,bls_cpi_2024-01-11
GRXEUR,2023-10-26 13:30:00+00:00,11,valid_not_selected,,bls_cpi_2024-01-11
GRXEUR,2023-10-19 13:30:00+00:00,12,valid_not_selected,,bls_cpi_2024-01-11
UKXGBP,2024-01-04 13:30:00+00:00,1,selected,,bls_cpi_2024-01-11
UKXGBP,2023-12-28 13:30:00+00:00,2,selected,,bls_cpi_2024-01-11
UKXGBP,2023-12-21 13:30:00+00:00,3,selected,,bls_cpi_2024-01-11
UKXGBP,2023-12-14 13:30:00+00:00,4,selected,,bls_cpi_2024-01-11
UKXGBP,2023-12-07 13:30:00+00:00,5,valid_not_selected,,bls_cpi_2024-01-11
UKXGBP,2023-11-30 13:30:00+00:00,6,valid_not_selected,,bls_cpi_2024-01-11
UKXGBP,2023-11-23 13:30:00+00:00,7,valid_not_selected,,bls_cpi_2024-01-11
UKXGBP,2023-11-16 13:30:00+00:00,8,valid_not_selected,,bls_cpi_2024-01-11
UKXGBP,2023-11-09 13:30:00+00:00,9,valid_not_selected,,bls_cpi_2024-01-11
UKXGBP,2023-11-02 13:30:00+00:00,10,valid_not_selected,,bls_cpi_2024-01-11
UKXGBP,2023-10-26 13:30:00+00:00,11,valid_not_selected,,bls_cpi_2024-01-11
UKXGBP,2023-10-19 13:30:00+00:00,12,valid_not_selected,,bls_cpi_2024-01-11
BCOUSD,2024-01-04 13:30:00+00:00,1,selected,,bls_cpi_2024-01-11
BCOUSD,2023-12-28 13:30:00+00:00,2,selected,,bls_cpi_2024-01-11
BCOUSD,2023-12-21 13:30:00+00:00,3,selected,,bls_cpi_2024-01-11
BCOUSD,2023-12-14 13:30:00+00:00,4,selected,,bls_cpi_2024-01-11
BCOUSD,2023-12-07 13:30:00+00:00,5,valid_not_selected,,bls_cpi_2024-01-11
BCOUSD,2023-11-30 13:30:00+00:00,6,valid_not_selected,,bls_cpi_2024-01-11
BCOUSD,2023-11-23 13:30:00+00:00,7,valid_not_selected,,bls_cpi_2024-01-11
BCOUSD,2023-11-16 13:30:00+00:00,8,valid_not_selected,,bls_cpi_2024-01-11
BCOUSD,2023-11-09 13:30:00+00:00,9,valid_not_selected,,bls_cpi_2024-01-11
BCOUSD,2023-11-02 13:30:00+00:00,10,valid_not_selected,,bls_cpi_2024-01-11
BCOUSD,2023-10-26 13:30:00+00:00,11,valid_not_selected,,bls_cpi_2024-01-11
BCOUSD,2023-10-19 13:30:00+00:00,12,valid_not_selected,,bls_cpi_2024-01-11
EURUSD,2024-01-26 13:30:00+00:00,1,selected,,bls_employment_2024-02-02
EURUSD,2024-01-19 13:30:00+00:00,2,selected,,bls_employment_2024-02-02
EURUSD,2024-01-12 13:30:00+00:00,3,selected,,bls_employment_2024-02-02
EURUSD,2024-01-05 13:30:00+00:00,4,rejected,BLS CPI/employment date,bls_employment_2024-02-02
EURUSD,2023-12-29 13:30:00+00:00,5,selected,,bls_employment_2024-02-02
EURUSD,2023-12-22 13:30:00+00:00,6,valid_not_selected,,bls_employment_2024-02-02
EURUSD,2023-12-15 13:30:00+00:00,7,valid_not_selected,,bls_employment_2024-02-02
EURUSD,2023-12-08 13:30:00+00:00,8,rejected,BLS CPI/employment date,bls_employment_2024-02-02
EURUSD,2023-12-01 13:30:00+00:00,9,valid_not_selected,,bls_employment_2024-02-02
EURUSD,2023-11-24 13:30:00+00:00,10,valid_not_selected,,bls_employment_2024-02-02
EURUSD,2023-11-17 13:30:00+00:00,11,valid_not_selected,,bls_employment_2024-02-02
EURUSD,2023-11-10 13:30:00+00:00,12,valid_not_selected,,bls_employment_2024-02-02
GBPUSD,2024-01-26 13:30:00+00:00,1,selected,,bls_employment_2024-02-02
GBPUSD,2024-01-19 13:30:00+00:00,2,selected,,bls_employment_2024-02-02
GBPUSD,2024-01-12 13:30:00+00:00,3,selected,,bls_employment_2024-02-02
GBPUSD,2024-01-05 13:30:00+00:00,4,rejected,BLS CPI/employment date,bls_employment_2024-02-02
GBPUSD,2023-12-29 13:30:00+00:00,5,selected,,bls_employment_2024-02-02
GBPUSD,2023-12-22 13:30:00+00:00,6,valid_not_selected,,bls_employment_2024-02-02
GBPUSD,2023-12-15 13:30:00+00:00,7,valid_not_selected,,bls_employment_2024-02-02
GBPUSD,2023-12-08 13:30:00+00:00,8,rejected,BLS CPI/employment date,bls_employment_2024-02-02
GBPUSD,2023-12-01 13:30:00+00:00,9,valid_not_selected,,bls_employment_2024-02-02
GBPUSD,2023-11-24 13:30:00+00:00,10,valid_not_selected,,bls_employment_2024-02-02
GBPUSD,2023-11-17 13:30:00+00:00,11,valid_not_selected,,bls_employment_2024-02-02
GBPUSD,2023-11-10 13:30:00+00:00,12,valid_not_selected,,bls_employment_2024-02-02
AUDUSD,2024-01-26 13:30:00+00:00,1,selected,,bls_employment_2024-02-02
AUDUSD,2024-01-19 13:30:00+00:00,2,selected,,bls_employment_2024-02-02
AUDUSD,2024-01-12 13:30:00+00:00,3,selected,,bls_employment_2024-02-02
AUDUSD,2024-01-05 13:30:00+00:00,4,rejected,BLS CPI/employment date,bls_employment_2024-02-02
AUDUSD,2023-12-29 13:30:00+00:00,5,selected,,bls_employment_2024-02-02
AUDUSD,2023-12-22 13:30:00+00:00,6,valid_not_selected,,bls_employment_2024-02-02
AUDUSD,2023-12-15 13:30:00+00:00,7,valid_not_selected,,bls_employment_2024-02-02
AUDUSD,2023-12-08 13:30:00+00:00,8,rejected,BLS CPI/employment date,bls_employment_2024-02-02
AUDUSD,2023-12-01 13:30:00+00:00,9,valid_not_selected,,bls_employment_2024-02-02
AUDUSD,2023-11-24 13:30:00+00:00,10,valid_not_selected,,bls_employment_2024-02-02
AUDUSD,2023-11-17 13:30:00+00:00,11,valid_not_selected,,bls_employment_2024-02-02
AUDUSD,2023-11-10 13:30:00+00:00,12,valid_not_selected,,bls_employment_2024-02-02
NZDUSD,2024-01-26 13:30:00+00:00,1,selected,,bls_employment_2024-02-02
NZDUSD,2024-01-19 13:30:00+00:00,2,selected,,bls_employment_2024-02-02
NZDUSD,2024-01-12 13:30:00+00:00,3,selected,,bls_employment_2024-02-02
NZDUSD,2024-01-05 13:30:00+00:00,4,rejected,BLS CPI/employment date,bls_employment_2024-02-02
NZDUSD,2023-12-29 13:30:00+00:00,5,selected,,bls_employment_2024-02-02
NZDUSD,2023-12-22 13:30:00+00:00,6,valid_not_selected,,bls_employment_2024-02-02
NZDUSD,2023-12-15 13:30:00+00:00,7,valid_not_selected,,bls_employment_2024-02-02
NZDUSD,2023-12-08 13:30:00+00:00,8,rejected,BLS CPI/employment date,bls_employment_2024-02-02
NZDUSD,2023-12-01 13:30:00+00:00,9,valid_not_selected,,bls_employment_2024-02-02
NZDUSD,2023-11-24 13:30:00+00:00,10,valid_not_selected,,bls_employment_2024-02-02
NZDUSD,2023-11-17 13:30:00+00:00,11,valid_not_selected,,bls_employment_2024-02-02
NZDUSD,2023-11-10 13:30:00+00:00,12,valid_not_selected,,bls_employment_2024-02-02
USDJPY,2024-01-26 13:30:00+00:00,1,selected,,bls_employment_2024-02-02
USDJPY,2024-01-19 13:30:00+00:00,2,selected,,bls_employment_2024-02-02
USDJPY,2024-01-12 13:30:00+00:00,3,selected,,bls_employment_2024-02-02
USDJPY,2024-01-05 13:30:00+00:00,4,rejected,BLS CPI/employment date,bls_employment_2024-02-02
USDJPY,2023-12-29 13:30:00+00:00,5,selected,,bls_employment_2024-02-02
USDJPY,2023-12-22 13:30:00+00:00,6,valid_not_selected,,bls_employment_2024-02-02
USDJPY,2023-12-15 13:30:00+00:00,7,valid_not_selected,,bls_employment_2024-02-02
USDJPY,2023-12-08 13:30:00+00:00,8,rejected,BLS CPI/employment date,bls_employment_2024-02-02
USDJPY,2023-12-01 13:30:00+00:00,9,valid_not_selected,,bls_employment_2024-02-02
USDJPY,2023-11-24 13:30:00+00:00,10,valid_not_selected,,bls_employment_2024-02-02
USDJPY,2023-11-17 13:30:00+00:00,11,valid_not_selected,,bls_employment_2024-02-02
USDJPY,2023-11-10 13:30:00+00:00,12,valid_not_selected,,bls_employment_2024-02-02
USDCHF,2024-01-26 13:30:00+00:00,1,selected,,bls_employment_2024-02-02
USDCHF,2024-01-19 13:30:00+00:00,2,selected,,bls_employment_2024-02-02
USDCHF,2024-01-12 13:30:00+00:00,3,selected,,bls_employment_2024-02-02
USDCHF,2024-01-05 13:30:00+00:00,4,rejected,BLS CPI/employment date,bls_employment_2024-02-02
USDCHF,2023-12-29 13:30:00+00:00,5,selected,,bls_employment_2024-02-02
USDCHF,2023-12-22 13:30:00+00:00,6,valid_not_selected,,bls_employment_2024-02-02
USDCHF,2023-12-15 13:30:00+00:00,7,valid_not_selected,,bls_employment_2024-02-02
USDCHF,2023-12-08 13:30:00+00:00,8,rejected,BLS CPI/employment date,bls_employment_2024-02-02
USDCHF,2023-12-01 13:30:00+00:00,9,valid_not_selected,,bls_employment_2024-02-02
USDCHF,2023-11-24 13:30:00+00:00,10,valid_not_selected,,bls_employment_2024-02-02
USDCHF,2023-11-17 13:30:00+00:00,11,valid_not_selected,,bls_employment_2024-02-02
USDCHF,2023-11-10 13:30:00+00:00,12,valid_not_selected,,bls_employment_2024-02-02
USDCAD,2024-01-26 13:30:00+00:00,1,selected,,bls_employment_2024-02-02
USDCAD,2024-01-19 13:30:00+00:00,2,selected,,bls_employment_2024-02-02
USDCAD,2024-01-12 13:30:00+00:00,3,selected,,bls_employment_2024-02-02
USDCAD,2024-01-05 13:30:00+00:00,4,rejected,BLS CPI/employment date,bls_employment_2024-02-02
USDCAD,2023-12-29 13:30:00+00:00,5,selected,,bls_employment_2024-02-02
USDCAD,2023-12-22 13:30:00+00:00,6,valid_not_selected,,bls_employment_2024-02-02
USDCAD,2023-12-15 13:30:00+00:00,7,valid_not_selected,,bls_employment_2024-02-02
USDCAD,2023-12-08 13:30:00+00:00,8,rejected,BLS CPI/employment date,bls_employment_2024-02-02
USDCAD,2023-12-01 13:30:00+00:00,9,valid_not_selected,,bls_employment_2024-02-02
USDCAD,2023-11-24 13:30:00+00:00,10,valid_not_selected,,bls_employment_2024-02-02
USDCAD,2023-11-17 13:30:00+00:00,11,valid_not_selected,,bls_employment_2024-02-02
USDCAD,2023-11-10 13:30:00+00:00,12,valid_not_selected,,bls_employment_2024-02-02
EURJPY,2024-01-26 13:30:00+00:00,1,selected,,bls_employment_2024-02-02
EURJPY,2024-01-19 13:30:00+00:00,2,selected,,bls_employment_2024-02-02
EURJPY,2024-01-12 13:30:00+00:00,3,selected,,bls_employment_2024-02-02
EURJPY,2024-01-05 13:30:00+00:00,4,rejected,BLS CPI/employment date,bls_employment_2024-02-02
EURJPY,2023-12-29 13:30:00+00:00,5,selected,,bls_employment_2024-02-02
EURJPY,2023-12-22 13:30:00+00:00,6,valid_not_selected,,bls_employment_2024-02-02
EURJPY,2023-12-15 13:30:00+00:00,7,valid_not_selected,,bls_employment_2024-02-02
EURJPY,2023-12-08 13:30:00+00:00,8,rejected,BLS CPI/employment date,bls_employment_2024-02-02
EURJPY,2023-12-01 13:30:00+00:00,9,valid_not_selected,,bls_employment_2024-02-02
EURJPY,2023-11-24 13:30:00+00:00,10,valid_not_selected,,bls_employment_2024-02-02
EURJPY,2023-11-17 13:30:00+00:00,11,valid_not_selected,,bls_employment_2024-02-02
EURJPY,2023-11-10 13:30:00+00:00,12,valid_not_selected,,bls_employment_2024-02-02
XAUUSD,2024-01-26 13:30:00+00:00,1,selected,,bls_employment_2024-02-02
XAUUSD,2024-01-19 13:30:00+00:00,2,selected,,bls_employment_2024-02-02
XAUUSD,2024-01-12 13:30:00+00:00,3,selected,,bls_employment_2024-02-02
XAUUSD,2024-01-05 13:30:00+00:00,4,rejected,BLS CPI/employment date,bls_employment_2024-02-02
XAUUSD,2023-12-29 13:30:00+00:00,5,selected,,bls_employment_2024-02-02
XAUUSD,2023-12-22 13:30:00+00:00,6,valid_not_selected,,bls_employment_2024-02-02
XAUUSD,2023-12-15 13:30:00+00:00,7,valid_not_selected,,bls_employment_2024-02-02
XAUUSD,2023-12-08 13:30:00+00:00,8,rejected,BLS CPI/employment date,bls_employment_2024-02-02
XAUUSD,2023-12-01 13:30:00+00:00,9,valid_not_selected,,bls_employment_2024-02-02
XAUUSD,2023-11-24 13:30:00+00:00,10,valid_not_selected,,bls_employment_2024-02-02
XAUUSD,2023-11-17 13:30:00+00:00,11,valid_not_selected,,bls_employment_2024-02-02
XAUUSD,2023-11-10 13:30:00+00:00,12,valid_not_selected,,bls_employment_2024-02-02
XAGUSD,2024-01-26 13:30:00+00:00,1,selected,,bls_employment_2024-02-02
XAGUSD,2024-01-19 13:30:00+00:00,2,selected,,bls_employment_2024-02-02
XAGUSD,2024-01-12 13:30:00+00:00,3,selected,,bls_employment_2024-02-02
XAGUSD,2024-01-05 13:30:00+00:00,4,rejected,BLS CPI/employment date,bls_employment_2024-02-02
XAGUSD,2023-12-29 13:30:00+00:00,5,selected,,bls_employment_2024-02-02
XAGUSD,2023-12-22 13:30:00+00:00,6,valid_not_selected,,bls_employment_2024-02-02
XAGUSD,2023-12-15 13:30:00+00:00,7,valid_not_selected,,bls_employment_2024-02-02
XAGUSD,2023-12-08 13:30:00+00:00,8,rejected,BLS CPI/employment date,bls_employment_2024-02-02
XAGUSD,2023-12-01 13:30:00+00:00,9,valid_not_selected,,bls_employment_2024-02-02
XAGUSD,2023-11-24 13:30:00+00:00,10,valid_not_selected,,bls_employment_2024-02-02
XAGUSD,2023-11-17 13:30:00+00:00,11,valid_not_selected,,bls_employment_2024-02-02
XAGUSD,2023-11-10 13:30:00+00:00,12,valid_not_selected,,bls_employment_2024-02-02
SPXUSD,2024-01-26 13:30:00+00:00,1,selected,,bls_employment_2024-02-02
SPXUSD,2024-01-19 13:30:00+00:00,2,selected,,bls_employment_2024-02-02
SPXUSD,2024-01-12 13:30:00+00:00,3,selected,,bls_employment_2024-02-02
SPXUSD,2024-01-05 13:30:00+00:00,4,rejected,BLS CPI/employment date,bls_employment_2024-02-02
SPXUSD,2023-12-29 13:30:00+00:00,5,selected,,bls_employment_2024-02-02
SPXUSD,2023-12-22 13:30:00+00:00,6,valid_not_selected,,bls_employment_2024-02-02
SPXUSD,2023-12-15 13:30:00+00:00,7,valid_not_selected,,bls_employment_2024-02-02
SPXUSD,2023-12-08 13:30:00+00:00,8,rejected,BLS CPI/employment date,bls_employment_2024-02-02
SPXUSD,2023-12-01 13:30:00+00:00,9,valid_not_selected,,bls_employment_2024-02-02
SPXUSD,2023-11-24 13:30:00+00:00,10,valid_not_selected,,bls_employment_2024-02-02
SPXUSD,2023-11-17 13:30:00+00:00,11,valid_not_selected,,bls_employment_2024-02-02
SPXUSD,2023-11-10 13:30:00+00:00,12,valid_not_selected,,bls_employment_2024-02-02
NSXUSD,2024-01-26 13:30:00+00:00,1,selected,,bls_employment_2024-02-02
NSXUSD,2024-01-19 13:30:00+00:00,2,selected,,bls_employment_2024-02-02
NSXUSD,2024-01-12 13:30:00+00:00,3,selected,,bls_employment_2024-02-02
NSXUSD,2024-01-05 13:30:00+00:00,4,rejected,BLS CPI/employment date,bls_employment_2024-02-02
NSXUSD,2023-12-29 13:30:00+00:00,5,selected,,bls_employment_2024-02-02
NSXUSD,2023-12-22 13:30:00+00:00,6,valid_not_selected,,bls_employment_2024-02-02
NSXUSD,2023-12-15 13:30:00+00:00,7,valid_not_selected,,bls_employment_2024-02-02
NSXUSD,2023-12-08 13:30:00+00:00,8,rejected,BLS CPI/employment date,bls_employment_2024-02-02
NSXUSD,2023-12-01 13:30:00+00:00,9,valid_not_selected,,bls_employment_2024-02-02
NSXUSD,2023-11-24 13:30:00+00:00,10,valid_not_selected,,bls_employment_2024-02-02
NSXUSD,2023-11-17 13:30:00+00:00,11,valid_not_selected,,bls_employment_2024-02-02
NSXUSD,2023-11-10 13:30:00+00:00,12,valid_not_selected,,bls_employment_2024-02-02
GRXEUR,2024-01-26 13:30:00+00:00,1,selected,,bls_employment_2024-02-02
GRXEUR,2024-01-19 13:30:00+00:00,2,selected,,bls_employment_2024-02-02
GRXEUR,2024-01-12 13:30:00+00:00,3,selected,,bls_employment_2024-02-02
GRXEUR,2024-01-05 13:30:00+00:00,4,rejected,BLS CPI/employment date,bls_employment_2024-02-02
GRXEUR,2023-12-29 13:30:00+00:00,5,selected,,bls_employment_2024-02-02
GRXEUR,2023-12-22 13:30:00+00:00,6,valid_not_selected,,bls_employment_2024-02-02
GRXEUR,2023-12-15 13:30:00+00:00,7,valid_not_selected,,bls_employment_2024-02-02
GRXEUR,2023-12-08 13:30:00+00:00,8,rejected,BLS CPI/employment date,bls_employment_2024-02-02
GRXEUR,2023-12-01 13:30:00+00:00,9,valid_not_selected,,bls_employment_2024-02-02
GRXEUR,2023-11-24 13:30:00+00:00,10,valid_not_selected,,bls_employment_2024-02-02
GRXEUR,2023-11-17 13:30:00+00:00,11,valid_not_selected,,bls_employment_2024-02-02
GRXEUR,2023-11-10 13:30:00+00:00,12,valid_not_selected,,bls_employment_2024-02-02
UKXGBP,2024-01-26 13:30:00+00:00,1,selected,,bls_employment_2024-02-02
UKXGBP,2024-01-19 13:30:00+00:00,2,selected,,bls_employment_2024-02-02
UKXGBP,2024-01-12 13:30:00+00:00,3,selected,,bls_employment_2024-02-02
UKXGBP,2024-01-05 13:30:00+00:00,4,rejected,BLS CPI/employment date,bls_employment_2024-02-02
UKXGBP,2023-12-29 13:30:00+00:00,5,rejected,quote absent/nonpositive,bls_employment_2024-02-02
UKXGBP,2023-12-22 13:30:00+00:00,6,rejected,quote absent/nonpositive,bls_employment_2024-02-02
UKXGBP,2023-12-15 13:30:00+00:00,7,selected,,bls_employment_2024-02-02
UKXGBP,2023-12-08 13:30:00+00:00,8,rejected,BLS CPI/employment date,bls_employment_2024-02-02
UKXGBP,2023-12-01 13:30:00+00:00,9,valid_not_selected,,bls_employment_2024-02-02
UKXGBP,2023-11-24 13:30:00+00:00,10,valid_not_selected,,bls_employment_2024-02-02
UKXGBP,2023-11-17 13:30:00+00:00,11,valid_not_selected,,bls_employment_2024-02-02
UKXGBP,2023-11-10 13:30:00+00:00,12,valid_not_selected,,bls_employment_2024-02-02
BCOUSD,2024-01-26 13:30:00+00:00,1,selected,,bls_employment_2024-02-02
BCOUSD,2024-01-19 13:30:00+00:00,2,selected,,bls_employment_2024-02-02
BCOUSD,2024-01-12 13:30:00+00:00,3,selected,,bls_employment_2024-02-02
BCOUSD,2024-01-05 13:30:00+00:00,4,rejected,BLS CPI/employment date,bls_employment_2024-02-02
BCOUSD,2023-12-29 13:30:00+00:00,5,selected,,bls_employment_2024-02-02
BCOUSD,2023-12-22 13:30:00+00:00,6,valid_not_selected,,bls_employment_2024-02-02
BCOUSD,2023-12-15 13:30:00+00:00,7,valid_not_selected,,bls_employment_2024-02-02
BCOUSD,2023-12-08 13:30:00+00:00,8,rejected,BLS CPI/employment date,bls_employment_2024-02-02
BCOUSD,2023-12-01 13:30:00+00:00,9,valid_not_selected,,bls_employment_2024-02-02
BCOUSD,2023-11-24 13:30:00+00:00,10,valid_not_selected,,bls_employment_2024-02-02
BCOUSD,2023-11-17 13:30:00+00:00,11,valid_not_selected,,bls_employment_2024-02-02
BCOUSD,2023-11-10 13:30:00+00:00,12,valid_not_selected,,bls_employment_2024-02-02
EURUSD,2024-02-06 13:30:00+00:00,1,selected,,bls_cpi_2024-02-13
EURUSD,2024-01-30 13:30:00+00:00,2,selected,,bls_cpi_2024-02-13
EURUSD,2024-01-23 13:30:00+00:00,3,selected,,bls_cpi_2024-02-13
EURUSD,2024-01-16 13:30:00+00:00,4,selected,,bls_cpi_2024-02-13
EURUSD,2024-01-09 13:30:00+00:00,5,valid_not_selected,,bls_cpi_2024-02-13
EURUSD,2024-01-02 13:30:00+00:00,6,valid_not_selected,,bls_cpi_2024-02-13
EURUSD,2023-12-26 13:30:00+00:00,7,valid_not_selected,,bls_cpi_2024-02-13
EURUSD,2023-12-19 13:30:00+00:00,8,valid_not_selected,,bls_cpi_2024-02-13
EURUSD,2023-12-12 13:30:00+00:00,9,rejected,BLS CPI/employment date,bls_cpi_2024-02-13
EURUSD,2023-12-05 13:30:00+00:00,10,valid_not_selected,,bls_cpi_2024-02-13
EURUSD,2023-11-28 13:30:00+00:00,11,valid_not_selected,,bls_cpi_2024-02-13
EURUSD,2023-11-21 13:30:00+00:00,12,valid_not_selected,,bls_cpi_2024-02-13
GBPUSD,2024-02-06 13:30:00+00:00,1,selected,,bls_cpi_2024-02-13
GBPUSD,2024-01-30 13:30:00+00:00,2,selected,,bls_cpi_2024-02-13
GBPUSD,2024-01-23 13:30:00+00:00,3,selected,,bls_cpi_2024-02-13
GBPUSD,2024-01-16 13:30:00+00:00,4,selected,,bls_cpi_2024-02-13
GBPUSD,2024-01-09 13:30:00+00:00,5,valid_not_selected,,bls_cpi_2024-02-13
GBPUSD,2024-01-02 13:30:00+00:00,6,valid_not_selected,,bls_cpi_2024-02-13
GBPUSD,2023-12-26 13:30:00+00:00,7,valid_not_selected,,bls_cpi_2024-02-13
GBPUSD,2023-12-19 13:30:00+00:00,8,valid_not_selected,,bls_cpi_2024-02-13
GBPUSD,2023-12-12 13:30:00+00:00,9,rejected,BLS CPI/employment date,bls_cpi_2024-02-13
GBPUSD,2023-12-05 13:30:00+00:00,10,valid_not_selected,,bls_cpi_2024-02-13
GBPUSD,2023-11-28 13:30:00+00:00,11,valid_not_selected,,bls_cpi_2024-02-13
GBPUSD,2023-11-21 13:30:00+00:00,12,valid_not_selected,,bls_cpi_2024-02-13
AUDUSD,2024-02-06 13:30:00+00:00,1,selected,,bls_cpi_2024-02-13
AUDUSD,2024-01-30 13:30:00+00:00,2,selected,,bls_cpi_2024-02-13
AUDUSD,2024-01-23 13:30:00+00:00,3,selected,,bls_cpi_2024-02-13
AUDUSD,2024-01-16 13:30:00+00:00,4,selected,,bls_cpi_2024-02-13
AUDUSD,2024-01-09 13:30:00+00:00,5,valid_not_selected,,bls_cpi_2024-02-13
AUDUSD,2024-01-02 13:30:00+00:00,6,valid_not_selected,,bls_cpi_2024-02-13
AUDUSD,2023-12-26 13:30:00+00:00,7,valid_not_selected,,bls_cpi_2024-02-13
AUDUSD,2023-12-19 13:30:00+00:00,8,valid_not_selected,,bls_cpi_2024-02-13
AUDUSD,2023-12-12 13:30:00+00:00,9,rejected,BLS CPI/employment date,bls_cpi_2024-02-13
AUDUSD,2023-12-05 13:30:00+00:00,10,valid_not_selected,,bls_cpi_2024-02-13
AUDUSD,2023-11-28 13:30:00+00:00,11,valid_not_selected,,bls_cpi_2024-02-13
AUDUSD,2023-11-21 13:30:00+00:00,12,valid_not_selected,,bls_cpi_2024-02-13
NZDUSD,2024-02-06 13:30:00+00:00,1,selected,,bls_cpi_2024-02-13
NZDUSD,2024-01-30 13:30:00+00:00,2,selected,,bls_cpi_2024-02-13
NZDUSD,2024-01-23 13:30:00+00:00,3,selected,,bls_cpi_2024-02-13
NZDUSD,2024-01-16 13:30:00+00:00,4,selected,,bls_cpi_2024-02-13
NZDUSD,2024-01-09 13:30:00+00:00,5,valid_not_selected,,bls_cpi_2024-02-13
NZDUSD,2024-01-02 13:30:00+00:00,6,valid_not_selected,,bls_cpi_2024-02-13
NZDUSD,2023-12-26 13:30:00+00:00,7,valid_not_selected,,bls_cpi_2024-02-13
NZDUSD,2023-12-19 13:30:00+00:00,8,valid_not_selected,,bls_cpi_2024-02-13
NZDUSD,2023-12-12 13:30:00+00:00,9,rejected,BLS CPI/employment date,bls_cpi_2024-02-13
NZDUSD,2023-12-05 13:30:00+00:00,10,valid_not_selected,,bls_cpi_2024-02-13
NZDUSD,2023-11-28 13:30:00+00:00,11,valid_not_selected,,bls_cpi_2024-02-13
NZDUSD,2023-11-21 13:30:00+00:00,12,valid_not_selected,,bls_cpi_2024-02-13
USDJPY,2024-02-06 13:30:00+00:00,1,selected,,bls_cpi_2024-02-13
USDJPY,2024-01-30 13:30:00+00:00,2,selected,,bls_cpi_2024-02-13
USDJPY,2024-01-23 13:30:00+00:00,3,selected,,bls_cpi_2024-02-13
USDJPY,2024-01-16 13:30:00+00:00,4,selected,,bls_cpi_2024-02-13
USDJPY,2024-01-09 13:30:00+00:00,5,valid_not_selected,,bls_cpi_2024-02-13
USDJPY,2024-01-02 13:30:00+00:00,6,valid_not_selected,,bls_cpi_2024-02-13
USDJPY,2023-12-26 13:30:00+00:00,7,valid_not_selected,,bls_cpi_2024-02-13
USDJPY,2023-12-19 13:30:00+00:00,8,valid_not_selected,,bls_cpi_2024-02-13
USDJPY,2023-12-12 13:30:00+00:00,9,rejected,BLS CPI/employment date,bls_cpi_2024-02-13
USDJPY,2023-12-05 13:30:00+00:00,10,valid_not_selected,,bls_cpi_2024-02-13
USDJPY,2023-11-28 13:30:00+00:00,11,valid_not_selected,,bls_cpi_2024-02-13
USDJPY,2023-11-21 13:30:00+00:00,12,valid_not_selected,,bls_cpi_2024-02-13
USDCHF,2024-02-06 13:30:00+00:00,1,selected,,bls_cpi_2024-02-13
USDCHF,2024-01-30 13:30:00+00:00,2,selected,,bls_cpi_2024-02-13
USDCHF,2024-01-23 13:30:00+00:00,3,selected,,bls_cpi_2024-02-13
USDCHF,2024-01-16 13:30:00+00:00,4,selected,,bls_cpi_2024-02-13
USDCHF,2024-01-09 13:30:00+00:00,5,valid_not_selected,,bls_cpi_2024-02-13
USDCHF,2024-01-02 13:30:00+00:00,6,valid_not_selected,,bls_cpi_2024-02-13
USDCHF,2023-12-26 13:30:00+00:00,7,valid_not_selected,,bls_cpi_2024-02-13
USDCHF,2023-12-19 13:30:00+00:00,8,valid_not_selected,,bls_cpi_2024-02-13
USDCHF,2023-12-12 13:30:00+00:00,9,rejected,BLS CPI/employment date,bls_cpi_2024-02-13
USDCHF,2023-12-05 13:30:00+00:00,10,valid_not_selected,,bls_cpi_2024-02-13
USDCHF,2023-11-28 13:30:00+00:00,11,valid_not_selected,,bls_cpi_2024-02-13
USDCHF,2023-11-21 13:30:00+00:00,12,valid_not_selected,,bls_cpi_2024-02-13
USDCAD,2024-02-06 13:30:00+00:00,1,selected,,bls_cpi_2024-02-13
USDCAD,2024-01-30 13:30:00+00:00,2,selected,,bls_cpi_2024-02-13
USDCAD,2024-01-23 13:30:00+00:00,3,selected,,bls_cpi_2024-02-13
USDCAD,2024-01-16 13:30:00+00:00,4,selected,,bls_cpi_2024-02-13
USDCAD,2024-01-09 13:30:00+00:00,5,valid_not_selected,,bls_cpi_2024-02-13
USDCAD,2024-01-02 13:30:00+00:00,6,valid_not_selected,,bls_cpi_2024-02-13
USDCAD,2023-12-26 13:30:00+00:00,7,valid_not_selected,,bls_cpi_2024-02-13
USDCAD,2023-12-19 13:30:00+00:00,8,valid_not_selected,,bls_cpi_2024-02-13
USDCAD,2023-12-12 13:30:00+00:00,9,rejected,BLS CPI/employment date,bls_cpi_2024-02-13
USDCAD,2023-12-05 13:30:00+00:00,10,valid_not_selected,,bls_cpi_2024-02-13
USDCAD,2023-11-28 13:30:00+00:00,11,valid_not_selected,,bls_cpi_2024-02-13
USDCAD,2023-11-21 13:30:00+00:00,12,valid_not_selected,,bls_cpi_2024-02-13
EURJPY,2024-02-06 13:30:00+00:00,1,selected,,bls_cpi_2024-02-13
EURJPY,2024-01-30 13:30:00+00:00,2,selected,,bls_cpi_2024-02-13
EURJPY,2024-01-23 13:30:00+00:00,3,selected,,bls_cpi_2024-02-13
EURJPY,2024-01-16 13:30:00+00:00,4,selected,,bls_cpi_2024-02-13
EURJPY,2024-01-09 13:30:00+00:00,5,valid_not_selected,,bls_cpi_2024-02-13
EURJPY,2024-01-02 13:30:00+00:00,6,valid_not_selected,,bls_cpi_2024-02-13
EURJPY,2023-12-26 13:30:00+00:00,7,valid_not_selected,,bls_cpi_2024-02-13
EURJPY,2023-12-19 13:30:00+00:00,8,valid_not_selected,,bls_cpi_2024-02-13
EURJPY,2023-12-12 13:30:00+00:00,9,rejected,BLS CPI/employment date,bls_cpi_2024-02-13
EURJPY,2023-12-05 13:30:00+00:00,10,valid_not_selected,,bls_cpi_2024-02-13
EURJPY,2023-11-28 13:30:00+00:00,11,valid_not_selected,,bls_cpi_2024-02-13
EURJPY,2023-11-21 13:30:00+00:00,12,valid_not_selected,,bls_cpi_2024-02-13
XAUUSD,2024-02-06 13:30:00+00:00,1,selected,,bls_cpi_2024-02-13
XAUUSD,2024-01-30 13:30:00+00:00,2,selected,,bls_cpi_2024-02-13
XAUUSD,2024-01-23 13:30:00+00:00,3,selected,,bls_cpi_2024-02-13
XAUUSD,2024-01-16 13:30:00+00:00,4,selected,,bls_cpi_2024-02-13
XAUUSD,2024-01-09 13:30:00+00:00,5,valid_not_selected,,bls_cpi_2024-02-13
XAUUSD,2024-01-02 13:30:00+00:00,6,valid_not_selected,,bls_cpi_2024-02-13
XAUUSD,2023-12-26 13:30:00+00:00,7,valid_not_selected,,bls_cpi_2024-02-13
XAUUSD,2023-12-19 13:30:00+00:00,8,valid_not_selected,,bls_cpi_2024-02-13
XAUUSD,2023-12-12 13:30:00+00:00,9,rejected,BLS CPI/employment date,bls_cpi_2024-02-13
XAUUSD,2023-12-05 13:30:00+00:00,10,valid_not_selected,,bls_cpi_2024-02-13
XAUUSD,2023-11-28 13:30:00+00:00,11,valid_not_selected,,bls_cpi_2024-02-13
XAUUSD,2023-11-21 13:30:00+00:00,12,valid_not_selected,,bls_cpi_2024-02-13
XAGUSD,2024-02-06 13:30:00+00:00,1,selected,,bls_cpi_2024-02-13
XAGUSD,2024-01-30 13:30:00+00:00,2,selected,,bls_cpi_2024-02-13
XAGUSD,2024-01-23 13:30:00+00:00,3,selected,,bls_cpi_2024-02-13
XAGUSD,2024-01-16 13:30:00+00:00,4,selected,,bls_cpi_2024-02-13
XAGUSD,2024-01-09 13:30:00+00:00,5,valid_not_selected,,bls_cpi_2024-02-13
XAGUSD,2024-01-02 13:30:00+00:00,6,valid_not_selected,,bls_cpi_2024-02-13
XAGUSD,2023-12-26 13:30:00+00:00,7,valid_not_selected,,bls_cpi_2024-02-13
XAGUSD,2023-12-19 13:30:00+00:00,8,valid_not_selected,,bls_cpi_2024-02-13
XAGUSD,2023-12-12 13:30:00+00:00,9,rejected,BLS CPI/employment date,bls_cpi_2024-02-13
XAGUSD,2023-12-05 13:30:00+00:00,10,valid_not_selected,,bls_cpi_2024-02-13
XAGUSD,2023-11-28 13:30:00+00:00,11,valid_not_selected,,bls_cpi_2024-02-13
XAGUSD,2023-11-21 13:30:00+00:00,12,valid_not_selected,,bls_cpi_2024-02-13
SPXUSD,2024-02-06 13:30:00+00:00,1,selected,,bls_cpi_2024-02-13
SPXUSD,2024-01-30 13:30:00+00:00,2,selected,,bls_cpi_2024-02-13
SPXUSD,2024-01-23 13:30:00+00:00,3,selected,,bls_cpi_2024-02-13
SPXUSD,2024-01-16 13:30:00+00:00,4,selected,,bls_cpi_2024-02-13
SPXUSD,2024-01-09 13:30:00+00:00,5,valid_not_selected,,bls_cpi_2024-02-13
SPXUSD,2024-01-02 13:30:00+00:00,6,valid_not_selected,,bls_cpi_2024-02-13
SPXUSD,2023-12-26 13:30:00+00:00,7,valid_not_selected,,bls_cpi_2024-02-13
SPXUSD,2023-12-19 13:30:00+00:00,8,valid_not_selected,,bls_cpi_2024-02-13
SPXUSD,2023-12-12 13:30:00+00:00,9,rejected,BLS CPI/employment date,bls_cpi_2024-02-13
SPXUSD,2023-12-05 13:30:00+00:00,10,valid_not_selected,,bls_cpi_2024-02-13
SPXUSD,2023-11-28 13:30:00+00:00,11,valid_not_selected,,bls_cpi_2024-02-13
SPXUSD,2023-11-21 13:30:00+00:00,12,valid_not_selected,,bls_cpi_2024-02-13
NSXUSD,2024-02-06 13:30:00+00:00,1,selected,,bls_cpi_2024-02-13
NSXUSD,2024-01-30 13:30:00+00:00,2,selected,,bls_cpi_2024-02-13
NSXUSD,2024-01-23 13:30:00+00:00,3,selected,,bls_cpi_2024-02-13
NSXUSD,2024-01-16 13:30:00+00:00,4,selected,,bls_cpi_2024-02-13
NSXUSD,2024-01-09 13:30:00+00:00,5,valid_not_selected,,bls_cpi_2024-02-13
NSXUSD,2024-01-02 13:30:00+00:00,6,valid_not_selected,,bls_cpi_2024-02-13
NSXUSD,2023-12-26 13:30:00+00:00,7,valid_not_selected,,bls_cpi_2024-02-13
NSXUSD,2023-12-19 13:30:00+00:00,8,valid_not_selected,,bls_cpi_2024-02-13
NSXUSD,2023-12-12 13:30:00+00:00,9,rejected,BLS CPI/employment date,bls_cpi_2024-02-13
NSXUSD,2023-12-05 13:30:00+00:00,10,valid_not_selected,,bls_cpi_2024-02-13
NSXUSD,2023-11-28 13:30:00+00:00,11,valid_not_selected,,bls_cpi_2024-02-13
NSXUSD,2023-11-21 13:30:00+00:00,12,valid_not_selected,,bls_cpi_2024-02-13
GRXEUR,2024-02-06 13:30:00+00:00,1,selected,,bls_cpi_2024-02-13
GRXEUR,2024-01-30 13:30:00+00:00,2,selected,,bls_cpi_2024-02-13
GRXEUR,2024-01-23 13:30:00+00:00,3,selected,,bls_cpi_2024-02-13
GRXEUR,2024-01-16 13:30:00+00:00,4,selected,,bls_cpi_2024-02-13
GRXEUR,2024-01-09 13:30:00+00:00,5,valid_not_selected,,bls_cpi_2024-02-13
GRXEUR,2024-01-02 13:30:00+00:00,6,valid_not_selected,,bls_cpi_2024-02-13
GRXEUR,2023-12-26 13:30:00+00:00,7,rejected,quote absent/nonpositive,bls_cpi_2024-02-13
GRXEUR,2023-12-19 13:30:00+00:00,8,valid_not_selected,,bls_cpi_2024-02-13
GRXEUR,2023-12-12 13:30:00+00:00,9,rejected,BLS CPI/employment date,bls_cpi_2024-02-13
GRXEUR,2023-12-05 13:30:00+00:00,10,valid_not_selected,,bls_cpi_2024-02-13
GRXEUR,2023-11-28 13:30:00+00:00,11,valid_not_selected,,bls_cpi_2024-02-13
GRXEUR,2023-11-21 13:30:00+00:00,12,valid_not_selected,,bls_cpi_2024-02-13
UKXGBP,2024-02-06 13:30:00+00:00,1,selected,,bls_cpi_2024-02-13
UKXGBP,2024-01-30 13:30:00+00:00,2,selected,,bls_cpi_2024-02-13
UKXGBP,2024-01-23 13:30:00+00:00,3,selected,,bls_cpi_2024-02-13
UKXGBP,2024-01-16 13:30:00+00:00,4,selected,,bls_cpi_2024-02-13
UKXGBP,2024-01-09 13:30:00+00:00,5,valid_not_selected,,bls_cpi_2024-02-13
UKXGBP,2024-01-02 13:30:00+00:00,6,valid_not_selected,,bls_cpi_2024-02-13
UKXGBP,2023-12-26 13:30:00+00:00,7,valid_not_selected,,bls_cpi_2024-02-13
UKXGBP,2023-12-19 13:30:00+00:00,8,valid_not_selected,,bls_cpi_2024-02-13
UKXGBP,2023-12-12 13:30:00+00:00,9,rejected,BLS CPI/employment date,bls_cpi_2024-02-13
UKXGBP,2023-12-05 13:30:00+00:00,10,valid_not_selected,,bls_cpi_2024-02-13
UKXGBP,2023-11-28 13:30:00+00:00,11,valid_not_selected,,bls_cpi_2024-02-13
UKXGBP,2023-11-21 13:30:00+00:00,12,valid_not_selected,,bls_cpi_2024-02-13
BCOUSD,2024-02-06 13:30:00+00:00,1,selected,,bls_cpi_2024-02-13
BCOUSD,2024-01-30 13:30:00+00:00,2,selected,,bls_cpi_2024-02-13
BCOUSD,2024-01-23 13:30:00+00:00,3,selected,,bls_cpi_2024-02-13
BCOUSD,2024-01-16 13:30:00+00:00,4,selected,,bls_cpi_2024-02-13
BCOUSD,2024-01-09 13:30:00+00:00,5,valid_not_selected,,bls_cpi_2024-02-13
BCOUSD,2024-01-02 13:30:00+00:00,6,valid_not_selected,,bls_cpi_2024-02-13
BCOUSD,2023-12-26 13:30:00+00:00,7,valid_not_selected,,bls_cpi_2024-02-13
BCOUSD,2023-12-19 13:30:00+00:00,8,valid_not_selected,,bls_cpi_2024-02-13
BCOUSD,2023-12-12 13:30:00+00:00,9,rejected,BLS CPI/employment date,bls_cpi_2024-02-13
BCOUSD,2023-12-05 13:30:00+00:00,10,valid_not_selected,,bls_cpi_2024-02-13
BCOUSD,2023-11-28 13:30:00+00:00,11,valid_not_selected,,bls_cpi_2024-02-13
BCOUSD,2023-11-21 13:30:00+00:00,12,valid_not_selected,,bls_cpi_2024-02-13
EURUSD,2024-03-01 13:30:00+00:00,1,selected,,bls_employment_2024-03-08
EURUSD,2024-02-23 13:30:00+00:00,2,selected,,bls_employment_2024-03-08
EURUSD,2024-02-16 13:30:00+00:00,3,selected,,bls_employment_2024-03-08
EURUSD,2024-02-09 13:30:00+00:00,4,selected,,bls_employment_2024-03-08
EURUSD,2024-02-02 13:30:00+00:00,5,rejected,BLS CPI/employment date,bls_employment_2024-03-08
EURUSD,2024-01-26 13:30:00+00:00,6,valid_not_selected,,bls_employment_2024-03-08
EURUSD,2024-01-19 13:30:00+00:00,7,valid_not_selected,,bls_employment_2024-03-08
EURUSD,2024-01-12 13:30:00+00:00,8,valid_not_selected,,bls_employment_2024-03-08
EURUSD,2024-01-05 13:30:00+00:00,9,rejected,BLS CPI/employment date,bls_employment_2024-03-08
EURUSD,2023-12-29 13:30:00+00:00,10,valid_not_selected,,bls_employment_2024-03-08
EURUSD,2023-12-22 13:30:00+00:00,11,valid_not_selected,,bls_employment_2024-03-08
EURUSD,2023-12-15 13:30:00+00:00,12,valid_not_selected,,bls_employment_2024-03-08
GBPUSD,2024-03-01 13:30:00+00:00,1,selected,,bls_employment_2024-03-08
GBPUSD,2024-02-23 13:30:00+00:00,2,selected,,bls_employment_2024-03-08
GBPUSD,2024-02-16 13:30:00+00:00,3,selected,,bls_employment_2024-03-08
GBPUSD,2024-02-09 13:30:00+00:00,4,selected,,bls_employment_2024-03-08
GBPUSD,2024-02-02 13:30:00+00:00,5,rejected,BLS CPI/employment date,bls_employment_2024-03-08
GBPUSD,2024-01-26 13:30:00+00:00,6,valid_not_selected,,bls_employment_2024-03-08
GBPUSD,2024-01-19 13:30:00+00:00,7,valid_not_selected,,bls_employment_2024-03-08
GBPUSD,2024-01-12 13:30:00+00:00,8,valid_not_selected,,bls_employment_2024-03-08
GBPUSD,2024-01-05 13:30:00+00:00,9,rejected,BLS CPI/employment date,bls_employment_2024-03-08
GBPUSD,2023-12-29 13:30:00+00:00,10,valid_not_selected,,bls_employment_2024-03-08
GBPUSD,2023-12-22 13:30:00+00:00,11,valid_not_selected,,bls_employment_2024-03-08
GBPUSD,2023-12-15 13:30:00+00:00,12,valid_not_selected,,bls_employment_2024-03-08
AUDUSD,2024-03-01 13:30:00+00:00,1,selected,,bls_employment_2024-03-08
AUDUSD,2024-02-23 13:30:00+00:00,2,selected,,bls_employment_2024-03-08
AUDUSD,2024-02-16 13:30:00+00:00,3,selected,,bls_employment_2024-03-08
AUDUSD,2024-02-09 13:30:00+00:00,4,selected,,bls_employment_2024-03-08
AUDUSD,2024-02-02 13:30:00+00:00,5,rejected,BLS CPI/employment date,bls_employment_2024-03-08
AUDUSD,2024-01-26 13:30:00+00:00,6,valid_not_selected,,bls_employment_2024-03-08
AUDUSD,2024-01-19 13:30:00+00:00,7,valid_not_selected,,bls_employment_2024-03-08
AUDUSD,2024-01-12 13:30:00+00:00,8,valid_not_selected,,bls_employment_2024-03-08
AUDUSD,2024-01-05 13:30:00+00:00,9,rejected,BLS CPI/employment date,bls_employment_2024-03-08
AUDUSD,2023-12-29 13:30:00+00:00,10,valid_not_selected,,bls_employment_2024-03-08
AUDUSD,2023-12-22 13:30:00+00:00,11,valid_not_selected,,bls_employment_2024-03-08
AUDUSD,2023-12-15 13:30:00+00:00,12,valid_not_selected,,bls_employment_2024-03-08
NZDUSD,2024-03-01 13:30:00+00:00,1,selected,,bls_employment_2024-03-08
NZDUSD,2024-02-23 13:30:00+00:00,2,selected,,bls_employment_2024-03-08
NZDUSD,2024-02-16 13:30:00+00:00,3,selected,,bls_employment_2024-03-08
NZDUSD,2024-02-09 13:30:00+00:00,4,selected,,bls_employment_2024-03-08
NZDUSD,2024-02-02 13:30:00+00:00,5,rejected,BLS CPI/employment date,bls_employment_2024-03-08
NZDUSD,2024-01-26 13:30:00+00:00,6,valid_not_selected,,bls_employment_2024-03-08
NZDUSD,2024-01-19 13:30:00+00:00,7,valid_not_selected,,bls_employment_2024-03-08
NZDUSD,2024-01-12 13:30:00+00:00,8,valid_not_selected,,bls_employment_2024-03-08
NZDUSD,2024-01-05 13:30:00+00:00,9,rejected,BLS CPI/employment date,bls_employment_2024-03-08
NZDUSD,2023-12-29 13:30:00+00:00,10,valid_not_selected,,bls_employment_2024-03-08
NZDUSD,2023-12-22 13:30:00+00:00,11,valid_not_selected,,bls_employment_2024-03-08
NZDUSD,2023-12-15 13:30:00+00:00,12,valid_not_selected,,bls_employment_2024-03-08
USDJPY,2024-03-01 13:30:00+00:00,1,selected,,bls_employment_2024-03-08
USDJPY,2024-02-23 13:30:00+00:00,2,selected,,bls_employment_2024-03-08
USDJPY,2024-02-16 13:30:00+00:00,3,selected,,bls_employment_2024-03-08
USDJPY,2024-02-09 13:30:00+00:00,4,selected,,bls_employment_2024-03-08
USDJPY,2024-02-02 13:30:00+00:00,5,rejected,BLS CPI/employment date,bls_employment_2024-03-08
USDJPY,2024-01-26 13:30:00+00:00,6,valid_not_selected,,bls_employment_2024-03-08
USDJPY,2024-01-19 13:30:00+00:00,7,valid_not_selected,,bls_employment_2024-03-08
USDJPY,2024-01-12 13:30:00+00:00,8,valid_not_selected,,bls_employment_2024-03-08
USDJPY,2024-01-05 13:30:00+00:00,9,rejected,BLS CPI/employment date,bls_employment_2024-03-08
USDJPY,2023-12-29 13:30:00+00:00,10,valid_not_selected,,bls_employment_2024-03-08
USDJPY,2023-12-22 13:30:00+00:00,11,valid_not_selected,,bls_employment_2024-03-08
USDJPY,2023-12-15 13:30:00+00:00,12,valid_not_selected,,bls_employment_2024-03-08
USDCHF,2024-03-01 13:30:00+00:00,1,selected,,bls_employment_2024-03-08
USDCHF,2024-02-23 13:30:00+00:00,2,selected,,bls_employment_2024-03-08
USDCHF,2024-02-16 13:30:00+00:00,3,selected,,bls_employment_2024-03-08
USDCHF,2024-02-09 13:30:00+00:00,4,selected,,bls_employment_2024-03-08
USDCHF,2024-02-02 13:30:00+00:00,5,rejected,BLS CPI/employment date,bls_employment_2024-03-08
USDCHF,2024-01-26 13:30:00+00:00,6,valid_not_selected,,bls_employment_2024-03-08
USDCHF,2024-01-19 13:30:00+00:00,7,valid_not_selected,,bls_employment_2024-03-08
USDCHF,2024-01-12 13:30:00+00:00,8,valid_not_selected,,bls_employment_2024-03-08
USDCHF,2024-01-05 13:30:00+00:00,9,rejected,BLS CPI/employment date,bls_employment_2024-03-08
USDCHF,2023-12-29 13:30:00+00:00,10,valid_not_selected,,bls_employment_2024-03-08
USDCHF,2023-12-22 13:30:00+00:00,11,valid_not_selected,,bls_employment_2024-03-08
USDCHF,2023-12-15 13:30:00+00:00,12,valid_not_selected,,bls_employment_2024-03-08
USDCAD,2024-03-01 13:30:00+00:00,1,selected,,bls_employment_2024-03-08
USDCAD,2024-02-23 13:30:00+00:00,2,selected,,bls_employment_2024-03-08
USDCAD,2024-02-16 13:30:00+00:00,3,selected,,bls_employment_2024-03-08
USDCAD,2024-02-09 13:30:00+00:00,4,selected,,bls_employment_2024-03-08
USDCAD,2024-02-02 13:30:00+00:00,5,rejected,BLS CPI/employment date,bls_employment_2024-03-08
USDCAD,2024-01-26 13:30:00+00:00,6,valid_not_selected,,bls_employment_2024-03-08
USDCAD,2024-01-19 13:30:00+00:00,7,valid_not_selected,,bls_employment_2024-03-08
USDCAD,2024-01-12 13:30:00+00:00,8,valid_not_selected,,bls_employment_2024-03-08
USDCAD,2024-01-05 13:30:00+00:00,9,rejected,BLS CPI/employment date,bls_employment_2024-03-08
USDCAD,2023-12-29 13:30:00+00:00,10,valid_not_selected,,bls_employment_2024-03-08
USDCAD,2023-12-22 13:30:00+00:00,11,valid_not_selected,,bls_employment_2024-03-08
USDCAD,2023-12-15 13:30:00+00:00,12,valid_not_selected,,bls_employment_2024-03-08
EURJPY,2024-03-01 13:30:00+00:00,1,selected,,bls_employment_2024-03-08
EURJPY,2024-02-23 13:30:00+00:00,2,selected,,bls_employment_2024-03-08
EURJPY,2024-02-16 13:30:00+00:00,3,selected,,bls_employment_2024-03-08
EURJPY,2024-02-09 13:30:00+00:00,4,selected,,bls_employment_2024-03-08
EURJPY,2024-02-02 13:30:00+00:00,5,rejected,BLS CPI/employment date,bls_employment_2024-03-08
EURJPY,2024-01-26 13:30:00+00:00,6,valid_not_selected,,bls_employment_2024-03-08
EURJPY,2024-01-19 13:30:00+00:00,7,valid_not_selected,,bls_employment_2024-03-08
EURJPY,2024-01-12 13:30:00+00:00,8,valid_not_selected,,bls_employment_2024-03-08
EURJPY,2024-01-05 13:30:00+00:00,9,rejected,BLS CPI/employment date,bls_employment_2024-03-08
EURJPY,2023-12-29 13:30:00+00:00,10,valid_not_selected,,bls_employment_2024-03-08
EURJPY,2023-12-22 13:30:00+00:00,11,valid_not_selected,,bls_employment_2024-03-08
EURJPY,2023-12-15 13:30:00+00:00,12,valid_not_selected,,bls_employment_2024-03-08
XAUUSD,2024-03-01 13:30:00+00:00,1,selected,,bls_employment_2024-03-08
XAUUSD,2024-02-23 13:30:00+00:00,2,selected,,bls_employment_2024-03-08
XAUUSD,2024-02-16 13:30:00+00:00,3,selected,,bls_employment_2024-03-08
XAUUSD,2024-02-09 13:30:00+00:00,4,selected,,bls_employment_2024-03-08
XAUUSD,2024-02-02 13:30:00+00:00,5,rejected,BLS CPI/employment date,bls_employment_2024-03-08
XAUUSD,2024-01-26 13:30:00+00:00,6,valid_not_selected,,bls_employment_2024-03-08
XAUUSD,2024-01-19 13:30:00+00:00,7,valid_not_selected,,bls_employment_2024-03-08
XAUUSD,2024-01-12 13:30:00+00:00,8,valid_not_selected,,bls_employment_2024-03-08
XAUUSD,2024-01-05 13:30:00+00:00,9,rejected,BLS CPI/employment date,bls_employment_2024-03-08
XAUUSD,2023-12-29 13:30:00+00:00,10,valid_not_selected,,bls_employment_2024-03-08
XAUUSD,2023-12-22 13:30:00+00:00,11,valid_not_selected,,bls_employment_2024-03-08
XAUUSD,2023-12-15 13:30:00+00:00,12,valid_not_selected,,bls_employment_2024-03-08
XAGUSD,2024-03-01 13:30:00+00:00,1,selected,,bls_employment_2024-03-08
XAGUSD,2024-02-23 13:30:00+00:00,2,selected,,bls_employment_2024-03-08
XAGUSD,2024-02-16 13:30:00+00:00,3,selected,,bls_employment_2024-03-08
XAGUSD,2024-02-09 13:30:00+00:00,4,selected,,bls_employment_2024-03-08
XAGUSD,2024-02-02 13:30:00+00:00,5,rejected,BLS CPI/employment date,bls_employment_2024-03-08
XAGUSD,2024-01-26 13:30:00+00:00,6,valid_not_selected,,bls_employment_2024-03-08
XAGUSD,2024-01-19 13:30:00+00:00,7,valid_not_selected,,bls_employment_2024-03-08
XAGUSD,2024-01-12 13:30:00+00:00,8,valid_not_selected,,bls_employment_2024-03-08
XAGUSD,2024-01-05 13:30:00+00:00,9,rejected,BLS CPI/employment date,bls_employment_2024-03-08
XAGUSD,2023-12-29 13:30:00+00:00,10,valid_not_selected,,bls_employment_2024-03-08
XAGUSD,2023-12-22 13:30:00+00:00,11,valid_not_selected,,bls_employment_2024-03-08
XAGUSD,2023-12-15 13:30:00+00:00,12,valid_not_selected,,bls_employment_2024-03-08
SPXUSD,2024-03-01 13:30:00+00:00,1,selected,,bls_employment_2024-03-08
SPXUSD,2024-02-23 13:30:00+00:00,2,selected,,bls_employment_2024-03-08
SPXUSD,2024-02-16 13:30:00+00:00,3,selected,,bls_employment_2024-03-08
SPXUSD,2024-02-09 13:30:00+00:00,4,selected,,bls_employment_2024-03-08
SPXUSD,2024-02-02 13:30:00+00:00,5,rejected,BLS CPI/employment date,bls_employment_2024-03-08
SPXUSD,2024-01-26 13:30:00+00:00,6,valid_not_selected,,bls_employment_2024-03-08
SPXUSD,2024-01-19 13:30:00+00:00,7,valid_not_selected,,bls_employment_2024-03-08
SPXUSD,2024-01-12 13:30:00+00:00,8,valid_not_selected,,bls_employment_2024-03-08
SPXUSD,2024-01-05 13:30:00+00:00,9,rejected,BLS CPI/employment date,bls_employment_2024-03-08
SPXUSD,2023-12-29 13:30:00+00:00,10,valid_not_selected,,bls_employment_2024-03-08
SPXUSD,2023-12-22 13:30:00+00:00,11,valid_not_selected,,bls_employment_2024-03-08
SPXUSD,2023-12-15 13:30:00+00:00,12,valid_not_selected,,bls_employment_2024-03-08
NSXUSD,2024-03-01 13:30:00+00:00,1,selected,,bls_employment_2024-03-08
NSXUSD,2024-02-23 13:30:00+00:00,2,selected,,bls_employment_2024-03-08
NSXUSD,2024-02-16 13:30:00+00:00,3,selected,,bls_employment_2024-03-08
NSXUSD,2024-02-09 13:30:00+00:00,4,selected,,bls_employment_2024-03-08
NSXUSD,2024-02-02 13:30:00+00:00,5,rejected,BLS CPI/employment date,bls_employment_2024-03-08
NSXUSD,2024-01-26 13:30:00+00:00,6,valid_not_selected,,bls_employment_2024-03-08
NSXUSD,2024-01-19 13:30:00+00:00,7,valid_not_selected,,bls_employment_2024-03-08
NSXUSD,2024-01-12 13:30:00+00:00,8,valid_not_selected,,bls_employment_2024-03-08
NSXUSD,2024-01-05 13:30:00+00:00,9,rejected,BLS CPI/employment date,bls_employment_2024-03-08
NSXUSD,2023-12-29 13:30:00+00:00,10,valid_not_selected,,bls_employment_2024-03-08
NSXUSD,2023-12-22 13:30:00+00:00,11,valid_not_selected,,bls_employment_2024-03-08
NSXUSD,2023-12-15 13:30:00+00:00,12,valid_not_selected,,bls_employment_2024-03-08
GRXEUR,2024-03-01 13:30:00+00:00,1,selected,,bls_employment_2024-03-08
GRXEUR,2024-02-23 13:30:00+00:00,2,selected,,bls_employment_2024-03-08
GRXEUR,2024-02-16 13:30:00+00:00,3,selected,,bls_employment_2024-03-08
GRXEUR,2024-02-09 13:30:00+00:00,4,selected,,bls_employment_2024-03-08
GRXEUR,2024-02-02 13:30:00+00:00,5,rejected,BLS CPI/employment date,bls_employment_2024-03-08
GRXEUR,2024-01-26 13:30:00+00:00,6,valid_not_selected,,bls_employment_2024-03-08
GRXEUR,2024-01-19 13:30:00+00:00,7,valid_not_selected,,bls_employment_2024-03-08
GRXEUR,2024-01-12 13:30:00+00:00,8,valid_not_selected,,bls_employment_2024-03-08
GRXEUR,2024-01-05 13:30:00+00:00,9,rejected,BLS CPI/employment date,bls_employment_2024-03-08
GRXEUR,2023-12-29 13:30:00+00:00,10,valid_not_selected,,bls_employment_2024-03-08
GRXEUR,2023-12-22 13:30:00+00:00,11,valid_not_selected,,bls_employment_2024-03-08
GRXEUR,2023-12-15 13:30:00+00:00,12,valid_not_selected,,bls_employment_2024-03-08
UKXGBP,2024-03-01 13:30:00+00:00,1,rejected,quote absent/nonpositive,bls_employment_2024-03-08
UKXGBP,2024-02-23 13:30:00+00:00,2,selected,,bls_employment_2024-03-08
UKXGBP,2024-02-16 13:30:00+00:00,3,selected,,bls_employment_2024-03-08
UKXGBP,2024-02-09 13:30:00+00:00,4,selected,,bls_employment_2024-03-08
UKXGBP,2024-02-02 13:30:00+00:00,5,rejected,BLS CPI/employment date,bls_employment_2024-03-08
UKXGBP,2024-01-26 13:30:00+00:00,6,selected,,bls_employment_2024-03-08
UKXGBP,2024-01-19 13:30:00+00:00,7,valid_not_selected,,bls_employment_2024-03-08
UKXGBP,2024-01-12 13:30:00+00:00,8,valid_not_selected,,bls_employment_2024-03-08
UKXGBP,2024-01-05 13:30:00+00:00,9,rejected,BLS CPI/employment date,bls_employment_2024-03-08
UKXGBP,2023-12-29 13:30:00+00:00,10,rejected,quote absent/nonpositive,bls_employment_2024-03-08
UKXGBP,2023-12-22 13:30:00+00:00,11,rejected,quote absent/nonpositive,bls_employment_2024-03-08
UKXGBP,2023-12-15 13:30:00+00:00,12,valid_not_selected,,bls_employment_2024-03-08
BCOUSD,2024-03-01 13:30:00+00:00,1,selected,,bls_employment_2024-03-08
BCOUSD,2024-02-23 13:30:00+00:00,2,selected,,bls_employment_2024-03-08
BCOUSD,2024-02-16 13:30:00+00:00,3,selected,,bls_employment_2024-03-08
BCOUSD,2024-02-09 13:30:00+00:00,4,selected,,bls_employment_2024-03-08
BCOUSD,2024-02-02 13:30:00+00:00,5,rejected,BLS CPI/employment date,bls_employment_2024-03-08
BCOUSD,2024-01-26 13:30:00+00:00,6,valid_not_selected,,bls_employment_2024-03-08
BCOUSD,2024-01-19 13:30:00+00:00,7,valid_not_selected,,bls_employment_2024-03-08
BCOUSD,2024-01-12 13:30:00+00:00,8,valid_not_selected,,bls_employment_2024-03-08
BCOUSD,2024-01-05 13:30:00+00:00,9,rejected,BLS CPI/employment date,bls_employment_2024-03-08
BCOUSD,2023-12-29 13:30:00+00:00,10,valid_not_selected,,bls_employment_2024-03-08
BCOUSD,2023-12-22 13:30:00+00:00,11,valid_not_selected,,bls_employment_2024-03-08
BCOUSD,2023-12-15 13:30:00+00:00,12,valid_not_selected,,bls_employment_2024-03-08
EURUSD,2024-03-05 13:30:00+00:00,1,selected,,bls_cpi_2024-03-12
EURUSD,2024-02-27 13:30:00+00:00,2,selected,,bls_cpi_2024-03-12
EURUSD,2024-02-20 13:30:00+00:00,3,selected,,bls_cpi_2024-03-12
EURUSD,2024-02-13 13:30:00+00:00,4,rejected,BLS CPI/employment date,bls_cpi_2024-03-12
EURUSD,2024-02-06 13:30:00+00:00,5,selected,,bls_cpi_2024-03-12
EURUSD,2024-01-30 13:30:00+00:00,6,valid_not_selected,,bls_cpi_2024-03-12
EURUSD,2024-01-23 13:30:00+00:00,7,valid_not_selected,,bls_cpi_2024-03-12
EURUSD,2024-01-16 13:30:00+00:00,8,valid_not_selected,,bls_cpi_2024-03-12
EURUSD,2024-01-09 13:30:00+00:00,9,valid_not_selected,,bls_cpi_2024-03-12
EURUSD,2024-01-02 13:30:00+00:00,10,valid_not_selected,,bls_cpi_2024-03-12
EURUSD,2023-12-26 13:30:00+00:00,11,valid_not_selected,,bls_cpi_2024-03-12
EURUSD,2023-12-19 13:30:00+00:00,12,valid_not_selected,,bls_cpi_2024-03-12
GBPUSD,2024-03-05 13:30:00+00:00,1,selected,,bls_cpi_2024-03-12
GBPUSD,2024-02-27 13:30:00+00:00,2,selected,,bls_cpi_2024-03-12
GBPUSD,2024-02-20 13:30:00+00:00,3,selected,,bls_cpi_2024-03-12
GBPUSD,2024-02-13 13:30:00+00:00,4,rejected,BLS CPI/employment date,bls_cpi_2024-03-12
GBPUSD,2024-02-06 13:30:00+00:00,5,selected,,bls_cpi_2024-03-12
GBPUSD,2024-01-30 13:30:00+00:00,6,valid_not_selected,,bls_cpi_2024-03-12
GBPUSD,2024-01-23 13:30:00+00:00,7,valid_not_selected,,bls_cpi_2024-03-12
GBPUSD,2024-01-16 13:30:00+00:00,8,valid_not_selected,,bls_cpi_2024-03-12
GBPUSD,2024-01-09 13:30:00+00:00,9,valid_not_selected,,bls_cpi_2024-03-12
GBPUSD,2024-01-02 13:30:00+00:00,10,valid_not_selected,,bls_cpi_2024-03-12
GBPUSD,2023-12-26 13:30:00+00:00,11,valid_not_selected,,bls_cpi_2024-03-12
GBPUSD,2023-12-19 13:30:00+00:00,12,valid_not_selected,,bls_cpi_2024-03-12
AUDUSD,2024-03-05 13:30:00+00:00,1,selected,,bls_cpi_2024-03-12
AUDUSD,2024-02-27 13:30:00+00:00,2,selected,,bls_cpi_2024-03-12
AUDUSD,2024-02-20 13:30:00+00:00,3,selected,,bls_cpi_2024-03-12
AUDUSD,2024-02-13 13:30:00+00:00,4,rejected,BLS CPI/employment date,bls_cpi_2024-03-12
AUDUSD,2024-02-06 13:30:00+00:00,5,selected,,bls_cpi_2024-03-12
AUDUSD,2024-01-30 13:30:00+00:00,6,valid_not_selected,,bls_cpi_2024-03-12
AUDUSD,2024-01-23 13:30:00+00:00,7,valid_not_selected,,bls_cpi_2024-03-12
AUDUSD,2024-01-16 13:30:00+00:00,8,valid_not_selected,,bls_cpi_2024-03-12
AUDUSD,2024-01-09 13:30:00+00:00,9,valid_not_selected,,bls_cpi_2024-03-12
AUDUSD,2024-01-02 13:30:00+00:00,10,valid_not_selected,,bls_cpi_2024-03-12
AUDUSD,2023-12-26 13:30:00+00:00,11,valid_not_selected,,bls_cpi_2024-03-12
AUDUSD,2023-12-19 13:30:00+00:00,12,valid_not_selected,,bls_cpi_2024-03-12
NZDUSD,2024-03-05 13:30:00+00:00,1,selected,,bls_cpi_2024-03-12
NZDUSD,2024-02-27 13:30:00+00:00,2,selected,,bls_cpi_2024-03-12
NZDUSD,2024-02-20 13:30:00+00:00,3,selected,,bls_cpi_2024-03-12
NZDUSD,2024-02-13 13:30:00+00:00,4,rejected,BLS CPI/employment date,bls_cpi_2024-03-12
NZDUSD,2024-02-06 13:30:00+00:00,5,selected,,bls_cpi_2024-03-12
NZDUSD,2024-01-30 13:30:00+00:00,6,valid_not_selected,,bls_cpi_2024-03-12
NZDUSD,2024-01-23 13:30:00+00:00,7,valid_not_selected,,bls_cpi_2024-03-12
NZDUSD,2024-01-16 13:30:00+00:00,8,valid_not_selected,,bls_cpi_2024-03-12
NZDUSD,2024-01-09 13:30:00+00:00,9,valid_not_selected,,bls_cpi_2024-03-12
NZDUSD,2024-01-02 13:30:00+00:00,10,valid_not_selected,,bls_cpi_2024-03-12
NZDUSD,2023-12-26 13:30:00+00:00,11,valid_not_selected,,bls_cpi_2024-03-12
NZDUSD,2023-12-19 13:30:00+00:00,12,valid_not_selected,,bls_cpi_2024-03-12
USDJPY,2024-03-05 13:30:00+00:00,1,selected,,bls_cpi_2024-03-12
USDJPY,2024-02-27 13:30:00+00:00,2,selected,,bls_cpi_2024-03-12
USDJPY,2024-02-20 13:30:00+00:00,3,selected,,bls_cpi_2024-03-12
USDJPY,2024-02-13 13:30:00+00:00,4,rejected,BLS CPI/employment date,bls_cpi_2024-03-12
USDJPY,2024-02-06 13:30:00+00:00,5,selected,,bls_cpi_2024-03-12
USDJPY,2024-01-30 13:30:00+00:00,6,valid_not_selected,,bls_cpi_2024-03-12
USDJPY,2024-01-23 13:30:00+00:00,7,valid_not_selected,,bls_cpi_2024-03-12
USDJPY,2024-01-16 13:30:00+00:00,8,valid_not_selected,,bls_cpi_2024-03-12
USDJPY,2024-01-09 13:30:00+00:00,9,valid_not_selected,,bls_cpi_2024-03-12
USDJPY,2024-01-02 13:30:00+00:00,10,valid_not_selected,,bls_cpi_2024-03-12
USDJPY,2023-12-26 13:30:00+00:00,11,valid_not_selected,,bls_cpi_2024-03-12
USDJPY,2023-12-19 13:30:00+00:00,12,valid_not_selected,,bls_cpi_2024-03-12
USDCHF,2024-03-05 13:30:00+00:00,1,selected,,bls_cpi_2024-03-12
USDCHF,2024-02-27 13:30:00+00:00,2,selected,,bls_cpi_2024-03-12
USDCHF,2024-02-20 13:30:00+00:00,3,selected,,bls_cpi_2024-03-12
USDCHF,2024-02-13 13:30:00+00:00,4,rejected,BLS CPI/employment date,bls_cpi_2024-03-12
USDCHF,2024-02-06 13:30:00+00:00,5,selected,,bls_cpi_2024-03-12
USDCHF,2024-01-30 13:30:00+00:00,6,valid_not_selected,,bls_cpi_2024-03-12
USDCHF,2024-01-23 13:30:00+00:00,7,valid_not_selected,,bls_cpi_2024-03-12
USDCHF,2024-01-16 13:30:00+00:00,8,valid_not_selected,,bls_cpi_2024-03-12
USDCHF,2024-01-09 13:30:00+00:00,9,valid_not_selected,,bls_cpi_2024-03-12
USDCHF,2024-01-02 13:30:00+00:00,10,valid_not_selected,,bls_cpi_2024-03-12
USDCHF,2023-12-26 13:30:00+00:00,11,valid_not_selected,,bls_cpi_2024-03-12
USDCHF,2023-12-19 13:30:00+00:00,12,valid_not_selected,,bls_cpi_2024-03-12
USDCAD,2024-03-05 13:30:00+00:00,1,selected,,bls_cpi_2024-03-12
USDCAD,2024-02-27 13:30:00+00:00,2,selected,,bls_cpi_2024-03-12
USDCAD,2024-02-20 13:30:00+00:00,3,selected,,bls_cpi_2024-03-12
USDCAD,2024-02-13 13:30:00+00:00,4,rejected,BLS CPI/employment date,bls_cpi_2024-03-12
USDCAD,2024-02-06 13:30:00+00:00,5,selected,,bls_cpi_2024-03-12
USDCAD,2024-01-30 13:30:00+00:00,6,valid_not_selected,,bls_cpi_2024-03-12
USDCAD,2024-01-23 13:30:00+00:00,7,valid_not_selected,,bls_cpi_2024-03-12
USDCAD,2024-01-16 13:30:00+00:00,8,valid_not_selected,,bls_cpi_2024-03-12
USDCAD,2024-01-09 13:30:00+00:00,9,valid_not_selected,,bls_cpi_2024-03-12
USDCAD,2024-01-02 13:30:00+00:00,10,valid_not_selected,,bls_cpi_2024-03-12
USDCAD,2023-12-26 13:30:00+00:00,11,valid_not_selected,,bls_cpi_2024-03-12
USDCAD,2023-12-19 13:30:00+00:00,12,valid_not_selected,,bls_cpi_2024-03-12
EURJPY,2024-03-05 13:30:00+00:00,1,selected,,bls_cpi_2024-03-12
EURJPY,2024-02-27 13:30:00+00:00,2,selected,,bls_cpi_2024-03-12
EURJPY,2024-02-20 13:30:00+00:00,3,selected,,bls_cpi_2024-03-12
EURJPY,2024-02-13 13:30:00+00:00,4,rejected,BLS CPI/employment date,bls_cpi_2024-03-12
EURJPY,2024-02-06 13:30:00+00:00,5,selected,,bls_cpi_2024-03-12
EURJPY,2024-01-30 13:30:00+00:00,6,valid_not_selected,,bls_cpi_2024-03-12
EURJPY,2024-01-23 13:30:00+00:00,7,valid_not_selected,,bls_cpi_2024-03-12
EURJPY,2024-01-16 13:30:00+00:00,8,valid_not_selected,,bls_cpi_2024-03-12
EURJPY,2024-01-09 13:30:00+00:00,9,valid_not_selected,,bls_cpi_2024-03-12
EURJPY,2024-01-02 13:30:00+00:00,10,valid_not_selected,,bls_cpi_2024-03-12
EURJPY,2023-12-26 13:30:00+00:00,11,valid_not_selected,,bls_cpi_2024-03-12
EURJPY,2023-12-19 13:30:00+00:00,12,valid_not_selected,,bls_cpi_2024-03-12
XAUUSD,2024-03-05 13:30:00+00:00,1,selected,,bls_cpi_2024-03-12
XAUUSD,2024-02-27 13:30:00+00:00,2,selected,,bls_cpi_2024-03-12
XAUUSD,2024-02-20 13:30:00+00:00,3,selected,,bls_cpi_2024-03-12
XAUUSD,2024-02-13 13:30:00+00:00,4,rejected,BLS CPI/employment date,bls_cpi_2024-03-12
XAUUSD,2024-02-06 13:30:00+00:00,5,selected,,bls_cpi_2024-03-12
XAUUSD,2024-01-30 13:30:00+00:00,6,valid_not_selected,,bls_cpi_2024-03-12
XAUUSD,2024-01-23 13:30:00+00:00,7,valid_not_selected,,bls_cpi_2024-03-12
XAUUSD,2024-01-16 13:30:00+00:00,8,valid_not_selected,,bls_cpi_2024-03-12
XAUUSD,2024-01-09 13:30:00+00:00,9,valid_not_selected,,bls_cpi_2024-03-12
XAUUSD,2024-01-02 13:30:00+00:00,10,valid_not_selected,,bls_cpi_2024-03-12
XAUUSD,2023-12-26 13:30:00+00:00,11,valid_not_selected,,bls_cpi_2024-03-12
XAUUSD,2023-12-19 13:30:00+00:00,12,valid_not_selected,,bls_cpi_2024-03-12
XAGUSD,2024-03-05 13:30:00+00:00,1,selected,,bls_cpi_2024-03-12
XAGUSD,2024-02-27 13:30:00+00:00,2,selected,,bls_cpi_2024-03-12
XAGUSD,2024-02-20 13:30:00+00:00,3,selected,,bls_cpi_2024-03-12
XAGUSD,2024-02-13 13:30:00+00:00,4,rejected,BLS CPI/employment date,bls_cpi_2024-03-12
XAGUSD,2024-02-06 13:30:00+00:00,5,selected,,bls_cpi_2024-03-12
XAGUSD,2024-01-30 13:30:00+00:00,6,valid_not_selected,,bls_cpi_2024-03-12
XAGUSD,2024-01-23 13:30:00+00:00,7,valid_not_selected,,bls_cpi_2024-03-12
XAGUSD,2024-01-16 13:30:00+00:00,8,valid_not_selected,,bls_cpi_2024-03-12
XAGUSD,2024-01-09 13:30:00+00:00,9,valid_not_selected,,bls_cpi_2024-03-12
XAGUSD,2024-01-02 13:30:00+00:00,10,valid_not_selected,,bls_cpi_2024-03-12
XAGUSD,2023-12-26 13:30:00+00:00,11,valid_not_selected,,bls_cpi_2024-03-12
XAGUSD,2023-12-19 13:30:00+00:00,12,valid_not_selected,,bls_cpi_2024-03-12
SPXUSD,2024-03-05 13:30:00+00:00,1,selected,,bls_cpi_2024-03-12
SPXUSD,2024-02-27 13:30:00+00:00,2,selected,,bls_cpi_2024-03-12
SPXUSD,2024-02-20 13:30:00+00:00,3,selected,,bls_cpi_2024-03-12
SPXUSD,2024-02-13 13:30:00+00:00,4,rejected,BLS CPI/employment date,bls_cpi_2024-03-12
SPXUSD,2024-02-06 13:30:00+00:00,5,selected,,bls_cpi_2024-03-12
SPXUSD,2024-01-30 13:30:00+00:00,6,valid_not_selected,,bls_cpi_2024-03-12
SPXUSD,2024-01-23 13:30:00+00:00,7,valid_not_selected,,bls_cpi_2024-03-12
SPXUSD,2024-01-16 13:30:00+00:00,8,valid_not_selected,,bls_cpi_2024-03-12
SPXUSD,2024-01-09 13:30:00+00:00,9,valid_not_selected,,bls_cpi_2024-03-12
SPXUSD,2024-01-02 13:30:00+00:00,10,valid_not_selected,,bls_cpi_2024-03-12
SPXUSD,2023-12-26 13:30:00+00:00,11,valid_not_selected,,bls_cpi_2024-03-12
SPXUSD,2023-12-19 13:30:00+00:00,12,valid_not_selected,,bls_cpi_2024-03-12
NSXUSD,2024-03-05 13:30:00+00:00,1,selected,,bls_cpi_2024-03-12
NSXUSD,2024-02-27 13:30:00+00:00,2,selected,,bls_cpi_2024-03-12
NSXUSD,2024-02-20 13:30:00+00:00,3,selected,,bls_cpi_2024-03-12
NSXUSD,2024-02-13 13:30:00+00:00,4,rejected,BLS CPI/employment date,bls_cpi_2024-03-12
NSXUSD,2024-02-06 13:30:00+00:00,5,selected,,bls_cpi_2024-03-12
NSXUSD,2024-01-30 13:30:00+00:00,6,valid_not_selected,,bls_cpi_2024-03-12
NSXUSD,2024-01-23 13:30:00+00:00,7,valid_not_selected,,bls_cpi_2024-03-12
NSXUSD,2024-01-16 13:30:00+00:00,8,valid_not_selected,,bls_cpi_2024-03-12
NSXUSD,2024-01-09 13:30:00+00:00,9,valid_not_selected,,bls_cpi_2024-03-12
NSXUSD,2024-01-02 13:30:00+00:00,10,valid_not_selected,,bls_cpi_2024-03-12
NSXUSD,2023-12-26 13:30:00+00:00,11,valid_not_selected,,bls_cpi_2024-03-12
NSXUSD,2023-12-19 13:30:00+00:00,12,valid_not_selected,,bls_cpi_2024-03-12
GRXEUR,2024-03-05 13:30:00+00:00,1,selected,,bls_cpi_2024-03-12
GRXEUR,2024-02-27 13:30:00+00:00,2,selected,,bls_cpi_2024-03-12
GRXEUR,2024-02-20 13:30:00+00:00,3,selected,,bls_cpi_2024-03-12
GRXEUR,2024-02-13 13:30:00+00:00,4,rejected,BLS CPI/employment date,bls_cpi_2024-03-12
GRXEUR,2024-02-06 13:30:00+00:00,5,selected,,bls_cpi_2024-03-12
GRXEUR,2024-01-30 13:30:00+00:00,6,valid_not_selected,,bls_cpi_2024-03-12
GRXEUR,2024-01-23 13:30:00+00:00,7,valid_not_selected,,bls_cpi_2024-03-12
GRXEUR,2024-01-16 13:30:00+00:00,8,valid_not_selected,,bls_cpi_2024-03-12
GRXEUR,2024-01-09 13:30:00+00:00,9,valid_not_selected,,bls_cpi_2024-03-12
GRXEUR,2024-01-02 13:30:00+00:00,10,valid_not_selected,,bls_cpi_2024-03-12
GRXEUR,2023-12-26 13:30:00+00:00,11,rejected,quote absent/nonpositive,bls_cpi_2024-03-12
GRXEUR,2023-12-19 13:30:00+00:00,12,valid_not_selected,,bls_cpi_2024-03-12
UKXGBP,2024-03-05 13:30:00+00:00,1,selected,,bls_cpi_2024-03-12
UKXGBP,2024-02-27 13:30:00+00:00,2,selected,,bls_cpi_2024-03-12
UKXGBP,2024-02-20 13:30:00+00:00,3,selected,,bls_cpi_2024-03-12
UKXGBP,2024-02-13 13:30:00+00:00,4,rejected,BLS CPI/employment date,bls_cpi_2024-03-12
UKXGBP,2024-02-06 13:30:00+00:00,5,selected,,bls_cpi_2024-03-12
UKXGBP,2024-01-30 13:30:00+00:00,6,valid_not_selected,,bls_cpi_2024-03-12
UKXGBP,2024-01-23 13:30:00+00:00,7,valid_not_selected,,bls_cpi_2024-03-12
UKXGBP,2024-01-16 13:30:00+00:00,8,valid_not_selected,,bls_cpi_2024-03-12
UKXGBP,2024-01-09 13:30:00+00:00,9,valid_not_selected,,bls_cpi_2024-03-12
UKXGBP,2024-01-02 13:30:00+00:00,10,valid_not_selected,,bls_cpi_2024-03-12
UKXGBP,2023-12-26 13:30:00+00:00,11,valid_not_selected,,bls_cpi_2024-03-12
UKXGBP,2023-12-19 13:30:00+00:00,12,valid_not_selected,,bls_cpi_2024-03-12
BCOUSD,2024-03-05 13:30:00+00:00,1,selected,,bls_cpi_2024-03-12
BCOUSD,2024-02-27 13:30:00+00:00,2,selected,,bls_cpi_2024-03-12
BCOUSD,2024-02-20 13:30:00+00:00,3,selected,,bls_cpi_2024-03-12
BCOUSD,2024-02-13 13:30:00+00:00,4,rejected,BLS CPI/employment date,bls_cpi_2024-03-12
BCOUSD,2024-02-06 13:30:00+00:00,5,selected,,bls_cpi_2024-03-12
BCOUSD,2024-01-30 13:30:00+00:00,6,valid_not_selected,,bls_cpi_2024-03-12
BCOUSD,2024-01-23 13:30:00+00:00,7,valid_not_selected,,bls_cpi_2024-03-12
BCOUSD,2024-01-16 13:30:00+00:00,8,valid_not_selected,,bls_cpi_2024-03-12
BCOUSD,2024-01-09 13:30:00+00:00,9,valid_not_selected,,bls_cpi_2024-03-12
BCOUSD,2024-01-02 13:30:00+00:00,10,valid_not_selected,,bls_cpi_2024-03-12
BCOUSD,2023-12-26 13:30:00+00:00,11,valid_not_selected,,bls_cpi_2024-03-12
BCOUSD,2023-12-19 13:30:00+00:00,12,valid_not_selected,,bls_cpi_2024-03-12
EURUSD,2024-03-29 13:30:00+00:00,1,selected,,bls_employment_2024-04-05
EURUSD,2024-03-22 13:30:00+00:00,2,selected,,bls_employment_2024-04-05
EURUSD,2024-03-15 13:30:00+00:00,3,selected,,bls_employment_2024-04-05
EURUSD,2024-03-08 13:30:00+00:00,4,rejected,BLS CPI/employment date,bls_employment_2024-04-05
EURUSD,2024-03-01 13:30:00+00:00,5,selected,,bls_employment_2024-04-05
EURUSD,2024-02-23 13:30:00+00:00,6,valid_not_selected,,bls_employment_2024-04-05
EURUSD,2024-02-16 13:30:00+00:00,7,valid_not_selected,,bls_employment_2024-04-05
EURUSD,2024-02-09 13:30:00+00:00,8,valid_not_selected,,bls_employment_2024-04-05
EURUSD,2024-02-02 13:30:00+00:00,9,rejected,BLS CPI/employment date,bls_employment_2024-04-05
EURUSD,2024-01-26 13:30:00+00:00,10,valid_not_selected,,bls_employment_2024-04-05
EURUSD,2024-01-19 13:30:00+00:00,11,valid_not_selected,,bls_employment_2024-04-05
EURUSD,2024-01-12 13:30:00+00:00,12,valid_not_selected,,bls_employment_2024-04-05
GBPUSD,2024-03-29 13:30:00+00:00,1,selected,,bls_employment_2024-04-05
GBPUSD,2024-03-22 13:30:00+00:00,2,selected,,bls_employment_2024-04-05
GBPUSD,2024-03-15 13:30:00+00:00,3,selected,,bls_employment_2024-04-05
GBPUSD,2024-03-08 13:30:00+00:00,4,rejected,BLS CPI/employment date,bls_employment_2024-04-05
GBPUSD,2024-03-01 13:30:00+00:00,5,selected,,bls_employment_2024-04-05
GBPUSD,2024-02-23 13:30:00+00:00,6,valid_not_selected,,bls_employment_2024-04-05
GBPUSD,2024-02-16 13:30:00+00:00,7,valid_not_selected,,bls_employment_2024-04-05
GBPUSD,2024-02-09 13:30:00+00:00,8,valid_not_selected,,bls_employment_2024-04-05
GBPUSD,2024-02-02 13:30:00+00:00,9,rejected,BLS CPI/employment date,bls_employment_2024-04-05
GBPUSD,2024-01-26 13:30:00+00:00,10,valid_not_selected,,bls_employment_2024-04-05
GBPUSD,2024-01-19 13:30:00+00:00,11,valid_not_selected,,bls_employment_2024-04-05
GBPUSD,2024-01-12 13:30:00+00:00,12,valid_not_selected,,bls_employment_2024-04-05
AUDUSD,2024-03-29 13:30:00+00:00,1,selected,,bls_employment_2024-04-05
AUDUSD,2024-03-22 13:30:00+00:00,2,selected,,bls_employment_2024-04-05
AUDUSD,2024-03-15 13:30:00+00:00,3,selected,,bls_employment_2024-04-05
AUDUSD,2024-03-08 13:30:00+00:00,4,rejected,BLS CPI/employment date,bls_employment_2024-04-05
AUDUSD,2024-03-01 13:30:00+00:00,5,selected,,bls_employment_2024-04-05
AUDUSD,2024-02-23 13:30:00+00:00,6,valid_not_selected,,bls_employment_2024-04-05
AUDUSD,2024-02-16 13:30:00+00:00,7,valid_not_selected,,bls_employment_2024-04-05
AUDUSD,2024-02-09 13:30:00+00:00,8,valid_not_selected,,bls_employment_2024-04-05
AUDUSD,2024-02-02 13:30:00+00:00,9,rejected,BLS CPI/employment date,bls_employment_2024-04-05
AUDUSD,2024-01-26 13:30:00+00:00,10,valid_not_selected,,bls_employment_2024-04-05
AUDUSD,2024-01-19 13:30:00+00:00,11,valid_not_selected,,bls_employment_2024-04-05
AUDUSD,2024-01-12 13:30:00+00:00,12,valid_not_selected,,bls_employment_2024-04-05
NZDUSD,2024-03-29 13:30:00+00:00,1,selected,,bls_employment_2024-04-05
NZDUSD,2024-03-22 13:30:00+00:00,2,selected,,bls_employment_2024-04-05
NZDUSD,2024-03-15 13:30:00+00:00,3,selected,,bls_employment_2024-04-05
NZDUSD,2024-03-08 13:30:00+00:00,4,rejected,BLS CPI/employment date,bls_employment_2024-04-05
NZDUSD,2024-03-01 13:30:00+00:00,5,selected,,bls_employment_2024-04-05
NZDUSD,2024-02-23 13:30:00+00:00,6,valid_not_selected,,bls_employment_2024-04-05
NZDUSD,2024-02-16 13:30:00+00:00,7,valid_not_selected,,bls_employment_2024-04-05
NZDUSD,2024-02-09 13:30:00+00:00,8,valid_not_selected,,bls_employment_2024-04-05
NZDUSD,2024-02-02 13:30:00+00:00,9,rejected,BLS CPI/employment date,bls_employment_2024-04-05
NZDUSD,2024-01-26 13:30:00+00:00,10,valid_not_selected,,bls_employment_2024-04-05
NZDUSD,2024-01-19 13:30:00+00:00,11,valid_not_selected,,bls_employment_2024-04-05
NZDUSD,2024-01-12 13:30:00+00:00,12,valid_not_selected,,bls_employment_2024-04-05
USDJPY,2024-03-29 13:30:00+00:00,1,selected,,bls_employment_2024-04-05
USDJPY,2024-03-22 13:30:00+00:00,2,selected,,bls_employment_2024-04-05
USDJPY,2024-03-15 13:30:00+00:00,3,selected,,bls_employment_2024-04-05
USDJPY,2024-03-08 13:30:00+00:00,4,rejected,BLS CPI/employment date,bls_employment_2024-04-05
USDJPY,2024-03-01 13:30:00+00:00,5,selected,,bls_employment_2024-04-05
USDJPY,2024-02-23 13:30:00+00:00,6,valid_not_selected,,bls_employment_2024-04-05
USDJPY,2024-02-16 13:30:00+00:00,7,valid_not_selected,,bls_employment_2024-04-05
USDJPY,2024-02-09 13:30:00+00:00,8,valid_not_selected,,bls_employment_2024-04-05
USDJPY,2024-02-02 13:30:00+00:00,9,rejected,BLS CPI/employment date,bls_employment_2024-04-05
USDJPY,2024-01-26 13:30:00+00:00,10,valid_not_selected,,bls_employment_2024-04-05
USDJPY,2024-01-19 13:30:00+00:00,11,valid_not_selected,,bls_employment_2024-04-05
USDJPY,2024-01-12 13:30:00+00:00,12,valid_not_selected,,bls_employment_2024-04-05
USDCHF,2024-03-29 13:30:00+00:00,1,selected,,bls_employment_2024-04-05
USDCHF,2024-03-22 13:30:00+00:00,2,selected,,bls_employment_2024-04-05
USDCHF,2024-03-15 13:30:00+00:00,3,selected,,bls_employment_2024-04-05
USDCHF,2024-03-08 13:30:00+00:00,4,rejected,BLS CPI/employment date,bls_employment_2024-04-05
USDCHF,2024-03-01 13:30:00+00:00,5,selected,,bls_employment_2024-04-05
USDCHF,2024-02-23 13:30:00+00:00,6,valid_not_selected,,bls_employment_2024-04-05
USDCHF,2024-02-16 13:30:00+00:00,7,valid_not_selected,,bls_employment_2024-04-05
USDCHF,2024-02-09 13:30:00+00:00,8,valid_not_selected,,bls_employment_2024-04-05
USDCHF,2024-02-02 13:30:00+00:00,9,rejected,BLS CPI/employment date,bls_employment_2024-04-05
USDCHF,2024-01-26 13:30:00+00:00,10,valid_not_selected,,bls_employment_2024-04-05
USDCHF,2024-01-19 13:30:00+00:00,11,valid_not_selected,,bls_employment_2024-04-05
USDCHF,2024-01-12 13:30:00+00:00,12,valid_not_selected,,bls_employment_2024-04-05
USDCAD,2024-03-29 13:30:00+00:00,1,selected,,bls_employment_2024-04-05
USDCAD,2024-03-22 13:30:00+00:00,2,selected,,bls_employment_2024-04-05
USDCAD,2024-03-15 13:30:00+00:00,3,selected,,bls_employment_2024-04-05
USDCAD,2024-03-08 13:30:00+00:00,4,rejected,BLS CPI/employment date,bls_employment_2024-04-05
USDCAD,2024-03-01 13:30:00+00:00,5,selected,,bls_employment_2024-04-05
USDCAD,2024-02-23 13:30:00+00:00,6,valid_not_selected,,bls_employment_2024-04-05
USDCAD,2024-02-16 13:30:00+00:00,7,valid_not_selected,,bls_employment_2024-04-05
USDCAD,2024-02-09 13:30:00+00:00,8,valid_not_selected,,bls_employment_2024-04-05
USDCAD,2024-02-02 13:30:00+00:00,9,rejected,BLS CPI/employment date,bls_employment_2024-04-05
USDCAD,2024-01-26 13:30:00+00:00,10,valid_not_selected,,bls_employment_2024-04-05
USDCAD,2024-01-19 13:30:00+00:00,11,valid_not_selected,,bls_employment_2024-04-05
USDCAD,2024-01-12 13:30:00+00:00,12,valid_not_selected,,bls_employment_2024-04-05
EURJPY,2024-03-29 13:30:00+00:00,1,selected,,bls_employment_2024-04-05
EURJPY,2024-03-22 13:30:00+00:00,2,selected,,bls_employment_2024-04-05
EURJPY,2024-03-15 13:30:00+00:00,3,selected,,bls_employment_2024-04-05
EURJPY,2024-03-08 13:30:00+00:00,4,rejected,BLS CPI/employment date,bls_employment_2024-04-05
EURJPY,2024-03-01 13:30:00+00:00,5,selected,,bls_employment_2024-04-05
EURJPY,2024-02-23 13:30:00+00:00,6,valid_not_selected,,bls_employment_2024-04-05
EURJPY,2024-02-16 13:30:00+00:00,7,valid_not_selected,,bls_employment_2024-04-05
EURJPY,2024-02-09 13:30:00+00:00,8,valid_not_selected,,bls_employment_2024-04-05
EURJPY,2024-02-02 13:30:00+00:00,9,rejected,BLS CPI/employment date,bls_employment_2024-04-05
EURJPY,2024-01-26 13:30:00+00:00,10,valid_not_selected,,bls_employment_2024-04-05
EURJPY,2024-01-19 13:30:00+00:00,11,valid_not_selected,,bls_employment_2024-04-05
EURJPY,2024-01-12 13:30:00+00:00,12,valid_not_selected,,bls_employment_2024-04-05
XAUUSD,2024-03-29 13:30:00+00:00,1,rejected,quote absent/nonpositive,bls_employment_2024-04-05
XAUUSD,2024-03-22 13:30:00+00:00,2,selected,,bls_employment_2024-04-05
XAUUSD,2024-03-15 13:30:00+00:00,3,selected,,bls_employment_2024-04-05
XAUUSD,2024-03-08 13:30:00+00:00,4,rejected,BLS CPI/employment date,bls_employment_2024-04-05
XAUUSD,2024-03-01 13:30:00+00:00,5,selected,,bls_employment_2024-04-05
XAUUSD,2024-02-23 13:30:00+00:00,6,selected,,bls_employment_2024-04-05
XAUUSD,2024-02-16 13:30:00+00:00,7,valid_not_selected,,bls_employment_2024-04-05
XAUUSD,2024-02-09 13:30:00+00:00,8,valid_not_selected,,bls_employment_2024-04-05
XAUUSD,2024-02-02 13:30:00+00:00,9,rejected,BLS CPI/employment date,bls_employment_2024-04-05
XAUUSD,2024-01-26 13:30:00+00:00,10,valid_not_selected,,bls_employment_2024-04-05
XAUUSD,2024-01-19 13:30:00+00:00,11,valid_not_selected,,bls_employment_2024-04-05
XAUUSD,2024-01-12 13:30:00+00:00,12,valid_not_selected,,bls_employment_2024-04-05
XAGUSD,2024-03-29 13:30:00+00:00,1,rejected,quote absent/nonpositive,bls_employment_2024-04-05
XAGUSD,2024-03-22 13:30:00+00:00,2,selected,,bls_employment_2024-04-05
XAGUSD,2024-03-15 13:30:00+00:00,3,selected,,bls_employment_2024-04-05
XAGUSD,2024-03-08 13:30:00+00:00,4,rejected,BLS CPI/employment date,bls_employment_2024-04-05
XAGUSD,2024-03-01 13:30:00+00:00,5,selected,,bls_employment_2024-04-05
XAGUSD,2024-02-23 13:30:00+00:00,6,selected,,bls_employment_2024-04-05
XAGUSD,2024-02-16 13:30:00+00:00,7,valid_not_selected,,bls_employment_2024-04-05
XAGUSD,2024-02-09 13:30:00+00:00,8,valid_not_selected,,bls_employment_2024-04-05
XAGUSD,2024-02-02 13:30:00+00:00,9,rejected,BLS CPI/employment date,bls_employment_2024-04-05
XAGUSD,2024-01-26 13:30:00+00:00,10,valid_not_selected,,bls_employment_2024-04-05
XAGUSD,2024-01-19 13:30:00+00:00,11,valid_not_selected,,bls_employment_2024-04-05
XAGUSD,2024-01-12 13:30:00+00:00,12,valid_not_selected,,bls_employment_2024-04-05
SPXUSD,2024-03-29 13:30:00+00:00,1,rejected,quote absent/nonpositive,bls_employment_2024-04-05
SPXUSD,2024-03-22 13:30:00+00:00,2,selected,,bls_employment_2024-04-05
SPXUSD,2024-03-15 13:30:00+00:00,3,selected,,bls_employment_2024-04-05
SPXUSD,2024-03-08 13:30:00+00:00,4,rejected,BLS CPI/employment date,bls_employment_2024-04-05
SPXUSD,2024-03-01 13:30:00+00:00,5,selected,,bls_employment_2024-04-05
SPXUSD,2024-02-23 13:30:00+00:00,6,selected,,bls_employment_2024-04-05
SPXUSD,2024-02-16 13:30:00+00:00,7,valid_not_selected,,bls_employment_2024-04-05
SPXUSD,2024-02-09 13:30:00+00:00,8,valid_not_selected,,bls_employment_2024-04-05
SPXUSD,2024-02-02 13:30:00+00:00,9,rejected,BLS CPI/employment date,bls_employment_2024-04-05
SPXUSD,2024-01-26 13:30:00+00:00,10,valid_not_selected,,bls_employment_2024-04-05
SPXUSD,2024-01-19 13:30:00+00:00,11,valid_not_selected,,bls_employment_2024-04-05
SPXUSD,2024-01-12 13:30:00+00:00,12,valid_not_selected,,bls_employment_2024-04-05
NSXUSD,2024-03-29 13:30:00+00:00,1,rejected,quote absent/nonpositive,bls_employment_2024-04-05
NSXUSD,2024-03-22 13:30:00+00:00,2,selected,,bls_employment_2024-04-05
NSXUSD,2024-03-15 13:30:00+00:00,3,selected,,bls_employment_2024-04-05
NSXUSD,2024-03-08 13:30:00+00:00,4,rejected,BLS CPI/employment date,bls_employment_2024-04-05
NSXUSD,2024-03-01 13:30:00+00:00,5,selected,,bls_employment_2024-04-05
NSXUSD,2024-02-23 13:30:00+00:00,6,selected,,bls_employment_2024-04-05
NSXUSD,2024-02-16 13:30:00+00:00,7,valid_not_selected,,bls_employment_2024-04-05
NSXUSD,2024-02-09 13:30:00+00:00,8,valid_not_selected,,bls_employment_2024-04-05
NSXUSD,2024-02-02 13:30:00+00:00,9,rejected,BLS CPI/employment date,bls_employment_2024-04-05
NSXUSD,2024-01-26 13:30:00+00:00,10,valid_not_selected,,bls_employment_2024-04-05
NSXUSD,2024-01-19 13:30:00+00:00,11,valid_not_selected,,bls_employment_2024-04-05
NSXUSD,2024-01-12 13:30:00+00:00,12,valid_not_selected,,bls_employment_2024-04-05
GRXEUR,2024-03-29 13:30:00+00:00,1,rejected,quote absent/nonpositive,bls_employment_2024-04-05
GRXEUR,2024-03-22 13:30:00+00:00,2,selected,,bls_employment_2024-04-05
GRXEUR,2024-03-15 13:30:00+00:00,3,selected,,bls_employment_2024-04-05
GRXEUR,2024-03-08 13:30:00+00:00,4,rejected,BLS CPI/employment date,bls_employment_2024-04-05
GRXEUR,2024-03-01 13:30:00+00:00,5,selected,,bls_employment_2024-04-05
GRXEUR,2024-02-23 13:30:00+00:00,6,selected,,bls_employment_2024-04-05
GRXEUR,2024-02-16 13:30:00+00:00,7,valid_not_selected,,bls_employment_2024-04-05
GRXEUR,2024-02-09 13:30:00+00:00,8,valid_not_selected,,bls_employment_2024-04-05
GRXEUR,2024-02-02 13:30:00+00:00,9,rejected,BLS CPI/employment date,bls_employment_2024-04-05
GRXEUR,2024-01-26 13:30:00+00:00,10,valid_not_selected,,bls_employment_2024-04-05
GRXEUR,2024-01-19 13:30:00+00:00,11,valid_not_selected,,bls_employment_2024-04-05
GRXEUR,2024-01-12 13:30:00+00:00,12,valid_not_selected,,bls_employment_2024-04-05
UKXGBP,2024-03-29 13:30:00+00:00,1,rejected,quote absent/nonpositive,bls_employment_2024-04-05
UKXGBP,2024-03-22 13:30:00+00:00,2,selected,,bls_employment_2024-04-05
UKXGBP,2024-03-15 13:30:00+00:00,3,selected,,bls_employment_2024-04-05
UKXGBP,2024-03-08 13:30:00+00:00,4,rejected,BLS CPI/employment date,bls_employment_2024-04-05
UKXGBP,2024-03-01 13:30:00+00:00,5,rejected,quote absent/nonpositive,bls_employment_2024-04-05
UKXGBP,2024-02-23 13:30:00+00:00,6,selected,,bls_employment_2024-04-05
UKXGBP,2024-02-16 13:30:00+00:00,7,selected,,bls_employment_2024-04-05
UKXGBP,2024-02-09 13:30:00+00:00,8,valid_not_selected,,bls_employment_2024-04-05
UKXGBP,2024-02-02 13:30:00+00:00,9,rejected,BLS CPI/employment date,bls_employment_2024-04-05
UKXGBP,2024-01-26 13:30:00+00:00,10,valid_not_selected,,bls_employment_2024-04-05
UKXGBP,2024-01-19 13:30:00+00:00,11,valid_not_selected,,bls_employment_2024-04-05
UKXGBP,2024-01-12 13:30:00+00:00,12,valid_not_selected,,bls_employment_2024-04-05
BCOUSD,2024-03-29 13:30:00+00:00,1,rejected,quote absent/nonpositive,bls_employment_2024-04-05
BCOUSD,2024-03-22 13:30:00+00:00,2,selected,,bls_employment_2024-04-05
BCOUSD,2024-03-15 13:30:00+00:00,3,selected,,bls_employment_2024-04-05
BCOUSD,2024-03-08 13:30:00+00:00,4,rejected,BLS CPI/employment date,bls_employment_2024-04-05
BCOUSD,2024-03-01 13:30:00+00:00,5,selected,,bls_employment_2024-04-05
BCOUSD,2024-02-23 13:30:00+00:00,6,selected,,bls_employment_2024-04-05
BCOUSD,2024-02-16 13:30:00+00:00,7,valid_not_selected,,bls_employment_2024-04-05
BCOUSD,2024-02-09 13:30:00+00:00,8,valid_not_selected,,bls_employment_2024-04-05
BCOUSD,2024-02-02 13:30:00+00:00,9,rejected,BLS CPI/employment date,bls_employment_2024-04-05
BCOUSD,2024-01-26 13:30:00+00:00,10,valid_not_selected,,bls_employment_2024-04-05
BCOUSD,2024-01-19 13:30:00+00:00,11,valid_not_selected,,bls_employment_2024-04-05
BCOUSD,2024-01-12 13:30:00+00:00,12,valid_not_selected,,bls_employment_2024-04-05
EURUSD,2024-04-03 13:30:00+00:00,1,selected,,bls_cpi_2024-04-10
EURUSD,2024-03-27 13:30:00+00:00,2,selected,,bls_cpi_2024-04-10
EURUSD,2024-03-20 13:30:00+00:00,3,selected,,bls_cpi_2024-04-10
EURUSD,2024-03-13 13:30:00+00:00,4,selected,,bls_cpi_2024-04-10
EURUSD,2024-03-06 13:30:00+00:00,5,valid_not_selected,,bls_cpi_2024-04-10
EURUSD,2024-02-28 13:30:00+00:00,6,valid_not_selected,,bls_cpi_2024-04-10
EURUSD,2024-02-21 13:30:00+00:00,7,valid_not_selected,,bls_cpi_2024-04-10
EURUSD,2024-02-14 13:30:00+00:00,8,valid_not_selected,,bls_cpi_2024-04-10
EURUSD,2024-02-07 13:30:00+00:00,9,valid_not_selected,,bls_cpi_2024-04-10
EURUSD,2024-01-31 13:30:00+00:00,10,valid_not_selected,,bls_cpi_2024-04-10
EURUSD,2024-01-24 13:30:00+00:00,11,valid_not_selected,,bls_cpi_2024-04-10
EURUSD,2024-01-17 13:30:00+00:00,12,valid_not_selected,,bls_cpi_2024-04-10
GBPUSD,2024-04-03 13:30:00+00:00,1,selected,,bls_cpi_2024-04-10
GBPUSD,2024-03-27 13:30:00+00:00,2,selected,,bls_cpi_2024-04-10
GBPUSD,2024-03-20 13:30:00+00:00,3,selected,,bls_cpi_2024-04-10
GBPUSD,2024-03-13 13:30:00+00:00,4,selected,,bls_cpi_2024-04-10
GBPUSD,2024-03-06 13:30:00+00:00,5,valid_not_selected,,bls_cpi_2024-04-10
GBPUSD,2024-02-28 13:30:00+00:00,6,valid_not_selected,,bls_cpi_2024-04-10
GBPUSD,2024-02-21 13:30:00+00:00,7,valid_not_selected,,bls_cpi_2024-04-10
GBPUSD,2024-02-14 13:30:00+00:00,8,valid_not_selected,,bls_cpi_2024-04-10
GBPUSD,2024-02-07 13:30:00+00:00,9,valid_not_selected,,bls_cpi_2024-04-10
GBPUSD,2024-01-31 13:30:00+00:00,10,valid_not_selected,,bls_cpi_2024-04-10
GBPUSD,2024-01-24 13:30:00+00:00,11,valid_not_selected,,bls_cpi_2024-04-10
GBPUSD,2024-01-17 13:30:00+00:00,12,valid_not_selected,,bls_cpi_2024-04-10
AUDUSD,2024-04-03 13:30:00+00:00,1,selected,,bls_cpi_2024-04-10
AUDUSD,2024-03-27 13:30:00+00:00,2,selected,,bls_cpi_2024-04-10
AUDUSD,2024-03-20 13:30:00+00:00,3,selected,,bls_cpi_2024-04-10
AUDUSD,2024-03-13 13:30:00+00:00,4,selected,,bls_cpi_2024-04-10
AUDUSD,2024-03-06 13:30:00+00:00,5,valid_not_selected,,bls_cpi_2024-04-10
AUDUSD,2024-02-28 13:30:00+00:00,6,valid_not_selected,,bls_cpi_2024-04-10
AUDUSD,2024-02-21 13:30:00+00:00,7,valid_not_selected,,bls_cpi_2024-04-10
AUDUSD,2024-02-14 13:30:00+00:00,8,valid_not_selected,,bls_cpi_2024-04-10
AUDUSD,2024-02-07 13:30:00+00:00,9,valid_not_selected,,bls_cpi_2024-04-10
AUDUSD,2024-01-31 13:30:00+00:00,10,valid_not_selected,,bls_cpi_2024-04-10
AUDUSD,2024-01-24 13:30:00+00:00,11,valid_not_selected,,bls_cpi_2024-04-10
AUDUSD,2024-01-17 13:30:00+00:00,12,valid_not_selected,,bls_cpi_2024-04-10
NZDUSD,2024-04-03 13:30:00+00:00,1,selected,,bls_cpi_2024-04-10
NZDUSD,2024-03-27 13:30:00+00:00,2,selected,,bls_cpi_2024-04-10
NZDUSD,2024-03-20 13:30:00+00:00,3,selected,,bls_cpi_2024-04-10
NZDUSD,2024-03-13 13:30:00+00:00,4,selected,,bls_cpi_2024-04-10
NZDUSD,2024-03-06 13:30:00+00:00,5,valid_not_selected,,bls_cpi_2024-04-10
NZDUSD,2024-02-28 13:30:00+00:00,6,valid_not_selected,,bls_cpi_2024-04-10
NZDUSD,2024-02-21 13:30:00+00:00,7,valid_not_selected,,bls_cpi_2024-04-10
NZDUSD,2024-02-14 13:30:00+00:00,8,valid_not_selected,,bls_cpi_2024-04-10
NZDUSD,2024-02-07 13:30:00+00:00,9,valid_not_selected,,bls_cpi_2024-04-10
NZDUSD,2024-01-31 13:30:00+00:00,10,valid_not_selected,,bls_cpi_2024-04-10
NZDUSD,2024-01-24 13:30:00+00:00,11,valid_not_selected,,bls_cpi_2024-04-10
NZDUSD,2024-01-17 13:30:00+00:00,12,valid_not_selected,,bls_cpi_2024-04-10
USDJPY,2024-04-03 13:30:00+00:00,1,selected,,bls_cpi_2024-04-10
USDJPY,2024-03-27 13:30:00+00:00,2,selected,,bls_cpi_2024-04-10
USDJPY,2024-03-20 13:30:00+00:00,3,selected,,bls_cpi_2024-04-10
USDJPY,2024-03-13 13:30:00+00:00,4,selected,,bls_cpi_2024-04-10
USDJPY,2024-03-06 13:30:00+00:00,5,valid_not_selected,,bls_cpi_2024-04-10
USDJPY,2024-02-28 13:30:00+00:00,6,valid_not_selected,,bls_cpi_2024-04-10
USDJPY,2024-02-21 13:30:00+00:00,7,valid_not_selected,,bls_cpi_2024-04-10
USDJPY,2024-02-14 13:30:00+00:00,8,valid_not_selected,,bls_cpi_2024-04-10
USDJPY,2024-02-07 13:30:00+00:00,9,valid_not_selected,,bls_cpi_2024-04-10
USDJPY,2024-01-31 13:30:00+00:00,10,valid_not_selected,,bls_cpi_2024-04-10
USDJPY,2024-01-24 13:30:00+00:00,11,valid_not_selected,,bls_cpi_2024-04-10
USDJPY,2024-01-17 13:30:00+00:00,12,valid_not_selected,,bls_cpi_2024-04-10
USDCHF,2024-04-03 13:30:00+00:00,1,selected,,bls_cpi_2024-04-10
USDCHF,2024-03-27 13:30:00+00:00,2,selected,,bls_cpi_2024-04-10
USDCHF,2024-03-20 13:30:00+00:00,3,selected,,bls_cpi_2024-04-10
USDCHF,2024-03-13 13:30:00+00:00,4,selected,,bls_cpi_2024-04-10
USDCHF,2024-03-06 13:30:00+00:00,5,valid_not_selected,,bls_cpi_2024-04-10
USDCHF,2024-02-28 13:30:00+00:00,6,valid_not_selected,,bls_cpi_2024-04-10
USDCHF,2024-02-21 13:30:00+00:00,7,valid_not_selected,,bls_cpi_2024-04-10
USDCHF,2024-02-14 13:30:00+00:00,8,valid_not_selected,,bls_cpi_2024-04-10
USDCHF,2024-02-07 13:30:00+00:00,9,valid_not_selected,,bls_cpi_2024-04-10
USDCHF,2024-01-31 13:30:00+00:00,10,valid_not_selected,,bls_cpi_2024-04-10
USDCHF,2024-01-24 13:30:00+00:00,11,valid_not_selected,,bls_cpi_2024-04-10
USDCHF,2024-01-17 13:30:00+00:00,12,valid_not_selected,,bls_cpi_2024-04-10
USDCAD,2024-04-03 13:30:00+00:00,1,selected,,bls_cpi_2024-04-10
USDCAD,2024-03-27 13:30:00+00:00,2,selected,,bls_cpi_2024-04-10
USDCAD,2024-03-20 13:30:00+00:00,3,selected,,bls_cpi_2024-04-10
USDCAD,2024-03-13 13:30:00+00:00,4,selected,,bls_cpi_2024-04-10
USDCAD,2024-03-06 13:30:00+00:00,5,valid_not_selected,,bls_cpi_2024-04-10
USDCAD,2024-02-28 13:30:00+00:00,6,valid_not_selected,,bls_cpi_2024-04-10
USDCAD,2024-02-21 13:30:00+00:00,7,valid_not_selected,,bls_cpi_2024-04-10
USDCAD,2024-02-14 13:30:00+00:00,8,valid_not_selected,,bls_cpi_2024-04-10
USDCAD,2024-02-07 13:30:00+00:00,9,valid_not_selected,,bls_cpi_2024-04-10
USDCAD,2024-01-31 13:30:00+00:00,10,valid_not_selected,,bls_cpi_2024-04-10
USDCAD,2024-01-24 13:30:00+00:00,11,valid_not_selected,,bls_cpi_2024-04-10
USDCAD,2024-01-17 13:30:00+00:00,12,valid_not_selected,,bls_cpi_2024-04-10
EURJPY,2024-04-03 13:30:00+00:00,1,selected,,bls_cpi_2024-04-10
EURJPY,2024-03-27 13:30:00+00:00,2,selected,,bls_cpi_2024-04-10
EURJPY,2024-03-20 13:30:00+00:00,3,selected,,bls_cpi_2024-04-10
EURJPY,2024-03-13 13:30:00+00:00,4,selected,,bls_cpi_2024-04-10
EURJPY,2024-03-06 13:30:00+00:00,5,valid_not_selected,,bls_cpi_2024-04-10
EURJPY,2024-02-28 13:30:00+00:00,6,valid_not_selected,,bls_cpi_2024-04-10
EURJPY,2024-02-21 13:30:00+00:00,7,valid_not_selected,,bls_cpi_2024-04-10
EURJPY,2024-02-14 13:30:00+00:00,8,valid_not_selected,,bls_cpi_2024-04-10
EURJPY,2024-02-07 13:30:00+00:00,9,valid_not_selected,,bls_cpi_2024-04-10
EURJPY,2024-01-31 13:30:00+00:00,10,valid_not_selected,,bls_cpi_2024-04-10
EURJPY,2024-01-24 13:30:00+00:00,11,valid_not_selected,,bls_cpi_2024-04-10
EURJPY,2024-01-17 13:30:00+00:00,12,valid_not_selected,,bls_cpi_2024-04-10
XAUUSD,2024-04-03 13:30:00+00:00,1,selected,,bls_cpi_2024-04-10
XAUUSD,2024-03-27 13:30:00+00:00,2,selected,,bls_cpi_2024-04-10
XAUUSD,2024-03-20 13:30:00+00:00,3,selected,,bls_cpi_2024-04-10
XAUUSD,2024-03-13 13:30:00+00:00,4,selected,,bls_cpi_2024-04-10
XAUUSD,2024-03-06 13:30:00+00:00,5,valid_not_selected,,bls_cpi_2024-04-10
XAUUSD,2024-02-28 13:30:00+00:00,6,valid_not_selected,,bls_cpi_2024-04-10
XAUUSD,2024-02-21 13:30:00+00:00,7,valid_not_selected,,bls_cpi_2024-04-10
XAUUSD,2024-02-14 13:30:00+00:00,8,valid_not_selected,,bls_cpi_2024-04-10
XAUUSD,2024-02-07 13:30:00+00:00,9,valid_not_selected,,bls_cpi_2024-04-10
XAUUSD,2024-01-31 13:30:00+00:00,10,valid_not_selected,,bls_cpi_2024-04-10
XAUUSD,2024-01-24 13:30:00+00:00,11,valid_not_selected,,bls_cpi_2024-04-10
XAUUSD,2024-01-17 13:30:00+00:00,12,valid_not_selected,,bls_cpi_2024-04-10
XAGUSD,2024-04-03 13:30:00+00:00,1,selected,,bls_cpi_2024-04-10
XAGUSD,2024-03-27 13:30:00+00:00,2,selected,,bls_cpi_2024-04-10
XAGUSD,2024-03-20 13:30:00+00:00,3,selected,,bls_cpi_2024-04-10
XAGUSD,2024-03-13 13:30:00+00:00,4,selected,,bls_cpi_2024-04-10
XAGUSD,2024-03-06 13:30:00+00:00,5,valid_not_selected,,bls_cpi_2024-04-10
XAGUSD,2024-02-28 13:30:00+00:00,6,valid_not_selected,,bls_cpi_2024-04-10
XAGUSD,2024-02-21 13:30:00+00:00,7,valid_not_selected,,bls_cpi_2024-04-10
XAGUSD,2024-02-14 13:30:00+00:00,8,valid_not_selected,,bls_cpi_2024-04-10
XAGUSD,2024-02-07 13:30:00+00:00,9,valid_not_selected,,bls_cpi_2024-04-10
XAGUSD,2024-01-31 13:30:00+00:00,10,valid_not_selected,,bls_cpi_2024-04-10
XAGUSD,2024-01-24 13:30:00+00:00,11,valid_not_selected,,bls_cpi_2024-04-10
XAGUSD,2024-01-17 13:30:00+00:00,12,valid_not_selected,,bls_cpi_2024-04-10
SPXUSD,2024-04-03 13:30:00+00:00,1,selected,,bls_cpi_2024-04-10
SPXUSD,2024-03-27 13:30:00+00:00,2,selected,,bls_cpi_2024-04-10
SPXUSD,2024-03-20 13:30:00+00:00,3,selected,,bls_cpi_2024-04-10
SPXUSD,2024-03-13 13:30:00+00:00,4,selected,,bls_cpi_2024-04-10
SPXUSD,2024-03-06 13:30:00+00:00,5,valid_not_selected,,bls_cpi_2024-04-10
SPXUSD,2024-02-28 13:30:00+00:00,6,valid_not_selected,,bls_cpi_2024-04-10
SPXUSD,2024-02-21 13:30:00+00:00,7,valid_not_selected,,bls_cpi_2024-04-10
SPXUSD,2024-02-14 13:30:00+00:00,8,valid_not_selected,,bls_cpi_2024-04-10
SPXUSD,2024-02-07 13:30:00+00:00,9,valid_not_selected,,bls_cpi_2024-04-10
SPXUSD,2024-01-31 13:30:00+00:00,10,valid_not_selected,,bls_cpi_2024-04-10
SPXUSD,2024-01-24 13:30:00+00:00,11,valid_not_selected,,bls_cpi_2024-04-10
SPXUSD,2024-01-17 13:30:00+00:00,12,valid_not_selected,,bls_cpi_2024-04-10
NSXUSD,2024-04-03 13:30:00+00:00,1,selected,,bls_cpi_2024-04-10
NSXUSD,2024-03-27 13:30:00+00:00,2,selected,,bls_cpi_2024-04-10
NSXUSD,2024-03-20 13:30:00+00:00,3,selected,,bls_cpi_2024-04-10
NSXUSD,2024-03-13 13:30:00+00:00,4,selected,,bls_cpi_2024-04-10
NSXUSD,2024-03-06 13:30:00+00:00,5,valid_not_selected,,bls_cpi_2024-04-10
NSXUSD,2024-02-28 13:30:00+00:00,6,valid_not_selected,,bls_cpi_2024-04-10
NSXUSD,2024-02-21 13:30:00+00:00,7,valid_not_selected,,bls_cpi_2024-04-10
NSXUSD,2024-02-14 13:30:00+00:00,8,valid_not_selected,,bls_cpi_2024-04-10
NSXUSD,2024-02-07 13:30:00+00:00,9,valid_not_selected,,bls_cpi_2024-04-10
NSXUSD,2024-01-31 13:30:00+00:00,10,valid_not_selected,,bls_cpi_2024-04-10
NSXUSD,2024-01-24 13:30:00+00:00,11,valid_not_selected,,bls_cpi_2024-04-10
NSXUSD,2024-01-17 13:30:00+00:00,12,valid_not_selected,,bls_cpi_2024-04-10
GRXEUR,2024-04-03 13:30:00+00:00,1,selected,,bls_cpi_2024-04-10
GRXEUR,2024-03-27 13:30:00+00:00,2,selected,,bls_cpi_2024-04-10
GRXEUR,2024-03-20 13:30:00+00:00,3,selected,,bls_cpi_2024-04-10
GRXEUR,2024-03-13 13:30:00+00:00,4,selected,,bls_cpi_2024-04-10
GRXEUR,2024-03-06 13:30:00+00:00,5,valid_not_selected,,bls_cpi_2024-04-10
GRXEUR,2024-02-28 13:30:00+00:00,6,valid_not_selected,,bls_cpi_2024-04-10
GRXEUR,2024-02-21 13:30:00+00:00,7,valid_not_selected,,bls_cpi_2024-04-10
GRXEUR,2024-02-14 13:30:00+00:00,8,valid_not_selected,,bls_cpi_2024-04-10
GRXEUR,2024-02-07 13:30:00+00:00,9,valid_not_selected,,bls_cpi_2024-04-10
GRXEUR,2024-01-31 13:30:00+00:00,10,valid_not_selected,,bls_cpi_2024-04-10
GRXEUR,2024-01-24 13:30:00+00:00,11,valid_not_selected,,bls_cpi_2024-04-10
GRXEUR,2024-01-17 13:30:00+00:00,12,valid_not_selected,,bls_cpi_2024-04-10
UKXGBP,2024-04-03 13:30:00+00:00,1,selected,,bls_cpi_2024-04-10
UKXGBP,2024-03-27 13:30:00+00:00,2,selected,,bls_cpi_2024-04-10
UKXGBP,2024-03-20 13:30:00+00:00,3,selected,,bls_cpi_2024-04-10
UKXGBP,2024-03-13 13:30:00+00:00,4,selected,,bls_cpi_2024-04-10
UKXGBP,2024-03-06 13:30:00+00:00,5,valid_not_selected,,bls_cpi_2024-04-10
UKXGBP,2024-02-28 13:30:00+00:00,6,valid_not_selected,,bls_cpi_2024-04-10
UKXGBP,2024-02-21 13:30:00+00:00,7,valid_not_selected,,bls_cpi_2024-04-10
UKXGBP,2024-02-14 13:30:00+00:00,8,valid_not_selected,,bls_cpi_2024-04-10
UKXGBP,2024-02-07 13:30:00+00:00,9,valid_not_selected,,bls_cpi_2024-04-10
UKXGBP,2024-01-31 13:30:00+00:00,10,valid_not_selected,,bls_cpi_2024-04-10
UKXGBP,2024-01-24 13:30:00+00:00,11,valid_not_selected,,bls_cpi_2024-04-10
UKXGBP,2024-01-17 13:30:00+00:00,12,valid_not_selected,,bls_cpi_2024-04-10
BCOUSD,2024-04-03 13:30:00+00:00,1,selected,,bls_cpi_2024-04-10
BCOUSD,2024-03-27 13:30:00+00:00,2,selected,,bls_cpi_2024-04-10
BCOUSD,2024-03-20 13:30:00+00:00,3,selected,,bls_cpi_2024-04-10
BCOUSD,2024-03-13 13:30:00+00:00,4,selected,,bls_cpi_2024-04-10
BCOUSD,2024-03-06 13:30:00+00:00,5,valid_not_selected,,bls_cpi_2024-04-10
BCOUSD,2024-02-28 13:30:00+00:00,6,valid_not_selected,,bls_cpi_2024-04-10
BCOUSD,2024-02-21 13:30:00+00:00,7,valid_not_selected,,bls_cpi_2024-04-10
BCOUSD,2024-02-14 13:30:00+00:00,8,valid_not_selected,,bls_cpi_2024-04-10
BCOUSD,2024-02-07 13:30:00+00:00,9,valid_not_selected,,bls_cpi_2024-04-10
BCOUSD,2024-01-31 13:30:00+00:00,10,valid_not_selected,,bls_cpi_2024-04-10
BCOUSD,2024-01-24 13:30:00+00:00,11,valid_not_selected,,bls_cpi_2024-04-10
BCOUSD,2024-01-17 13:30:00+00:00,12,valid_not_selected,,bls_cpi_2024-04-10
EURUSD,2024-04-26 13:30:00+00:00,1,selected,,bls_employment_2024-05-03
EURUSD,2024-04-19 13:30:00+00:00,2,selected,,bls_employment_2024-05-03
EURUSD,2024-04-12 13:30:00+00:00,3,selected,,bls_employment_2024-05-03
EURUSD,2024-04-05 13:30:00+00:00,4,rejected,BLS CPI/employment date,bls_employment_2024-05-03
EURUSD,2024-03-29 13:30:00+00:00,5,selected,,bls_employment_2024-05-03
EURUSD,2024-03-22 13:30:00+00:00,6,valid_not_selected,,bls_employment_2024-05-03
EURUSD,2024-03-15 13:30:00+00:00,7,valid_not_selected,,bls_employment_2024-05-03
EURUSD,2024-03-08 13:30:00+00:00,8,rejected,BLS CPI/employment date,bls_employment_2024-05-03
EURUSD,2024-03-01 13:30:00+00:00,9,valid_not_selected,,bls_employment_2024-05-03
EURUSD,2024-02-23 13:30:00+00:00,10,valid_not_selected,,bls_employment_2024-05-03
EURUSD,2024-02-16 13:30:00+00:00,11,valid_not_selected,,bls_employment_2024-05-03
EURUSD,2024-02-09 13:30:00+00:00,12,valid_not_selected,,bls_employment_2024-05-03
GBPUSD,2024-04-26 13:30:00+00:00,1,selected,,bls_employment_2024-05-03
GBPUSD,2024-04-19 13:30:00+00:00,2,selected,,bls_employment_2024-05-03
GBPUSD,2024-04-12 13:30:00+00:00,3,selected,,bls_employment_2024-05-03
GBPUSD,2024-04-05 13:30:00+00:00,4,rejected,BLS CPI/employment date,bls_employment_2024-05-03
GBPUSD,2024-03-29 13:30:00+00:00,5,selected,,bls_employment_2024-05-03
GBPUSD,2024-03-22 13:30:00+00:00,6,valid_not_selected,,bls_employment_2024-05-03
GBPUSD,2024-03-15 13:30:00+00:00,7,valid_not_selected,,bls_employment_2024-05-03
GBPUSD,2024-03-08 13:30:00+00:00,8,rejected,BLS CPI/employment date,bls_employment_2024-05-03
GBPUSD,2024-03-01 13:30:00+00:00,9,valid_not_selected,,bls_employment_2024-05-03
GBPUSD,2024-02-23 13:30:00+00:00,10,valid_not_selected,,bls_employment_2024-05-03
GBPUSD,2024-02-16 13:30:00+00:00,11,valid_not_selected,,bls_employment_2024-05-03
GBPUSD,2024-02-09 13:30:00+00:00,12,valid_not_selected,,bls_employment_2024-05-03
AUDUSD,2024-04-26 13:30:00+00:00,1,selected,,bls_employment_2024-05-03
AUDUSD,2024-04-19 13:30:00+00:00,2,selected,,bls_employment_2024-05-03
AUDUSD,2024-04-12 13:30:00+00:00,3,selected,,bls_employment_2024-05-03
AUDUSD,2024-04-05 13:30:00+00:00,4,rejected,BLS CPI/employment date,bls_employment_2024-05-03
AUDUSD,2024-03-29 13:30:00+00:00,5,selected,,bls_employment_2024-05-03
AUDUSD,2024-03-22 13:30:00+00:00,6,valid_not_selected,,bls_employment_2024-05-03
AUDUSD,2024-03-15 13:30:00+00:00,7,valid_not_selected,,bls_employment_2024-05-03
AUDUSD,2024-03-08 13:30:00+00:00,8,rejected,BLS CPI/employment date,bls_employment_2024-05-03
AUDUSD,2024-03-01 13:30:00+00:00,9,valid_not_selected,,bls_employment_2024-05-03
AUDUSD,2024-02-23 13:30:00+00:00,10,valid_not_selected,,bls_employment_2024-05-03
AUDUSD,2024-02-16 13:30:00+00:00,11,valid_not_selected,,bls_employment_2024-05-03
AUDUSD,2024-02-09 13:30:00+00:00,12,valid_not_selected,,bls_employment_2024-05-03
NZDUSD,2024-04-26 13:30:00+00:00,1,selected,,bls_employment_2024-05-03
NZDUSD,2024-04-19 13:30:00+00:00,2,selected,,bls_employment_2024-05-03
NZDUSD,2024-04-12 13:30:00+00:00,3,selected,,bls_employment_2024-05-03
NZDUSD,2024-04-05 13:30:00+00:00,4,rejected,BLS CPI/employment date,bls_employment_2024-05-03
NZDUSD,2024-03-29 13:30:00+00:00,5,selected,,bls_employment_2024-05-03
NZDUSD,2024-03-22 13:30:00+00:00,6,valid_not_selected,,bls_employment_2024-05-03
NZDUSD,2024-03-15 13:30:00+00:00,7,valid_not_selected,,bls_employment_2024-05-03
NZDUSD,2024-03-08 13:30:00+00:00,8,rejected,BLS CPI/employment date,bls_employment_2024-05-03
NZDUSD,2024-03-01 13:30:00+00:00,9,valid_not_selected,,bls_employment_2024-05-03
NZDUSD,2024-02-23 13:30:00+00:00,10,valid_not_selected,,bls_employment_2024-05-03
NZDUSD,2024-02-16 13:30:00+00:00,11,valid_not_selected,,bls_employment_2024-05-03
NZDUSD,2024-02-09 13:30:00+00:00,12,valid_not_selected,,bls_employment_2024-05-03
USDJPY,2024-04-26 13:30:00+00:00,1,selected,,bls_employment_2024-05-03
USDJPY,2024-04-19 13:30:00+00:00,2,selected,,bls_employment_2024-05-03
USDJPY,2024-04-12 13:30:00+00:00,3,selected,,bls_employment_2024-05-03
USDJPY,2024-04-05 13:30:00+00:00,4,rejected,BLS CPI/employment date,bls_employment_2024-05-03
USDJPY,2024-03-29 13:30:00+00:00,5,selected,,bls_employment_2024-05-03
USDJPY,2024-03-22 13:30:00+00:00,6,valid_not_selected,,bls_employment_2024-05-03
USDJPY,2024-03-15 13:30:00+00:00,7,valid_not_selected,,bls_employment_2024-05-03
USDJPY,2024-03-08 13:30:00+00:00,8,rejected,BLS CPI/employment date,bls_employment_2024-05-03
USDJPY,2024-03-01 13:30:00+00:00,9,valid_not_selected,,bls_employment_2024-05-03
USDJPY,2024-02-23 13:30:00+00:00,10,valid_not_selected,,bls_employment_2024-05-03
USDJPY,2024-02-16 13:30:00+00:00,11,valid_not_selected,,bls_employment_2024-05-03
USDJPY,2024-02-09 13:30:00+00:00,12,valid_not_selected,,bls_employment_2024-05-03
USDCHF,2024-04-26 13:30:00+00:00,1,selected,,bls_employment_2024-05-03
USDCHF,2024-04-19 13:30:00+00:00,2,selected,,bls_employment_2024-05-03
USDCHF,2024-04-12 13:30:00+00:00,3,selected,,bls_employment_2024-05-03
USDCHF,2024-04-05 13:30:00+00:00,4,rejected,BLS CPI/employment date,bls_employment_2024-05-03
USDCHF,2024-03-29 13:30:00+00:00,5,selected,,bls_employment_2024-05-03
USDCHF,2024-03-22 13:30:00+00:00,6,valid_not_selected,,bls_employment_2024-05-03
USDCHF,2024-03-15 13:30:00+00:00,7,valid_not_selected,,bls_employment_2024-05-03
USDCHF,2024-03-08 13:30:00+00:00,8,rejected,BLS CPI/employment date,bls_employment_2024-05-03
USDCHF,2024-03-01 13:30:00+00:00,9,valid_not_selected,,bls_employment_2024-05-03
USDCHF,2024-02-23 13:30:00+00:00,10,valid_not_selected,,bls_employment_2024-05-03
USDCHF,2024-02-16 13:30:00+00:00,11,valid_not_selected,,bls_employment_2024-05-03
USDCHF,2024-02-09 13:30:00+00:00,12,valid_not_selected,,bls_employment_2024-05-03
USDCAD,2024-04-26 13:30:00+00:00,1,selected,,bls_employment_2024-05-03
USDCAD,2024-04-19 13:30:00+00:00,2,selected,,bls_employment_2024-05-03
USDCAD,2024-04-12 13:30:00+00:00,3,selected,,bls_employment_2024-05-03
USDCAD,2024-04-05 13:30:00+00:00,4,rejected,BLS CPI/employment date,bls_employment_2024-05-03
USDCAD,2024-03-29 13:30:00+00:00,5,selected,,bls_employment_2024-05-03
USDCAD,2024-03-22 13:30:00+00:00,6,valid_not_selected,,bls_employment_2024-05-03
USDCAD,2024-03-15 13:30:00+00:00,7,valid_not_selected,,bls_employment_2024-05-03
USDCAD,2024-03-08 13:30:00+00:00,8,rejected,BLS CPI/employment date,bls_employment_2024-05-03
USDCAD,2024-03-01 13:30:00+00:00,9,valid_not_selected,,bls_employment_2024-05-03
USDCAD,2024-02-23 13:30:00+00:00,10,valid_not_selected,,bls_employment_2024-05-03
USDCAD,2024-02-16 13:30:00+00:00,11,valid_not_selected,,bls_employment_2024-05-03
USDCAD,2024-02-09 13:30:00+00:00,12,valid_not_selected,,bls_employment_2024-05-03
EURJPY,2024-04-26 13:30:00+00:00,1,selected,,bls_employment_2024-05-03
EURJPY,2024-04-19 13:30:00+00:00,2,selected,,bls_employment_2024-05-03
EURJPY,2024-04-12 13:30:00+00:00,3,selected,,bls_employment_2024-05-03
EURJPY,2024-04-05 13:30:00+00:00,4,rejected,BLS CPI/employment date,bls_employment_2024-05-03
EURJPY,2024-03-29 13:30:00+00:00,5,selected,,bls_employment_2024-05-03
EURJPY,2024-03-22 13:30:00+00:00,6,valid_not_selected,,bls_employment_2024-05-03
EURJPY,2024-03-15 13:30:00+00:00,7,valid_not_selected,,bls_employment_2024-05-03
EURJPY,2024-03-08 13:30:00+00:00,8,rejected,BLS CPI/employment date,bls_employment_2024-05-03
EURJPY,2024-03-01 13:30:00+00:00,9,valid_not_selected,,bls_employment_2024-05-03
EURJPY,2024-02-23 13:30:00+00:00,10,valid_not_selected,,bls_employment_2024-05-03
EURJPY,2024-02-16 13:30:00+00:00,11,valid_not_selected,,bls_employment_2024-05-03
EURJPY,2024-02-09 13:30:00+00:00,12,valid_not_selected,,bls_employment_2024-05-03
XAUUSD,2024-04-26 13:30:00+00:00,1,selected,,bls_employment_2024-05-03
XAUUSD,2024-04-19 13:30:00+00:00,2,selected,,bls_employment_2024-05-03
XAUUSD,2024-04-12 13:30:00+00:00,3,selected,,bls_employment_2024-05-03
XAUUSD,2024-04-05 13:30:00+00:00,4,rejected,BLS CPI/employment date,bls_employment_2024-05-03
XAUUSD,2024-03-29 13:30:00+00:00,5,rejected,quote absent/nonpositive,bls_employment_2024-05-03
XAUUSD,2024-03-22 13:30:00+00:00,6,selected,,bls_employment_2024-05-03
XAUUSD,2024-03-15 13:30:00+00:00,7,valid_not_selected,,bls_employment_2024-05-03
XAUUSD,2024-03-08 13:30:00+00:00,8,rejected,BLS CPI/employment date,bls_employment_2024-05-03
XAUUSD,2024-03-01 13:30:00+00:00,9,valid_not_selected,,bls_employment_2024-05-03
XAUUSD,2024-02-23 13:30:00+00:00,10,valid_not_selected,,bls_employment_2024-05-03
XAUUSD,2024-02-16 13:30:00+00:00,11,valid_not_selected,,bls_employment_2024-05-03
XAUUSD,2024-02-09 13:30:00+00:00,12,valid_not_selected,,bls_employment_2024-05-03
XAGUSD,2024-04-26 13:30:00+00:00,1,selected,,bls_employment_2024-05-03
XAGUSD,2024-04-19 13:30:00+00:00,2,selected,,bls_employment_2024-05-03
XAGUSD,2024-04-12 13:30:00+00:00,3,selected,,bls_employment_2024-05-03
XAGUSD,2024-04-05 13:30:00+00:00,4,rejected,BLS CPI/employment date,bls_employment_2024-05-03
XAGUSD,2024-03-29 13:30:00+00:00,5,rejected,quote absent/nonpositive,bls_employment_2024-05-03
XAGUSD,2024-03-22 13:30:00+00:00,6,selected,,bls_employment_2024-05-03
XAGUSD,2024-03-15 13:30:00+00:00,7,valid_not_selected,,bls_employment_2024-05-03
XAGUSD,2024-03-08 13:30:00+00:00,8,rejected,BLS CPI/employment date,bls_employment_2024-05-03
XAGUSD,2024-03-01 13:30:00+00:00,9,valid_not_selected,,bls_employment_2024-05-03
XAGUSD,2024-02-23 13:30:00+00:00,10,valid_not_selected,,bls_employment_2024-05-03
XAGUSD,2024-02-16 13:30:00+00:00,11,valid_not_selected,,bls_employment_2024-05-03
XAGUSD,2024-02-09 13:30:00+00:00,12,valid_not_selected,,bls_employment_2024-05-03
SPXUSD,2024-04-26 13:30:00+00:00,1,selected,,bls_employment_2024-05-03
SPXUSD,2024-04-19 13:30:00+00:00,2,selected,,bls_employment_2024-05-03
SPXUSD,2024-04-12 13:30:00+00:00,3,selected,,bls_employment_2024-05-03
SPXUSD,2024-04-05 13:30:00+00:00,4,rejected,BLS CPI/employment date,bls_employment_2024-05-03
SPXUSD,2024-03-29 13:30:00+00:00,5,rejected,quote absent/nonpositive,bls_employment_2024-05-03
SPXUSD,2024-03-22 13:30:00+00:00,6,selected,,bls_employment_2024-05-03
SPXUSD,2024-03-15 13:30:00+00:00,7,valid_not_selected,,bls_employment_2024-05-03
SPXUSD,2024-03-08 13:30:00+00:00,8,rejected,BLS CPI/employment date,bls_employment_2024-05-03
SPXUSD,2024-03-01 13:30:00+00:00,9,valid_not_selected,,bls_employment_2024-05-03
SPXUSD,2024-02-23 13:30:00+00:00,10,valid_not_selected,,bls_employment_2024-05-03
SPXUSD,2024-02-16 13:30:00+00:00,11,valid_not_selected,,bls_employment_2024-05-03
SPXUSD,2024-02-09 13:30:00+00:00,12,valid_not_selected,,bls_employment_2024-05-03
NSXUSD,2024-04-26 13:30:00+00:00,1,selected,,bls_employment_2024-05-03
NSXUSD,2024-04-19 13:30:00+00:00,2,selected,,bls_employment_2024-05-03
NSXUSD,2024-04-12 13:30:00+00:00,3,selected,,bls_employment_2024-05-03
NSXUSD,2024-04-05 13:30:00+00:00,4,rejected,BLS CPI/employment date,bls_employment_2024-05-03
NSXUSD,2024-03-29 13:30:00+00:00,5,rejected,quote absent/nonpositive,bls_employment_2024-05-03
NSXUSD,2024-03-22 13:30:00+00:00,6,selected,,bls_employment_2024-05-03
NSXUSD,2024-03-15 13:30:00+00:00,7,valid_not_selected,,bls_employment_2024-05-03
NSXUSD,2024-03-08 13:30:00+00:00,8,rejected,BLS CPI/employment date,bls_employment_2024-05-03
NSXUSD,2024-03-01 13:30:00+00:00,9,valid_not_selected,,bls_employment_2024-05-03
NSXUSD,2024-02-23 13:30:00+00:00,10,valid_not_selected,,bls_employment_2024-05-03
NSXUSD,2024-02-16 13:30:00+00:00,11,valid_not_selected,,bls_employment_2024-05-03
NSXUSD,2024-02-09 13:30:00+00:00,12,valid_not_selected,,bls_employment_2024-05-03
GRXEUR,2024-04-26 13:30:00+00:00,1,selected,,bls_employment_2024-05-03
GRXEUR,2024-04-19 13:30:00+00:00,2,selected,,bls_employment_2024-05-03
GRXEUR,2024-04-12 13:30:00+00:00,3,selected,,bls_employment_2024-05-03
GRXEUR,2024-04-05 13:30:00+00:00,4,rejected,BLS CPI/employment date,bls_employment_2024-05-03
GRXEUR,2024-03-29 13:30:00+00:00,5,rejected,quote absent/nonpositive,bls_employment_2024-05-03
GRXEUR,2024-03-22 13:30:00+00:00,6,selected,,bls_employment_2024-05-03
GRXEUR,2024-03-15 13:30:00+00:00,7,valid_not_selected,,bls_employment_2024-05-03
GRXEUR,2024-03-08 13:30:00+00:00,8,rejected,BLS CPI/employment date,bls_employment_2024-05-03
GRXEUR,2024-03-01 13:30:00+00:00,9,valid_not_selected,,bls_employment_2024-05-03
GRXEUR,2024-02-23 13:30:00+00:00,10,valid_not_selected,,bls_employment_2024-05-03
GRXEUR,2024-02-16 13:30:00+00:00,11,valid_not_selected,,bls_employment_2024-05-03
GRXEUR,2024-02-09 13:30:00+00:00,12,valid_not_selected,,bls_employment_2024-05-03
UKXGBP,2024-04-26 13:30:00+00:00,1,selected,,bls_employment_2024-05-03
UKXGBP,2024-04-19 13:30:00+00:00,2,selected,,bls_employment_2024-05-03
UKXGBP,2024-04-12 13:30:00+00:00,3,selected,,bls_employment_2024-05-03
UKXGBP,2024-04-05 13:30:00+00:00,4,rejected,BLS CPI/employment date,bls_employment_2024-05-03
UKXGBP,2024-03-29 13:30:00+00:00,5,rejected,quote absent/nonpositive,bls_employment_2024-05-03
UKXGBP,2024-03-22 13:30:00+00:00,6,selected,,bls_employment_2024-05-03
UKXGBP,2024-03-15 13:30:00+00:00,7,valid_not_selected,,bls_employment_2024-05-03
UKXGBP,2024-03-08 13:30:00+00:00,8,rejected,BLS CPI/employment date,bls_employment_2024-05-03
UKXGBP,2024-03-01 13:30:00+00:00,9,rejected,quote absent/nonpositive,bls_employment_2024-05-03
UKXGBP,2024-02-23 13:30:00+00:00,10,valid_not_selected,,bls_employment_2024-05-03
UKXGBP,2024-02-16 13:30:00+00:00,11,valid_not_selected,,bls_employment_2024-05-03
UKXGBP,2024-02-09 13:30:00+00:00,12,valid_not_selected,,bls_employment_2024-05-03
BCOUSD,2024-04-26 13:30:00+00:00,1,selected,,bls_employment_2024-05-03
BCOUSD,2024-04-19 13:30:00+00:00,2,selected,,bls_employment_2024-05-03
BCOUSD,2024-04-12 13:30:00+00:00,3,selected,,bls_employment_2024-05-03
BCOUSD,2024-04-05 13:30:00+00:00,4,rejected,BLS CPI/employment date,bls_employment_2024-05-03
BCOUSD,2024-03-29 13:30:00+00:00,5,rejected,quote absent/nonpositive,bls_employment_2024-05-03
BCOUSD,2024-03-22 13:30:00+00:00,6,selected,,bls_employment_2024-05-03
BCOUSD,2024-03-15 13:30:00+00:00,7,valid_not_selected,,bls_employment_2024-05-03
BCOUSD,2024-03-08 13:30:00+00:00,8,rejected,BLS CPI/employment date,bls_employment_2024-05-03
BCOUSD,2024-03-01 13:30:00+00:00,9,valid_not_selected,,bls_employment_2024-05-03
BCOUSD,2024-02-23 13:30:00+00:00,10,valid_not_selected,,bls_employment_2024-05-03
BCOUSD,2024-02-16 13:30:00+00:00,11,valid_not_selected,,bls_employment_2024-05-03
BCOUSD,2024-02-09 13:30:00+00:00,12,valid_not_selected,,bls_employment_2024-05-03
EURUSD,2024-05-08 13:30:00+00:00,1,selected,,bls_cpi_2024-05-15
EURUSD,2024-05-01 13:30:00+00:00,2,selected,,bls_cpi_2024-05-15
EURUSD,2024-04-24 13:30:00+00:00,3,selected,,bls_cpi_2024-05-15
EURUSD,2024-04-17 13:30:00+00:00,4,selected,,bls_cpi_2024-05-15
EURUSD,2024-04-10 13:30:00+00:00,5,rejected,BLS CPI/employment date,bls_cpi_2024-05-15
EURUSD,2024-04-03 13:30:00+00:00,6,valid_not_selected,,bls_cpi_2024-05-15
EURUSD,2024-03-27 13:30:00+00:00,7,valid_not_selected,,bls_cpi_2024-05-15
EURUSD,2024-03-20 13:30:00+00:00,8,valid_not_selected,,bls_cpi_2024-05-15
EURUSD,2024-03-13 13:30:00+00:00,9,valid_not_selected,,bls_cpi_2024-05-15
EURUSD,2024-03-06 13:30:00+00:00,10,valid_not_selected,,bls_cpi_2024-05-15
EURUSD,2024-02-28 13:30:00+00:00,11,valid_not_selected,,bls_cpi_2024-05-15
EURUSD,2024-02-21 13:30:00+00:00,12,valid_not_selected,,bls_cpi_2024-05-15
GBPUSD,2024-05-08 13:30:00+00:00,1,selected,,bls_cpi_2024-05-15
GBPUSD,2024-05-01 13:30:00+00:00,2,selected,,bls_cpi_2024-05-15
GBPUSD,2024-04-24 13:30:00+00:00,3,selected,,bls_cpi_2024-05-15
GBPUSD,2024-04-17 13:30:00+00:00,4,selected,,bls_cpi_2024-05-15
GBPUSD,2024-04-10 13:30:00+00:00,5,rejected,BLS CPI/employment date,bls_cpi_2024-05-15
GBPUSD,2024-04-03 13:30:00+00:00,6,valid_not_selected,,bls_cpi_2024-05-15
GBPUSD,2024-03-27 13:30:00+00:00,7,valid_not_selected,,bls_cpi_2024-05-15
GBPUSD,2024-03-20 13:30:00+00:00,8,valid_not_selected,,bls_cpi_2024-05-15
GBPUSD,2024-03-13 13:30:00+00:00,9,valid_not_selected,,bls_cpi_2024-05-15
GBPUSD,2024-03-06 13:30:00+00:00,10,valid_not_selected,,bls_cpi_2024-05-15
GBPUSD,2024-02-28 13:30:00+00:00,11,valid_not_selected,,bls_cpi_2024-05-15
GBPUSD,2024-02-21 13:30:00+00:00,12,valid_not_selected,,bls_cpi_2024-05-15
AUDUSD,2024-05-08 13:30:00+00:00,1,selected,,bls_cpi_2024-05-15
AUDUSD,2024-05-01 13:30:00+00:00,2,selected,,bls_cpi_2024-05-15
AUDUSD,2024-04-24 13:30:00+00:00,3,selected,,bls_cpi_2024-05-15
AUDUSD,2024-04-17 13:30:00+00:00,4,selected,,bls_cpi_2024-05-15
AUDUSD,2024-04-10 13:30:00+00:00,5,rejected,BLS CPI/employment date,bls_cpi_2024-05-15
AUDUSD,2024-04-03 13:30:00+00:00,6,valid_not_selected,,bls_cpi_2024-05-15
AUDUSD,2024-03-27 13:30:00+00:00,7,valid_not_selected,,bls_cpi_2024-05-15
AUDUSD,2024-03-20 13:30:00+00:00,8,valid_not_selected,,bls_cpi_2024-05-15
AUDUSD,2024-03-13 13:30:00+00:00,9,valid_not_selected,,bls_cpi_2024-05-15
AUDUSD,2024-03-06 13:30:00+00:00,10,valid_not_selected,,bls_cpi_2024-05-15
AUDUSD,2024-02-28 13:30:00+00:00,11,valid_not_selected,,bls_cpi_2024-05-15
AUDUSD,2024-02-21 13:30:00+00:00,12,valid_not_selected,,bls_cpi_2024-05-15
NZDUSD,2024-05-08 13:30:00+00:00,1,selected,,bls_cpi_2024-05-15
NZDUSD,2024-05-01 13:30:00+00:00,2,selected,,bls_cpi_2024-05-15
NZDUSD,2024-04-24 13:30:00+00:00,3,selected,,bls_cpi_2024-05-15
NZDUSD,2024-04-17 13:30:00+00:00,4,selected,,bls_cpi_2024-05-15
NZDUSD,2024-04-10 13:30:00+00:00,5,rejected,BLS CPI/employment date,bls_cpi_2024-05-15
NZDUSD,2024-04-03 13:30:00+00:00,6,valid_not_selected,,bls_cpi_2024-05-15
NZDUSD,2024-03-27 13:30:00+00:00,7,valid_not_selected,,bls_cpi_2024-05-15
NZDUSD,2024-03-20 13:30:00+00:00,8,valid_not_selected,,bls_cpi_2024-05-15
NZDUSD,2024-03-13 13:30:00+00:00,9,valid_not_selected,,bls_cpi_2024-05-15
NZDUSD,2024-03-06 13:30:00+00:00,10,valid_not_selected,,bls_cpi_2024-05-15
NZDUSD,2024-02-28 13:30:00+00:00,11,valid_not_selected,,bls_cpi_2024-05-15
NZDUSD,2024-02-21 13:30:00+00:00,12,valid_not_selected,,bls_cpi_2024-05-15
USDJPY,2024-05-08 13:30:00+00:00,1,selected,,bls_cpi_2024-05-15
USDJPY,2024-05-01 13:30:00+00:00,2,selected,,bls_cpi_2024-05-15
USDJPY,2024-04-24 13:30:00+00:00,3,selected,,bls_cpi_2024-05-15
USDJPY,2024-04-17 13:30:00+00:00,4,selected,,bls_cpi_2024-05-15
USDJPY,2024-04-10 13:30:00+00:00,5,rejected,BLS CPI/employment date,bls_cpi_2024-05-15
USDJPY,2024-04-03 13:30:00+00:00,6,valid_not_selected,,bls_cpi_2024-05-15
USDJPY,2024-03-27 13:30:00+00:00,7,valid_not_selected,,bls_cpi_2024-05-15
USDJPY,2024-03-20 13:30:00+00:00,8,valid_not_selected,,bls_cpi_2024-05-15
USDJPY,2024-03-13 13:30:00+00:00,9,valid_not_selected,,bls_cpi_2024-05-15
USDJPY,2024-03-06 13:30:00+00:00,10,valid_not_selected,,bls_cpi_2024-05-15
USDJPY,2024-02-28 13:30:00+00:00,11,valid_not_selected,,bls_cpi_2024-05-15
USDJPY,2024-02-21 13:30:00+00:00,12,valid_not_selected,,bls_cpi_2024-05-15
USDCHF,2024-05-08 13:30:00+00:00,1,selected,,bls_cpi_2024-05-15
USDCHF,2024-05-01 13:30:00+00:00,2,selected,,bls_cpi_2024-05-15
USDCHF,2024-04-24 13:30:00+00:00,3,selected,,bls_cpi_2024-05-15
USDCHF,2024-04-17 13:30:00+00:00,4,selected,,bls_cpi_2024-05-15
USDCHF,2024-04-10 13:30:00+00:00,5,rejected,BLS CPI/employment date,bls_cpi_2024-05-15
USDCHF,2024-04-03 13:30:00+00:00,6,valid_not_selected,,bls_cpi_2024-05-15
USDCHF,2024-03-27 13:30:00+00:00,7,valid_not_selected,,bls_cpi_2024-05-15
USDCHF,2024-03-20 13:30:00+00:00,8,valid_not_selected,,bls_cpi_2024-05-15
USDCHF,2024-03-13 13:30:00+00:00,9,valid_not_selected,,bls_cpi_2024-05-15
USDCHF,2024-03-06 13:30:00+00:00,10,valid_not_selected,,bls_cpi_2024-05-15
USDCHF,2024-02-28 13:30:00+00:00,11,valid_not_selected,,bls_cpi_2024-05-15
USDCHF,2024-02-21 13:30:00+00:00,12,valid_not_selected,,bls_cpi_2024-05-15
USDCAD,2024-05-08 13:30:00+00:00,1,selected,,bls_cpi_2024-05-15
USDCAD,2024-05-01 13:30:00+00:00,2,selected,,bls_cpi_2024-05-15
USDCAD,2024-04-24 13:30:00+00:00,3,selected,,bls_cpi_2024-05-15
USDCAD,2024-04-17 13:30:00+00:00,4,selected,,bls_cpi_2024-05-15
USDCAD,2024-04-10 13:30:00+00:00,5,rejected,BLS CPI/employment date,bls_cpi_2024-05-15
USDCAD,2024-04-03 13:30:00+00:00,6,valid_not_selected,,bls_cpi_2024-05-15
USDCAD,2024-03-27 13:30:00+00:00,7,valid_not_selected,,bls_cpi_2024-05-15
USDCAD,2024-03-20 13:30:00+00:00,8,valid_not_selected,,bls_cpi_2024-05-15
USDCAD,2024-03-13 13:30:00+00:00,9,valid_not_selected,,bls_cpi_2024-05-15
USDCAD,2024-03-06 13:30:00+00:00,10,valid_not_selected,,bls_cpi_2024-05-15
USDCAD,2024-02-28 13:30:00+00:00,11,valid_not_selected,,bls_cpi_2024-05-15
USDCAD,2024-02-21 13:30:00+00:00,12,valid_not_selected,,bls_cpi_2024-05-15
EURJPY,2024-05-08 13:30:00+00:00,1,selected,,bls_cpi_2024-05-15
EURJPY,2024-05-01 13:30:00+00:00,2,selected,,bls_cpi_2024-05-15
EURJPY,2024-04-24 13:30:00+00:00,3,selected,,bls_cpi_2024-05-15
EURJPY,2024-04-17 13:30:00+00:00,4,selected,,bls_cpi_2024-05-15
EURJPY,2024-04-10 13:30:00+00:00,5,rejected,BLS CPI/employment date,bls_cpi_2024-05-15
EURJPY,2024-04-03 13:30:00+00:00,6,valid_not_selected,,bls_cpi_2024-05-15
EURJPY,2024-03-27 13:30:00+00:00,7,valid_not_selected,,bls_cpi_2024-05-15
EURJPY,2024-03-20 13:30:00+00:00,8,valid_not_selected,,bls_cpi_2024-05-15
EURJPY,2024-03-13 13:30:00+00:00,9,valid_not_selected,,bls_cpi_2024-05-15
EURJPY,2024-03-06 13:30:00+00:00,10,valid_not_selected,,bls_cpi_2024-05-15
EURJPY,2024-02-28 13:30:00+00:00,11,valid_not_selected,,bls_cpi_2024-05-15
EURJPY,2024-02-21 13:30:00+00:00,12,valid_not_selected,,bls_cpi_2024-05-15
XAUUSD,2024-05-08 13:30:00+00:00,1,selected,,bls_cpi_2024-05-15
XAUUSD,2024-05-01 13:30:00+00:00,2,selected,,bls_cpi_2024-05-15
XAUUSD,2024-04-24 13:30:00+00:00,3,selected,,bls_cpi_2024-05-15
XAUUSD,2024-04-17 13:30:00+00:00,4,selected,,bls_cpi_2024-05-15
XAUUSD,2024-04-10 13:30:00+00:00,5,rejected,BLS CPI/employment date,bls_cpi_2024-05-15
XAUUSD,2024-04-03 13:30:00+00:00,6,valid_not_selected,,bls_cpi_2024-05-15
XAUUSD,2024-03-27 13:30:00+00:00,7,valid_not_selected,,bls_cpi_2024-05-15
XAUUSD,2024-03-20 13:30:00+00:00,8,valid_not_selected,,bls_cpi_2024-05-15
XAUUSD,2024-03-13 13:30:00+00:00,9,valid_not_selected,,bls_cpi_2024-05-15
XAUUSD,2024-03-06 13:30:00+00:00,10,valid_not_selected,,bls_cpi_2024-05-15
XAUUSD,2024-02-28 13:30:00+00:00,11,valid_not_selected,,bls_cpi_2024-05-15
XAUUSD,2024-02-21 13:30:00+00:00,12,valid_not_selected,,bls_cpi_2024-05-15
XAGUSD,2024-05-08 13:30:00+00:00,1,selected,,bls_cpi_2024-05-15
XAGUSD,2024-05-01 13:30:00+00:00,2,selected,,bls_cpi_2024-05-15
XAGUSD,2024-04-24 13:30:00+00:00,3,selected,,bls_cpi_2024-05-15
XAGUSD,2024-04-17 13:30:00+00:00,4,selected,,bls_cpi_2024-05-15
XAGUSD,2024-04-10 13:30:00+00:00,5,rejected,BLS CPI/employment date,bls_cpi_2024-05-15
XAGUSD,2024-04-03 13:30:00+00:00,6,valid_not_selected,,bls_cpi_2024-05-15
XAGUSD,2024-03-27 13:30:00+00:00,7,valid_not_selected,,bls_cpi_2024-05-15
XAGUSD,2024-03-20 13:30:00+00:00,8,valid_not_selected,,bls_cpi_2024-05-15
XAGUSD,2024-03-13 13:30:00+00:00,9,valid_not_selected,,bls_cpi_2024-05-15
XAGUSD,2024-03-06 13:30:00+00:00,10,valid_not_selected,,bls_cpi_2024-05-15
XAGUSD,2024-02-28 13:30:00+00:00,11,valid_not_selected,,bls_cpi_2024-05-15
XAGUSD,2024-02-21 13:30:00+00:00,12,valid_not_selected,,bls_cpi_2024-05-15
SPXUSD,2024-05-08 13:30:00+00:00,1,selected,,bls_cpi_2024-05-15
SPXUSD,2024-05-01 13:30:00+00:00,2,selected,,bls_cpi_2024-05-15
SPXUSD,2024-04-24 13:30:00+00:00,3,selected,,bls_cpi_2024-05-15
SPXUSD,2024-04-17 13:30:00+00:00,4,selected,,bls_cpi_2024-05-15
SPXUSD,2024-04-10 13:30:00+00:00,5,rejected,BLS CPI/employment date,bls_cpi_2024-05-15
SPXUSD,2024-04-03 13:30:00+00:00,6,valid_not_selected,,bls_cpi_2024-05-15
SPXUSD,2024-03-27 13:30:00+00:00,7,valid_not_selected,,bls_cpi_2024-05-15
SPXUSD,2024-03-20 13:30:00+00:00,8,valid_not_selected,,bls_cpi_2024-05-15
SPXUSD,2024-03-13 13:30:00+00:00,9,valid_not_selected,,bls_cpi_2024-05-15
SPXUSD,2024-03-06 13:30:00+00:00,10,valid_not_selected,,bls_cpi_2024-05-15
SPXUSD,2024-02-28 13:30:00+00:00,11,valid_not_selected,,bls_cpi_2024-05-15
SPXUSD,2024-02-21 13:30:00+00:00,12,valid_not_selected,,bls_cpi_2024-05-15
NSXUSD,2024-05-08 13:30:00+00:00,1,selected,,bls_cpi_2024-05-15
NSXUSD,2024-05-01 13:30:00+00:00,2,selected,,bls_cpi_2024-05-15
NSXUSD,2024-04-24 13:30:00+00:00,3,selected,,bls_cpi_2024-05-15
NSXUSD,2024-04-17 13:30:00+00:00,4,selected,,bls_cpi_2024-05-15
NSXUSD,2024-04-10 13:30:00+00:00,5,rejected,BLS CPI/employment date,bls_cpi_2024-05-15
NSXUSD,2024-04-03 13:30:00+00:00,6,valid_not_selected,,bls_cpi_2024-05-15
NSXUSD,2024-03-27 13:30:00+00:00,7,valid_not_selected,,bls_cpi_2024-05-15
NSXUSD,2024-03-20 13:30:00+00:00,8,valid_not_selected,,bls_cpi_2024-05-15
NSXUSD,2024-03-13 13:30:00+00:00,9,valid_not_selected,,bls_cpi_2024-05-15
NSXUSD,2024-03-06 13:30:00+00:00,10,valid_not_selected,,bls_cpi_2024-05-15
NSXUSD,2024-02-28 13:30:00+00:00,11,valid_not_selected,,bls_cpi_2024-05-15
NSXUSD,2024-02-21 13:30:00+00:00,12,valid_not_selected,,bls_cpi_2024-05-15
GRXEUR,2024-05-08 13:30:00+00:00,1,selected,,bls_cpi_2024-05-15
GRXEUR,2024-05-01 13:30:00+00:00,2,selected,,bls_cpi_2024-05-15
GRXEUR,2024-04-24 13:30:00+00:00,3,selected,,bls_cpi_2024-05-15
GRXEUR,2024-04-17 13:30:00+00:00,4,selected,,bls_cpi_2024-05-15
GRXEUR,2024-04-10 13:30:00+00:00,5,rejected,BLS CPI/employment date,bls_cpi_2024-05-15
GRXEUR,2024-04-03 13:30:00+00:00,6,valid_not_selected,,bls_cpi_2024-05-15
GRXEUR,2024-03-27 13:30:00+00:00,7,valid_not_selected,,bls_cpi_2024-05-15
GRXEUR,2024-03-20 13:30:00+00:00,8,valid_not_selected,,bls_cpi_2024-05-15
GRXEUR,2024-03-13 13:30:00+00:00,9,valid_not_selected,,bls_cpi_2024-05-15
GRXEUR,2024-03-06 13:30:00+00:00,10,valid_not_selected,,bls_cpi_2024-05-15
GRXEUR,2024-02-28 13:30:00+00:00,11,valid_not_selected,,bls_cpi_2024-05-15
GRXEUR,2024-02-21 13:30:00+00:00,12,valid_not_selected,,bls_cpi_2024-05-15
UKXGBP,2024-05-08 13:30:00+00:00,1,selected,,bls_cpi_2024-05-15
UKXGBP,2024-05-01 13:30:00+00:00,2,selected,,bls_cpi_2024-05-15
UKXGBP,2024-04-24 13:30:00+00:00,3,selected,,bls_cpi_2024-05-15
UKXGBP,2024-04-17 13:30:00+00:00,4,selected,,bls_cpi_2024-05-15
UKXGBP,2024-04-10 13:30:00+00:00,5,rejected,BLS CPI/employment date,bls_cpi_2024-05-15
UKXGBP,2024-04-03 13:30:00+00:00,6,valid_not_selected,,bls_cpi_2024-05-15
UKXGBP,2024-03-27 13:30:00+00:00,7,valid_not_selected,,bls_cpi_2024-05-15
UKXGBP,2024-03-20 13:30:00+00:00,8,valid_not_selected,,bls_cpi_2024-05-15
UKXGBP,2024-03-13 13:30:00+00:00,9,valid_not_selected,,bls_cpi_2024-05-15
UKXGBP,2024-03-06 13:30:00+00:00,10,valid_not_selected,,bls_cpi_2024-05-15
UKXGBP,2024-02-28 13:30:00+00:00,11,valid_not_selected,,bls_cpi_2024-05-15
UKXGBP,2024-02-21 13:30:00+00:00,12,valid_not_selected,,bls_cpi_2024-05-15
BCOUSD,2024-05-08 13:30:00+00:00,1,selected,,bls_cpi_2024-05-15
BCOUSD,2024-05-01 13:30:00+00:00,2,selected,,bls_cpi_2024-05-15
BCOUSD,2024-04-24 13:30:00+00:00,3,selected,,bls_cpi_2024-05-15
BCOUSD,2024-04-17 13:30:00+00:00,4,selected,,bls_cpi_2024-05-15
BCOUSD,2024-04-10 13:30:00+00:00,5,rejected,BLS CPI/employment date,bls_cpi_2024-05-15
BCOUSD,2024-04-03 13:30:00+00:00,6,valid_not_selected,,bls_cpi_2024-05-15
BCOUSD,2024-03-27 13:30:00+00:00,7,valid_not_selected,,bls_cpi_2024-05-15
BCOUSD,2024-03-20 13:30:00+00:00,8,valid_not_selected,,bls_cpi_2024-05-15
BCOUSD,2024-03-13 13:30:00+00:00,9,valid_not_selected,,bls_cpi_2024-05-15
BCOUSD,2024-03-06 13:30:00+00:00,10,valid_not_selected,,bls_cpi_2024-05-15
BCOUSD,2024-02-28 13:30:00+00:00,11,valid_not_selected,,bls_cpi_2024-05-15
BCOUSD,2024-02-21 13:30:00+00:00,12,valid_not_selected,,bls_cpi_2024-05-15
EURUSD,2024-05-31 13:30:00+00:00,1,selected,,bls_employment_2024-06-07
EURUSD,2024-05-24 13:30:00+00:00,2,selected,,bls_employment_2024-06-07
EURUSD,2024-05-17 13:30:00+00:00,3,selected,,bls_employment_2024-06-07
EURUSD,2024-05-10 13:30:00+00:00,4,selected,,bls_employment_2024-06-07
EURUSD,2024-05-03 13:30:00+00:00,5,rejected,BLS CPI/employment date,bls_employment_2024-06-07
EURUSD,2024-04-26 13:30:00+00:00,6,valid_not_selected,,bls_employment_2024-06-07
EURUSD,2024-04-19 13:30:00+00:00,7,valid_not_selected,,bls_employment_2024-06-07
EURUSD,2024-04-12 13:30:00+00:00,8,valid_not_selected,,bls_employment_2024-06-07
EURUSD,2024-04-05 13:30:00+00:00,9,rejected,BLS CPI/employment date,bls_employment_2024-06-07
EURUSD,2024-03-29 13:30:00+00:00,10,valid_not_selected,,bls_employment_2024-06-07
EURUSD,2024-03-22 13:30:00+00:00,11,valid_not_selected,,bls_employment_2024-06-07
EURUSD,2024-03-15 13:30:00+00:00,12,valid_not_selected,,bls_employment_2024-06-07
GBPUSD,2024-05-31 13:30:00+00:00,1,selected,,bls_employment_2024-06-07
GBPUSD,2024-05-24 13:30:00+00:00,2,selected,,bls_employment_2024-06-07
GBPUSD,2024-05-17 13:30:00+00:00,3,selected,,bls_employment_2024-06-07
GBPUSD,2024-05-10 13:30:00+00:00,4,selected,,bls_employment_2024-06-07
GBPUSD,2024-05-03 13:30:00+00:00,5,rejected,BLS CPI/employment date,bls_employment_2024-06-07
GBPUSD,2024-04-26 13:30:00+00:00,6,valid_not_selected,,bls_employment_2024-06-07
GBPUSD,2024-04-19 13:30:00+00:00,7,valid_not_selected,,bls_employment_2024-06-07
GBPUSD,2024-04-12 13:30:00+00:00,8,valid_not_selected,,bls_employment_2024-06-07
GBPUSD,2024-04-05 13:30:00+00:00,9,rejected,BLS CPI/employment date,bls_employment_2024-06-07
GBPUSD,2024-03-29 13:30:00+00:00,10,valid_not_selected,,bls_employment_2024-06-07
GBPUSD,2024-03-22 13:30:00+00:00,11,valid_not_selected,,bls_employment_2024-06-07
GBPUSD,2024-03-15 13:30:00+00:00,12,valid_not_selected,,bls_employment_2024-06-07
AUDUSD,2024-05-31 13:30:00+00:00,1,selected,,bls_employment_2024-06-07
AUDUSD,2024-05-24 13:30:00+00:00,2,selected,,bls_employment_2024-06-07
AUDUSD,2024-05-17 13:30:00+00:00,3,selected,,bls_employment_2024-06-07
AUDUSD,2024-05-10 13:30:00+00:00,4,selected,,bls_employment_2024-06-07
AUDUSD,2024-05-03 13:30:00+00:00,5,rejected,BLS CPI/employment date,bls_employment_2024-06-07
AUDUSD,2024-04-26 13:30:00+00:00,6,valid_not_selected,,bls_employment_2024-06-07
AUDUSD,2024-04-19 13:30:00+00:00,7,valid_not_selected,,bls_employment_2024-06-07
AUDUSD,2024-04-12 13:30:00+00:00,8,valid_not_selected,,bls_employment_2024-06-07
AUDUSD,2024-04-05 13:30:00+00:00,9,rejected,BLS CPI/employment date,bls_employment_2024-06-07
AUDUSD,2024-03-29 13:30:00+00:00,10,valid_not_selected,,bls_employment_2024-06-07
AUDUSD,2024-03-22 13:30:00+00:00,11,valid_not_selected,,bls_employment_2024-06-07
AUDUSD,2024-03-15 13:30:00+00:00,12,valid_not_selected,,bls_employment_2024-06-07
NZDUSD,2024-05-31 13:30:00+00:00,1,selected,,bls_employment_2024-06-07
NZDUSD,2024-05-24 13:30:00+00:00,2,selected,,bls_employment_2024-06-07
NZDUSD,2024-05-17 13:30:00+00:00,3,selected,,bls_employment_2024-06-07
NZDUSD,2024-05-10 13:30:00+00:00,4,selected,,bls_employment_2024-06-07
NZDUSD,2024-05-03 13:30:00+00:00,5,rejected,BLS CPI/employment date,bls_employment_2024-06-07
NZDUSD,2024-04-26 13:30:00+00:00,6,valid_not_selected,,bls_employment_2024-06-07
NZDUSD,2024-04-19 13:30:00+00:00,7,valid_not_selected,,bls_employment_2024-06-07
NZDUSD,2024-04-12 13:30:00+00:00,8,valid_not_selected,,bls_employment_2024-06-07
NZDUSD,2024-04-05 13:30:00+00:00,9,rejected,BLS CPI/employment date,bls_employment_2024-06-07
NZDUSD,2024-03-29 13:30:00+00:00,10,valid_not_selected,,bls_employment_2024-06-07
NZDUSD,2024-03-22 13:30:00+00:00,11,valid_not_selected,,bls_employment_2024-06-07
NZDUSD,2024-03-15 13:30:00+00:00,12,valid_not_selected,,bls_employment_2024-06-07
USDJPY,2024-05-31 13:30:00+00:00,1,selected,,bls_employment_2024-06-07
USDJPY,2024-05-24 13:30:00+00:00,2,selected,,bls_employment_2024-06-07
USDJPY,2024-05-17 13:30:00+00:00,3,selected,,bls_employment_2024-06-07
USDJPY,2024-05-10 13:30:00+00:00,4,selected,,bls_employment_2024-06-07
USDJPY,2024-05-03 13:30:00+00:00,5,rejected,BLS CPI/employment date,bls_employment_2024-06-07
USDJPY,2024-04-26 13:30:00+00:00,6,valid_not_selected,,bls_employment_2024-06-07
USDJPY,2024-04-19 13:30:00+00:00,7,valid_not_selected,,bls_employment_2024-06-07
USDJPY,2024-04-12 13:30:00+00:00,8,valid_not_selected,,bls_employment_2024-06-07
USDJPY,2024-04-05 13:30:00+00:00,9,rejected,BLS CPI/employment date,bls_employment_2024-06-07
USDJPY,2024-03-29 13:30:00+00:00,10,valid_not_selected,,bls_employment_2024-06-07
USDJPY,2024-03-22 13:30:00+00:00,11,valid_not_selected,,bls_employment_2024-06-07
USDJPY,2024-03-15 13:30:00+00:00,12,valid_not_selected,,bls_employment_2024-06-07
USDCHF,2024-05-31 13:30:00+00:00,1,selected,,bls_employment_2024-06-07
USDCHF,2024-05-24 13:30:00+00:00,2,selected,,bls_employment_2024-06-07
USDCHF,2024-05-17 13:30:00+00:00,3,selected,,bls_employment_2024-06-07
USDCHF,2024-05-10 13:30:00+00:00,4,selected,,bls_employment_2024-06-07
USDCHF,2024-05-03 13:30:00+00:00,5,rejected,BLS CPI/employment date,bls_employment_2024-06-07
USDCHF,2024-04-26 13:30:00+00:00,6,valid_not_selected,,bls_employment_2024-06-07
USDCHF,2024-04-19 13:30:00+00:00,7,valid_not_selected,,bls_employment_2024-06-07
USDCHF,2024-04-12 13:30:00+00:00,8,valid_not_selected,,bls_employment_2024-06-07
USDCHF,2024-04-05 13:30:00+00:00,9,rejected,BLS CPI/employment date,bls_employment_2024-06-07
USDCHF,2024-03-29 13:30:00+00:00,10,valid_not_selected,,bls_employment_2024-06-07
USDCHF,2024-03-22 13:30:00+00:00,11,valid_not_selected,,bls_employment_2024-06-07
USDCHF,2024-03-15 13:30:00+00:00,12,valid_not_selected,,bls_employment_2024-06-07
USDCAD,2024-05-31 13:30:00+00:00,1,selected,,bls_employment_2024-06-07
USDCAD,2024-05-24 13:30:00+00:00,2,selected,,bls_employment_2024-06-07
USDCAD,2024-05-17 13:30:00+00:00,3,selected,,bls_employment_2024-06-07
USDCAD,2024-05-10 13:30:00+00:00,4,selected,,bls_employment_2024-06-07
USDCAD,2024-05-03 13:30:00+00:00,5,rejected,BLS CPI/employment date,bls_employment_2024-06-07
USDCAD,2024-04-26 13:30:00+00:00,6,valid_not_selected,,bls_employment_2024-06-07
USDCAD,2024-04-19 13:30:00+00:00,7,valid_not_selected,,bls_employment_2024-06-07
USDCAD,2024-04-12 13:30:00+00:00,8,valid_not_selected,,bls_employment_2024-06-07
USDCAD,2024-04-05 13:30:00+00:00,9,rejected,BLS CPI/employment date,bls_employment_2024-06-07
USDCAD,2024-03-29 13:30:00+00:00,10,valid_not_selected,,bls_employment_2024-06-07
USDCAD,2024-03-22 13:30:00+00:00,11,valid_not_selected,,bls_employment_2024-06-07
USDCAD,2024-03-15 13:30:00+00:00,12,valid_not_selected,,bls_employment_2024-06-07
EURJPY,2024-05-31 13:30:00+00:00,1,selected,,bls_employment_2024-06-07
EURJPY,2024-05-24 13:30:00+00:00,2,selected,,bls_employment_2024-06-07
EURJPY,2024-05-17 13:30:00+00:00,3,selected,,bls_employment_2024-06-07
EURJPY,2024-05-10 13:30:00+00:00,4,selected,,bls_employment_2024-06-07
EURJPY,2024-05-03 13:30:00+00:00,5,rejected,BLS CPI/employment date,bls_employment_2024-06-07
EURJPY,2024-04-26 13:30:00+00:00,6,valid_not_selected,,bls_employment_2024-06-07
EURJPY,2024-04-19 13:30:00+00:00,7,valid_not_selected,,bls_employment_2024-06-07
EURJPY,2024-04-12 13:30:00+00:00,8,valid_not_selected,,bls_employment_2024-06-07
EURJPY,2024-04-05 13:30:00+00:00,9,rejected,BLS CPI/employment date,bls_employment_2024-06-07
EURJPY,2024-03-29 13:30:00+00:00,10,valid_not_selected,,bls_employment_2024-06-07
EURJPY,2024-03-22 13:30:00+00:00,11,valid_not_selected,,bls_employment_2024-06-07
EURJPY,2024-03-15 13:30:00+00:00,12,valid_not_selected,,bls_employment_2024-06-07
XAUUSD,2024-05-31 13:30:00+00:00,1,selected,,bls_employment_2024-06-07
XAUUSD,2024-05-24 13:30:00+00:00,2,selected,,bls_employment_2024-06-07
XAUUSD,2024-05-17 13:30:00+00:00,3,selected,,bls_employment_2024-06-07
XAUUSD,2024-05-10 13:30:00+00:00,4,selected,,bls_employment_2024-06-07
XAUUSD,2024-05-03 13:30:00+00:00,5,rejected,BLS CPI/employment date,bls_employment_2024-06-07
XAUUSD,2024-04-26 13:30:00+00:00,6,valid_not_selected,,bls_employment_2024-06-07
XAUUSD,2024-04-19 13:30:00+00:00,7,valid_not_selected,,bls_employment_2024-06-07
XAUUSD,2024-04-12 13:30:00+00:00,8,valid_not_selected,,bls_employment_2024-06-07
XAUUSD,2024-04-05 13:30:00+00:00,9,rejected,BLS CPI/employment date,bls_employment_2024-06-07
XAUUSD,2024-03-29 13:30:00+00:00,10,rejected,quote absent/nonpositive,bls_employment_2024-06-07
XAUUSD,2024-03-22 13:30:00+00:00,11,valid_not_selected,,bls_employment_2024-06-07
XAUUSD,2024-03-15 13:30:00+00:00,12,valid_not_selected,,bls_employment_2024-06-07
XAGUSD,2024-05-31 13:30:00+00:00,1,selected,,bls_employment_2024-06-07
XAGUSD,2024-05-24 13:30:00+00:00,2,selected,,bls_employment_2024-06-07
XAGUSD,2024-05-17 13:30:00+00:00,3,selected,,bls_employment_2024-06-07
XAGUSD,2024-05-10 13:30:00+00:00,4,selected,,bls_employment_2024-06-07
XAGUSD,2024-05-03 13:30:00+00:00,5,rejected,BLS CPI/employment date,bls_employment_2024-06-07
XAGUSD,2024-04-26 13:30:00+00:00,6,valid_not_selected,,bls_employment_2024-06-07
XAGUSD,2024-04-19 13:30:00+00:00,7,valid_not_selected,,bls_employment_2024-06-07
XAGUSD,2024-04-12 13:30:00+00:00,8,valid_not_selected,,bls_employment_2024-06-07
XAGUSD,2024-04-05 13:30:00+00:00,9,rejected,BLS CPI/employment date,bls_employment_2024-06-07
XAGUSD,2024-03-29 13:30:00+00:00,10,rejected,quote absent/nonpositive,bls_employment_2024-06-07
XAGUSD,2024-03-22 13:30:00+00:00,11,valid_not_selected,,bls_employment_2024-06-07
XAGUSD,2024-03-15 13:30:00+00:00,12,valid_not_selected,,bls_employment_2024-06-07
SPXUSD,2024-05-31 13:30:00+00:00,1,selected,,bls_employment_2024-06-07
SPXUSD,2024-05-24 13:30:00+00:00,2,selected,,bls_employment_2024-06-07
SPXUSD,2024-05-17 13:30:00+00:00,3,selected,,bls_employment_2024-06-07
SPXUSD,2024-05-10 13:30:00+00:00,4,selected,,bls_employment_2024-06-07
SPXUSD,2024-05-03 13:30:00+00:00,5,rejected,BLS CPI/employment date,bls_employment_2024-06-07
SPXUSD,2024-04-26 13:30:00+00:00,6,valid_not_selected,,bls_employment_2024-06-07
SPXUSD,2024-04-19 13:30:00+00:00,7,valid_not_selected,,bls_employment_2024-06-07
SPXUSD,2024-04-12 13:30:00+00:00,8,valid_not_selected,,bls_employment_2024-06-07
SPXUSD,2024-04-05 13:30:00+00:00,9,rejected,BLS CPI/employment date,bls_employment_2024-06-07
SPXUSD,2024-03-29 13:30:00+00:00,10,rejected,quote absent/nonpositive,bls_employment_2024-06-07
SPXUSD,2024-03-22 13:30:00+00:00,11,valid_not_selected,,bls_employment_2024-06-07
SPXUSD,2024-03-15 13:30:00+00:00,12,valid_not_selected,,bls_employment_2024-06-07
NSXUSD,2024-05-31 13:30:00+00:00,1,selected,,bls_employment_2024-06-07
NSXUSD,2024-05-24 13:30:00+00:00,2,selected,,bls_employment_2024-06-07
NSXUSD,2024-05-17 13:30:00+00:00,3,selected,,bls_employment_2024-06-07
NSXUSD,2024-05-10 13:30:00+00:00,4,selected,,bls_employment_2024-06-07
NSXUSD,2024-05-03 13:30:00+00:00,5,rejected,BLS CPI/employment date,bls_employment_2024-06-07
NSXUSD,2024-04-26 13:30:00+00:00,6,valid_not_selected,,bls_employment_2024-06-07
NSXUSD,2024-04-19 13:30:00+00:00,7,valid_not_selected,,bls_employment_2024-06-07
NSXUSD,2024-04-12 13:30:00+00:00,8,valid_not_selected,,bls_employment_2024-06-07
NSXUSD,2024-04-05 13:30:00+00:00,9,rejected,BLS CPI/employment date,bls_employment_2024-06-07
NSXUSD,2024-03-29 13:30:00+00:00,10,rejected,quote absent/nonpositive,bls_employment_2024-06-07
NSXUSD,2024-03-22 13:30:00+00:00,11,valid_not_selected,,bls_employment_2024-06-07
NSXUSD,2024-03-15 13:30:00+00:00,12,valid_not_selected,,bls_employment_2024-06-07
GRXEUR,2024-05-31 13:30:00+00:00,1,selected,,bls_employment_2024-06-07
GRXEUR,2024-05-24 13:30:00+00:00,2,selected,,bls_employment_2024-06-07
GRXEUR,2024-05-17 13:30:00+00:00,3,selected,,bls_employment_2024-06-07
GRXEUR,2024-05-10 13:30:00+00:00,4,selected,,bls_employment_2024-06-07
GRXEUR,2024-05-03 13:30:00+00:00,5,rejected,BLS CPI/employment date,bls_employment_2024-06-07
GRXEUR,2024-04-26 13:30:00+00:00,6,valid_not_selected,,bls_employment_2024-06-07
GRXEUR,2024-04-19 13:30:00+00:00,7,valid_not_selected,,bls_employment_2024-06-07
GRXEUR,2024-04-12 13:30:00+00:00,8,valid_not_selected,,bls_employment_2024-06-07
GRXEUR,2024-04-05 13:30:00+00:00,9,rejected,BLS CPI/employment date,bls_employment_2024-06-07
GRXEUR,2024-03-29 13:30:00+00:00,10,rejected,quote absent/nonpositive,bls_employment_2024-06-07
GRXEUR,2024-03-22 13:30:00+00:00,11,valid_not_selected,,bls_employment_2024-06-07
GRXEUR,2024-03-15 13:30:00+00:00,12,valid_not_selected,,bls_employment_2024-06-07
UKXGBP,2024-05-31 13:30:00+00:00,1,selected,,bls_employment_2024-06-07
UKXGBP,2024-05-24 13:30:00+00:00,2,selected,,bls_employment_2024-06-07
UKXGBP,2024-05-17 13:30:00+00:00,3,selected,,bls_employment_2024-06-07
UKXGBP,2024-05-10 13:30:00+00:00,4,selected,,bls_employment_2024-06-07
UKXGBP,2024-05-03 13:30:00+00:00,5,rejected,BLS CPI/employment date,bls_employment_2024-06-07
UKXGBP,2024-04-26 13:30:00+00:00,6,valid_not_selected,,bls_employment_2024-06-07
UKXGBP,2024-04-19 13:30:00+00:00,7,valid_not_selected,,bls_employment_2024-06-07
UKXGBP,2024-04-12 13:30:00+00:00,8,valid_not_selected,,bls_employment_2024-06-07
UKXGBP,2024-04-05 13:30:00+00:00,9,rejected,BLS CPI/employment date,bls_employment_2024-06-07
UKXGBP,2024-03-29 13:30:00+00:00,10,rejected,quote absent/nonpositive,bls_employment_2024-06-07
UKXGBP,2024-03-22 13:30:00+00:00,11,valid_not_selected,,bls_employment_2024-06-07
UKXGBP,2024-03-15 13:30:00+00:00,12,valid_not_selected,,bls_employment_2024-06-07
BCOUSD,2024-05-31 13:30:00+00:00,1,selected,,bls_employment_2024-06-07
BCOUSD,2024-05-24 13:30:00+00:00,2,selected,,bls_employment_2024-06-07
BCOUSD,2024-05-17 13:30:00+00:00,3,selected,,bls_employment_2024-06-07
BCOUSD,2024-05-10 13:30:00+00:00,4,selected,,bls_employment_2024-06-07
BCOUSD,2024-05-03 13:30:00+00:00,5,rejected,BLS CPI/employment date,bls_employment_2024-06-07
BCOUSD,2024-04-26 13:30:00+00:00,6,valid_not_selected,,bls_employment_2024-06-07
BCOUSD,2024-04-19 13:30:00+00:00,7,valid_not_selected,,bls_employment_2024-06-07
BCOUSD,2024-04-12 13:30:00+00:00,8,valid_not_selected,,bls_employment_2024-06-07
BCOUSD,2024-04-05 13:30:00+00:00,9,rejected,BLS CPI/employment date,bls_employment_2024-06-07
BCOUSD,2024-03-29 13:30:00+00:00,10,rejected,quote absent/nonpositive,bls_employment_2024-06-07
BCOUSD,2024-03-22 13:30:00+00:00,11,valid_not_selected,,bls_employment_2024-06-07
BCOUSD,2024-03-15 13:30:00+00:00,12,valid_not_selected,,bls_employment_2024-06-07
EURUSD,2024-06-05 13:30:00+00:00,1,selected,,bls_cpi_2024-06-12
EURUSD,2024-05-29 13:30:00+00:00,2,selected,,bls_cpi_2024-06-12
EURUSD,2024-05-22 13:30:00+00:00,3,selected,,bls_cpi_2024-06-12
EURUSD,2024-05-15 13:30:00+00:00,4,rejected,BLS CPI/employment date,bls_cpi_2024-06-12
EURUSD,2024-05-08 13:30:00+00:00,5,selected,,bls_cpi_2024-06-12
EURUSD,2024-05-01 13:30:00+00:00,6,valid_not_selected,,bls_cpi_2024-06-12
EURUSD,2024-04-24 13:30:00+00:00,7,valid_not_selected,,bls_cpi_2024-06-12
EURUSD,2024-04-17 13:30:00+00:00,8,valid_not_selected,,bls_cpi_2024-06-12
EURUSD,2024-04-10 13:30:00+00:00,9,rejected,BLS CPI/employment date,bls_cpi_2024-06-12
EURUSD,2024-04-03 13:30:00+00:00,10,valid_not_selected,,bls_cpi_2024-06-12
EURUSD,2024-03-27 13:30:00+00:00,11,valid_not_selected,,bls_cpi_2024-06-12
EURUSD,2024-03-20 13:30:00+00:00,12,valid_not_selected,,bls_cpi_2024-06-12
GBPUSD,2024-06-05 13:30:00+00:00,1,selected,,bls_cpi_2024-06-12
GBPUSD,2024-05-29 13:30:00+00:00,2,selected,,bls_cpi_2024-06-12
GBPUSD,2024-05-22 13:30:00+00:00,3,selected,,bls_cpi_2024-06-12
GBPUSD,2024-05-15 13:30:00+00:00,4,rejected,BLS CPI/employment date,bls_cpi_2024-06-12
GBPUSD,2024-05-08 13:30:00+00:00,5,selected,,bls_cpi_2024-06-12
GBPUSD,2024-05-01 13:30:00+00:00,6,valid_not_selected,,bls_cpi_2024-06-12
GBPUSD,2024-04-24 13:30:00+00:00,7,valid_not_selected,,bls_cpi_2024-06-12
GBPUSD,2024-04-17 13:30:00+00:00,8,valid_not_selected,,bls_cpi_2024-06-12
GBPUSD,2024-04-10 13:30:00+00:00,9,rejected,BLS CPI/employment date,bls_cpi_2024-06-12
GBPUSD,2024-04-03 13:30:00+00:00,10,valid_not_selected,,bls_cpi_2024-06-12
GBPUSD,2024-03-27 13:30:00+00:00,11,valid_not_selected,,bls_cpi_2024-06-12
GBPUSD,2024-03-20 13:30:00+00:00,12,valid_not_selected,,bls_cpi_2024-06-12
AUDUSD,2024-06-05 13:30:00+00:00,1,selected,,bls_cpi_2024-06-12
AUDUSD,2024-05-29 13:30:00+00:00,2,selected,,bls_cpi_2024-06-12
AUDUSD,2024-05-22 13:30:00+00:00,3,selected,,bls_cpi_2024-06-12
AUDUSD,2024-05-15 13:30:00+00:00,4,rejected,BLS CPI/employment date,bls_cpi_2024-06-12
AUDUSD,2024-05-08 13:30:00+00:00,5,selected,,bls_cpi_2024-06-12
AUDUSD,2024-05-01 13:30:00+00:00,6,valid_not_selected,,bls_cpi_2024-06-12
AUDUSD,2024-04-24 13:30:00+00:00,7,valid_not_selected,,bls_cpi_2024-06-12
AUDUSD,2024-04-17 13:30:00+00:00,8,valid_not_selected,,bls_cpi_2024-06-12
AUDUSD,2024-04-10 13:30:00+00:00,9,rejected,BLS CPI/employment date,bls_cpi_2024-06-12
AUDUSD,2024-04-03 13:30:00+00:00,10,valid_not_selected,,bls_cpi_2024-06-12
AUDUSD,2024-03-27 13:30:00+00:00,11,valid_not_selected,,bls_cpi_2024-06-12
AUDUSD,2024-03-20 13:30:00+00:00,12,valid_not_selected,,bls_cpi_2024-06-12
NZDUSD,2024-06-05 13:30:00+00:00,1,selected,,bls_cpi_2024-06-12
NZDUSD,2024-05-29 13:30:00+00:00,2,selected,,bls_cpi_2024-06-12
NZDUSD,2024-05-22 13:30:00+00:00,3,selected,,bls_cpi_2024-06-12
NZDUSD,2024-05-15 13:30:00+00:00,4,rejected,BLS CPI/employment date,bls_cpi_2024-06-12
NZDUSD,2024-05-08 13:30:00+00:00,5,selected,,bls_cpi_2024-06-12
NZDUSD,2024-05-01 13:30:00+00:00,6,valid_not_selected,,bls_cpi_2024-06-12
NZDUSD,2024-04-24 13:30:00+00:00,7,valid_not_selected,,bls_cpi_2024-06-12
NZDUSD,2024-04-17 13:30:00+00:00,8,valid_not_selected,,bls_cpi_2024-06-12
NZDUSD,2024-04-10 13:30:00+00:00,9,rejected,BLS CPI/employment date,bls_cpi_2024-06-12
NZDUSD,2024-04-03 13:30:00+00:00,10,valid_not_selected,,bls_cpi_2024-06-12
NZDUSD,2024-03-27 13:30:00+00:00,11,valid_not_selected,,bls_cpi_2024-06-12
NZDUSD,2024-03-20 13:30:00+00:00,12,valid_not_selected,,bls_cpi_2024-06-12
USDJPY,2024-06-05 13:30:00+00:00,1,selected,,bls_cpi_2024-06-12
USDJPY,2024-05-29 13:30:00+00:00,2,selected,,bls_cpi_2024-06-12
USDJPY,2024-05-22 13:30:00+00:00,3,selected,,bls_cpi_2024-06-12
USDJPY,2024-05-15 13:30:00+00:00,4,rejected,BLS CPI/employment date,bls_cpi_2024-06-12
USDJPY,2024-05-08 13:30:00+00:00,5,selected,,bls_cpi_2024-06-12
USDJPY,2024-05-01 13:30:00+00:00,6,valid_not_selected,,bls_cpi_2024-06-12
USDJPY,2024-04-24 13:30:00+00:00,7,valid_not_selected,,bls_cpi_2024-06-12
USDJPY,2024-04-17 13:30:00+00:00,8,valid_not_selected,,bls_cpi_2024-06-12
USDJPY,2024-04-10 13:30:00+00:00,9,rejected,BLS CPI/employment date,bls_cpi_2024-06-12
USDJPY,2024-04-03 13:30:00+00:00,10,valid_not_selected,,bls_cpi_2024-06-12
USDJPY,2024-03-27 13:30:00+00:00,11,valid_not_selected,,bls_cpi_2024-06-12
USDJPY,2024-03-20 13:30:00+00:00,12,valid_not_selected,,bls_cpi_2024-06-12
USDCHF,2024-06-05 13:30:00+00:00,1,selected,,bls_cpi_2024-06-12
USDCHF,2024-05-29 13:30:00+00:00,2,selected,,bls_cpi_2024-06-12
USDCHF,2024-05-22 13:30:00+00:00,3,selected,,bls_cpi_2024-06-12
USDCHF,2024-05-15 13:30:00+00:00,4,rejected,BLS CPI/employment date,bls_cpi_2024-06-12
USDCHF,2024-05-08 13:30:00+00:00,5,selected,,bls_cpi_2024-06-12
USDCHF,2024-05-01 13:30:00+00:00,6,valid_not_selected,,bls_cpi_2024-06-12
USDCHF,2024-04-24 13:30:00+00:00,7,valid_not_selected,,bls_cpi_2024-06-12
USDCHF,2024-04-17 13:30:00+00:00,8,valid_not_selected,,bls_cpi_2024-06-12
USDCHF,2024-04-10 13:30:00+00:00,9,rejected,BLS CPI/employment date,bls_cpi_2024-06-12
USDCHF,2024-04-03 13:30:00+00:00,10,valid_not_selected,,bls_cpi_2024-06-12
USDCHF,2024-03-27 13:30:00+00:00,11,valid_not_selected,,bls_cpi_2024-06-12
USDCHF,2024-03-20 13:30:00+00:00,12,valid_not_selected,,bls_cpi_2024-06-12
USDCAD,2024-06-05 13:30:00+00:00,1,selected,,bls_cpi_2024-06-12
USDCAD,2024-05-29 13:30:00+00:00,2,selected,,bls_cpi_2024-06-12
USDCAD,2024-05-22 13:30:00+00:00,3,selected,,bls_cpi_2024-06-12
USDCAD,2024-05-15 13:30:00+00:00,4,rejected,BLS CPI/employment date,bls_cpi_2024-06-12
USDCAD,2024-05-08 13:30:00+00:00,5,selected,,bls_cpi_2024-06-12
USDCAD,2024-05-01 13:30:00+00:00,6,valid_not_selected,,bls_cpi_2024-06-12
USDCAD,2024-04-24 13:30:00+00:00,7,valid_not_selected,,bls_cpi_2024-06-12
USDCAD,2024-04-17 13:30:00+00:00,8,valid_not_selected,,bls_cpi_2024-06-12
USDCAD,2024-04-10 13:30:00+00:00,9,rejected,BLS CPI/employment date,bls_cpi_2024-06-12
USDCAD,2024-04-03 13:30:00+00:00,10,valid_not_selected,,bls_cpi_2024-06-12
USDCAD,2024-03-27 13:30:00+00:00,11,valid_not_selected,,bls_cpi_2024-06-12
USDCAD,2024-03-20 13:30:00+00:00,12,valid_not_selected,,bls_cpi_2024-06-12
EURJPY,2024-06-05 13:30:00+00:00,1,selected,,bls_cpi_2024-06-12
EURJPY,2024-05-29 13:30:00+00:00,2,selected,,bls_cpi_2024-06-12
EURJPY,2024-05-22 13:30:00+00:00,3,selected,,bls_cpi_2024-06-12
EURJPY,2024-05-15 13:30:00+00:00,4,rejected,BLS CPI/employment date,bls_cpi_2024-06-12
EURJPY,2024-05-08 13:30:00+00:00,5,selected,,bls_cpi_2024-06-12
EURJPY,2024-05-01 13:30:00+00:00,6,valid_not_selected,,bls_cpi_2024-06-12
EURJPY,2024-04-24 13:30:00+00:00,7,valid_not_selected,,bls_cpi_2024-06-12
EURJPY,2024-04-17 13:30:00+00:00,8,valid_not_selected,,bls_cpi_2024-06-12
EURJPY,2024-04-10 13:30:00+00:00,9,rejected,BLS CPI/employment date,bls_cpi_2024-06-12
EURJPY,2024-04-03 13:30:00+00:00,10,valid_not_selected,,bls_cpi_2024-06-12
EURJPY,2024-03-27 13:30:00+00:00,11,valid_not_selected,,bls_cpi_2024-06-12
EURJPY,2024-03-20 13:30:00+00:00,12,valid_not_selected,,bls_cpi_2024-06-12
XAUUSD,2024-06-05 13:30:00+00:00,1,selected,,bls_cpi_2024-06-12
XAUUSD,2024-05-29 13:30:00+00:00,2,selected,,bls_cpi_2024-06-12
XAUUSD,2024-05-22 13:30:00+00:00,3,selected,,bls_cpi_2024-06-12
XAUUSD,2024-05-15 13:30:00+00:00,4,rejected,BLS CPI/employment date,bls_cpi_2024-06-12
XAUUSD,2024-05-08 13:30:00+00:00,5,selected,,bls_cpi_2024-06-12
XAUUSD,2024-05-01 13:30:00+00:00,6,valid_not_selected,,bls_cpi_2024-06-12
XAUUSD,2024-04-24 13:30:00+00:00,7,valid_not_selected,,bls_cpi_2024-06-12
XAUUSD,2024-04-17 13:30:00+00:00,8,valid_not_selected,,bls_cpi_2024-06-12
XAUUSD,2024-04-10 13:30:00+00:00,9,rejected,BLS CPI/employment date,bls_cpi_2024-06-12
XAUUSD,2024-04-03 13:30:00+00:00,10,valid_not_selected,,bls_cpi_2024-06-12
XAUUSD,2024-03-27 13:30:00+00:00,11,valid_not_selected,,bls_cpi_2024-06-12
XAUUSD,2024-03-20 13:30:00+00:00,12,valid_not_selected,,bls_cpi_2024-06-12
XAGUSD,2024-06-05 13:30:00+00:00,1,selected,,bls_cpi_2024-06-12
XAGUSD,2024-05-29 13:30:00+00:00,2,selected,,bls_cpi_2024-06-12
XAGUSD,2024-05-22 13:30:00+00:00,3,selected,,bls_cpi_2024-06-12
XAGUSD,2024-05-15 13:30:00+00:00,4,rejected,BLS CPI/employment date,bls_cpi_2024-06-12
XAGUSD,2024-05-08 13:30:00+00:00,5,selected,,bls_cpi_2024-06-12
XAGUSD,2024-05-01 13:30:00+00:00,6,valid_not_selected,,bls_cpi_2024-06-12
XAGUSD,2024-04-24 13:30:00+00:00,7,valid_not_selected,,bls_cpi_2024-06-12
XAGUSD,2024-04-17 13:30:00+00:00,8,valid_not_selected,,bls_cpi_2024-06-12
XAGUSD,2024-04-10 13:30:00+00:00,9,rejected,BLS CPI/employment date,bls_cpi_2024-06-12
XAGUSD,2024-04-03 13:30:00+00:00,10,valid_not_selected,,bls_cpi_2024-06-12
XAGUSD,2024-03-27 13:30:00+00:00,11,valid_not_selected,,bls_cpi_2024-06-12
XAGUSD,2024-03-20 13:30:00+00:00,12,valid_not_selected,,bls_cpi_2024-06-12
SPXUSD,2024-06-05 13:30:00+00:00,1,selected,,bls_cpi_2024-06-12
SPXUSD,2024-05-29 13:30:00+00:00,2,selected,,bls_cpi_2024-06-12
SPXUSD,2024-05-22 13:30:00+00:00,3,selected,,bls_cpi_2024-06-12
SPXUSD,2024-05-15 13:30:00+00:00,4,rejected,BLS CPI/employment date,bls_cpi_2024-06-12
SPXUSD,2024-05-08 13:30:00+00:00,5,selected,,bls_cpi_2024-06-12
SPXUSD,2024-05-01 13:30:00+00:00,6,valid_not_selected,,bls_cpi_2024-06-12
SPXUSD,2024-04-24 13:30:00+00:00,7,valid_not_selected,,bls_cpi_2024-06-12
SPXUSD,2024-04-17 13:30:00+00:00,8,valid_not_selected,,bls_cpi_2024-06-12
SPXUSD,2024-04-10 13:30:00+00:00,9,rejected,BLS CPI/employment date,bls_cpi_2024-06-12
SPXUSD,2024-04-03 13:30:00+00:00,10,valid_not_selected,,bls_cpi_2024-06-12
SPXUSD,2024-03-27 13:30:00+00:00,11,valid_not_selected,,bls_cpi_2024-06-12
SPXUSD,2024-03-20 13:30:00+00:00,12,valid_not_selected,,bls_cpi_2024-06-12
NSXUSD,2024-06-05 13:30:00+00:00,1,selected,,bls_cpi_2024-06-12
NSXUSD,2024-05-29 13:30:00+00:00,2,selected,,bls_cpi_2024-06-12
NSXUSD,2024-05-22 13:30:00+00:00,3,selected,,bls_cpi_2024-06-12
NSXUSD,2024-05-15 13:30:00+00:00,4,rejected,BLS CPI/employment date,bls_cpi_2024-06-12
NSXUSD,2024-05-08 13:30:00+00:00,5,selected,,bls_cpi_2024-06-12
NSXUSD,2024-05-01 13:30:00+00:00,6,valid_not_selected,,bls_cpi_2024-06-12
NSXUSD,2024-04-24 13:30:00+00:00,7,valid_not_selected,,bls_cpi_2024-06-12
NSXUSD,2024-04-17 13:30:00+00:00,8,valid_not_selected,,bls_cpi_2024-06-12
NSXUSD,2024-04-10 13:30:00+00:00,9,rejected,BLS CPI/employment date,bls_cpi_2024-06-12
NSXUSD,2024-04-03 13:30:00+00:00,10,valid_not_selected,,bls_cpi_2024-06-12
NSXUSD,2024-03-27 13:30:00+00:00,11,valid_not_selected,,bls_cpi_2024-06-12
NSXUSD,2024-03-20 13:30:00+00:00,12,valid_not_selected,,bls_cpi_2024-06-12
GRXEUR,2024-06-05 13:30:00+00:00,1,selected,,bls_cpi_2024-06-12
GRXEUR,2024-05-29 13:30:00+00:00,2,selected,,bls_cpi_2024-06-12
GRXEUR,2024-05-22 13:30:00+00:00,3,selected,,bls_cpi_2024-06-12
GRXEUR,2024-05-15 13:30:00+00:00,4,rejected,BLS CPI/employment date,bls_cpi_2024-06-12
GRXEUR,2024-05-08 13:30:00+00:00,5,selected,,bls_cpi_2024-06-12
GRXEUR,2024-05-01 13:30:00+00:00,6,valid_not_selected,,bls_cpi_2024-06-12
GRXEUR,2024-04-24 13:30:00+00:00,7,valid_not_selected,,bls_cpi_2024-06-12
GRXEUR,2024-04-17 13:30:00+00:00,8,valid_not_selected,,bls_cpi_2024-06-12
GRXEUR,2024-04-10 13:30:00+00:00,9,rejected,BLS CPI/employment date,bls_cpi_2024-06-12
GRXEUR,2024-04-03 13:30:00+00:00,10,valid_not_selected,,bls_cpi_2024-06-12
GRXEUR,2024-03-27 13:30:00+00:00,11,valid_not_selected,,bls_cpi_2024-06-12
GRXEUR,2024-03-20 13:30:00+00:00,12,valid_not_selected,,bls_cpi_2024-06-12
UKXGBP,2024-06-05 13:30:00+00:00,1,selected,,bls_cpi_2024-06-12
UKXGBP,2024-05-29 13:30:00+00:00,2,selected,,bls_cpi_2024-06-12
UKXGBP,2024-05-22 13:30:00+00:00,3,selected,,bls_cpi_2024-06-12
UKXGBP,2024-05-15 13:30:00+00:00,4,rejected,BLS CPI/employment date,bls_cpi_2024-06-12
UKXGBP,2024-05-08 13:30:00+00:00,5,selected,,bls_cpi_2024-06-12
UKXGBP,2024-05-01 13:30:00+00:00,6,valid_not_selected,,bls_cpi_2024-06-12
UKXGBP,2024-04-24 13:30:00+00:00,7,valid_not_selected,,bls_cpi_2024-06-12
UKXGBP,2024-04-17 13:30:00+00:00,8,valid_not_selected,,bls_cpi_2024-06-12
UKXGBP,2024-04-10 13:30:00+00:00,9,rejected,BLS CPI/employment date,bls_cpi_2024-06-12
UKXGBP,2024-04-03 13:30:00+00:00,10,valid_not_selected,,bls_cpi_2024-06-12
UKXGBP,2024-03-27 13:30:00+00:00,11,valid_not_selected,,bls_cpi_2024-06-12
UKXGBP,2024-03-20 13:30:00+00:00,12,valid_not_selected,,bls_cpi_2024-06-12
BCOUSD,2024-06-05 13:30:00+00:00,1,selected,,bls_cpi_2024-06-12
BCOUSD,2024-05-29 13:30:00+00:00,2,selected,,bls_cpi_2024-06-12
BCOUSD,2024-05-22 13:30:00+00:00,3,selected,,bls_cpi_2024-06-12
BCOUSD,2024-05-15 13:30:00+00:00,4,rejected,BLS CPI/employment date,bls_cpi_2024-06-12
BCOUSD,2024-05-08 13:30:00+00:00,5,selected,,bls_cpi_2024-06-12
BCOUSD,2024-05-01 13:30:00+00:00,6,valid_not_selected,,bls_cpi_2024-06-12
BCOUSD,2024-04-24 13:30:00+00:00,7,valid_not_selected,,bls_cpi_2024-06-12
BCOUSD,2024-04-17 13:30:00+00:00,8,valid_not_selected,,bls_cpi_2024-06-12
BCOUSD,2024-04-10 13:30:00+00:00,9,rejected,BLS CPI/employment date,bls_cpi_2024-06-12
BCOUSD,2024-04-03 13:30:00+00:00,10,valid_not_selected,,bls_cpi_2024-06-12
BCOUSD,2024-03-27 13:30:00+00:00,11,valid_not_selected,,bls_cpi_2024-06-12
BCOUSD,2024-03-20 13:30:00+00:00,12,valid_not_selected,,bls_cpi_2024-06-12
EURUSD,2024-06-28 13:30:00+00:00,1,selected,,bls_employment_2024-07-05
EURUSD,2024-06-21 13:30:00+00:00,2,selected,,bls_employment_2024-07-05
EURUSD,2024-06-14 13:30:00+00:00,3,selected,,bls_employment_2024-07-05
EURUSD,2024-06-07 13:30:00+00:00,4,rejected,BLS CPI/employment date,bls_employment_2024-07-05
EURUSD,2024-05-31 13:30:00+00:00,5,selected,,bls_employment_2024-07-05
EURUSD,2024-05-24 13:30:00+00:00,6,valid_not_selected,,bls_employment_2024-07-05
EURUSD,2024-05-17 13:30:00+00:00,7,valid_not_selected,,bls_employment_2024-07-05
EURUSD,2024-05-10 13:30:00+00:00,8,valid_not_selected,,bls_employment_2024-07-05
EURUSD,2024-05-03 13:30:00+00:00,9,rejected,BLS CPI/employment date,bls_employment_2024-07-05
EURUSD,2024-04-26 13:30:00+00:00,10,valid_not_selected,,bls_employment_2024-07-05
EURUSD,2024-04-19 13:30:00+00:00,11,valid_not_selected,,bls_employment_2024-07-05
EURUSD,2024-04-12 13:30:00+00:00,12,valid_not_selected,,bls_employment_2024-07-05
GBPUSD,2024-06-28 13:30:00+00:00,1,selected,,bls_employment_2024-07-05
GBPUSD,2024-06-21 13:30:00+00:00,2,selected,,bls_employment_2024-07-05
GBPUSD,2024-06-14 13:30:00+00:00,3,selected,,bls_employment_2024-07-05
GBPUSD,2024-06-07 13:30:00+00:00,4,rejected,BLS CPI/employment date,bls_employment_2024-07-05
GBPUSD,2024-05-31 13:30:00+00:00,5,selected,,bls_employment_2024-07-05
GBPUSD,2024-05-24 13:30:00+00:00,6,valid_not_selected,,bls_employment_2024-07-05
GBPUSD,2024-05-17 13:30:00+00:00,7,valid_not_selected,,bls_employment_2024-07-05
GBPUSD,2024-05-10 13:30:00+00:00,8,valid_not_selected,,bls_employment_2024-07-05
GBPUSD,2024-05-03 13:30:00+00:00,9,rejected,BLS CPI/employment date,bls_employment_2024-07-05
GBPUSD,2024-04-26 13:30:00+00:00,10,valid_not_selected,,bls_employment_2024-07-05
GBPUSD,2024-04-19 13:30:00+00:00,11,valid_not_selected,,bls_employment_2024-07-05
GBPUSD,2024-04-12 13:30:00+00:00,12,valid_not_selected,,bls_employment_2024-07-05
AUDUSD,2024-06-28 13:30:00+00:00,1,selected,,bls_employment_2024-07-05
AUDUSD,2024-06-21 13:30:00+00:00,2,selected,,bls_employment_2024-07-05
AUDUSD,2024-06-14 13:30:00+00:00,3,selected,,bls_employment_2024-07-05
AUDUSD,2024-06-07 13:30:00+00:00,4,rejected,BLS CPI/employment date,bls_employment_2024-07-05
AUDUSD,2024-05-31 13:30:00+00:00,5,selected,,bls_employment_2024-07-05
AUDUSD,2024-05-24 13:30:00+00:00,6,valid_not_selected,,bls_employment_2024-07-05
AUDUSD,2024-05-17 13:30:00+00:00,7,valid_not_selected,,bls_employment_2024-07-05
AUDUSD,2024-05-10 13:30:00+00:00,8,valid_not_selected,,bls_employment_2024-07-05
AUDUSD,2024-05-03 13:30:00+00:00,9,rejected,BLS CPI/employment date,bls_employment_2024-07-05
AUDUSD,2024-04-26 13:30:00+00:00,10,valid_not_selected,,bls_employment_2024-07-05
AUDUSD,2024-04-19 13:30:00+00:00,11,valid_not_selected,,bls_employment_2024-07-05
AUDUSD,2024-04-12 13:30:00+00:00,12,valid_not_selected,,bls_employment_2024-07-05
NZDUSD,2024-06-28 13:30:00+00:00,1,selected,,bls_employment_2024-07-05
NZDUSD,2024-06-21 13:30:00+00:00,2,selected,,bls_employment_2024-07-05
NZDUSD,2024-06-14 13:30:00+00:00,3,selected,,bls_employment_2024-07-05
NZDUSD,2024-06-07 13:30:00+00:00,4,rejected,BLS CPI/employment date,bls_employment_2024-07-05
NZDUSD,2024-05-31 13:30:00+00:00,5,selected,,bls_employment_2024-07-05
NZDUSD,2024-05-24 13:30:00+00:00,6,valid_not_selected,,bls_employment_2024-07-05
NZDUSD,2024-05-17 13:30:00+00:00,7,valid_not_selected,,bls_employment_2024-07-05
NZDUSD,2024-05-10 13:30:00+00:00,8,valid_not_selected,,bls_employment_2024-07-05
NZDUSD,2024-05-03 13:30:00+00:00,9,rejected,BLS CPI/employment date,bls_employment_2024-07-05
NZDUSD,2024-04-26 13:30:00+00:00,10,valid_not_selected,,bls_employment_2024-07-05
NZDUSD,2024-04-19 13:30:00+00:00,11,valid_not_selected,,bls_employment_2024-07-05
NZDUSD,2024-04-12 13:30:00+00:00,12,valid_not_selected,,bls_employment_2024-07-05
USDJPY,2024-06-28 13:30:00+00:00,1,selected,,bls_employment_2024-07-05
USDJPY,2024-06-21 13:30:00+00:00,2,selected,,bls_employment_2024-07-05
USDJPY,2024-06-14 13:30:00+00:00,3,selected,,bls_employment_2024-07-05
USDJPY,2024-06-07 13:30:00+00:00,4,rejected,BLS CPI/employment date,bls_employment_2024-07-05
USDJPY,2024-05-31 13:30:00+00:00,5,selected,,bls_employment_2024-07-05
USDJPY,2024-05-24 13:30:00+00:00,6,valid_not_selected,,bls_employment_2024-07-05
USDJPY,2024-05-17 13:30:00+00:00,7,valid_not_selected,,bls_employment_2024-07-05
USDJPY,2024-05-10 13:30:00+00:00,8,valid_not_selected,,bls_employment_2024-07-05
USDJPY,2024-05-03 13:30:00+00:00,9,rejected,BLS CPI/employment date,bls_employment_2024-07-05
USDJPY,2024-04-26 13:30:00+00:00,10,valid_not_selected,,bls_employment_2024-07-05
USDJPY,2024-04-19 13:30:00+00:00,11,valid_not_selected,,bls_employment_2024-07-05
USDJPY,2024-04-12 13:30:00+00:00,12,valid_not_selected,,bls_employment_2024-07-05
USDCHF,2024-06-28 13:30:00+00:00,1,selected,,bls_employment_2024-07-05
USDCHF,2024-06-21 13:30:00+00:00,2,selected,,bls_employment_2024-07-05
USDCHF,2024-06-14 13:30:00+00:00,3,selected,,bls_employment_2024-07-05
USDCHF,2024-06-07 13:30:00+00:00,4,rejected,BLS CPI/employment date,bls_employment_2024-07-05
USDCHF,2024-05-31 13:30:00+00:00,5,selected,,bls_employment_2024-07-05
USDCHF,2024-05-24 13:30:00+00:00,6,valid_not_selected,,bls_employment_2024-07-05
USDCHF,2024-05-17 13:30:00+00:00,7,valid_not_selected,,bls_employment_2024-07-05
USDCHF,2024-05-10 13:30:00+00:00,8,valid_not_selected,,bls_employment_2024-07-05
USDCHF,2024-05-03 13:30:00+00:00,9,rejected,BLS CPI/employment date,bls_employment_2024-07-05
USDCHF,2024-04-26 13:30:00+00:00,10,valid_not_selected,,bls_employment_2024-07-05
USDCHF,2024-04-19 13:30:00+00:00,11,valid_not_selected,,bls_employment_2024-07-05
USDCHF,2024-04-12 13:30:00+00:00,12,valid_not_selected,,bls_employment_2024-07-05
USDCAD,2024-06-28 13:30:00+00:00,1,selected,,bls_employment_2024-07-05
USDCAD,2024-06-21 13:30:00+00:00,2,selected,,bls_employment_2024-07-05
USDCAD,2024-06-14 13:30:00+00:00,3,selected,,bls_employment_2024-07-05
USDCAD,2024-06-07 13:30:00+00:00,4,rejected,BLS CPI/employment date,bls_employment_2024-07-05
USDCAD,2024-05-31 13:30:00+00:00,5,selected,,bls_employment_2024-07-05
USDCAD,2024-05-24 13:30:00+00:00,6,valid_not_selected,,bls_employment_2024-07-05
USDCAD,2024-05-17 13:30:00+00:00,7,valid_not_selected,,bls_employment_2024-07-05
USDCAD,2024-05-10 13:30:00+00:00,8,valid_not_selected,,bls_employment_2024-07-05
USDCAD,2024-05-03 13:30:00+00:00,9,rejected,BLS CPI/employment date,bls_employment_2024-07-05
USDCAD,2024-04-26 13:30:00+00:00,10,valid_not_selected,,bls_employment_2024-07-05
USDCAD,2024-04-19 13:30:00+00:00,11,valid_not_selected,,bls_employment_2024-07-05
USDCAD,2024-04-12 13:30:00+00:00,12,valid_not_selected,,bls_employment_2024-07-05
EURJPY,2024-06-28 13:30:00+00:00,1,selected,,bls_employment_2024-07-05
EURJPY,2024-06-21 13:30:00+00:00,2,selected,,bls_employment_2024-07-05
EURJPY,2024-06-14 13:30:00+00:00,3,selected,,bls_employment_2024-07-05
EURJPY,2024-06-07 13:30:00+00:00,4,rejected,BLS CPI/employment date,bls_employment_2024-07-05
EURJPY,2024-05-31 13:30:00+00:00,5,selected,,bls_employment_2024-07-05
EURJPY,2024-05-24 13:30:00+00:00,6,valid_not_selected,,bls_employment_2024-07-05
EURJPY,2024-05-17 13:30:00+00:00,7,valid_not_selected,,bls_employment_2024-07-05
EURJPY,2024-05-10 13:30:00+00:00,8,valid_not_selected,,bls_employment_2024-07-05
EURJPY,2024-05-03 13:30:00+00:00,9,rejected,BLS CPI/employment date,bls_employment_2024-07-05
EURJPY,2024-04-26 13:30:00+00:00,10,valid_not_selected,,bls_employment_2024-07-05
EURJPY,2024-04-19 13:30:00+00:00,11,valid_not_selected,,bls_employment_2024-07-05
EURJPY,2024-04-12 13:30:00+00:00,12,valid_not_selected,,bls_employment_2024-07-05
XAUUSD,2024-06-28 13:30:00+00:00,1,selected,,bls_employment_2024-07-05
XAUUSD,2024-06-21 13:30:00+00:00,2,selected,,bls_employment_2024-07-05
XAUUSD,2024-06-14 13:30:00+00:00,3,selected,,bls_employment_2024-07-05
XAUUSD,2024-06-07 13:30:00+00:00,4,rejected,BLS CPI/employment date,bls_employment_2024-07-05
XAUUSD,2024-05-31 13:30:00+00:00,5,selected,,bls_employment_2024-07-05
XAUUSD,2024-05-24 13:30:00+00:00,6,valid_not_selected,,bls_employment_2024-07-05
XAUUSD,2024-05-17 13:30:00+00:00,7,valid_not_selected,,bls_employment_2024-07-05
XAUUSD,2024-05-10 13:30:00+00:00,8,valid_not_selected,,bls_employment_2024-07-05
XAUUSD,2024-05-03 13:30:00+00:00,9,rejected,BLS CPI/employment date,bls_employment_2024-07-05
XAUUSD,2024-04-26 13:30:00+00:00,10,valid_not_selected,,bls_employment_2024-07-05
XAUUSD,2024-04-19 13:30:00+00:00,11,valid_not_selected,,bls_employment_2024-07-05
XAUUSD,2024-04-12 13:30:00+00:00,12,valid_not_selected,,bls_employment_2024-07-05
XAGUSD,2024-06-28 13:30:00+00:00,1,selected,,bls_employment_2024-07-05
XAGUSD,2024-06-21 13:30:00+00:00,2,selected,,bls_employment_2024-07-05
XAGUSD,2024-06-14 13:30:00+00:00,3,selected,,bls_employment_2024-07-05
XAGUSD,2024-06-07 13:30:00+00:00,4,rejected,BLS CPI/employment date,bls_employment_2024-07-05
XAGUSD,2024-05-31 13:30:00+00:00,5,selected,,bls_employment_2024-07-05
XAGUSD,2024-05-24 13:30:00+00:00,6,valid_not_selected,,bls_employment_2024-07-05
XAGUSD,2024-05-17 13:30:00+00:00,7,valid_not_selected,,bls_employment_2024-07-05
XAGUSD,2024-05-10 13:30:00+00:00,8,valid_not_selected,,bls_employment_2024-07-05
XAGUSD,2024-05-03 13:30:00+00:00,9,rejected,BLS CPI/employment date,bls_employment_2024-07-05
XAGUSD,2024-04-26 13:30:00+00:00,10,valid_not_selected,,bls_employment_2024-07-05
XAGUSD,2024-04-19 13:30:00+00:00,11,valid_not_selected,,bls_employment_2024-07-05
XAGUSD,2024-04-12 13:30:00+00:00,12,valid_not_selected,,bls_employment_2024-07-05
SPXUSD,2024-06-28 13:30:00+00:00,1,selected,,bls_employment_2024-07-05
SPXUSD,2024-06-21 13:30:00+00:00,2,selected,,bls_employment_2024-07-05
SPXUSD,2024-06-14 13:30:00+00:00,3,selected,,bls_employment_2024-07-05
SPXUSD,2024-06-07 13:30:00+00:00,4,rejected,BLS CPI/employment date,bls_employment_2024-07-05
SPXUSD,2024-05-31 13:30:00+00:00,5,selected,,bls_employment_2024-07-05
SPXUSD,2024-05-24 13:30:00+00:00,6,valid_not_selected,,bls_employment_2024-07-05
SPXUSD,2024-05-17 13:30:00+00:00,7,valid_not_selected,,bls_employment_2024-07-05
SPXUSD,2024-05-10 13:30:00+00:00,8,valid_not_selected,,bls_employment_2024-07-05
SPXUSD,2024-05-03 13:30:00+00:00,9,rejected,BLS CPI/employment date,bls_employment_2024-07-05
SPXUSD,2024-04-26 13:30:00+00:00,10,valid_not_selected,,bls_employment_2024-07-05
SPXUSD,2024-04-19 13:30:00+00:00,11,valid_not_selected,,bls_employment_2024-07-05
SPXUSD,2024-04-12 13:30:00+00:00,12,valid_not_selected,,bls_employment_2024-07-05
NSXUSD,2024-06-28 13:30:00+00:00,1,selected,,bls_employment_2024-07-05
NSXUSD,2024-06-21 13:30:00+00:00,2,selected,,bls_employment_2024-07-05
NSXUSD,2024-06-14 13:30:00+00:00,3,selected,,bls_employment_2024-07-05
NSXUSD,2024-06-07 13:30:00+00:00,4,rejected,BLS CPI/employment date,bls_employment_2024-07-05
NSXUSD,2024-05-31 13:30:00+00:00,5,selected,,bls_employment_2024-07-05
NSXUSD,2024-05-24 13:30:00+00:00,6,valid_not_selected,,bls_employment_2024-07-05
NSXUSD,2024-05-17 13:30:00+00:00,7,valid_not_selected,,bls_employment_2024-07-05
NSXUSD,2024-05-10 13:30:00+00:00,8,valid_not_selected,,bls_employment_2024-07-05
NSXUSD,2024-05-03 13:30:00+00:00,9,rejected,BLS CPI/employment date,bls_employment_2024-07-05
NSXUSD,2024-04-26 13:30:00+00:00,10,valid_not_selected,,bls_employment_2024-07-05
NSXUSD,2024-04-19 13:30:00+00:00,11,valid_not_selected,,bls_employment_2024-07-05
NSXUSD,2024-04-12 13:30:00+00:00,12,valid_not_selected,,bls_employment_2024-07-05
GRXEUR,2024-06-28 13:30:00+00:00,1,selected,,bls_employment_2024-07-05
GRXEUR,2024-06-21 13:30:00+00:00,2,selected,,bls_employment_2024-07-05
GRXEUR,2024-06-14 13:30:00+00:00,3,selected,,bls_employment_2024-07-05
GRXEUR,2024-06-07 13:30:00+00:00,4,rejected,BLS CPI/employment date,bls_employment_2024-07-05
GRXEUR,2024-05-31 13:30:00+00:00,5,selected,,bls_employment_2024-07-05
GRXEUR,2024-05-24 13:30:00+00:00,6,valid_not_selected,,bls_employment_2024-07-05
GRXEUR,2024-05-17 13:30:00+00:00,7,valid_not_selected,,bls_employment_2024-07-05
GRXEUR,2024-05-10 13:30:00+00:00,8,valid_not_selected,,bls_employment_2024-07-05
GRXEUR,2024-05-03 13:30:00+00:00,9,rejected,BLS CPI/employment date,bls_employment_2024-07-05
GRXEUR,2024-04-26 13:30:00+00:00,10,valid_not_selected,,bls_employment_2024-07-05
GRXEUR,2024-04-19 13:30:00+00:00,11,valid_not_selected,,bls_employment_2024-07-05
GRXEUR,2024-04-12 13:30:00+00:00,12,valid_not_selected,,bls_employment_2024-07-05
UKXGBP,2024-06-28 13:30:00+00:00,1,selected,,bls_employment_2024-07-05
UKXGBP,2024-06-21 13:30:00+00:00,2,selected,,bls_employment_2024-07-05
UKXGBP,2024-06-14 13:30:00+00:00,3,selected,,bls_employment_2024-07-05
UKXGBP,2024-06-07 13:30:00+00:00,4,rejected,BLS CPI/employment date,bls_employment_2024-07-05
UKXGBP,2024-05-31 13:30:00+00:00,5,selected,,bls_employment_2024-07-05
UKXGBP,2024-05-24 13:30:00+00:00,6,valid_not_selected,,bls_employment_2024-07-05
UKXGBP,2024-05-17 13:30:00+00:00,7,valid_not_selected,,bls_employment_2024-07-05
UKXGBP,2024-05-10 13:30:00+00:00,8,valid_not_selected,,bls_employment_2024-07-05
UKXGBP,2024-05-03 13:30:00+00:00,9,rejected,BLS CPI/employment date,bls_employment_2024-07-05
UKXGBP,2024-04-26 13:30:00+00:00,10,valid_not_selected,,bls_employment_2024-07-05
UKXGBP,2024-04-19 13:30:00+00:00,11,valid_not_selected,,bls_employment_2024-07-05
UKXGBP,2024-04-12 13:30:00+00:00,12,valid_not_selected,,bls_employment_2024-07-05
BCOUSD,2024-06-28 13:30:00+00:00,1,selected,,bls_employment_2024-07-05
BCOUSD,2024-06-21 13:30:00+00:00,2,selected,,bls_employment_2024-07-05
BCOUSD,2024-06-14 13:30:00+00:00,3,selected,,bls_employment_2024-07-05
BCOUSD,2024-06-07 13:30:00+00:00,4,rejected,BLS CPI/employment date,bls_employment_2024-07-05
BCOUSD,2024-05-31 13:30:00+00:00,5,selected,,bls_employment_2024-07-05
BCOUSD,2024-05-24 13:30:00+00:00,6,valid_not_selected,,bls_employment_2024-07-05
BCOUSD,2024-05-17 13:30:00+00:00,7,valid_not_selected,,bls_employment_2024-07-05
BCOUSD,2024-05-10 13:30:00+00:00,8,valid_not_selected,,bls_employment_2024-07-05
BCOUSD,2024-05-03 13:30:00+00:00,9,rejected,BLS CPI/employment date,bls_employment_2024-07-05
BCOUSD,2024-04-26 13:30:00+00:00,10,valid_not_selected,,bls_employment_2024-07-05
BCOUSD,2024-04-19 13:30:00+00:00,11,valid_not_selected,,bls_employment_2024-07-05
BCOUSD,2024-04-12 13:30:00+00:00,12,valid_not_selected,,bls_employment_2024-07-05
EURUSD,2024-07-04 13:30:00+00:00,1,selected,,bls_cpi_2024-07-11
EURUSD,2024-06-27 13:30:00+00:00,2,selected,,bls_cpi_2024-07-11
EURUSD,2024-06-20 13:30:00+00:00,3,selected,,bls_cpi_2024-07-11
EURUSD,2024-06-13 13:30:00+00:00,4,selected,,bls_cpi_2024-07-11
EURUSD,2024-06-06 13:30:00+00:00,5,valid_not_selected,,bls_cpi_2024-07-11
EURUSD,2024-05-30 13:30:00+00:00,6,valid_not_selected,,bls_cpi_2024-07-11
EURUSD,2024-05-23 13:30:00+00:00,7,valid_not_selected,,bls_cpi_2024-07-11
EURUSD,2024-05-16 13:30:00+00:00,8,valid_not_selected,,bls_cpi_2024-07-11
EURUSD,2024-05-09 13:30:00+00:00,9,valid_not_selected,,bls_cpi_2024-07-11
EURUSD,2024-05-02 13:30:00+00:00,10,valid_not_selected,,bls_cpi_2024-07-11
EURUSD,2024-04-25 13:30:00+00:00,11,valid_not_selected,,bls_cpi_2024-07-11
EURUSD,2024-04-18 13:30:00+00:00,12,valid_not_selected,,bls_cpi_2024-07-11
GBPUSD,2024-07-04 13:30:00+00:00,1,selected,,bls_cpi_2024-07-11
GBPUSD,2024-06-27 13:30:00+00:00,2,selected,,bls_cpi_2024-07-11
GBPUSD,2024-06-20 13:30:00+00:00,3,selected,,bls_cpi_2024-07-11
GBPUSD,2024-06-13 13:30:00+00:00,4,selected,,bls_cpi_2024-07-11
GBPUSD,2024-06-06 13:30:00+00:00,5,valid_not_selected,,bls_cpi_2024-07-11
GBPUSD,2024-05-30 13:30:00+00:00,6,valid_not_selected,,bls_cpi_2024-07-11
GBPUSD,2024-05-23 13:30:00+00:00,7,valid_not_selected,,bls_cpi_2024-07-11
GBPUSD,2024-05-16 13:30:00+00:00,8,valid_not_selected,,bls_cpi_2024-07-11
GBPUSD,2024-05-09 13:30:00+00:00,9,valid_not_selected,,bls_cpi_2024-07-11
GBPUSD,2024-05-02 13:30:00+00:00,10,valid_not_selected,,bls_cpi_2024-07-11
GBPUSD,2024-04-25 13:30:00+00:00,11,valid_not_selected,,bls_cpi_2024-07-11
GBPUSD,2024-04-18 13:30:00+00:00,12,valid_not_selected,,bls_cpi_2024-07-11
AUDUSD,2024-07-04 13:30:00+00:00,1,selected,,bls_cpi_2024-07-11
AUDUSD,2024-06-27 13:30:00+00:00,2,selected,,bls_cpi_2024-07-11
AUDUSD,2024-06-20 13:30:00+00:00,3,selected,,bls_cpi_2024-07-11
AUDUSD,2024-06-13 13:30:00+00:00,4,selected,,bls_cpi_2024-07-11
AUDUSD,2024-06-06 13:30:00+00:00,5,valid_not_selected,,bls_cpi_2024-07-11
AUDUSD,2024-05-30 13:30:00+00:00,6,valid_not_selected,,bls_cpi_2024-07-11
AUDUSD,2024-05-23 13:30:00+00:00,7,valid_not_selected,,bls_cpi_2024-07-11
AUDUSD,2024-05-16 13:30:00+00:00,8,valid_not_selected,,bls_cpi_2024-07-11
AUDUSD,2024-05-09 13:30:00+00:00,9,valid_not_selected,,bls_cpi_2024-07-11
AUDUSD,2024-05-02 13:30:00+00:00,10,valid_not_selected,,bls_cpi_2024-07-11
AUDUSD,2024-04-25 13:30:00+00:00,11,valid_not_selected,,bls_cpi_2024-07-11
AUDUSD,2024-04-18 13:30:00+00:00,12,valid_not_selected,,bls_cpi_2024-07-11
NZDUSD,2024-07-04 13:30:00+00:00,1,selected,,bls_cpi_2024-07-11
NZDUSD,2024-06-27 13:30:00+00:00,2,selected,,bls_cpi_2024-07-11
NZDUSD,2024-06-20 13:30:00+00:00,3,selected,,bls_cpi_2024-07-11
NZDUSD,2024-06-13 13:30:00+00:00,4,selected,,bls_cpi_2024-07-11
NZDUSD,2024-06-06 13:30:00+00:00,5,valid_not_selected,,bls_cpi_2024-07-11
NZDUSD,2024-05-30 13:30:00+00:00,6,valid_not_selected,,bls_cpi_2024-07-11
NZDUSD,2024-05-23 13:30:00+00:00,7,valid_not_selected,,bls_cpi_2024-07-11
NZDUSD,2024-05-16 13:30:00+00:00,8,valid_not_selected,,bls_cpi_2024-07-11
NZDUSD,2024-05-09 13:30:00+00:00,9,valid_not_selected,,bls_cpi_2024-07-11
NZDUSD,2024-05-02 13:30:00+00:00,10,valid_not_selected,,bls_cpi_2024-07-11
NZDUSD,2024-04-25 13:30:00+00:00,11,valid_not_selected,,bls_cpi_2024-07-11
NZDUSD,2024-04-18 13:30:00+00:00,12,valid_not_selected,,bls_cpi_2024-07-11
USDJPY,2024-07-04 13:30:00+00:00,1,selected,,bls_cpi_2024-07-11
USDJPY,2024-06-27 13:30:00+00:00,2,selected,,bls_cpi_2024-07-11
USDJPY,2024-06-20 13:30:00+00:00,3,selected,,bls_cpi_2024-07-11
USDJPY,2024-06-13 13:30:00+00:00,4,selected,,bls_cpi_2024-07-11
USDJPY,2024-06-06 13:30:00+00:00,5,valid_not_selected,,bls_cpi_2024-07-11
USDJPY,2024-05-30 13:30:00+00:00,6,valid_not_selected,,bls_cpi_2024-07-11
USDJPY,2024-05-23 13:30:00+00:00,7,valid_not_selected,,bls_cpi_2024-07-11
USDJPY,2024-05-16 13:30:00+00:00,8,valid_not_selected,,bls_cpi_2024-07-11
USDJPY,2024-05-09 13:30:00+00:00,9,valid_not_selected,,bls_cpi_2024-07-11
USDJPY,2024-05-02 13:30:00+00:00,10,valid_not_selected,,bls_cpi_2024-07-11
USDJPY,2024-04-25 13:30:00+00:00,11,valid_not_selected,,bls_cpi_2024-07-11
USDJPY,2024-04-18 13:30:00+00:00,12,valid_not_selected,,bls_cpi_2024-07-11
USDCHF,2024-07-04 13:30:00+00:00,1,selected,,bls_cpi_2024-07-11
USDCHF,2024-06-27 13:30:00+00:00,2,selected,,bls_cpi_2024-07-11
USDCHF,2024-06-20 13:30:00+00:00,3,selected,,bls_cpi_2024-07-11
USDCHF,2024-06-13 13:30:00+00:00,4,selected,,bls_cpi_2024-07-11
USDCHF,2024-06-06 13:30:00+00:00,5,valid_not_selected,,bls_cpi_2024-07-11
USDCHF,2024-05-30 13:30:00+00:00,6,valid_not_selected,,bls_cpi_2024-07-11
USDCHF,2024-05-23 13:30:00+00:00,7,valid_not_selected,,bls_cpi_2024-07-11
USDCHF,2024-05-16 13:30:00+00:00,8,valid_not_selected,,bls_cpi_2024-07-11
USDCHF,2024-05-09 13:30:00+00:00,9,valid_not_selected,,bls_cpi_2024-07-11
USDCHF,2024-05-02 13:30:00+00:00,10,valid_not_selected,,bls_cpi_2024-07-11
USDCHF,2024-04-25 13:30:00+00:00,11,valid_not_selected,,bls_cpi_2024-07-11
USDCHF,2024-04-18 13:30:00+00:00,12,valid_not_selected,,bls_cpi_2024-07-11
USDCAD,2024-07-04 13:30:00+00:00,1,selected,,bls_cpi_2024-07-11
USDCAD,2024-06-27 13:30:00+00:00,2,selected,,bls_cpi_2024-07-11
USDCAD,2024-06-20 13:30:00+00:00,3,selected,,bls_cpi_2024-07-11
USDCAD,2024-06-13 13:30:00+00:00,4,selected,,bls_cpi_2024-07-11
USDCAD,2024-06-06 13:30:00+00:00,5,valid_not_selected,,bls_cpi_2024-07-11
USDCAD,2024-05-30 13:30:00+00:00,6,valid_not_selected,,bls_cpi_2024-07-11
USDCAD,2024-05-23 13:30:00+00:00,7,valid_not_selected,,bls_cpi_2024-07-11
USDCAD,2024-05-16 13:30:00+00:00,8,valid_not_selected,,bls_cpi_2024-07-11
USDCAD,2024-05-09 13:30:00+00:00,9,valid_not_selected,,bls_cpi_2024-07-11
USDCAD,2024-05-02 13:30:00+00:00,10,valid_not_selected,,bls_cpi_2024-07-11
USDCAD,2024-04-25 13:30:00+00:00,11,valid_not_selected,,bls_cpi_2024-07-11
USDCAD,2024-04-18 13:30:00+00:00,12,valid_not_selected,,bls_cpi_2024-07-11
EURJPY,2024-07-04 13:30:00+00:00,1,selected,,bls_cpi_2024-07-11
EURJPY,2024-06-27 13:30:00+00:00,2,selected,,bls_cpi_2024-07-11
EURJPY,2024-06-20 13:30:00+00:00,3,selected,,bls_cpi_2024-07-11
EURJPY,2024-06-13 13:30:00+00:00,4,selected,,bls_cpi_2024-07-11
EURJPY,2024-06-06 13:30:00+00:00,5,valid_not_selected,,bls_cpi_2024-07-11
EURJPY,2024-05-30 13:30:00+00:00,6,valid_not_selected,,bls_cpi_2024-07-11
EURJPY,2024-05-23 13:30:00+00:00,7,valid_not_selected,,bls_cpi_2024-07-11
EURJPY,2024-05-16 13:30:00+00:00,8,valid_not_selected,,bls_cpi_2024-07-11
EURJPY,2024-05-09 13:30:00+00:00,9,valid_not_selected,,bls_cpi_2024-07-11
EURJPY,2024-05-02 13:30:00+00:00,10,valid_not_selected,,bls_cpi_2024-07-11
EURJPY,2024-04-25 13:30:00+00:00,11,valid_not_selected,,bls_cpi_2024-07-11
EURJPY,2024-04-18 13:30:00+00:00,12,valid_not_selected,,bls_cpi_2024-07-11
XAUUSD,2024-07-04 13:30:00+00:00,1,selected,,bls_cpi_2024-07-11
XAUUSD,2024-06-27 13:30:00+00:00,2,selected,,bls_cpi_2024-07-11
XAUUSD,2024-06-20 13:30:00+00:00,3,selected,,bls_cpi_2024-07-11
XAUUSD,2024-06-13 13:30:00+00:00,4,selected,,bls_cpi_2024-07-11
XAUUSD,2024-06-06 13:30:00+00:00,5,valid_not_selected,,bls_cpi_2024-07-11
XAUUSD,2024-05-30 13:30:00+00:00,6,valid_not_selected,,bls_cpi_2024-07-11
XAUUSD,2024-05-23 13:30:00+00:00,7,valid_not_selected,,bls_cpi_2024-07-11
XAUUSD,2024-05-16 13:30:00+00:00,8,valid_not_selected,,bls_cpi_2024-07-11
XAUUSD,2024-05-09 13:30:00+00:00,9,valid_not_selected,,bls_cpi_2024-07-11
XAUUSD,2024-05-02 13:30:00+00:00,10,valid_not_selected,,bls_cpi_2024-07-11
XAUUSD,2024-04-25 13:30:00+00:00,11,valid_not_selected,,bls_cpi_2024-07-11
XAUUSD,2024-04-18 13:30:00+00:00,12,valid_not_selected,,bls_cpi_2024-07-11
XAGUSD,2024-07-04 13:30:00+00:00,1,selected,,bls_cpi_2024-07-11
XAGUSD,2024-06-27 13:30:00+00:00,2,selected,,bls_cpi_2024-07-11
XAGUSD,2024-06-20 13:30:00+00:00,3,selected,,bls_cpi_2024-07-11
XAGUSD,2024-06-13 13:30:00+00:00,4,selected,,bls_cpi_2024-07-11
XAGUSD,2024-06-06 13:30:00+00:00,5,valid_not_selected,,bls_cpi_2024-07-11
XAGUSD,2024-05-30 13:30:00+00:00,6,valid_not_selected,,bls_cpi_2024-07-11
XAGUSD,2024-05-23 13:30:00+00:00,7,valid_not_selected,,bls_cpi_2024-07-11
XAGUSD,2024-05-16 13:30:00+00:00,8,valid_not_selected,,bls_cpi_2024-07-11
XAGUSD,2024-05-09 13:30:00+00:00,9,valid_not_selected,,bls_cpi_2024-07-11
XAGUSD,2024-05-02 13:30:00+00:00,10,valid_not_selected,,bls_cpi_2024-07-11
XAGUSD,2024-04-25 13:30:00+00:00,11,valid_not_selected,,bls_cpi_2024-07-11
XAGUSD,2024-04-18 13:30:00+00:00,12,valid_not_selected,,bls_cpi_2024-07-11
SPXUSD,2024-07-04 13:30:00+00:00,1,selected,,bls_cpi_2024-07-11
SPXUSD,2024-06-27 13:30:00+00:00,2,selected,,bls_cpi_2024-07-11
SPXUSD,2024-06-20 13:30:00+00:00,3,selected,,bls_cpi_2024-07-11
SPXUSD,2024-06-13 13:30:00+00:00,4,selected,,bls_cpi_2024-07-11
SPXUSD,2024-06-06 13:30:00+00:00,5,valid_not_selected,,bls_cpi_2024-07-11
SPXUSD,2024-05-30 13:30:00+00:00,6,valid_not_selected,,bls_cpi_2024-07-11
SPXUSD,2024-05-23 13:30:00+00:00,7,valid_not_selected,,bls_cpi_2024-07-11
SPXUSD,2024-05-16 13:30:00+00:00,8,valid_not_selected,,bls_cpi_2024-07-11
SPXUSD,2024-05-09 13:30:00+00:00,9,valid_not_selected,,bls_cpi_2024-07-11
SPXUSD,2024-05-02 13:30:00+00:00,10,valid_not_selected,,bls_cpi_2024-07-11
SPXUSD,2024-04-25 13:30:00+00:00,11,valid_not_selected,,bls_cpi_2024-07-11
SPXUSD,2024-04-18 13:30:00+00:00,12,valid_not_selected,,bls_cpi_2024-07-11
NSXUSD,2024-07-04 13:30:00+00:00,1,selected,,bls_cpi_2024-07-11
NSXUSD,2024-06-27 13:30:00+00:00,2,selected,,bls_cpi_2024-07-11
NSXUSD,2024-06-20 13:30:00+00:00,3,selected,,bls_cpi_2024-07-11
NSXUSD,2024-06-13 13:30:00+00:00,4,selected,,bls_cpi_2024-07-11
NSXUSD,2024-06-06 13:30:00+00:00,5,valid_not_selected,,bls_cpi_2024-07-11
NSXUSD,2024-05-30 13:30:00+00:00,6,valid_not_selected,,bls_cpi_2024-07-11
NSXUSD,2024-05-23 13:30:00+00:00,7,valid_not_selected,,bls_cpi_2024-07-11
NSXUSD,2024-05-16 13:30:00+00:00,8,valid_not_selected,,bls_cpi_2024-07-11
NSXUSD,2024-05-09 13:30:00+00:00,9,valid_not_selected,,bls_cpi_2024-07-11
NSXUSD,2024-05-02 13:30:00+00:00,10,valid_not_selected,,bls_cpi_2024-07-11
NSXUSD,2024-04-25 13:30:00+00:00,11,valid_not_selected,,bls_cpi_2024-07-11
NSXUSD,2024-04-18 13:30:00+00:00,12,valid_not_selected,,bls_cpi_2024-07-11
GRXEUR,2024-07-04 13:30:00+00:00,1,selected,,bls_cpi_2024-07-11
GRXEUR,2024-06-27 13:30:00+00:00,2,selected,,bls_cpi_2024-07-11
GRXEUR,2024-06-20 13:30:00+00:00,3,selected,,bls_cpi_2024-07-11
GRXEUR,2024-06-13 13:30:00+00:00,4,selected,,bls_cpi_2024-07-11
GRXEUR,2024-06-06 13:30:00+00:00,5,valid_not_selected,,bls_cpi_2024-07-11
GRXEUR,2024-05-30 13:30:00+00:00,6,valid_not_selected,,bls_cpi_2024-07-11
GRXEUR,2024-05-23 13:30:00+00:00,7,valid_not_selected,,bls_cpi_2024-07-11
GRXEUR,2024-05-16 13:30:00+00:00,8,valid_not_selected,,bls_cpi_2024-07-11
GRXEUR,2024-05-09 13:30:00+00:00,9,valid_not_selected,,bls_cpi_2024-07-11
GRXEUR,2024-05-02 13:30:00+00:00,10,valid_not_selected,,bls_cpi_2024-07-11
GRXEUR,2024-04-25 13:30:00+00:00,11,valid_not_selected,,bls_cpi_2024-07-11
GRXEUR,2024-04-18 13:30:00+00:00,12,valid_not_selected,,bls_cpi_2024-07-11
UKXGBP,2024-07-04 13:30:00+00:00,1,selected,,bls_cpi_2024-07-11
UKXGBP,2024-06-27 13:30:00+00:00,2,selected,,bls_cpi_2024-07-11
UKXGBP,2024-06-20 13:30:00+00:00,3,selected,,bls_cpi_2024-07-11
UKXGBP,2024-06-13 13:30:00+00:00,4,selected,,bls_cpi_2024-07-11
UKXGBP,2024-06-06 13:30:00+00:00,5,valid_not_selected,,bls_cpi_2024-07-11
UKXGBP,2024-05-30 13:30:00+00:00,6,valid_not_selected,,bls_cpi_2024-07-11
UKXGBP,2024-05-23 13:30:00+00:00,7,valid_not_selected,,bls_cpi_2024-07-11
UKXGBP,2024-05-16 13:30:00+00:00,8,valid_not_selected,,bls_cpi_2024-07-11
UKXGBP,2024-05-09 13:30:00+00:00,9,valid_not_selected,,bls_cpi_2024-07-11
UKXGBP,2024-05-02 13:30:00+00:00,10,valid_not_selected,,bls_cpi_2024-07-11
UKXGBP,2024-04-25 13:30:00+00:00,11,valid_not_selected,,bls_cpi_2024-07-11
UKXGBP,2024-04-18 13:30:00+00:00,12,valid_not_selected,,bls_cpi_2024-07-11
BCOUSD,2024-07-04 13:30:00+00:00,1,selected,,bls_cpi_2024-07-11
BCOUSD,2024-06-27 13:30:00+00:00,2,selected,,bls_cpi_2024-07-11
BCOUSD,2024-06-20 13:30:00+00:00,3,selected,,bls_cpi_2024-07-11
BCOUSD,2024-06-13 13:30:00+00:00,4,selected,,bls_cpi_2024-07-11
BCOUSD,2024-06-06 13:30:00+00:00,5,valid_not_selected,,bls_cpi_2024-07-11
BCOUSD,2024-05-30 13:30:00+00:00,6,valid_not_selected,,bls_cpi_2024-07-11
BCOUSD,2024-05-23 13:30:00+00:00,7,valid_not_selected,,bls_cpi_2024-07-11
BCOUSD,2024-05-16 13:30:00+00:00,8,valid_not_selected,,bls_cpi_2024-07-11
BCOUSD,2024-05-09 13:30:00+00:00,9,valid_not_selected,,bls_cpi_2024-07-11
BCOUSD,2024-05-02 13:30:00+00:00,10,valid_not_selected,,bls_cpi_2024-07-11
BCOUSD,2024-04-25 13:30:00+00:00,11,valid_not_selected,,bls_cpi_2024-07-11
BCOUSD,2024-04-18 13:30:00+00:00,12,valid_not_selected,,bls_cpi_2024-07-11
EURUSD,2024-07-26 13:30:00+00:00,1,selected,,bls_employment_2024-08-02
EURUSD,2024-07-19 13:30:00+00:00,2,selected,,bls_employment_2024-08-02
EURUSD,2024-07-12 13:30:00+00:00,3,selected,,bls_employment_2024-08-02
EURUSD,2024-07-05 13:30:00+00:00,4,rejected,BLS CPI/employment date,bls_employment_2024-08-02
EURUSD,2024-06-28 13:30:00+00:00,5,selected,,bls_employment_2024-08-02
EURUSD,2024-06-21 13:30:00+00:00,6,valid_not_selected,,bls_employment_2024-08-02
EURUSD,2024-06-14 13:30:00+00:00,7,valid_not_selected,,bls_employment_2024-08-02
EURUSD,2024-06-07 13:30:00+00:00,8,rejected,BLS CPI/employment date,bls_employment_2024-08-02
EURUSD,2024-05-31 13:30:00+00:00,9,valid_not_selected,,bls_employment_2024-08-02
EURUSD,2024-05-24 13:30:00+00:00,10,valid_not_selected,,bls_employment_2024-08-02
EURUSD,2024-05-17 13:30:00+00:00,11,valid_not_selected,,bls_employment_2024-08-02
EURUSD,2024-05-10 13:30:00+00:00,12,valid_not_selected,,bls_employment_2024-08-02
GBPUSD,2024-07-26 13:30:00+00:00,1,selected,,bls_employment_2024-08-02
GBPUSD,2024-07-19 13:30:00+00:00,2,selected,,bls_employment_2024-08-02
GBPUSD,2024-07-12 13:30:00+00:00,3,selected,,bls_employment_2024-08-02
GBPUSD,2024-07-05 13:30:00+00:00,4,rejected,BLS CPI/employment date,bls_employment_2024-08-02
GBPUSD,2024-06-28 13:30:00+00:00,5,selected,,bls_employment_2024-08-02
GBPUSD,2024-06-21 13:30:00+00:00,6,valid_not_selected,,bls_employment_2024-08-02
GBPUSD,2024-06-14 13:30:00+00:00,7,valid_not_selected,,bls_employment_2024-08-02
GBPUSD,2024-06-07 13:30:00+00:00,8,rejected,BLS CPI/employment date,bls_employment_2024-08-02
GBPUSD,2024-05-31 13:30:00+00:00,9,valid_not_selected,,bls_employment_2024-08-02
GBPUSD,2024-05-24 13:30:00+00:00,10,valid_not_selected,,bls_employment_2024-08-02
GBPUSD,2024-05-17 13:30:00+00:00,11,valid_not_selected,,bls_employment_2024-08-02
GBPUSD,2024-05-10 13:30:00+00:00,12,valid_not_selected,,bls_employment_2024-08-02
AUDUSD,2024-07-26 13:30:00+00:00,1,selected,,bls_employment_2024-08-02
AUDUSD,2024-07-19 13:30:00+00:00,2,selected,,bls_employment_2024-08-02
AUDUSD,2024-07-12 13:30:00+00:00,3,selected,,bls_employment_2024-08-02
AUDUSD,2024-07-05 13:30:00+00:00,4,rejected,BLS CPI/employment date,bls_employment_2024-08-02
AUDUSD,2024-06-28 13:30:00+00:00,5,selected,,bls_employment_2024-08-02
AUDUSD,2024-06-21 13:30:00+00:00,6,valid_not_selected,,bls_employment_2024-08-02
AUDUSD,2024-06-14 13:30:00+00:00,7,valid_not_selected,,bls_employment_2024-08-02
AUDUSD,2024-06-07 13:30:00+00:00,8,rejected,BLS CPI/employment date,bls_employment_2024-08-02
AUDUSD,2024-05-31 13:30:00+00:00,9,valid_not_selected,,bls_employment_2024-08-02
AUDUSD,2024-05-24 13:30:00+00:00,10,valid_not_selected,,bls_employment_2024-08-02
AUDUSD,2024-05-17 13:30:00+00:00,11,valid_not_selected,,bls_employment_2024-08-02
AUDUSD,2024-05-10 13:30:00+00:00,12,valid_not_selected,,bls_employment_2024-08-02
NZDUSD,2024-07-26 13:30:00+00:00,1,selected,,bls_employment_2024-08-02
NZDUSD,2024-07-19 13:30:00+00:00,2,selected,,bls_employment_2024-08-02
NZDUSD,2024-07-12 13:30:00+00:00,3,selected,,bls_employment_2024-08-02
NZDUSD,2024-07-05 13:30:00+00:00,4,rejected,BLS CPI/employment date,bls_employment_2024-08-02
NZDUSD,2024-06-28 13:30:00+00:00,5,selected,,bls_employment_2024-08-02
NZDUSD,2024-06-21 13:30:00+00:00,6,valid_not_selected,,bls_employment_2024-08-02
NZDUSD,2024-06-14 13:30:00+00:00,7,valid_not_selected,,bls_employment_2024-08-02
NZDUSD,2024-06-07 13:30:00+00:00,8,rejected,BLS CPI/employment date,bls_employment_2024-08-02
NZDUSD,2024-05-31 13:30:00+00:00,9,valid_not_selected,,bls_employment_2024-08-02
NZDUSD,2024-05-24 13:30:00+00:00,10,valid_not_selected,,bls_employment_2024-08-02
NZDUSD,2024-05-17 13:30:00+00:00,11,valid_not_selected,,bls_employment_2024-08-02
NZDUSD,2024-05-10 13:30:00+00:00,12,valid_not_selected,,bls_employment_2024-08-02
USDJPY,2024-07-26 13:30:00+00:00,1,selected,,bls_employment_2024-08-02
USDJPY,2024-07-19 13:30:00+00:00,2,selected,,bls_employment_2024-08-02
USDJPY,2024-07-12 13:30:00+00:00,3,selected,,bls_employment_2024-08-02
USDJPY,2024-07-05 13:30:00+00:00,4,rejected,BLS CPI/employment date,bls_employment_2024-08-02
USDJPY,2024-06-28 13:30:00+00:00,5,selected,,bls_employment_2024-08-02
USDJPY,2024-06-21 13:30:00+00:00,6,valid_not_selected,,bls_employment_2024-08-02
USDJPY,2024-06-14 13:30:00+00:00,7,valid_not_selected,,bls_employment_2024-08-02
USDJPY,2024-06-07 13:30:00+00:00,8,rejected,BLS CPI/employment date,bls_employment_2024-08-02
USDJPY,2024-05-31 13:30:00+00:00,9,valid_not_selected,,bls_employment_2024-08-02
USDJPY,2024-05-24 13:30:00+00:00,10,valid_not_selected,,bls_employment_2024-08-02
USDJPY,2024-05-17 13:30:00+00:00,11,valid_not_selected,,bls_employment_2024-08-02
USDJPY,2024-05-10 13:30:00+00:00,12,valid_not_selected,,bls_employment_2024-08-02
USDCHF,2024-07-26 13:30:00+00:00,1,selected,,bls_employment_2024-08-02
USDCHF,2024-07-19 13:30:00+00:00,2,selected,,bls_employment_2024-08-02
USDCHF,2024-07-12 13:30:00+00:00,3,selected,,bls_employment_2024-08-02
USDCHF,2024-07-05 13:30:00+00:00,4,rejected,BLS CPI/employment date,bls_employment_2024-08-02
USDCHF,2024-06-28 13:30:00+00:00,5,selected,,bls_employment_2024-08-02
USDCHF,2024-06-21 13:30:00+00:00,6,valid_not_selected,,bls_employment_2024-08-02
USDCHF,2024-06-14 13:30:00+00:00,7,valid_not_selected,,bls_employment_2024-08-02
USDCHF,2024-06-07 13:30:00+00:00,8,rejected,BLS CPI/employment date,bls_employment_2024-08-02
USDCHF,2024-05-31 13:30:00+00:00,9,valid_not_selected,,bls_employment_2024-08-02
USDCHF,2024-05-24 13:30:00+00:00,10,valid_not_selected,,bls_employment_2024-08-02
USDCHF,2024-05-17 13:30:00+00:00,11,valid_not_selected,,bls_employment_2024-08-02
USDCHF,2024-05-10 13:30:00+00:00,12,valid_not_selected,,bls_employment_2024-08-02
USDCAD,2024-07-26 13:30:00+00:00,1,selected,,bls_employment_2024-08-02
USDCAD,2024-07-19 13:30:00+00:00,2,selected,,bls_employment_2024-08-02
USDCAD,2024-07-12 13:30:00+00:00,3,selected,,bls_employment_2024-08-02
USDCAD,2024-07-05 13:30:00+00:00,4,rejected,BLS CPI/employment date,bls_employment_2024-08-02
USDCAD,2024-06-28 13:30:00+00:00,5,selected,,bls_employment_2024-08-02
USDCAD,2024-06-21 13:30:00+00:00,6,valid_not_selected,,bls_employment_2024-08-02
USDCAD,2024-06-14 13:30:00+00:00,7,valid_not_selected,,bls_employment_2024-08-02
USDCAD,2024-06-07 13:30:00+00:00,8,rejected,BLS CPI/employment date,bls_employment_2024-08-02
USDCAD,2024-05-31 13:30:00+00:00,9,valid_not_selected,,bls_employment_2024-08-02
USDCAD,2024-05-24 13:30:00+00:00,10,valid_not_selected,,bls_employment_2024-08-02
USDCAD,2024-05-17 13:30:00+00:00,11,valid_not_selected,,bls_employment_2024-08-02
USDCAD,2024-05-10 13:30:00+00:00,12,valid_not_selected,,bls_employment_2024-08-02
EURJPY,2024-07-26 13:30:00+00:00,1,selected,,bls_employment_2024-08-02
EURJPY,2024-07-19 13:30:00+00:00,2,selected,,bls_employment_2024-08-02
EURJPY,2024-07-12 13:30:00+00:00,3,selected,,bls_employment_2024-08-02
EURJPY,2024-07-05 13:30:00+00:00,4,rejected,BLS CPI/employment date,bls_employment_2024-08-02
EURJPY,2024-06-28 13:30:00+00:00,5,selected,,bls_employment_2024-08-02
EURJPY,2024-06-21 13:30:00+00:00,6,valid_not_selected,,bls_employment_2024-08-02
EURJPY,2024-06-14 13:30:00+00:00,7,valid_not_selected,,bls_employment_2024-08-02
EURJPY,2024-06-07 13:30:00+00:00,8,rejected,BLS CPI/employment date,bls_employment_2024-08-02
EURJPY,2024-05-31 13:30:00+00:00,9,valid_not_selected,,bls_employment_2024-08-02
EURJPY,2024-05-24 13:30:00+00:00,10,valid_not_selected,,bls_employment_2024-08-02
EURJPY,2024-05-17 13:30:00+00:00,11,valid_not_selected,,bls_employment_2024-08-02
EURJPY,2024-05-10 13:30:00+00:00,12,valid_not_selected,,bls_employment_2024-08-02
XAUUSD,2024-07-26 13:30:00+00:00,1,selected,,bls_employment_2024-08-02
XAUUSD,2024-07-19 13:30:00+00:00,2,selected,,bls_employment_2024-08-02
XAUUSD,2024-07-12 13:30:00+00:00,3,selected,,bls_employment_2024-08-02
XAUUSD,2024-07-05 13:30:00+00:00,4,rejected,BLS CPI/employment date,bls_employment_2024-08-02
XAUUSD,2024-06-28 13:30:00+00:00,5,selected,,bls_employment_2024-08-02
XAUUSD,2024-06-21 13:30:00+00:00,6,valid_not_selected,,bls_employment_2024-08-02
XAUUSD,2024-06-14 13:30:00+00:00,7,valid_not_selected,,bls_employment_2024-08-02
XAUUSD,2024-06-07 13:30:00+00:00,8,rejected,BLS CPI/employment date,bls_employment_2024-08-02
XAUUSD,2024-05-31 13:30:00+00:00,9,valid_not_selected,,bls_employment_2024-08-02
XAUUSD,2024-05-24 13:30:00+00:00,10,valid_not_selected,,bls_employment_2024-08-02
XAUUSD,2024-05-17 13:30:00+00:00,11,valid_not_selected,,bls_employment_2024-08-02
XAUUSD,2024-05-10 13:30:00+00:00,12,valid_not_selected,,bls_employment_2024-08-02
XAGUSD,2024-07-26 13:30:00+00:00,1,selected,,bls_employment_2024-08-02
XAGUSD,2024-07-19 13:30:00+00:00,2,selected,,bls_employment_2024-08-02
XAGUSD,2024-07-12 13:30:00+00:00,3,selected,,bls_employment_2024-08-02
XAGUSD,2024-07-05 13:30:00+00:00,4,rejected,BLS CPI/employment date,bls_employment_2024-08-02
XAGUSD,2024-06-28 13:30:00+00:00,5,selected,,bls_employment_2024-08-02
XAGUSD,2024-06-21 13:30:00+00:00,6,valid_not_selected,,bls_employment_2024-08-02
XAGUSD,2024-06-14 13:30:00+00:00,7,valid_not_selected,,bls_employment_2024-08-02
XAGUSD,2024-06-07 13:30:00+00:00,8,rejected,BLS CPI/employment date,bls_employment_2024-08-02
XAGUSD,2024-05-31 13:30:00+00:00,9,valid_not_selected,,bls_employment_2024-08-02
XAGUSD,2024-05-24 13:30:00+00:00,10,valid_not_selected,,bls_employment_2024-08-02
XAGUSD,2024-05-17 13:30:00+00:00,11,valid_not_selected,,bls_employment_2024-08-02
XAGUSD,2024-05-10 13:30:00+00:00,12,valid_not_selected,,bls_employment_2024-08-02
SPXUSD,2024-07-26 13:30:00+00:00,1,selected,,bls_employment_2024-08-02
SPXUSD,2024-07-19 13:30:00+00:00,2,selected,,bls_employment_2024-08-02
SPXUSD,2024-07-12 13:30:00+00:00,3,selected,,bls_employment_2024-08-02
SPXUSD,2024-07-05 13:30:00+00:00,4,rejected,BLS CPI/employment date,bls_employment_2024-08-02
SPXUSD,2024-06-28 13:30:00+00:00,5,selected,,bls_employment_2024-08-02
SPXUSD,2024-06-21 13:30:00+00:00,6,valid_not_selected,,bls_employment_2024-08-02
SPXUSD,2024-06-14 13:30:00+00:00,7,valid_not_selected,,bls_employment_2024-08-02
SPXUSD,2024-06-07 13:30:00+00:00,8,rejected,BLS CPI/employment date,bls_employment_2024-08-02
SPXUSD,2024-05-31 13:30:00+00:00,9,valid_not_selected,,bls_employment_2024-08-02
SPXUSD,2024-05-24 13:30:00+00:00,10,valid_not_selected,,bls_employment_2024-08-02
SPXUSD,2024-05-17 13:30:00+00:00,11,valid_not_selected,,bls_employment_2024-08-02
SPXUSD,2024-05-10 13:30:00+00:00,12,valid_not_selected,,bls_employment_2024-08-02
NSXUSD,2024-07-26 13:30:00+00:00,1,selected,,bls_employment_2024-08-02
NSXUSD,2024-07-19 13:30:00+00:00,2,selected,,bls_employment_2024-08-02
NSXUSD,2024-07-12 13:30:00+00:00,3,selected,,bls_employment_2024-08-02
NSXUSD,2024-07-05 13:30:00+00:00,4,rejected,BLS CPI/employment date,bls_employment_2024-08-02
NSXUSD,2024-06-28 13:30:00+00:00,5,selected,,bls_employment_2024-08-02
NSXUSD,2024-06-21 13:30:00+00:00,6,valid_not_selected,,bls_employment_2024-08-02
NSXUSD,2024-06-14 13:30:00+00:00,7,valid_not_selected,,bls_employment_2024-08-02
NSXUSD,2024-06-07 13:30:00+00:00,8,rejected,BLS CPI/employment date,bls_employment_2024-08-02
NSXUSD,2024-05-31 13:30:00+00:00,9,valid_not_selected,,bls_employment_2024-08-02
NSXUSD,2024-05-24 13:30:00+00:00,10,valid_not_selected,,bls_employment_2024-08-02
NSXUSD,2024-05-17 13:30:00+00:00,11,valid_not_selected,,bls_employment_2024-08-02
NSXUSD,2024-05-10 13:30:00+00:00,12,valid_not_selected,,bls_employment_2024-08-02
GRXEUR,2024-07-26 13:30:00+00:00,1,selected,,bls_employment_2024-08-02
GRXEUR,2024-07-19 13:30:00+00:00,2,selected,,bls_employment_2024-08-02
GRXEUR,2024-07-12 13:30:00+00:00,3,selected,,bls_employment_2024-08-02
GRXEUR,2024-07-05 13:30:00+00:00,4,rejected,BLS CPI/employment date,bls_employment_2024-08-02
GRXEUR,2024-06-28 13:30:00+00:00,5,selected,,bls_employment_2024-08-02
GRXEUR,2024-06-21 13:30:00+00:00,6,valid_not_selected,,bls_employment_2024-08-02
GRXEUR,2024-06-14 13:30:00+00:00,7,valid_not_selected,,bls_employment_2024-08-02
GRXEUR,2024-06-07 13:30:00+00:00,8,rejected,BLS CPI/employment date,bls_employment_2024-08-02
GRXEUR,2024-05-31 13:30:00+00:00,9,valid_not_selected,,bls_employment_2024-08-02
GRXEUR,2024-05-24 13:30:00+00:00,10,valid_not_selected,,bls_employment_2024-08-02
GRXEUR,2024-05-17 13:30:00+00:00,11,valid_not_selected,,bls_employment_2024-08-02
GRXEUR,2024-05-10 13:30:00+00:00,12,valid_not_selected,,bls_employment_2024-08-02
UKXGBP,2024-07-26 13:30:00+00:00,1,selected,,bls_employment_2024-08-02
UKXGBP,2024-07-19 13:30:00+00:00,2,selected,,bls_employment_2024-08-02
UKXGBP,2024-07-12 13:30:00+00:00,3,selected,,bls_employment_2024-08-02
UKXGBP,2024-07-05 13:30:00+00:00,4,rejected,BLS CPI/employment date,bls_employment_2024-08-02
UKXGBP,2024-06-28 13:30:00+00:00,5,selected,,bls_employment_2024-08-02
UKXGBP,2024-06-21 13:30:00+00:00,6,valid_not_selected,,bls_employment_2024-08-02
UKXGBP,2024-06-14 13:30:00+00:00,7,valid_not_selected,,bls_employment_2024-08-02
UKXGBP,2024-06-07 13:30:00+00:00,8,rejected,BLS CPI/employment date,bls_employment_2024-08-02
UKXGBP,2024-05-31 13:30:00+00:00,9,valid_not_selected,,bls_employment_2024-08-02
UKXGBP,2024-05-24 13:30:00+00:00,10,valid_not_selected,,bls_employment_2024-08-02
UKXGBP,2024-05-17 13:30:00+00:00,11,valid_not_selected,,bls_employment_2024-08-02
UKXGBP,2024-05-10 13:30:00+00:00,12,valid_not_selected,,bls_employment_2024-08-02
BCOUSD,2024-07-26 13:30:00+00:00,1,selected,,bls_employment_2024-08-02
BCOUSD,2024-07-19 13:30:00+00:00,2,selected,,bls_employment_2024-08-02
BCOUSD,2024-07-12 13:30:00+00:00,3,selected,,bls_employment_2024-08-02
BCOUSD,2024-07-05 13:30:00+00:00,4,rejected,BLS CPI/employment date,bls_employment_2024-08-02
BCOUSD,2024-06-28 13:30:00+00:00,5,selected,,bls_employment_2024-08-02
BCOUSD,2024-06-21 13:30:00+00:00,6,valid_not_selected,,bls_employment_2024-08-02
BCOUSD,2024-06-14 13:30:00+00:00,7,valid_not_selected,,bls_employment_2024-08-02
BCOUSD,2024-06-07 13:30:00+00:00,8,rejected,BLS CPI/employment date,bls_employment_2024-08-02
BCOUSD,2024-05-31 13:30:00+00:00,9,valid_not_selected,,bls_employment_2024-08-02
BCOUSD,2024-05-24 13:30:00+00:00,10,valid_not_selected,,bls_employment_2024-08-02
BCOUSD,2024-05-17 13:30:00+00:00,11,valid_not_selected,,bls_employment_2024-08-02
BCOUSD,2024-05-10 13:30:00+00:00,12,valid_not_selected,,bls_employment_2024-08-02
EURUSD,2024-08-07 13:30:00+00:00,1,selected,,bls_cpi_2024-08-14
EURUSD,2024-07-31 13:30:00+00:00,2,selected,,bls_cpi_2024-08-14
EURUSD,2024-07-24 13:30:00+00:00,3,selected,,bls_cpi_2024-08-14
EURUSD,2024-07-17 13:30:00+00:00,4,selected,,bls_cpi_2024-08-14
EURUSD,2024-07-10 13:30:00+00:00,5,valid_not_selected,,bls_cpi_2024-08-14
EURUSD,2024-07-03 13:30:00+00:00,6,valid_not_selected,,bls_cpi_2024-08-14
EURUSD,2024-06-26 13:30:00+00:00,7,valid_not_selected,,bls_cpi_2024-08-14
EURUSD,2024-06-19 13:30:00+00:00,8,valid_not_selected,,bls_cpi_2024-08-14
EURUSD,2024-06-12 13:30:00+00:00,9,rejected,BLS CPI/employment date,bls_cpi_2024-08-14
EURUSD,2024-06-05 13:30:00+00:00,10,valid_not_selected,,bls_cpi_2024-08-14
EURUSD,2024-05-29 13:30:00+00:00,11,valid_not_selected,,bls_cpi_2024-08-14
EURUSD,2024-05-22 13:30:00+00:00,12,valid_not_selected,,bls_cpi_2024-08-14
GBPUSD,2024-08-07 13:30:00+00:00,1,selected,,bls_cpi_2024-08-14
GBPUSD,2024-07-31 13:30:00+00:00,2,selected,,bls_cpi_2024-08-14
GBPUSD,2024-07-24 13:30:00+00:00,3,selected,,bls_cpi_2024-08-14
GBPUSD,2024-07-17 13:30:00+00:00,4,selected,,bls_cpi_2024-08-14
GBPUSD,2024-07-10 13:30:00+00:00,5,valid_not_selected,,bls_cpi_2024-08-14
GBPUSD,2024-07-03 13:30:00+00:00,6,valid_not_selected,,bls_cpi_2024-08-14
GBPUSD,2024-06-26 13:30:00+00:00,7,valid_not_selected,,bls_cpi_2024-08-14
GBPUSD,2024-06-19 13:30:00+00:00,8,valid_not_selected,,bls_cpi_2024-08-14
GBPUSD,2024-06-12 13:30:00+00:00,9,rejected,BLS CPI/employment date,bls_cpi_2024-08-14
GBPUSD,2024-06-05 13:30:00+00:00,10,valid_not_selected,,bls_cpi_2024-08-14
GBPUSD,2024-05-29 13:30:00+00:00,11,valid_not_selected,,bls_cpi_2024-08-14
GBPUSD,2024-05-22 13:30:00+00:00,12,valid_not_selected,,bls_cpi_2024-08-14
AUDUSD,2024-08-07 13:30:00+00:00,1,selected,,bls_cpi_2024-08-14
AUDUSD,2024-07-31 13:30:00+00:00,2,selected,,bls_cpi_2024-08-14
AUDUSD,2024-07-24 13:30:00+00:00,3,selected,,bls_cpi_2024-08-14
AUDUSD,2024-07-17 13:30:00+00:00,4,selected,,bls_cpi_2024-08-14
AUDUSD,2024-07-10 13:30:00+00:00,5,valid_not_selected,,bls_cpi_2024-08-14
AUDUSD,2024-07-03 13:30:00+00:00,6,valid_not_selected,,bls_cpi_2024-08-14
AUDUSD,2024-06-26 13:30:00+00:00,7,valid_not_selected,,bls_cpi_2024-08-14
AUDUSD,2024-06-19 13:30:00+00:00,8,valid_not_selected,,bls_cpi_2024-08-14
AUDUSD,2024-06-12 13:30:00+00:00,9,rejected,BLS CPI/employment date,bls_cpi_2024-08-14
AUDUSD,2024-06-05 13:30:00+00:00,10,valid_not_selected,,bls_cpi_2024-08-14
AUDUSD,2024-05-29 13:30:00+00:00,11,valid_not_selected,,bls_cpi_2024-08-14
AUDUSD,2024-05-22 13:30:00+00:00,12,valid_not_selected,,bls_cpi_2024-08-14
NZDUSD,2024-08-07 13:30:00+00:00,1,selected,,bls_cpi_2024-08-14
NZDUSD,2024-07-31 13:30:00+00:00,2,selected,,bls_cpi_2024-08-14
NZDUSD,2024-07-24 13:30:00+00:00,3,selected,,bls_cpi_2024-08-14
NZDUSD,2024-07-17 13:30:00+00:00,4,selected,,bls_cpi_2024-08-14
NZDUSD,2024-07-10 13:30:00+00:00,5,valid_not_selected,,bls_cpi_2024-08-14
NZDUSD,2024-07-03 13:30:00+00:00,6,valid_not_selected,,bls_cpi_2024-08-14
NZDUSD,2024-06-26 13:30:00+00:00,7,valid_not_selected,,bls_cpi_2024-08-14
NZDUSD,2024-06-19 13:30:00+00:00,8,valid_not_selected,,bls_cpi_2024-08-14
NZDUSD,2024-06-12 13:30:00+00:00,9,rejected,BLS CPI/employment date,bls_cpi_2024-08-14
NZDUSD,2024-06-05 13:30:00+00:00,10,valid_not_selected,,bls_cpi_2024-08-14
NZDUSD,2024-05-29 13:30:00+00:00,11,valid_not_selected,,bls_cpi_2024-08-14
NZDUSD,2024-05-22 13:30:00+00:00,12,valid_not_selected,,bls_cpi_2024-08-14
USDJPY,2024-08-07 13:30:00+00:00,1,selected,,bls_cpi_2024-08-14
USDJPY,2024-07-31 13:30:00+00:00,2,selected,,bls_cpi_2024-08-14
USDJPY,2024-07-24 13:30:00+00:00,3,selected,,bls_cpi_2024-08-14
USDJPY,2024-07-17 13:30:00+00:00,4,selected,,bls_cpi_2024-08-14
USDJPY,2024-07-10 13:30:00+00:00,5,valid_not_selected,,bls_cpi_2024-08-14
USDJPY,2024-07-03 13:30:00+00:00,6,valid_not_selected,,bls_cpi_2024-08-14
USDJPY,2024-06-26 13:30:00+00:00,7,valid_not_selected,,bls_cpi_2024-08-14
USDJPY,2024-06-19 13:30:00+00:00,8,valid_not_selected,,bls_cpi_2024-08-14
USDJPY,2024-06-12 13:30:00+00:00,9,rejected,BLS CPI/employment date,bls_cpi_2024-08-14
USDJPY,2024-06-05 13:30:00+00:00,10,valid_not_selected,,bls_cpi_2024-08-14
USDJPY,2024-05-29 13:30:00+00:00,11,valid_not_selected,,bls_cpi_2024-08-14
USDJPY,2024-05-22 13:30:00+00:00,12,valid_not_selected,,bls_cpi_2024-08-14
USDCHF,2024-08-07 13:30:00+00:00,1,selected,,bls_cpi_2024-08-14
USDCHF,2024-07-31 13:30:00+00:00,2,selected,,bls_cpi_2024-08-14
USDCHF,2024-07-24 13:30:00+00:00,3,selected,,bls_cpi_2024-08-14
USDCHF,2024-07-17 13:30:00+00:00,4,selected,,bls_cpi_2024-08-14
USDCHF,2024-07-10 13:30:00+00:00,5,valid_not_selected,,bls_cpi_2024-08-14
USDCHF,2024-07-03 13:30:00+00:00,6,valid_not_selected,,bls_cpi_2024-08-14
USDCHF,2024-06-26 13:30:00+00:00,7,valid_not_selected,,bls_cpi_2024-08-14
USDCHF,2024-06-19 13:30:00+00:00,8,valid_not_selected,,bls_cpi_2024-08-14
USDCHF,2024-06-12 13:30:00+00:00,9,rejected,BLS CPI/employment date,bls_cpi_2024-08-14
USDCHF,2024-06-05 13:30:00+00:00,10,valid_not_selected,,bls_cpi_2024-08-14
USDCHF,2024-05-29 13:30:00+00:00,11,valid_not_selected,,bls_cpi_2024-08-14
USDCHF,2024-05-22 13:30:00+00:00,12,valid_not_selected,,bls_cpi_2024-08-14
USDCAD,2024-08-07 13:30:00+00:00,1,selected,,bls_cpi_2024-08-14
USDCAD,2024-07-31 13:30:00+00:00,2,selected,,bls_cpi_2024-08-14
USDCAD,2024-07-24 13:30:00+00:00,3,selected,,bls_cpi_2024-08-14
USDCAD,2024-07-17 13:30:00+00:00,4,selected,,bls_cpi_2024-08-14
USDCAD,2024-07-10 13:30:00+00:00,5,valid_not_selected,,bls_cpi_2024-08-14
USDCAD,2024-07-03 13:30:00+00:00,6,valid_not_selected,,bls_cpi_2024-08-14
USDCAD,2024-06-26 13:30:00+00:00,7,valid_not_selected,,bls_cpi_2024-08-14
USDCAD,2024-06-19 13:30:00+00:00,8,valid_not_selected,,bls_cpi_2024-08-14
USDCAD,2024-06-12 13:30:00+00:00,9,rejected,BLS CPI/employment date,bls_cpi_2024-08-14
USDCAD,2024-06-05 13:30:00+00:00,10,valid_not_selected,,bls_cpi_2024-08-14
USDCAD,2024-05-29 13:30:00+00:00,11,valid_not_selected,,bls_cpi_2024-08-14
USDCAD,2024-05-22 13:30:00+00:00,12,valid_not_selected,,bls_cpi_2024-08-14
EURJPY,2024-08-07 13:30:00+00:00,1,selected,,bls_cpi_2024-08-14
EURJPY,2024-07-31 13:30:00+00:00,2,selected,,bls_cpi_2024-08-14
EURJPY,2024-07-24 13:30:00+00:00,3,selected,,bls_cpi_2024-08-14
EURJPY,2024-07-17 13:30:00+00:00,4,selected,,bls_cpi_2024-08-14
EURJPY,2024-07-10 13:30:00+00:00,5,valid_not_selected,,bls_cpi_2024-08-14
EURJPY,2024-07-03 13:30:00+00:00,6,valid_not_selected,,bls_cpi_2024-08-14
EURJPY,2024-06-26 13:30:00+00:00,7,valid_not_selected,,bls_cpi_2024-08-14
EURJPY,2024-06-19 13:30:00+00:00,8,valid_not_selected,,bls_cpi_2024-08-14
EURJPY,2024-06-12 13:30:00+00:00,9,rejected,BLS CPI/employment date,bls_cpi_2024-08-14
EURJPY,2024-06-05 13:30:00+00:00,10,valid_not_selected,,bls_cpi_2024-08-14
EURJPY,2024-05-29 13:30:00+00:00,11,valid_not_selected,,bls_cpi_2024-08-14
EURJPY,2024-05-22 13:30:00+00:00,12,valid_not_selected,,bls_cpi_2024-08-14
XAUUSD,2024-08-07 13:30:00+00:00,1,selected,,bls_cpi_2024-08-14
XAUUSD,2024-07-31 13:30:00+00:00,2,selected,,bls_cpi_2024-08-14
XAUUSD,2024-07-24 13:30:00+00:00,3,selected,,bls_cpi_2024-08-14
XAUUSD,2024-07-17 13:30:00+00:00,4,selected,,bls_cpi_2024-08-14
XAUUSD,2024-07-10 13:30:00+00:00,5,valid_not_selected,,bls_cpi_2024-08-14
XAUUSD,2024-07-03 13:30:00+00:00,6,valid_not_selected,,bls_cpi_2024-08-14
XAUUSD,2024-06-26 13:30:00+00:00,7,valid_not_selected,,bls_cpi_2024-08-14
XAUUSD,2024-06-19 13:30:00+00:00,8,valid_not_selected,,bls_cpi_2024-08-14
XAUUSD,2024-06-12 13:30:00+00:00,9,rejected,BLS CPI/employment date,bls_cpi_2024-08-14
XAUUSD,2024-06-05 13:30:00+00:00,10,valid_not_selected,,bls_cpi_2024-08-14
XAUUSD,2024-05-29 13:30:00+00:00,11,valid_not_selected,,bls_cpi_2024-08-14
XAUUSD,2024-05-22 13:30:00+00:00,12,valid_not_selected,,bls_cpi_2024-08-14
XAGUSD,2024-08-07 13:30:00+00:00,1,selected,,bls_cpi_2024-08-14
XAGUSD,2024-07-31 13:30:00+00:00,2,selected,,bls_cpi_2024-08-14
XAGUSD,2024-07-24 13:30:00+00:00,3,selected,,bls_cpi_2024-08-14
XAGUSD,2024-07-17 13:30:00+00:00,4,selected,,bls_cpi_2024-08-14
XAGUSD,2024-07-10 13:30:00+00:00,5,valid_not_selected,,bls_cpi_2024-08-14
XAGUSD,2024-07-03 13:30:00+00:00,6,valid_not_selected,,bls_cpi_2024-08-14
XAGUSD,2024-06-26 13:30:00+00:00,7,valid_not_selected,,bls_cpi_2024-08-14
XAGUSD,2024-06-19 13:30:00+00:00,8,valid_not_selected,,bls_cpi_2024-08-14
XAGUSD,2024-06-12 13:30:00+00:00,9,rejected,BLS CPI/employment date,bls_cpi_2024-08-14
XAGUSD,2024-06-05 13:30:00+00:00,10,valid_not_selected,,bls_cpi_2024-08-14
XAGUSD,2024-05-29 13:30:00+00:00,11,valid_not_selected,,bls_cpi_2024-08-14
XAGUSD,2024-05-22 13:30:00+00:00,12,valid_not_selected,,bls_cpi_2024-08-14
SPXUSD,2024-08-07 13:30:00+00:00,1,selected,,bls_cpi_2024-08-14
SPXUSD,2024-07-31 13:30:00+00:00,2,selected,,bls_cpi_2024-08-14
SPXUSD,2024-07-24 13:30:00+00:00,3,selected,,bls_cpi_2024-08-14
SPXUSD,2024-07-17 13:30:00+00:00,4,selected,,bls_cpi_2024-08-14
SPXUSD,2024-07-10 13:30:00+00:00,5,valid_not_selected,,bls_cpi_2024-08-14
SPXUSD,2024-07-03 13:30:00+00:00,6,valid_not_selected,,bls_cpi_2024-08-14
SPXUSD,2024-06-26 13:30:00+00:00,7,valid_not_selected,,bls_cpi_2024-08-14
SPXUSD,2024-06-19 13:30:00+00:00,8,valid_not_selected,,bls_cpi_2024-08-14
SPXUSD,2024-06-12 13:30:00+00:00,9,rejected,BLS CPI/employment date,bls_cpi_2024-08-14
SPXUSD,2024-06-05 13:30:00+00:00,10,valid_not_selected,,bls_cpi_2024-08-14
SPXUSD,2024-05-29 13:30:00+00:00,11,valid_not_selected,,bls_cpi_2024-08-14
SPXUSD,2024-05-22 13:30:00+00:00,12,valid_not_selected,,bls_cpi_2024-08-14
NSXUSD,2024-08-07 13:30:00+00:00,1,selected,,bls_cpi_2024-08-14
NSXUSD,2024-07-31 13:30:00+00:00,2,selected,,bls_cpi_2024-08-14
NSXUSD,2024-07-24 13:30:00+00:00,3,selected,,bls_cpi_2024-08-14
NSXUSD,2024-07-17 13:30:00+00:00,4,selected,,bls_cpi_2024-08-14
NSXUSD,2024-07-10 13:30:00+00:00,5,valid_not_selected,,bls_cpi_2024-08-14
NSXUSD,2024-07-03 13:30:00+00:00,6,valid_not_selected,,bls_cpi_2024-08-14
NSXUSD,2024-06-26 13:30:00+00:00,7,valid_not_selected,,bls_cpi_2024-08-14
NSXUSD,2024-06-19 13:30:00+00:00,8,valid_not_selected,,bls_cpi_2024-08-14
NSXUSD,2024-06-12 13:30:00+00:00,9,rejected,BLS CPI/employment date,bls_cpi_2024-08-14
NSXUSD,2024-06-05 13:30:00+00:00,10,valid_not_selected,,bls_cpi_2024-08-14
NSXUSD,2024-05-29 13:30:00+00:00,11,valid_not_selected,,bls_cpi_2024-08-14
NSXUSD,2024-05-22 13:30:00+00:00,12,valid_not_selected,,bls_cpi_2024-08-14
GRXEUR,2024-08-07 13:30:00+00:00,1,selected,,bls_cpi_2024-08-14
GRXEUR,2024-07-31 13:30:00+00:00,2,selected,,bls_cpi_2024-08-14
GRXEUR,2024-07-24 13:30:00+00:00,3,selected,,bls_cpi_2024-08-14
GRXEUR,2024-07-17 13:30:00+00:00,4,selected,,bls_cpi_2024-08-14
GRXEUR,2024-07-10 13:30:00+00:00,5,valid_not_selected,,bls_cpi_2024-08-14
GRXEUR,2024-07-03 13:30:00+00:00,6,valid_not_selected,,bls_cpi_2024-08-14
GRXEUR,2024-06-26 13:30:00+00:00,7,valid_not_selected,,bls_cpi_2024-08-14
GRXEUR,2024-06-19 13:30:00+00:00,8,valid_not_selected,,bls_cpi_2024-08-14
GRXEUR,2024-06-12 13:30:00+00:00,9,rejected,BLS CPI/employment date,bls_cpi_2024-08-14
GRXEUR,2024-06-05 13:30:00+00:00,10,valid_not_selected,,bls_cpi_2024-08-14
GRXEUR,2024-05-29 13:30:00+00:00,11,valid_not_selected,,bls_cpi_2024-08-14
GRXEUR,2024-05-22 13:30:00+00:00,12,valid_not_selected,,bls_cpi_2024-08-14
UKXGBP,2024-08-07 13:30:00+00:00,1,selected,,bls_cpi_2024-08-14
UKXGBP,2024-07-31 13:30:00+00:00,2,selected,,bls_cpi_2024-08-14
UKXGBP,2024-07-24 13:30:00+00:00,3,selected,,bls_cpi_2024-08-14
UKXGBP,2024-07-17 13:30:00+00:00,4,selected,,bls_cpi_2024-08-14
UKXGBP,2024-07-10 13:30:00+00:00,5,valid_not_selected,,bls_cpi_2024-08-14
UKXGBP,2024-07-03 13:30:00+00:00,6,valid_not_selected,,bls_cpi_2024-08-14
UKXGBP,2024-06-26 13:30:00+00:00,7,valid_not_selected,,bls_cpi_2024-08-14
UKXGBP,2024-06-19 13:30:00+00:00,8,valid_not_selected,,bls_cpi_2024-08-14
UKXGBP,2024-06-12 13:30:00+00:00,9,rejected,BLS CPI/employment date,bls_cpi_2024-08-14
UKXGBP,2024-06-05 13:30:00+00:00,10,valid_not_selected,,bls_cpi_2024-08-14
UKXGBP,2024-05-29 13:30:00+00:00,11,valid_not_selected,,bls_cpi_2024-08-14
UKXGBP,2024-05-22 13:30:00+00:00,12,valid_not_selected,,bls_cpi_2024-08-14
BCOUSD,2024-08-07 13:30:00+00:00,1,selected,,bls_cpi_2024-08-14
BCOUSD,2024-07-31 13:30:00+00:00,2,selected,,bls_cpi_2024-08-14
BCOUSD,2024-07-24 13:30:00+00:00,3,selected,,bls_cpi_2024-08-14
BCOUSD,2024-07-17 13:30:00+00:00,4,selected,,bls_cpi_2024-08-14
BCOUSD,2024-07-10 13:30:00+00:00,5,valid_not_selected,,bls_cpi_2024-08-14
BCOUSD,2024-07-03 13:30:00+00:00,6,valid_not_selected,,bls_cpi_2024-08-14
BCOUSD,2024-06-26 13:30:00+00:00,7,valid_not_selected,,bls_cpi_2024-08-14
BCOUSD,2024-06-19 13:30:00+00:00,8,valid_not_selected,,bls_cpi_2024-08-14
BCOUSD,2024-06-12 13:30:00+00:00,9,rejected,BLS CPI/employment date,bls_cpi_2024-08-14
BCOUSD,2024-06-05 13:30:00+00:00,10,valid_not_selected,,bls_cpi_2024-08-14
BCOUSD,2024-05-29 13:30:00+00:00,11,valid_not_selected,,bls_cpi_2024-08-14
BCOUSD,2024-05-22 13:30:00+00:00,12,valid_not_selected,,bls_cpi_2024-08-14
EURUSD,2024-08-30 13:30:00+00:00,1,selected,,bls_employment_2024-09-06
EURUSD,2024-08-23 13:30:00+00:00,2,selected,,bls_employment_2024-09-06
EURUSD,2024-08-16 13:30:00+00:00,3,selected,,bls_employment_2024-09-06
EURUSD,2024-08-09 13:30:00+00:00,4,selected,,bls_employment_2024-09-06
EURUSD,2024-08-02 13:30:00+00:00,5,rejected,BLS CPI/employment date,bls_employment_2024-09-06
EURUSD,2024-07-26 13:30:00+00:00,6,valid_not_selected,,bls_employment_2024-09-06
EURUSD,2024-07-19 13:30:00+00:00,7,valid_not_selected,,bls_employment_2024-09-06
EURUSD,2024-07-12 13:30:00+00:00,8,valid_not_selected,,bls_employment_2024-09-06
EURUSD,2024-07-05 13:30:00+00:00,9,rejected,BLS CPI/employment date,bls_employment_2024-09-06
EURUSD,2024-06-28 13:30:00+00:00,10,valid_not_selected,,bls_employment_2024-09-06
EURUSD,2024-06-21 13:30:00+00:00,11,valid_not_selected,,bls_employment_2024-09-06
EURUSD,2024-06-14 13:30:00+00:00,12,valid_not_selected,,bls_employment_2024-09-06
GBPUSD,2024-08-30 13:30:00+00:00,1,selected,,bls_employment_2024-09-06
GBPUSD,2024-08-23 13:30:00+00:00,2,selected,,bls_employment_2024-09-06
GBPUSD,2024-08-16 13:30:00+00:00,3,selected,,bls_employment_2024-09-06
GBPUSD,2024-08-09 13:30:00+00:00,4,selected,,bls_employment_2024-09-06
GBPUSD,2024-08-02 13:30:00+00:00,5,rejected,BLS CPI/employment date,bls_employment_2024-09-06
GBPUSD,2024-07-26 13:30:00+00:00,6,valid_not_selected,,bls_employment_2024-09-06
GBPUSD,2024-07-19 13:30:00+00:00,7,valid_not_selected,,bls_employment_2024-09-06
GBPUSD,2024-07-12 13:30:00+00:00,8,valid_not_selected,,bls_employment_2024-09-06
GBPUSD,2024-07-05 13:30:00+00:00,9,rejected,BLS CPI/employment date,bls_employment_2024-09-06
GBPUSD,2024-06-28 13:30:00+00:00,10,valid_not_selected,,bls_employment_2024-09-06
GBPUSD,2024-06-21 13:30:00+00:00,11,valid_not_selected,,bls_employment_2024-09-06
GBPUSD,2024-06-14 13:30:00+00:00,12,valid_not_selected,,bls_employment_2024-09-06
AUDUSD,2024-08-30 13:30:00+00:00,1,selected,,bls_employment_2024-09-06
AUDUSD,2024-08-23 13:30:00+00:00,2,selected,,bls_employment_2024-09-06
AUDUSD,2024-08-16 13:30:00+00:00,3,selected,,bls_employment_2024-09-06
AUDUSD,2024-08-09 13:30:00+00:00,4,selected,,bls_employment_2024-09-06
AUDUSD,2024-08-02 13:30:00+00:00,5,rejected,BLS CPI/employment date,bls_employment_2024-09-06
AUDUSD,2024-07-26 13:30:00+00:00,6,valid_not_selected,,bls_employment_2024-09-06
AUDUSD,2024-07-19 13:30:00+00:00,7,valid_not_selected,,bls_employment_2024-09-06
AUDUSD,2024-07-12 13:30:00+00:00,8,valid_not_selected,,bls_employment_2024-09-06
AUDUSD,2024-07-05 13:30:00+00:00,9,rejected,BLS CPI/employment date,bls_employment_2024-09-06
AUDUSD,2024-06-28 13:30:00+00:00,10,valid_not_selected,,bls_employment_2024-09-06
AUDUSD,2024-06-21 13:30:00+00:00,11,valid_not_selected,,bls_employment_2024-09-06
AUDUSD,2024-06-14 13:30:00+00:00,12,valid_not_selected,,bls_employment_2024-09-06
NZDUSD,2024-08-30 13:30:00+00:00,1,selected,,bls_employment_2024-09-06
NZDUSD,2024-08-23 13:30:00+00:00,2,selected,,bls_employment_2024-09-06
NZDUSD,2024-08-16 13:30:00+00:00,3,selected,,bls_employment_2024-09-06
NZDUSD,2024-08-09 13:30:00+00:00,4,selected,,bls_employment_2024-09-06
NZDUSD,2024-08-02 13:30:00+00:00,5,rejected,BLS CPI/employment date,bls_employment_2024-09-06
NZDUSD,2024-07-26 13:30:00+00:00,6,valid_not_selected,,bls_employment_2024-09-06
NZDUSD,2024-07-19 13:30:00+00:00,7,valid_not_selected,,bls_employment_2024-09-06
NZDUSD,2024-07-12 13:30:00+00:00,8,valid_not_selected,,bls_employment_2024-09-06
NZDUSD,2024-07-05 13:30:00+00:00,9,rejected,BLS CPI/employment date,bls_employment_2024-09-06
NZDUSD,2024-06-28 13:30:00+00:00,10,valid_not_selected,,bls_employment_2024-09-06
NZDUSD,2024-06-21 13:30:00+00:00,11,valid_not_selected,,bls_employment_2024-09-06
NZDUSD,2024-06-14 13:30:00+00:00,12,valid_not_selected,,bls_employment_2024-09-06
USDJPY,2024-08-30 13:30:00+00:00,1,selected,,bls_employment_2024-09-06
USDJPY,2024-08-23 13:30:00+00:00,2,selected,,bls_employment_2024-09-06
USDJPY,2024-08-16 13:30:00+00:00,3,selected,,bls_employment_2024-09-06
USDJPY,2024-08-09 13:30:00+00:00,4,selected,,bls_employment_2024-09-06
USDJPY,2024-08-02 13:30:00+00:00,5,rejected,BLS CPI/employment date,bls_employment_2024-09-06
USDJPY,2024-07-26 13:30:00+00:00,6,valid_not_selected,,bls_employment_2024-09-06
USDJPY,2024-07-19 13:30:00+00:00,7,valid_not_selected,,bls_employment_2024-09-06
USDJPY,2024-07-12 13:30:00+00:00,8,valid_not_selected,,bls_employment_2024-09-06
USDJPY,2024-07-05 13:30:00+00:00,9,rejected,BLS CPI/employment date,bls_employment_2024-09-06
USDJPY,2024-06-28 13:30:00+00:00,10,valid_not_selected,,bls_employment_2024-09-06
USDJPY,2024-06-21 13:30:00+00:00,11,valid_not_selected,,bls_employment_2024-09-06
USDJPY,2024-06-14 13:30:00+00:00,12,valid_not_selected,,bls_employment_2024-09-06
USDCHF,2024-08-30 13:30:00+00:00,1,selected,,bls_employment_2024-09-06
USDCHF,2024-08-23 13:30:00+00:00,2,selected,,bls_employment_2024-09-06
USDCHF,2024-08-16 13:30:00+00:00,3,selected,,bls_employment_2024-09-06
USDCHF,2024-08-09 13:30:00+00:00,4,selected,,bls_employment_2024-09-06
USDCHF,2024-08-02 13:30:00+00:00,5,rejected,BLS CPI/employment date,bls_employment_2024-09-06
USDCHF,2024-07-26 13:30:00+00:00,6,valid_not_selected,,bls_employment_2024-09-06
USDCHF,2024-07-19 13:30:00+00:00,7,valid_not_selected,,bls_employment_2024-09-06
USDCHF,2024-07-12 13:30:00+00:00,8,valid_not_selected,,bls_employment_2024-09-06
USDCHF,2024-07-05 13:30:00+00:00,9,rejected,BLS CPI/employment date,bls_employment_2024-09-06
USDCHF,2024-06-28 13:30:00+00:00,10,valid_not_selected,,bls_employment_2024-09-06
USDCHF,2024-06-21 13:30:00+00:00,11,valid_not_selected,,bls_employment_2024-09-06
USDCHF,2024-06-14 13:30:00+00:00,12,valid_not_selected,,bls_employment_2024-09-06
USDCAD,2024-08-30 13:30:00+00:00,1,selected,,bls_employment_2024-09-06
USDCAD,2024-08-23 13:30:00+00:00,2,selected,,bls_employment_2024-09-06
USDCAD,2024-08-16 13:30:00+00:00,3,selected,,bls_employment_2024-09-06
USDCAD,2024-08-09 13:30:00+00:00,4,selected,,bls_employment_2024-09-06
USDCAD,2024-08-02 13:30:00+00:00,5,rejected,BLS CPI/employment date,bls_employment_2024-09-06
USDCAD,2024-07-26 13:30:00+00:00,6,valid_not_selected,,bls_employment_2024-09-06
USDCAD,2024-07-19 13:30:00+00:00,7,valid_not_selected,,bls_employment_2024-09-06
USDCAD,2024-07-12 13:30:00+00:00,8,valid_not_selected,,bls_employment_2024-09-06
USDCAD,2024-07-05 13:30:00+00:00,9,rejected,BLS CPI/employment date,bls_employment_2024-09-06
USDCAD,2024-06-28 13:30:00+00:00,10,valid_not_selected,,bls_employment_2024-09-06
USDCAD,2024-06-21 13:30:00+00:00,11,valid_not_selected,,bls_employment_2024-09-06
USDCAD,2024-06-14 13:30:00+00:00,12,valid_not_selected,,bls_employment_2024-09-06
EURJPY,2024-08-30 13:30:00+00:00,1,selected,,bls_employment_2024-09-06
EURJPY,2024-08-23 13:30:00+00:00,2,selected,,bls_employment_2024-09-06
EURJPY,2024-08-16 13:30:00+00:00,3,selected,,bls_employment_2024-09-06
EURJPY,2024-08-09 13:30:00+00:00,4,selected,,bls_employment_2024-09-06
EURJPY,2024-08-02 13:30:00+00:00,5,rejected,BLS CPI/employment date,bls_employment_2024-09-06
EURJPY,2024-07-26 13:30:00+00:00,6,valid_not_selected,,bls_employment_2024-09-06
EURJPY,2024-07-19 13:30:00+00:00,7,valid_not_selected,,bls_employment_2024-09-06
EURJPY,2024-07-12 13:30:00+00:00,8,valid_not_selected,,bls_employment_2024-09-06
EURJPY,2024-07-05 13:30:00+00:00,9,rejected,BLS CPI/employment date,bls_employment_2024-09-06
EURJPY,2024-06-28 13:30:00+00:00,10,valid_not_selected,,bls_employment_2024-09-06
EURJPY,2024-06-21 13:30:00+00:00,11,valid_not_selected,,bls_employment_2024-09-06
EURJPY,2024-06-14 13:30:00+00:00,12,valid_not_selected,,bls_employment_2024-09-06
XAUUSD,2024-08-30 13:30:00+00:00,1,selected,,bls_employment_2024-09-06
XAUUSD,2024-08-23 13:30:00+00:00,2,selected,,bls_employment_2024-09-06
XAUUSD,2024-08-16 13:30:00+00:00,3,selected,,bls_employment_2024-09-06
XAUUSD,2024-08-09 13:30:00+00:00,4,selected,,bls_employment_2024-09-06
XAUUSD,2024-08-02 13:30:00+00:00,5,rejected,BLS CPI/employment date,bls_employment_2024-09-06
XAUUSD,2024-07-26 13:30:00+00:00,6,valid_not_selected,,bls_employment_2024-09-06
XAUUSD,2024-07-19 13:30:00+00:00,7,valid_not_selected,,bls_employment_2024-09-06
XAUUSD,2024-07-12 13:30:00+00:00,8,valid_not_selected,,bls_employment_2024-09-06
XAUUSD,2024-07-05 13:30:00+00:00,9,rejected,BLS CPI/employment date,bls_employment_2024-09-06
XAUUSD,2024-06-28 13:30:00+00:00,10,valid_not_selected,,bls_employment_2024-09-06
XAUUSD,2024-06-21 13:30:00+00:00,11,valid_not_selected,,bls_employment_2024-09-06
XAUUSD,2024-06-14 13:30:00+00:00,12,valid_not_selected,,bls_employment_2024-09-06
XAGUSD,2024-08-30 13:30:00+00:00,1,selected,,bls_employment_2024-09-06
XAGUSD,2024-08-23 13:30:00+00:00,2,selected,,bls_employment_2024-09-06
XAGUSD,2024-08-16 13:30:00+00:00,3,selected,,bls_employment_2024-09-06
XAGUSD,2024-08-09 13:30:00+00:00,4,selected,,bls_employment_2024-09-06
XAGUSD,2024-08-02 13:30:00+00:00,5,rejected,BLS CPI/employment date,bls_employment_2024-09-06
XAGUSD,2024-07-26 13:30:00+00:00,6,valid_not_selected,,bls_employment_2024-09-06
XAGUSD,2024-07-19 13:30:00+00:00,7,valid_not_selected,,bls_employment_2024-09-06
XAGUSD,2024-07-12 13:30:00+00:00,8,valid_not_selected,,bls_employment_2024-09-06
XAGUSD,2024-07-05 13:30:00+00:00,9,rejected,BLS CPI/employment date,bls_employment_2024-09-06
XAGUSD,2024-06-28 13:30:00+00:00,10,valid_not_selected,,bls_employment_2024-09-06
XAGUSD,2024-06-21 13:30:00+00:00,11,valid_not_selected,,bls_employment_2024-09-06
XAGUSD,2024-06-14 13:30:00+00:00,12,valid_not_selected,,bls_employment_2024-09-06
SPXUSD,2024-08-30 13:30:00+00:00,1,selected,,bls_employment_2024-09-06
SPXUSD,2024-08-23 13:30:00+00:00,2,selected,,bls_employment_2024-09-06
SPXUSD,2024-08-16 13:30:00+00:00,3,selected,,bls_employment_2024-09-06
SPXUSD,2024-08-09 13:30:00+00:00,4,selected,,bls_employment_2024-09-06
SPXUSD,2024-08-02 13:30:00+00:00,5,rejected,BLS CPI/employment date,bls_employment_2024-09-06
SPXUSD,2024-07-26 13:30:00+00:00,6,valid_not_selected,,bls_employment_2024-09-06
SPXUSD,2024-07-19 13:30:00+00:00,7,valid_not_selected,,bls_employment_2024-09-06
SPXUSD,2024-07-12 13:30:00+00:00,8,valid_not_selected,,bls_employment_2024-09-06
SPXUSD,2024-07-05 13:30:00+00:00,9,rejected,BLS CPI/employment date,bls_employment_2024-09-06
SPXUSD,2024-06-28 13:30:00+00:00,10,valid_not_selected,,bls_employment_2024-09-06
SPXUSD,2024-06-21 13:30:00+00:00,11,valid_not_selected,,bls_employment_2024-09-06
SPXUSD,2024-06-14 13:30:00+00:00,12,valid_not_selected,,bls_employment_2024-09-06
NSXUSD,2024-08-30 13:30:00+00:00,1,selected,,bls_employment_2024-09-06
NSXUSD,2024-08-23 13:30:00+00:00,2,selected,,bls_employment_2024-09-06
NSXUSD,2024-08-16 13:30:00+00:00,3,selected,,bls_employment_2024-09-06
NSXUSD,2024-08-09 13:30:00+00:00,4,selected,,bls_employment_2024-09-06
NSXUSD,2024-08-02 13:30:00+00:00,5,rejected,BLS CPI/employment date,bls_employment_2024-09-06
NSXUSD,2024-07-26 13:30:00+00:00,6,valid_not_selected,,bls_employment_2024-09-06
NSXUSD,2024-07-19 13:30:00+00:00,7,valid_not_selected,,bls_employment_2024-09-06
NSXUSD,2024-07-12 13:30:00+00:00,8,valid_not_selected,,bls_employment_2024-09-06
NSXUSD,2024-07-05 13:30:00+00:00,9,rejected,BLS CPI/employment date,bls_employment_2024-09-06
NSXUSD,2024-06-28 13:30:00+00:00,10,valid_not_selected,,bls_employment_2024-09-06
NSXUSD,2024-06-21 13:30:00+00:00,11,valid_not_selected,,bls_employment_2024-09-06
NSXUSD,2024-06-14 13:30:00+00:00,12,valid_not_selected,,bls_employment_2024-09-06
GRXEUR,2024-08-30 13:30:00+00:00,1,selected,,bls_employment_2024-09-06
GRXEUR,2024-08-23 13:30:00+00:00,2,selected,,bls_employment_2024-09-06
GRXEUR,2024-08-16 13:30:00+00:00,3,selected,,bls_employment_2024-09-06
GRXEUR,2024-08-09 13:30:00+00:00,4,selected,,bls_employment_2024-09-06
GRXEUR,2024-08-02 13:30:00+00:00,5,rejected,BLS CPI/employment date,bls_employment_2024-09-06
GRXEUR,2024-07-26 13:30:00+00:00,6,valid_not_selected,,bls_employment_2024-09-06
GRXEUR,2024-07-19 13:30:00+00:00,7,valid_not_selected,,bls_employment_2024-09-06
GRXEUR,2024-07-12 13:30:00+00:00,8,valid_not_selected,,bls_employment_2024-09-06
GRXEUR,2024-07-05 13:30:00+00:00,9,rejected,BLS CPI/employment date,bls_employment_2024-09-06
GRXEUR,2024-06-28 13:30:00+00:00,10,valid_not_selected,,bls_employment_2024-09-06
GRXEUR,2024-06-21 13:30:00+00:00,11,valid_not_selected,,bls_employment_2024-09-06
GRXEUR,2024-06-14 13:30:00+00:00,12,valid_not_selected,,bls_employment_2024-09-06
UKXGBP,2024-08-30 13:30:00+00:00,1,selected,,bls_employment_2024-09-06
UKXGBP,2024-08-23 13:30:00+00:00,2,selected,,bls_employment_2024-09-06
UKXGBP,2024-08-16 13:30:00+00:00,3,selected,,bls_employment_2024-09-06
UKXGBP,2024-08-09 13:30:00+00:00,4,selected,,bls_employment_2024-09-06
UKXGBP,2024-08-02 13:30:00+00:00,5,rejected,BLS CPI/employment date,bls_employment_2024-09-06
UKXGBP,2024-07-26 13:30:00+00:00,6,valid_not_selected,,bls_employment_2024-09-06
UKXGBP,2024-07-19 13:30:00+00:00,7,valid_not_selected,,bls_employment_2024-09-06
UKXGBP,2024-07-12 13:30:00+00:00,8,valid_not_selected,,bls_employment_2024-09-06
UKXGBP,2024-07-05 13:30:00+00:00,9,rejected,BLS CPI/employment date,bls_employment_2024-09-06
UKXGBP,2024-06-28 13:30:00+00:00,10,valid_not_selected,,bls_employment_2024-09-06
UKXGBP,2024-06-21 13:30:00+00:00,11,valid_not_selected,,bls_employment_2024-09-06
UKXGBP,2024-06-14 13:30:00+00:00,12,valid_not_selected,,bls_employment_2024-09-06
BCOUSD,2024-08-30 13:30:00+00:00,1,selected,,bls_employment_2024-09-06
BCOUSD,2024-08-23 13:30:00+00:00,2,selected,,bls_employment_2024-09-06
BCOUSD,2024-08-16 13:30:00+00:00,3,selected,,bls_employment_2024-09-06
BCOUSD,2024-08-09 13:30:00+00:00,4,selected,,bls_employment_2024-09-06
BCOUSD,2024-08-02 13:30:00+00:00,5,rejected,BLS CPI/employment date,bls_employment_2024-09-06
BCOUSD,2024-07-26 13:30:00+00:00,6,valid_not_selected,,bls_employment_2024-09-06
BCOUSD,2024-07-19 13:30:00+00:00,7,valid_not_selected,,bls_employment_2024-09-06
BCOUSD,2024-07-12 13:30:00+00:00,8,valid_not_selected,,bls_employment_2024-09-06
BCOUSD,2024-07-05 13:30:00+00:00,9,rejected,BLS CPI/employment date,bls_employment_2024-09-06
BCOUSD,2024-06-28 13:30:00+00:00,10,valid_not_selected,,bls_employment_2024-09-06
BCOUSD,2024-06-21 13:30:00+00:00,11,valid_not_selected,,bls_employment_2024-09-06
BCOUSD,2024-06-14 13:30:00+00:00,12,valid_not_selected,,bls_employment_2024-09-06
EURUSD,2024-09-04 13:30:00+00:00,1,selected,,bls_cpi_2024-09-11
EURUSD,2024-08-28 13:30:00+00:00,2,selected,,bls_cpi_2024-09-11
EURUSD,2024-08-21 13:30:00+00:00,3,selected,,bls_cpi_2024-09-11
EURUSD,2024-08-14 13:30:00+00:00,4,rejected,BLS CPI/employment date,bls_cpi_2024-09-11
EURUSD,2024-08-07 13:30:00+00:00,5,selected,,bls_cpi_2024-09-11
EURUSD,2024-07-31 13:30:00+00:00,6,valid_not_selected,,bls_cpi_2024-09-11
EURUSD,2024-07-24 13:30:00+00:00,7,valid_not_selected,,bls_cpi_2024-09-11
EURUSD,2024-07-17 13:30:00+00:00,8,valid_not_selected,,bls_cpi_2024-09-11
EURUSD,2024-07-10 13:30:00+00:00,9,valid_not_selected,,bls_cpi_2024-09-11
EURUSD,2024-07-03 13:30:00+00:00,10,valid_not_selected,,bls_cpi_2024-09-11
EURUSD,2024-06-26 13:30:00+00:00,11,valid_not_selected,,bls_cpi_2024-09-11
EURUSD,2024-06-19 13:30:00+00:00,12,valid_not_selected,,bls_cpi_2024-09-11
GBPUSD,2024-09-04 13:30:00+00:00,1,selected,,bls_cpi_2024-09-11
GBPUSD,2024-08-28 13:30:00+00:00,2,selected,,bls_cpi_2024-09-11
GBPUSD,2024-08-21 13:30:00+00:00,3,selected,,bls_cpi_2024-09-11
GBPUSD,2024-08-14 13:30:00+00:00,4,rejected,BLS CPI/employment date,bls_cpi_2024-09-11
GBPUSD,2024-08-07 13:30:00+00:00,5,selected,,bls_cpi_2024-09-11
GBPUSD,2024-07-31 13:30:00+00:00,6,valid_not_selected,,bls_cpi_2024-09-11
GBPUSD,2024-07-24 13:30:00+00:00,7,valid_not_selected,,bls_cpi_2024-09-11
GBPUSD,2024-07-17 13:30:00+00:00,8,valid_not_selected,,bls_cpi_2024-09-11
GBPUSD,2024-07-10 13:30:00+00:00,9,valid_not_selected,,bls_cpi_2024-09-11
GBPUSD,2024-07-03 13:30:00+00:00,10,valid_not_selected,,bls_cpi_2024-09-11
GBPUSD,2024-06-26 13:30:00+00:00,11,valid_not_selected,,bls_cpi_2024-09-11
GBPUSD,2024-06-19 13:30:00+00:00,12,valid_not_selected,,bls_cpi_2024-09-11
AUDUSD,2024-09-04 13:30:00+00:00,1,selected,,bls_cpi_2024-09-11
AUDUSD,2024-08-28 13:30:00+00:00,2,selected,,bls_cpi_2024-09-11
AUDUSD,2024-08-21 13:30:00+00:00,3,selected,,bls_cpi_2024-09-11
AUDUSD,2024-08-14 13:30:00+00:00,4,rejected,BLS CPI/employment date,bls_cpi_2024-09-11
AUDUSD,2024-08-07 13:30:00+00:00,5,selected,,bls_cpi_2024-09-11
AUDUSD,2024-07-31 13:30:00+00:00,6,valid_not_selected,,bls_cpi_2024-09-11
AUDUSD,2024-07-24 13:30:00+00:00,7,valid_not_selected,,bls_cpi_2024-09-11
AUDUSD,2024-07-17 13:30:00+00:00,8,valid_not_selected,,bls_cpi_2024-09-11
AUDUSD,2024-07-10 13:30:00+00:00,9,valid_not_selected,,bls_cpi_2024-09-11
AUDUSD,2024-07-03 13:30:00+00:00,10,valid_not_selected,,bls_cpi_2024-09-11
AUDUSD,2024-06-26 13:30:00+00:00,11,valid_not_selected,,bls_cpi_2024-09-11
AUDUSD,2024-06-19 13:30:00+00:00,12,valid_not_selected,,bls_cpi_2024-09-11
NZDUSD,2024-09-04 13:30:00+00:00,1,selected,,bls_cpi_2024-09-11
NZDUSD,2024-08-28 13:30:00+00:00,2,selected,,bls_cpi_2024-09-11
NZDUSD,2024-08-21 13:30:00+00:00,3,selected,,bls_cpi_2024-09-11
NZDUSD,2024-08-14 13:30:00+00:00,4,rejected,BLS CPI/employment date,bls_cpi_2024-09-11
NZDUSD,2024-08-07 13:30:00+00:00,5,selected,,bls_cpi_2024-09-11
NZDUSD,2024-07-31 13:30:00+00:00,6,valid_not_selected,,bls_cpi_2024-09-11
NZDUSD,2024-07-24 13:30:00+00:00,7,valid_not_selected,,bls_cpi_2024-09-11
NZDUSD,2024-07-17 13:30:00+00:00,8,valid_not_selected,,bls_cpi_2024-09-11
NZDUSD,2024-07-10 13:30:00+00:00,9,valid_not_selected,,bls_cpi_2024-09-11
NZDUSD,2024-07-03 13:30:00+00:00,10,valid_not_selected,,bls_cpi_2024-09-11
NZDUSD,2024-06-26 13:30:00+00:00,11,valid_not_selected,,bls_cpi_2024-09-11
NZDUSD,2024-06-19 13:30:00+00:00,12,valid_not_selected,,bls_cpi_2024-09-11
USDJPY,2024-09-04 13:30:00+00:00,1,selected,,bls_cpi_2024-09-11
USDJPY,2024-08-28 13:30:00+00:00,2,selected,,bls_cpi_2024-09-11
USDJPY,2024-08-21 13:30:00+00:00,3,selected,,bls_cpi_2024-09-11
USDJPY,2024-08-14 13:30:00+00:00,4,rejected,BLS CPI/employment date,bls_cpi_2024-09-11
USDJPY,2024-08-07 13:30:00+00:00,5,selected,,bls_cpi_2024-09-11
USDJPY,2024-07-31 13:30:00+00:00,6,valid_not_selected,,bls_cpi_2024-09-11
USDJPY,2024-07-24 13:30:00+00:00,7,valid_not_selected,,bls_cpi_2024-09-11
USDJPY,2024-07-17 13:30:00+00:00,8,valid_not_selected,,bls_cpi_2024-09-11
USDJPY,2024-07-10 13:30:00+00:00,9,valid_not_selected,,bls_cpi_2024-09-11
USDJPY,2024-07-03 13:30:00+00:00,10,valid_not_selected,,bls_cpi_2024-09-11
USDJPY,2024-06-26 13:30:00+00:00,11,valid_not_selected,,bls_cpi_2024-09-11
USDJPY,2024-06-19 13:30:00+00:00,12,valid_not_selected,,bls_cpi_2024-09-11
USDCHF,2024-09-04 13:30:00+00:00,1,selected,,bls_cpi_2024-09-11
USDCHF,2024-08-28 13:30:00+00:00,2,selected,,bls_cpi_2024-09-11
USDCHF,2024-08-21 13:30:00+00:00,3,selected,,bls_cpi_2024-09-11
USDCHF,2024-08-14 13:30:00+00:00,4,rejected,BLS CPI/employment date,bls_cpi_2024-09-11
USDCHF,2024-08-07 13:30:00+00:00,5,selected,,bls_cpi_2024-09-11
USDCHF,2024-07-31 13:30:00+00:00,6,valid_not_selected,,bls_cpi_2024-09-11
USDCHF,2024-07-24 13:30:00+00:00,7,valid_not_selected,,bls_cpi_2024-09-11
USDCHF,2024-07-17 13:30:00+00:00,8,valid_not_selected,,bls_cpi_2024-09-11
USDCHF,2024-07-10 13:30:00+00:00,9,valid_not_selected,,bls_cpi_2024-09-11
USDCHF,2024-07-03 13:30:00+00:00,10,valid_not_selected,,bls_cpi_2024-09-11
USDCHF,2024-06-26 13:30:00+00:00,11,valid_not_selected,,bls_cpi_2024-09-11
USDCHF,2024-06-19 13:30:00+00:00,12,valid_not_selected,,bls_cpi_2024-09-11
USDCAD,2024-09-04 13:30:00+00:00,1,selected,,bls_cpi_2024-09-11
USDCAD,2024-08-28 13:30:00+00:00,2,selected,,bls_cpi_2024-09-11
USDCAD,2024-08-21 13:30:00+00:00,3,selected,,bls_cpi_2024-09-11
USDCAD,2024-08-14 13:30:00+00:00,4,rejected,BLS CPI/employment date,bls_cpi_2024-09-11
USDCAD,2024-08-07 13:30:00+00:00,5,selected,,bls_cpi_2024-09-11
USDCAD,2024-07-31 13:30:00+00:00,6,valid_not_selected,,bls_cpi_2024-09-11
USDCAD,2024-07-24 13:30:00+00:00,7,valid_not_selected,,bls_cpi_2024-09-11
USDCAD,2024-07-17 13:30:00+00:00,8,valid_not_selected,,bls_cpi_2024-09-11
USDCAD,2024-07-10 13:30:00+00:00,9,valid_not_selected,,bls_cpi_2024-09-11
USDCAD,2024-07-03 13:30:00+00:00,10,valid_not_selected,,bls_cpi_2024-09-11
USDCAD,2024-06-26 13:30:00+00:00,11,valid_not_selected,,bls_cpi_2024-09-11
USDCAD,2024-06-19 13:30:00+00:00,12,valid_not_selected,,bls_cpi_2024-09-11
EURJPY,2024-09-04 13:30:00+00:00,1,selected,,bls_cpi_2024-09-11
EURJPY,2024-08-28 13:30:00+00:00,2,selected,,bls_cpi_2024-09-11
EURJPY,2024-08-21 13:30:00+00:00,3,selected,,bls_cpi_2024-09-11
EURJPY,2024-08-14 13:30:00+00:00,4,rejected,BLS CPI/employment date,bls_cpi_2024-09-11
EURJPY,2024-08-07 13:30:00+00:00,5,selected,,bls_cpi_2024-09-11
EURJPY,2024-07-31 13:30:00+00:00,6,valid_not_selected,,bls_cpi_2024-09-11
EURJPY,2024-07-24 13:30:00+00:00,7,valid_not_selected,,bls_cpi_2024-09-11
EURJPY,2024-07-17 13:30:00+00:00,8,valid_not_selected,,bls_cpi_2024-09-11
EURJPY,2024-07-10 13:30:00+00:00,9,valid_not_selected,,bls_cpi_2024-09-11
EURJPY,2024-07-03 13:30:00+00:00,10,valid_not_selected,,bls_cpi_2024-09-11
EURJPY,2024-06-26 13:30:00+00:00,11,valid_not_selected,,bls_cpi_2024-09-11
EURJPY,2024-06-19 13:30:00+00:00,12,valid_not_selected,,bls_cpi_2024-09-11
XAUUSD,2024-09-04 13:30:00+00:00,1,selected,,bls_cpi_2024-09-11
XAUUSD,2024-08-28 13:30:00+00:00,2,selected,,bls_cpi_2024-09-11
XAUUSD,2024-08-21 13:30:00+00:00,3,selected,,bls_cpi_2024-09-11
XAUUSD,2024-08-14 13:30:00+00:00,4,rejected,BLS CPI/employment date,bls_cpi_2024-09-11
XAUUSD,2024-08-07 13:30:00+00:00,5,selected,,bls_cpi_2024-09-11
XAUUSD,2024-07-31 13:30:00+00:00,6,valid_not_selected,,bls_cpi_2024-09-11
XAUUSD,2024-07-24 13:30:00+00:00,7,valid_not_selected,,bls_cpi_2024-09-11
XAUUSD,2024-07-17 13:30:00+00:00,8,valid_not_selected,,bls_cpi_2024-09-11
XAUUSD,2024-07-10 13:30:00+00:00,9,valid_not_selected,,bls_cpi_2024-09-11
XAUUSD,2024-07-03 13:30:00+00:00,10,valid_not_selected,,bls_cpi_2024-09-11
XAUUSD,2024-06-26 13:30:00+00:00,11,valid_not_selected,,bls_cpi_2024-09-11
XAUUSD,2024-06-19 13:30:00+00:00,12,valid_not_selected,,bls_cpi_2024-09-11
XAGUSD,2024-09-04 13:30:00+00:00,1,selected,,bls_cpi_2024-09-11
XAGUSD,2024-08-28 13:30:00+00:00,2,selected,,bls_cpi_2024-09-11
XAGUSD,2024-08-21 13:30:00+00:00,3,selected,,bls_cpi_2024-09-11
XAGUSD,2024-08-14 13:30:00+00:00,4,rejected,BLS CPI/employment date,bls_cpi_2024-09-11
XAGUSD,2024-08-07 13:30:00+00:00,5,selected,,bls_cpi_2024-09-11
XAGUSD,2024-07-31 13:30:00+00:00,6,valid_not_selected,,bls_cpi_2024-09-11
XAGUSD,2024-07-24 13:30:00+00:00,7,valid_not_selected,,bls_cpi_2024-09-11
XAGUSD,2024-07-17 13:30:00+00:00,8,valid_not_selected,,bls_cpi_2024-09-11
XAGUSD,2024-07-10 13:30:00+00:00,9,valid_not_selected,,bls_cpi_2024-09-11
XAGUSD,2024-07-03 13:30:00+00:00,10,valid_not_selected,,bls_cpi_2024-09-11
XAGUSD,2024-06-26 13:30:00+00:00,11,valid_not_selected,,bls_cpi_2024-09-11
XAGUSD,2024-06-19 13:30:00+00:00,12,valid_not_selected,,bls_cpi_2024-09-11
SPXUSD,2024-09-04 13:30:00+00:00,1,selected,,bls_cpi_2024-09-11
SPXUSD,2024-08-28 13:30:00+00:00,2,selected,,bls_cpi_2024-09-11
SPXUSD,2024-08-21 13:30:00+00:00,3,selected,,bls_cpi_2024-09-11
SPXUSD,2024-08-14 13:30:00+00:00,4,rejected,BLS CPI/employment date,bls_cpi_2024-09-11
SPXUSD,2024-08-07 13:30:00+00:00,5,selected,,bls_cpi_2024-09-11
SPXUSD,2024-07-31 13:30:00+00:00,6,valid_not_selected,,bls_cpi_2024-09-11
SPXUSD,2024-07-24 13:30:00+00:00,7,valid_not_selected,,bls_cpi_2024-09-11
SPXUSD,2024-07-17 13:30:00+00:00,8,valid_not_selected,,bls_cpi_2024-09-11
SPXUSD,2024-07-10 13:30:00+00:00,9,valid_not_selected,,bls_cpi_2024-09-11
SPXUSD,2024-07-03 13:30:00+00:00,10,valid_not_selected,,bls_cpi_2024-09-11
SPXUSD,2024-06-26 13:30:00+00:00,11,valid_not_selected,,bls_cpi_2024-09-11
SPXUSD,2024-06-19 13:30:00+00:00,12,valid_not_selected,,bls_cpi_2024-09-11
NSXUSD,2024-09-04 13:30:00+00:00,1,selected,,bls_cpi_2024-09-11
NSXUSD,2024-08-28 13:30:00+00:00,2,selected,,bls_cpi_2024-09-11
NSXUSD,2024-08-21 13:30:00+00:00,3,selected,,bls_cpi_2024-09-11
NSXUSD,2024-08-14 13:30:00+00:00,4,rejected,BLS CPI/employment date,bls_cpi_2024-09-11
NSXUSD,2024-08-07 13:30:00+00:00,5,selected,,bls_cpi_2024-09-11
NSXUSD,2024-07-31 13:30:00+00:00,6,valid_not_selected,,bls_cpi_2024-09-11
NSXUSD,2024-07-24 13:30:00+00:00,7,valid_not_selected,,bls_cpi_2024-09-11
NSXUSD,2024-07-17 13:30:00+00:00,8,valid_not_selected,,bls_cpi_2024-09-11
NSXUSD,2024-07-10 13:30:00+00:00,9,valid_not_selected,,bls_cpi_2024-09-11
NSXUSD,2024-07-03 13:30:00+00:00,10,valid_not_selected,,bls_cpi_2024-09-11
NSXUSD,2024-06-26 13:30:00+00:00,11,valid_not_selected,,bls_cpi_2024-09-11
NSXUSD,2024-06-19 13:30:00+00:00,12,valid_not_selected,,bls_cpi_2024-09-11
GRXEUR,2024-09-04 13:30:00+00:00,1,selected,,bls_cpi_2024-09-11
GRXEUR,2024-08-28 13:30:00+00:00,2,selected,,bls_cpi_2024-09-11
GRXEUR,2024-08-21 13:30:00+00:00,3,selected,,bls_cpi_2024-09-11
GRXEUR,2024-08-14 13:30:00+00:00,4,rejected,BLS CPI/employment date,bls_cpi_2024-09-11
GRXEUR,2024-08-07 13:30:00+00:00,5,selected,,bls_cpi_2024-09-11
GRXEUR,2024-07-31 13:30:00+00:00,6,valid_not_selected,,bls_cpi_2024-09-11
GRXEUR,2024-07-24 13:30:00+00:00,7,valid_not_selected,,bls_cpi_2024-09-11
GRXEUR,2024-07-17 13:30:00+00:00,8,valid_not_selected,,bls_cpi_2024-09-11
GRXEUR,2024-07-10 13:30:00+00:00,9,valid_not_selected,,bls_cpi_2024-09-11
GRXEUR,2024-07-03 13:30:00+00:00,10,valid_not_selected,,bls_cpi_2024-09-11
GRXEUR,2024-06-26 13:30:00+00:00,11,valid_not_selected,,bls_cpi_2024-09-11
GRXEUR,2024-06-19 13:30:00+00:00,12,valid_not_selected,,bls_cpi_2024-09-11
UKXGBP,2024-09-04 13:30:00+00:00,1,selected,,bls_cpi_2024-09-11
UKXGBP,2024-08-28 13:30:00+00:00,2,selected,,bls_cpi_2024-09-11
UKXGBP,2024-08-21 13:30:00+00:00,3,selected,,bls_cpi_2024-09-11
UKXGBP,2024-08-14 13:30:00+00:00,4,rejected,BLS CPI/employment date,bls_cpi_2024-09-11
UKXGBP,2024-08-07 13:30:00+00:00,5,selected,,bls_cpi_2024-09-11
UKXGBP,2024-07-31 13:30:00+00:00,6,valid_not_selected,,bls_cpi_2024-09-11
UKXGBP,2024-07-24 13:30:00+00:00,7,valid_not_selected,,bls_cpi_2024-09-11
UKXGBP,2024-07-17 13:30:00+00:00,8,valid_not_selected,,bls_cpi_2024-09-11
UKXGBP,2024-07-10 13:30:00+00:00,9,valid_not_selected,,bls_cpi_2024-09-11
UKXGBP,2024-07-03 13:30:00+00:00,10,valid_not_selected,,bls_cpi_2024-09-11
UKXGBP,2024-06-26 13:30:00+00:00,11,valid_not_selected,,bls_cpi_2024-09-11
UKXGBP,2024-06-19 13:30:00+00:00,12,valid_not_selected,,bls_cpi_2024-09-11
BCOUSD,2024-09-04 13:30:00+00:00,1,selected,,bls_cpi_2024-09-11
BCOUSD,2024-08-28 13:30:00+00:00,2,selected,,bls_cpi_2024-09-11
BCOUSD,2024-08-21 13:30:00+00:00,3,selected,,bls_cpi_2024-09-11
BCOUSD,2024-08-14 13:30:00+00:00,4,rejected,BLS CPI/employment date,bls_cpi_2024-09-11
BCOUSD,2024-08-07 13:30:00+00:00,5,selected,,bls_cpi_2024-09-11
BCOUSD,2024-07-31 13:30:00+00:00,6,valid_not_selected,,bls_cpi_2024-09-11
BCOUSD,2024-07-24 13:30:00+00:00,7,valid_not_selected,,bls_cpi_2024-09-11
BCOUSD,2024-07-17 13:30:00+00:00,8,valid_not_selected,,bls_cpi_2024-09-11
BCOUSD,2024-07-10 13:30:00+00:00,9,valid_not_selected,,bls_cpi_2024-09-11
BCOUSD,2024-07-03 13:30:00+00:00,10,valid_not_selected,,bls_cpi_2024-09-11
BCOUSD,2024-06-26 13:30:00+00:00,11,valid_not_selected,,bls_cpi_2024-09-11
BCOUSD,2024-06-19 13:30:00+00:00,12,valid_not_selected,,bls_cpi_2024-09-11
EURUSD,2024-09-27 13:30:00+00:00,1,selected,,bls_employment_2024-10-04
EURUSD,2024-09-20 13:30:00+00:00,2,selected,,bls_employment_2024-10-04
EURUSD,2024-09-13 13:30:00+00:00,3,selected,,bls_employment_2024-10-04
EURUSD,2024-09-06 13:30:00+00:00,4,rejected,BLS CPI/employment date,bls_employment_2024-10-04
EURUSD,2024-08-30 13:30:00+00:00,5,selected,,bls_employment_2024-10-04
EURUSD,2024-08-23 13:30:00+00:00,6,valid_not_selected,,bls_employment_2024-10-04
EURUSD,2024-08-16 13:30:00+00:00,7,valid_not_selected,,bls_employment_2024-10-04
EURUSD,2024-08-09 13:30:00+00:00,8,valid_not_selected,,bls_employment_2024-10-04
EURUSD,2024-08-02 13:30:00+00:00,9,rejected,BLS CPI/employment date,bls_employment_2024-10-04
EURUSD,2024-07-26 13:30:00+00:00,10,valid_not_selected,,bls_employment_2024-10-04
EURUSD,2024-07-19 13:30:00+00:00,11,valid_not_selected,,bls_employment_2024-10-04
EURUSD,2024-07-12 13:30:00+00:00,12,valid_not_selected,,bls_employment_2024-10-04
GBPUSD,2024-09-27 13:30:00+00:00,1,selected,,bls_employment_2024-10-04
GBPUSD,2024-09-20 13:30:00+00:00,2,selected,,bls_employment_2024-10-04
GBPUSD,2024-09-13 13:30:00+00:00,3,selected,,bls_employment_2024-10-04
GBPUSD,2024-09-06 13:30:00+00:00,4,rejected,BLS CPI/employment date,bls_employment_2024-10-04
GBPUSD,2024-08-30 13:30:00+00:00,5,selected,,bls_employment_2024-10-04
GBPUSD,2024-08-23 13:30:00+00:00,6,valid_not_selected,,bls_employment_2024-10-04
GBPUSD,2024-08-16 13:30:00+00:00,7,valid_not_selected,,bls_employment_2024-10-04
GBPUSD,2024-08-09 13:30:00+00:00,8,valid_not_selected,,bls_employment_2024-10-04
GBPUSD,2024-08-02 13:30:00+00:00,9,rejected,BLS CPI/employment date,bls_employment_2024-10-04
GBPUSD,2024-07-26 13:30:00+00:00,10,valid_not_selected,,bls_employment_2024-10-04
GBPUSD,2024-07-19 13:30:00+00:00,11,valid_not_selected,,bls_employment_2024-10-04
GBPUSD,2024-07-12 13:30:00+00:00,12,valid_not_selected,,bls_employment_2024-10-04
AUDUSD,2024-09-27 13:30:00+00:00,1,selected,,bls_employment_2024-10-04
AUDUSD,2024-09-20 13:30:00+00:00,2,selected,,bls_employment_2024-10-04
AUDUSD,2024-09-13 13:30:00+00:00,3,selected,,bls_employment_2024-10-04
AUDUSD,2024-09-06 13:30:00+00:00,4,rejected,BLS CPI/employment date,bls_employment_2024-10-04
AUDUSD,2024-08-30 13:30:00+00:00,5,selected,,bls_employment_2024-10-04
AUDUSD,2024-08-23 13:30:00+00:00,6,valid_not_selected,,bls_employment_2024-10-04
AUDUSD,2024-08-16 13:30:00+00:00,7,valid_not_selected,,bls_employment_2024-10-04
AUDUSD,2024-08-09 13:30:00+00:00,8,valid_not_selected,,bls_employment_2024-10-04
AUDUSD,2024-08-02 13:30:00+00:00,9,rejected,BLS CPI/employment date,bls_employment_2024-10-04
AUDUSD,2024-07-26 13:30:00+00:00,10,valid_not_selected,,bls_employment_2024-10-04
AUDUSD,2024-07-19 13:30:00+00:00,11,valid_not_selected,,bls_employment_2024-10-04
AUDUSD,2024-07-12 13:30:00+00:00,12,valid_not_selected,,bls_employment_2024-10-04
NZDUSD,2024-09-27 13:30:00+00:00,1,selected,,bls_employment_2024-10-04
NZDUSD,2024-09-20 13:30:00+00:00,2,selected,,bls_employment_2024-10-04
NZDUSD,2024-09-13 13:30:00+00:00,3,selected,,bls_employment_2024-10-04
NZDUSD,2024-09-06 13:30:00+00:00,4,rejected,BLS CPI/employment date,bls_employment_2024-10-04
NZDUSD,2024-08-30 13:30:00+00:00,5,selected,,bls_employment_2024-10-04
NZDUSD,2024-08-23 13:30:00+00:00,6,valid_not_selected,,bls_employment_2024-10-04
NZDUSD,2024-08-16 13:30:00+00:00,7,valid_not_selected,,bls_employment_2024-10-04
NZDUSD,2024-08-09 13:30:00+00:00,8,valid_not_selected,,bls_employment_2024-10-04
NZDUSD,2024-08-02 13:30:00+00:00,9,rejected,BLS CPI/employment date,bls_employment_2024-10-04
NZDUSD,2024-07-26 13:30:00+00:00,10,valid_not_selected,,bls_employment_2024-10-04
NZDUSD,2024-07-19 13:30:00+00:00,11,valid_not_selected,,bls_employment_2024-10-04
NZDUSD,2024-07-12 13:30:00+00:00,12,valid_not_selected,,bls_employment_2024-10-04
USDJPY,2024-09-27 13:30:00+00:00,1,selected,,bls_employment_2024-10-04
USDJPY,2024-09-20 13:30:00+00:00,2,selected,,bls_employment_2024-10-04
USDJPY,2024-09-13 13:30:00+00:00,3,selected,,bls_employment_2024-10-04
USDJPY,2024-09-06 13:30:00+00:00,4,rejected,BLS CPI/employment date,bls_employment_2024-10-04
USDJPY,2024-08-30 13:30:00+00:00,5,selected,,bls_employment_2024-10-04
USDJPY,2024-08-23 13:30:00+00:00,6,valid_not_selected,,bls_employment_2024-10-04
USDJPY,2024-08-16 13:30:00+00:00,7,valid_not_selected,,bls_employment_2024-10-04
USDJPY,2024-08-09 13:30:00+00:00,8,valid_not_selected,,bls_employment_2024-10-04
USDJPY,2024-08-02 13:30:00+00:00,9,rejected,BLS CPI/employment date,bls_employment_2024-10-04
USDJPY,2024-07-26 13:30:00+00:00,10,valid_not_selected,,bls_employment_2024-10-04
USDJPY,2024-07-19 13:30:00+00:00,11,valid_not_selected,,bls_employment_2024-10-04
USDJPY,2024-07-12 13:30:00+00:00,12,valid_not_selected,,bls_employment_2024-10-04
USDCHF,2024-09-27 13:30:00+00:00,1,selected,,bls_employment_2024-10-04
USDCHF,2024-09-20 13:30:00+00:00,2,selected,,bls_employment_2024-10-04
USDCHF,2024-09-13 13:30:00+00:00,3,selected,,bls_employment_2024-10-04
USDCHF,2024-09-06 13:30:00+00:00,4,rejected,BLS CPI/employment date,bls_employment_2024-10-04
USDCHF,2024-08-30 13:30:00+00:00,5,selected,,bls_employment_2024-10-04
USDCHF,2024-08-23 13:30:00+00:00,6,valid_not_selected,,bls_employment_2024-10-04
USDCHF,2024-08-16 13:30:00+00:00,7,valid_not_selected,,bls_employment_2024-10-04
USDCHF,2024-08-09 13:30:00+00:00,8,valid_not_selected,,bls_employment_2024-10-04
USDCHF,2024-08-02 13:30:00+00:00,9,rejected,BLS CPI/employment date,bls_employment_2024-10-04
USDCHF,2024-07-26 13:30:00+00:00,10,valid_not_selected,,bls_employment_2024-10-04
USDCHF,2024-07-19 13:30:00+00:00,11,valid_not_selected,,bls_employment_2024-10-04
USDCHF,2024-07-12 13:30:00+00:00,12,valid_not_selected,,bls_employment_2024-10-04
USDCAD,2024-09-27 13:30:00+00:00,1,selected,,bls_employment_2024-10-04
USDCAD,2024-09-20 13:30:00+00:00,2,selected,,bls_employment_2024-10-04
USDCAD,2024-09-13 13:30:00+00:00,3,selected,,bls_employment_2024-10-04
USDCAD,2024-09-06 13:30:00+00:00,4,rejected,BLS CPI/employment date,bls_employment_2024-10-04
USDCAD,2024-08-30 13:30:00+00:00,5,selected,,bls_employment_2024-10-04
USDCAD,2024-08-23 13:30:00+00:00,6,valid_not_selected,,bls_employment_2024-10-04
USDCAD,2024-08-16 13:30:00+00:00,7,valid_not_selected,,bls_employment_2024-10-04
USDCAD,2024-08-09 13:30:00+00:00,8,valid_not_selected,,bls_employment_2024-10-04
USDCAD,2024-08-02 13:30:00+00:00,9,rejected,BLS CPI/employment date,bls_employment_2024-10-04
USDCAD,2024-07-26 13:30:00+00:00,10,valid_not_selected,,bls_employment_2024-10-04
USDCAD,2024-07-19 13:30:00+00:00,11,valid_not_selected,,bls_employment_2024-10-04
USDCAD,2024-07-12 13:30:00+00:00,12,valid_not_selected,,bls_employment_2024-10-04
EURJPY,2024-09-27 13:30:00+00:00,1,selected,,bls_employment_2024-10-04
EURJPY,2024-09-20 13:30:00+00:00,2,selected,,bls_employment_2024-10-04
EURJPY,2024-09-13 13:30:00+00:00,3,selected,,bls_employment_2024-10-04
EURJPY,2024-09-06 13:30:00+00:00,4,rejected,BLS CPI/employment date,bls_employment_2024-10-04
EURJPY,2024-08-30 13:30:00+00:00,5,selected,,bls_employment_2024-10-04
EURJPY,2024-08-23 13:30:00+00:00,6,valid_not_selected,,bls_employment_2024-10-04
EURJPY,2024-08-16 13:30:00+00:00,7,valid_not_selected,,bls_employment_2024-10-04
EURJPY,2024-08-09 13:30:00+00:00,8,valid_not_selected,,bls_employment_2024-10-04
EURJPY,2024-08-02 13:30:00+00:00,9,rejected,BLS CPI/employment date,bls_employment_2024-10-04
EURJPY,2024-07-26 13:30:00+00:00,10,valid_not_selected,,bls_employment_2024-10-04
EURJPY,2024-07-19 13:30:00+00:00,11,valid_not_selected,,bls_employment_2024-10-04
EURJPY,2024-07-12 13:30:00+00:00,12,valid_not_selected,,bls_employment_2024-10-04
XAUUSD,2024-09-27 13:30:00+00:00,1,selected,,bls_employment_2024-10-04
XAUUSD,2024-09-20 13:30:00+00:00,2,selected,,bls_employment_2024-10-04
XAUUSD,2024-09-13 13:30:00+00:00,3,selected,,bls_employment_2024-10-04
XAUUSD,2024-09-06 13:30:00+00:00,4,rejected,BLS CPI/employment date,bls_employment_2024-10-04
XAUUSD,2024-08-30 13:30:00+00:00,5,selected,,bls_employment_2024-10-04
XAUUSD,2024-08-23 13:30:00+00:00,6,valid_not_selected,,bls_employment_2024-10-04
XAUUSD,2024-08-16 13:30:00+00:00,7,valid_not_selected,,bls_employment_2024-10-04
XAUUSD,2024-08-09 13:30:00+00:00,8,valid_not_selected,,bls_employment_2024-10-04
XAUUSD,2024-08-02 13:30:00+00:00,9,rejected,BLS CPI/employment date,bls_employment_2024-10-04
XAUUSD,2024-07-26 13:30:00+00:00,10,valid_not_selected,,bls_employment_2024-10-04
XAUUSD,2024-07-19 13:30:00+00:00,11,valid_not_selected,,bls_employment_2024-10-04
XAUUSD,2024-07-12 13:30:00+00:00,12,valid_not_selected,,bls_employment_2024-10-04
XAGUSD,2024-09-27 13:30:00+00:00,1,selected,,bls_employment_2024-10-04
XAGUSD,2024-09-20 13:30:00+00:00,2,selected,,bls_employment_2024-10-04
XAGUSD,2024-09-13 13:30:00+00:00,3,selected,,bls_employment_2024-10-04
XAGUSD,2024-09-06 13:30:00+00:00,4,rejected,BLS CPI/employment date,bls_employment_2024-10-04
XAGUSD,2024-08-30 13:30:00+00:00,5,selected,,bls_employment_2024-10-04
XAGUSD,2024-08-23 13:30:00+00:00,6,valid_not_selected,,bls_employment_2024-10-04
XAGUSD,2024-08-16 13:30:00+00:00,7,valid_not_selected,,bls_employment_2024-10-04
XAGUSD,2024-08-09 13:30:00+00:00,8,valid_not_selected,,bls_employment_2024-10-04
XAGUSD,2024-08-02 13:30:00+00:00,9,rejected,BLS CPI/employment date,bls_employment_2024-10-04
XAGUSD,2024-07-26 13:30:00+00:00,10,valid_not_selected,,bls_employment_2024-10-04
XAGUSD,2024-07-19 13:30:00+00:00,11,valid_not_selected,,bls_employment_2024-10-04
XAGUSD,2024-07-12 13:30:00+00:00,12,valid_not_selected,,bls_employment_2024-10-04
SPXUSD,2024-09-27 13:30:00+00:00,1,selected,,bls_employment_2024-10-04
SPXUSD,2024-09-20 13:30:00+00:00,2,selected,,bls_employment_2024-10-04
SPXUSD,2024-09-13 13:30:00+00:00,3,selected,,bls_employment_2024-10-04
SPXUSD,2024-09-06 13:30:00+00:00,4,rejected,BLS CPI/employment date,bls_employment_2024-10-04
SPXUSD,2024-08-30 13:30:00+00:00,5,selected,,bls_employment_2024-10-04
SPXUSD,2024-08-23 13:30:00+00:00,6,valid_not_selected,,bls_employment_2024-10-04
SPXUSD,2024-08-16 13:30:00+00:00,7,valid_not_selected,,bls_employment_2024-10-04
SPXUSD,2024-08-09 13:30:00+00:00,8,valid_not_selected,,bls_employment_2024-10-04
SPXUSD,2024-08-02 13:30:00+00:00,9,rejected,BLS CPI/employment date,bls_employment_2024-10-04
SPXUSD,2024-07-26 13:30:00+00:00,10,valid_not_selected,,bls_employment_2024-10-04
SPXUSD,2024-07-19 13:30:00+00:00,11,valid_not_selected,,bls_employment_2024-10-04
SPXUSD,2024-07-12 13:30:00+00:00,12,valid_not_selected,,bls_employment_2024-10-04
NSXUSD,2024-09-27 13:30:00+00:00,1,selected,,bls_employment_2024-10-04
NSXUSD,2024-09-20 13:30:00+00:00,2,selected,,bls_employment_2024-10-04
NSXUSD,2024-09-13 13:30:00+00:00,3,selected,,bls_employment_2024-10-04
NSXUSD,2024-09-06 13:30:00+00:00,4,rejected,BLS CPI/employment date,bls_employment_2024-10-04
NSXUSD,2024-08-30 13:30:00+00:00,5,selected,,bls_employment_2024-10-04
NSXUSD,2024-08-23 13:30:00+00:00,6,valid_not_selected,,bls_employment_2024-10-04
NSXUSD,2024-08-16 13:30:00+00:00,7,valid_not_selected,,bls_employment_2024-10-04
NSXUSD,2024-08-09 13:30:00+00:00,8,valid_not_selected,,bls_employment_2024-10-04
NSXUSD,2024-08-02 13:30:00+00:00,9,rejected,BLS CPI/employment date,bls_employment_2024-10-04
NSXUSD,2024-07-26 13:30:00+00:00,10,valid_not_selected,,bls_employment_2024-10-04
NSXUSD,2024-07-19 13:30:00+00:00,11,valid_not_selected,,bls_employment_2024-10-04
NSXUSD,2024-07-12 13:30:00+00:00,12,valid_not_selected,,bls_employment_2024-10-04
GRXEUR,2024-09-27 13:30:00+00:00,1,selected,,bls_employment_2024-10-04
GRXEUR,2024-09-20 13:30:00+00:00,2,selected,,bls_employment_2024-10-04
GRXEUR,2024-09-13 13:30:00+00:00,3,selected,,bls_employment_2024-10-04
GRXEUR,2024-09-06 13:30:00+00:00,4,rejected,BLS CPI/employment date,bls_employment_2024-10-04
GRXEUR,2024-08-30 13:30:00+00:00,5,selected,,bls_employment_2024-10-04
GRXEUR,2024-08-23 13:30:00+00:00,6,valid_not_selected,,bls_employment_2024-10-04
GRXEUR,2024-08-16 13:30:00+00:00,7,valid_not_selected,,bls_employment_2024-10-04
GRXEUR,2024-08-09 13:30:00+00:00,8,valid_not_selected,,bls_employment_2024-10-04
GRXEUR,2024-08-02 13:30:00+00:00,9,rejected,BLS CPI/employment date,bls_employment_2024-10-04
GRXEUR,2024-07-26 13:30:00+00:00,10,valid_not_selected,,bls_employment_2024-10-04
GRXEUR,2024-07-19 13:30:00+00:00,11,valid_not_selected,,bls_employment_2024-10-04
GRXEUR,2024-07-12 13:30:00+00:00,12,valid_not_selected,,bls_employment_2024-10-04
UKXGBP,2024-09-27 13:30:00+00:00,1,selected,,bls_employment_2024-10-04
UKXGBP,2024-09-20 13:30:00+00:00,2,selected,,bls_employment_2024-10-04
UKXGBP,2024-09-13 13:30:00+00:00,3,selected,,bls_employment_2024-10-04
UKXGBP,2024-09-06 13:30:00+00:00,4,rejected,BLS CPI/employment date,bls_employment_2024-10-04
UKXGBP,2024-08-30 13:30:00+00:00,5,selected,,bls_employment_2024-10-04
UKXGBP,2024-08-23 13:30:00+00:00,6,valid_not_selected,,bls_employment_2024-10-04
UKXGBP,2024-08-16 13:30:00+00:00,7,valid_not_selected,,bls_employment_2024-10-04
UKXGBP,2024-08-09 13:30:00+00:00,8,valid_not_selected,,bls_employment_2024-10-04
UKXGBP,2024-08-02 13:30:00+00:00,9,rejected,BLS CPI/employment date,bls_employment_2024-10-04
UKXGBP,2024-07-26 13:30:00+00:00,10,valid_not_selected,,bls_employment_2024-10-04
UKXGBP,2024-07-19 13:30:00+00:00,11,valid_not_selected,,bls_employment_2024-10-04
UKXGBP,2024-07-12 13:30:00+00:00,12,valid_not_selected,,bls_employment_2024-10-04
BCOUSD,2024-09-27 13:30:00+00:00,1,selected,,bls_employment_2024-10-04
BCOUSD,2024-09-20 13:30:00+00:00,2,selected,,bls_employment_2024-10-04
BCOUSD,2024-09-13 13:30:00+00:00,3,selected,,bls_employment_2024-10-04
BCOUSD,2024-09-06 13:30:00+00:00,4,rejected,BLS CPI/employment date,bls_employment_2024-10-04
BCOUSD,2024-08-30 13:30:00+00:00,5,selected,,bls_employment_2024-10-04
BCOUSD,2024-08-23 13:30:00+00:00,6,valid_not_selected,,bls_employment_2024-10-04
BCOUSD,2024-08-16 13:30:00+00:00,7,valid_not_selected,,bls_employment_2024-10-04
BCOUSD,2024-08-09 13:30:00+00:00,8,valid_not_selected,,bls_employment_2024-10-04
BCOUSD,2024-08-02 13:30:00+00:00,9,rejected,BLS CPI/employment date,bls_employment_2024-10-04
BCOUSD,2024-07-26 13:30:00+00:00,10,valid_not_selected,,bls_employment_2024-10-04
BCOUSD,2024-07-19 13:30:00+00:00,11,valid_not_selected,,bls_employment_2024-10-04
BCOUSD,2024-07-12 13:30:00+00:00,12,valid_not_selected,,bls_employment_2024-10-04
EURUSD,2024-10-03 13:30:00+00:00,1,selected,,bls_cpi_2024-10-10
EURUSD,2024-09-26 13:30:00+00:00,2,selected,,bls_cpi_2024-10-10
EURUSD,2024-09-19 13:30:00+00:00,3,selected,,bls_cpi_2024-10-10
EURUSD,2024-09-12 13:30:00+00:00,4,selected,,bls_cpi_2024-10-10
EURUSD,2024-09-05 13:30:00+00:00,5,valid_not_selected,,bls_cpi_2024-10-10
EURUSD,2024-08-29 13:30:00+00:00,6,valid_not_selected,,bls_cpi_2024-10-10
EURUSD,2024-08-22 13:30:00+00:00,7,valid_not_selected,,bls_cpi_2024-10-10
EURUSD,2024-08-15 13:30:00+00:00,8,valid_not_selected,,bls_cpi_2024-10-10
EURUSD,2024-08-08 13:30:00+00:00,9,valid_not_selected,,bls_cpi_2024-10-10
EURUSD,2024-08-01 13:30:00+00:00,10,valid_not_selected,,bls_cpi_2024-10-10
EURUSD,2024-07-25 13:30:00+00:00,11,valid_not_selected,,bls_cpi_2024-10-10
EURUSD,2024-07-18 13:30:00+00:00,12,valid_not_selected,,bls_cpi_2024-10-10
GBPUSD,2024-10-03 13:30:00+00:00,1,selected,,bls_cpi_2024-10-10
GBPUSD,2024-09-26 13:30:00+00:00,2,selected,,bls_cpi_2024-10-10
GBPUSD,2024-09-19 13:30:00+00:00,3,selected,,bls_cpi_2024-10-10
GBPUSD,2024-09-12 13:30:00+00:00,4,selected,,bls_cpi_2024-10-10
GBPUSD,2024-09-05 13:30:00+00:00,5,valid_not_selected,,bls_cpi_2024-10-10
GBPUSD,2024-08-29 13:30:00+00:00,6,valid_not_selected,,bls_cpi_2024-10-10
GBPUSD,2024-08-22 13:30:00+00:00,7,valid_not_selected,,bls_cpi_2024-10-10
GBPUSD,2024-08-15 13:30:00+00:00,8,valid_not_selected,,bls_cpi_2024-10-10
GBPUSD,2024-08-08 13:30:00+00:00,9,valid_not_selected,,bls_cpi_2024-10-10
GBPUSD,2024-08-01 13:30:00+00:00,10,valid_not_selected,,bls_cpi_2024-10-10
GBPUSD,2024-07-25 13:30:00+00:00,11,valid_not_selected,,bls_cpi_2024-10-10
GBPUSD,2024-07-18 13:30:00+00:00,12,valid_not_selected,,bls_cpi_2024-10-10
AUDUSD,2024-10-03 13:30:00+00:00,1,selected,,bls_cpi_2024-10-10
AUDUSD,2024-09-26 13:30:00+00:00,2,selected,,bls_cpi_2024-10-10
AUDUSD,2024-09-19 13:30:00+00:00,3,selected,,bls_cpi_2024-10-10
AUDUSD,2024-09-12 13:30:00+00:00,4,selected,,bls_cpi_2024-10-10
AUDUSD,2024-09-05 13:30:00+00:00,5,valid_not_selected,,bls_cpi_2024-10-10
AUDUSD,2024-08-29 13:30:00+00:00,6,valid_not_selected,,bls_cpi_2024-10-10
AUDUSD,2024-08-22 13:30:00+00:00,7,valid_not_selected,,bls_cpi_2024-10-10
AUDUSD,2024-08-15 13:30:00+00:00,8,valid_not_selected,,bls_cpi_2024-10-10
AUDUSD,2024-08-08 13:30:00+00:00,9,valid_not_selected,,bls_cpi_2024-10-10
AUDUSD,2024-08-01 13:30:00+00:00,10,valid_not_selected,,bls_cpi_2024-10-10
AUDUSD,2024-07-25 13:30:00+00:00,11,valid_not_selected,,bls_cpi_2024-10-10
AUDUSD,2024-07-18 13:30:00+00:00,12,valid_not_selected,,bls_cpi_2024-10-10
NZDUSD,2024-10-03 13:30:00+00:00,1,selected,,bls_cpi_2024-10-10
NZDUSD,2024-09-26 13:30:00+00:00,2,selected,,bls_cpi_2024-10-10
NZDUSD,2024-09-19 13:30:00+00:00,3,selected,,bls_cpi_2024-10-10
NZDUSD,2024-09-12 13:30:00+00:00,4,selected,,bls_cpi_2024-10-10
NZDUSD,2024-09-05 13:30:00+00:00,5,valid_not_selected,,bls_cpi_2024-10-10
NZDUSD,2024-08-29 13:30:00+00:00,6,valid_not_selected,,bls_cpi_2024-10-10
NZDUSD,2024-08-22 13:30:00+00:00,7,valid_not_selected,,bls_cpi_2024-10-10
NZDUSD,2024-08-15 13:30:00+00:00,8,valid_not_selected,,bls_cpi_2024-10-10
NZDUSD,2024-08-08 13:30:00+00:00,9,valid_not_selected,,bls_cpi_2024-10-10
NZDUSD,2024-08-01 13:30:00+00:00,10,valid_not_selected,,bls_cpi_2024-10-10
NZDUSD,2024-07-25 13:30:00+00:00,11,valid_not_selected,,bls_cpi_2024-10-10
NZDUSD,2024-07-18 13:30:00+00:00,12,valid_not_selected,,bls_cpi_2024-10-10
USDJPY,2024-10-03 13:30:00+00:00,1,selected,,bls_cpi_2024-10-10
USDJPY,2024-09-26 13:30:00+00:00,2,selected,,bls_cpi_2024-10-10
USDJPY,2024-09-19 13:30:00+00:00,3,selected,,bls_cpi_2024-10-10
USDJPY,2024-09-12 13:30:00+00:00,4,selected,,bls_cpi_2024-10-10
USDJPY,2024-09-05 13:30:00+00:00,5,valid_not_selected,,bls_cpi_2024-10-10
USDJPY,2024-08-29 13:30:00+00:00,6,valid_not_selected,,bls_cpi_2024-10-10
USDJPY,2024-08-22 13:30:00+00:00,7,valid_not_selected,,bls_cpi_2024-10-10
USDJPY,2024-08-15 13:30:00+00:00,8,valid_not_selected,,bls_cpi_2024-10-10
USDJPY,2024-08-08 13:30:00+00:00,9,valid_not_selected,,bls_cpi_2024-10-10
USDJPY,2024-08-01 13:30:00+00:00,10,valid_not_selected,,bls_cpi_2024-10-10
USDJPY,2024-07-25 13:30:00+00:00,11,valid_not_selected,,bls_cpi_2024-10-10
USDJPY,2024-07-18 13:30:00+00:00,12,valid_not_selected,,bls_cpi_2024-10-10
USDCHF,2024-10-03 13:30:00+00:00,1,selected,,bls_cpi_2024-10-10
USDCHF,2024-09-26 13:30:00+00:00,2,selected,,bls_cpi_2024-10-10
USDCHF,2024-09-19 13:30:00+00:00,3,selected,,bls_cpi_2024-10-10
USDCHF,2024-09-12 13:30:00+00:00,4,selected,,bls_cpi_2024-10-10
USDCHF,2024-09-05 13:30:00+00:00,5,valid_not_selected,,bls_cpi_2024-10-10
USDCHF,2024-08-29 13:30:00+00:00,6,valid_not_selected,,bls_cpi_2024-10-10
USDCHF,2024-08-22 13:30:00+00:00,7,valid_not_selected,,bls_cpi_2024-10-10
USDCHF,2024-08-15 13:30:00+00:00,8,valid_not_selected,,bls_cpi_2024-10-10
USDCHF,2024-08-08 13:30:00+00:00,9,valid_not_selected,,bls_cpi_2024-10-10
USDCHF,2024-08-01 13:30:00+00:00,10,valid_not_selected,,bls_cpi_2024-10-10
USDCHF,2024-07-25 13:30:00+00:00,11,valid_not_selected,,bls_cpi_2024-10-10
USDCHF,2024-07-18 13:30:00+00:00,12,valid_not_selected,,bls_cpi_2024-10-10
USDCAD,2024-10-03 13:30:00+00:00,1,selected,,bls_cpi_2024-10-10
USDCAD,2024-09-26 13:30:00+00:00,2,selected,,bls_cpi_2024-10-10
USDCAD,2024-09-19 13:30:00+00:00,3,selected,,bls_cpi_2024-10-10
USDCAD,2024-09-12 13:30:00+00:00,4,selected,,bls_cpi_2024-10-10
USDCAD,2024-09-05 13:30:00+00:00,5,valid_not_selected,,bls_cpi_2024-10-10
USDCAD,2024-08-29 13:30:00+00:00,6,valid_not_selected,,bls_cpi_2024-10-10
USDCAD,2024-08-22 13:30:00+00:00,7,valid_not_selected,,bls_cpi_2024-10-10
USDCAD,2024-08-15 13:30:00+00:00,8,valid_not_selected,,bls_cpi_2024-10-10
USDCAD,2024-08-08 13:30:00+00:00,9,valid_not_selected,,bls_cpi_2024-10-10
USDCAD,2024-08-01 13:30:00+00:00,10,valid_not_selected,,bls_cpi_2024-10-10
USDCAD,2024-07-25 13:30:00+00:00,11,valid_not_selected,,bls_cpi_2024-10-10
USDCAD,2024-07-18 13:30:00+00:00,12,valid_not_selected,,bls_cpi_2024-10-10
EURJPY,2024-10-03 13:30:00+00:00,1,selected,,bls_cpi_2024-10-10
EURJPY,2024-09-26 13:30:00+00:00,2,selected,,bls_cpi_2024-10-10
EURJPY,2024-09-19 13:30:00+00:00,3,selected,,bls_cpi_2024-10-10
EURJPY,2024-09-12 13:30:00+00:00,4,selected,,bls_cpi_2024-10-10
EURJPY,2024-09-05 13:30:00+00:00,5,valid_not_selected,,bls_cpi_2024-10-10
EURJPY,2024-08-29 13:30:00+00:00,6,valid_not_selected,,bls_cpi_2024-10-10
EURJPY,2024-08-22 13:30:00+00:00,7,valid_not_selected,,bls_cpi_2024-10-10
EURJPY,2024-08-15 13:30:00+00:00,8,valid_not_selected,,bls_cpi_2024-10-10
EURJPY,2024-08-08 13:30:00+00:00,9,valid_not_selected,,bls_cpi_2024-10-10
EURJPY,2024-08-01 13:30:00+00:00,10,valid_not_selected,,bls_cpi_2024-10-10
EURJPY,2024-07-25 13:30:00+00:00,11,valid_not_selected,,bls_cpi_2024-10-10
EURJPY,2024-07-18 13:30:00+00:00,12,valid_not_selected,,bls_cpi_2024-10-10
XAUUSD,2024-10-03 13:30:00+00:00,1,selected,,bls_cpi_2024-10-10
XAUUSD,2024-09-26 13:30:00+00:00,2,selected,,bls_cpi_2024-10-10
XAUUSD,2024-09-19 13:30:00+00:00,3,selected,,bls_cpi_2024-10-10
XAUUSD,2024-09-12 13:30:00+00:00,4,selected,,bls_cpi_2024-10-10
XAUUSD,2024-09-05 13:30:00+00:00,5,valid_not_selected,,bls_cpi_2024-10-10
XAUUSD,2024-08-29 13:30:00+00:00,6,valid_not_selected,,bls_cpi_2024-10-10
XAUUSD,2024-08-22 13:30:00+00:00,7,valid_not_selected,,bls_cpi_2024-10-10
XAUUSD,2024-08-15 13:30:00+00:00,8,valid_not_selected,,bls_cpi_2024-10-10
XAUUSD,2024-08-08 13:30:00+00:00,9,valid_not_selected,,bls_cpi_2024-10-10
XAUUSD,2024-08-01 13:30:00+00:00,10,valid_not_selected,,bls_cpi_2024-10-10
XAUUSD,2024-07-25 13:30:00+00:00,11,valid_not_selected,,bls_cpi_2024-10-10
XAUUSD,2024-07-18 13:30:00+00:00,12,valid_not_selected,,bls_cpi_2024-10-10
XAGUSD,2024-10-03 13:30:00+00:00,1,selected,,bls_cpi_2024-10-10
XAGUSD,2024-09-26 13:30:00+00:00,2,selected,,bls_cpi_2024-10-10
XAGUSD,2024-09-19 13:30:00+00:00,3,selected,,bls_cpi_2024-10-10
XAGUSD,2024-09-12 13:30:00+00:00,4,selected,,bls_cpi_2024-10-10
XAGUSD,2024-09-05 13:30:00+00:00,5,valid_not_selected,,bls_cpi_2024-10-10
XAGUSD,2024-08-29 13:30:00+00:00,6,valid_not_selected,,bls_cpi_2024-10-10
XAGUSD,2024-08-22 13:30:00+00:00,7,valid_not_selected,,bls_cpi_2024-10-10
XAGUSD,2024-08-15 13:30:00+00:00,8,valid_not_selected,,bls_cpi_2024-10-10
XAGUSD,2024-08-08 13:30:00+00:00,9,valid_not_selected,,bls_cpi_2024-10-10
XAGUSD,2024-08-01 13:30:00+00:00,10,valid_not_selected,,bls_cpi_2024-10-10
XAGUSD,2024-07-25 13:30:00+00:00,11,valid_not_selected,,bls_cpi_2024-10-10
XAGUSD,2024-07-18 13:30:00+00:00,12,valid_not_selected,,bls_cpi_2024-10-10
SPXUSD,2024-10-03 13:30:00+00:00,1,selected,,bls_cpi_2024-10-10
SPXUSD,2024-09-26 13:30:00+00:00,2,selected,,bls_cpi_2024-10-10
SPXUSD,2024-09-19 13:30:00+00:00,3,selected,,bls_cpi_2024-10-10
SPXUSD,2024-09-12 13:30:00+00:00,4,selected,,bls_cpi_2024-10-10
SPXUSD,2024-09-05 13:30:00+00:00,5,valid_not_selected,,bls_cpi_2024-10-10
SPXUSD,2024-08-29 13:30:00+00:00,6,valid_not_selected,,bls_cpi_2024-10-10
SPXUSD,2024-08-22 13:30:00+00:00,7,valid_not_selected,,bls_cpi_2024-10-10
SPXUSD,2024-08-15 13:30:00+00:00,8,valid_not_selected,,bls_cpi_2024-10-10
SPXUSD,2024-08-08 13:30:00+00:00,9,valid_not_selected,,bls_cpi_2024-10-10
SPXUSD,2024-08-01 13:30:00+00:00,10,valid_not_selected,,bls_cpi_2024-10-10
SPXUSD,2024-07-25 13:30:00+00:00,11,valid_not_selected,,bls_cpi_2024-10-10
SPXUSD,2024-07-18 13:30:00+00:00,12,valid_not_selected,,bls_cpi_2024-10-10
NSXUSD,2024-10-03 13:30:00+00:00,1,selected,,bls_cpi_2024-10-10
NSXUSD,2024-09-26 13:30:00+00:00,2,selected,,bls_cpi_2024-10-10
NSXUSD,2024-09-19 13:30:00+00:00,3,selected,,bls_cpi_2024-10-10
NSXUSD,2024-09-12 13:30:00+00:00,4,selected,,bls_cpi_2024-10-10
NSXUSD,2024-09-05 13:30:00+00:00,5,valid_not_selected,,bls_cpi_2024-10-10
NSXUSD,2024-08-29 13:30:00+00:00,6,valid_not_selected,,bls_cpi_2024-10-10
NSXUSD,2024-08-22 13:30:00+00:00,7,valid_not_selected,,bls_cpi_2024-10-10
NSXUSD,2024-08-15 13:30:00+00:00,8,valid_not_selected,,bls_cpi_2024-10-10
NSXUSD,2024-08-08 13:30:00+00:00,9,valid_not_selected,,bls_cpi_2024-10-10
NSXUSD,2024-08-01 13:30:00+00:00,10,valid_not_selected,,bls_cpi_2024-10-10
NSXUSD,2024-07-25 13:30:00+00:00,11,valid_not_selected,,bls_cpi_2024-10-10
NSXUSD,2024-07-18 13:30:00+00:00,12,valid_not_selected,,bls_cpi_2024-10-10
GRXEUR,2024-10-03 13:30:00+00:00,1,selected,,bls_cpi_2024-10-10
GRXEUR,2024-09-26 13:30:00+00:00,2,selected,,bls_cpi_2024-10-10
GRXEUR,2024-09-19 13:30:00+00:00,3,selected,,bls_cpi_2024-10-10
GRXEUR,2024-09-12 13:30:00+00:00,4,selected,,bls_cpi_2024-10-10
GRXEUR,2024-09-05 13:30:00+00:00,5,valid_not_selected,,bls_cpi_2024-10-10
GRXEUR,2024-08-29 13:30:00+00:00,6,valid_not_selected,,bls_cpi_2024-10-10
GRXEUR,2024-08-22 13:30:00+00:00,7,valid_not_selected,,bls_cpi_2024-10-10
GRXEUR,2024-08-15 13:30:00+00:00,8,valid_not_selected,,bls_cpi_2024-10-10
GRXEUR,2024-08-08 13:30:00+00:00,9,valid_not_selected,,bls_cpi_2024-10-10
GRXEUR,2024-08-01 13:30:00+00:00,10,valid_not_selected,,bls_cpi_2024-10-10
GRXEUR,2024-07-25 13:30:00+00:00,11,valid_not_selected,,bls_cpi_2024-10-10
GRXEUR,2024-07-18 13:30:00+00:00,12,valid_not_selected,,bls_cpi_2024-10-10
UKXGBP,2024-10-03 13:30:00+00:00,1,selected,,bls_cpi_2024-10-10
UKXGBP,2024-09-26 13:30:00+00:00,2,selected,,bls_cpi_2024-10-10
UKXGBP,2024-09-19 13:30:00+00:00,3,selected,,bls_cpi_2024-10-10
UKXGBP,2024-09-12 13:30:00+00:00,4,selected,,bls_cpi_2024-10-10
UKXGBP,2024-09-05 13:30:00+00:00,5,valid_not_selected,,bls_cpi_2024-10-10
UKXGBP,2024-08-29 13:30:00+00:00,6,valid_not_selected,,bls_cpi_2024-10-10
UKXGBP,2024-08-22 13:30:00+00:00,7,valid_not_selected,,bls_cpi_2024-10-10
UKXGBP,2024-08-15 13:30:00+00:00,8,valid_not_selected,,bls_cpi_2024-10-10
UKXGBP,2024-08-08 13:30:00+00:00,9,valid_not_selected,,bls_cpi_2024-10-10
UKXGBP,2024-08-01 13:30:00+00:00,10,valid_not_selected,,bls_cpi_2024-10-10
UKXGBP,2024-07-25 13:30:00+00:00,11,valid_not_selected,,bls_cpi_2024-10-10
UKXGBP,2024-07-18 13:30:00+00:00,12,valid_not_selected,,bls_cpi_2024-10-10
BCOUSD,2024-10-03 13:30:00+00:00,1,selected,,bls_cpi_2024-10-10
BCOUSD,2024-09-26 13:30:00+00:00,2,selected,,bls_cpi_2024-10-10
BCOUSD,2024-09-19 13:30:00+00:00,3,selected,,bls_cpi_2024-10-10
BCOUSD,2024-09-12 13:30:00+00:00,4,selected,,bls_cpi_2024-10-10
BCOUSD,2024-09-05 13:30:00+00:00,5,valid_not_selected,,bls_cpi_2024-10-10
BCOUSD,2024-08-29 13:30:00+00:00,6,valid_not_selected,,bls_cpi_2024-10-10
BCOUSD,2024-08-22 13:30:00+00:00,7,valid_not_selected,,bls_cpi_2024-10-10
BCOUSD,2024-08-15 13:30:00+00:00,8,valid_not_selected,,bls_cpi_2024-10-10
BCOUSD,2024-08-08 13:30:00+00:00,9,valid_not_selected,,bls_cpi_2024-10-10
BCOUSD,2024-08-01 13:30:00+00:00,10,valid_not_selected,,bls_cpi_2024-10-10
BCOUSD,2024-07-25 13:30:00+00:00,11,valid_not_selected,,bls_cpi_2024-10-10
BCOUSD,2024-07-18 13:30:00+00:00,12,valid_not_selected,,bls_cpi_2024-10-10
EURUSD,2024-10-25 13:30:00+00:00,1,selected,,bls_employment_2024-11-01
EURUSD,2024-10-18 13:30:00+00:00,2,selected,,bls_employment_2024-11-01
EURUSD,2024-10-11 13:30:00+00:00,3,selected,,bls_employment_2024-11-01
EURUSD,2024-10-04 13:30:00+00:00,4,rejected,BLS CPI/employment date,bls_employment_2024-11-01
EURUSD,2024-09-27 13:30:00+00:00,5,selected,,bls_employment_2024-11-01
EURUSD,2024-09-20 13:30:00+00:00,6,valid_not_selected,,bls_employment_2024-11-01
EURUSD,2024-09-13 13:30:00+00:00,7,valid_not_selected,,bls_employment_2024-11-01
EURUSD,2024-09-06 13:30:00+00:00,8,rejected,BLS CPI/employment date,bls_employment_2024-11-01
EURUSD,2024-08-30 13:30:00+00:00,9,valid_not_selected,,bls_employment_2024-11-01
EURUSD,2024-08-23 13:30:00+00:00,10,valid_not_selected,,bls_employment_2024-11-01
EURUSD,2024-08-16 13:30:00+00:00,11,valid_not_selected,,bls_employment_2024-11-01
EURUSD,2024-08-09 13:30:00+00:00,12,valid_not_selected,,bls_employment_2024-11-01
GBPUSD,2024-10-25 13:30:00+00:00,1,selected,,bls_employment_2024-11-01
GBPUSD,2024-10-18 13:30:00+00:00,2,selected,,bls_employment_2024-11-01
GBPUSD,2024-10-11 13:30:00+00:00,3,selected,,bls_employment_2024-11-01
GBPUSD,2024-10-04 13:30:00+00:00,4,rejected,BLS CPI/employment date,bls_employment_2024-11-01
GBPUSD,2024-09-27 13:30:00+00:00,5,selected,,bls_employment_2024-11-01
GBPUSD,2024-09-20 13:30:00+00:00,6,valid_not_selected,,bls_employment_2024-11-01
GBPUSD,2024-09-13 13:30:00+00:00,7,valid_not_selected,,bls_employment_2024-11-01
GBPUSD,2024-09-06 13:30:00+00:00,8,rejected,BLS CPI/employment date,bls_employment_2024-11-01
GBPUSD,2024-08-30 13:30:00+00:00,9,valid_not_selected,,bls_employment_2024-11-01
GBPUSD,2024-08-23 13:30:00+00:00,10,valid_not_selected,,bls_employment_2024-11-01
GBPUSD,2024-08-16 13:30:00+00:00,11,valid_not_selected,,bls_employment_2024-11-01
GBPUSD,2024-08-09 13:30:00+00:00,12,valid_not_selected,,bls_employment_2024-11-01
AUDUSD,2024-10-25 13:30:00+00:00,1,selected,,bls_employment_2024-11-01
AUDUSD,2024-10-18 13:30:00+00:00,2,selected,,bls_employment_2024-11-01
AUDUSD,2024-10-11 13:30:00+00:00,3,selected,,bls_employment_2024-11-01
AUDUSD,2024-10-04 13:30:00+00:00,4,rejected,BLS CPI/employment date,bls_employment_2024-11-01
AUDUSD,2024-09-27 13:30:00+00:00,5,selected,,bls_employment_2024-11-01
AUDUSD,2024-09-20 13:30:00+00:00,6,valid_not_selected,,bls_employment_2024-11-01
AUDUSD,2024-09-13 13:30:00+00:00,7,valid_not_selected,,bls_employment_2024-11-01
AUDUSD,2024-09-06 13:30:00+00:00,8,rejected,BLS CPI/employment date,bls_employment_2024-11-01
AUDUSD,2024-08-30 13:30:00+00:00,9,valid_not_selected,,bls_employment_2024-11-01
AUDUSD,2024-08-23 13:30:00+00:00,10,valid_not_selected,,bls_employment_2024-11-01
AUDUSD,2024-08-16 13:30:00+00:00,11,valid_not_selected,,bls_employment_2024-11-01
AUDUSD,2024-08-09 13:30:00+00:00,12,valid_not_selected,,bls_employment_2024-11-01
NZDUSD,2024-10-25 13:30:00+00:00,1,selected,,bls_employment_2024-11-01
NZDUSD,2024-10-18 13:30:00+00:00,2,selected,,bls_employment_2024-11-01
NZDUSD,2024-10-11 13:30:00+00:00,3,selected,,bls_employment_2024-11-01
NZDUSD,2024-10-04 13:30:00+00:00,4,rejected,BLS CPI/employment date,bls_employment_2024-11-01
NZDUSD,2024-09-27 13:30:00+00:00,5,selected,,bls_employment_2024-11-01
NZDUSD,2024-09-20 13:30:00+00:00,6,valid_not_selected,,bls_employment_2024-11-01
NZDUSD,2024-09-13 13:30:00+00:00,7,valid_not_selected,,bls_employment_2024-11-01
NZDUSD,2024-09-06 13:30:00+00:00,8,rejected,BLS CPI/employment date,bls_employment_2024-11-01
NZDUSD,2024-08-30 13:30:00+00:00,9,valid_not_selected,,bls_employment_2024-11-01
NZDUSD,2024-08-23 13:30:00+00:00,10,valid_not_selected,,bls_employment_2024-11-01
NZDUSD,2024-08-16 13:30:00+00:00,11,valid_not_selected,,bls_employment_2024-11-01
NZDUSD,2024-08-09 13:30:00+00:00,12,valid_not_selected,,bls_employment_2024-11-01
USDJPY,2024-10-25 13:30:00+00:00,1,selected,,bls_employment_2024-11-01
USDJPY,2024-10-18 13:30:00+00:00,2,selected,,bls_employment_2024-11-01
USDJPY,2024-10-11 13:30:00+00:00,3,selected,,bls_employment_2024-11-01
USDJPY,2024-10-04 13:30:00+00:00,4,rejected,BLS CPI/employment date,bls_employment_2024-11-01
USDJPY,2024-09-27 13:30:00+00:00,5,selected,,bls_employment_2024-11-01
USDJPY,2024-09-20 13:30:00+00:00,6,valid_not_selected,,bls_employment_2024-11-01
USDJPY,2024-09-13 13:30:00+00:00,7,valid_not_selected,,bls_employment_2024-11-01
USDJPY,2024-09-06 13:30:00+00:00,8,rejected,BLS CPI/employment date,bls_employment_2024-11-01
USDJPY,2024-08-30 13:30:00+00:00,9,valid_not_selected,,bls_employment_2024-11-01
USDJPY,2024-08-23 13:30:00+00:00,10,valid_not_selected,,bls_employment_2024-11-01
USDJPY,2024-08-16 13:30:00+00:00,11,valid_not_selected,,bls_employment_2024-11-01
USDJPY,2024-08-09 13:30:00+00:00,12,valid_not_selected,,bls_employment_2024-11-01
USDCHF,2024-10-25 13:30:00+00:00,1,selected,,bls_employment_2024-11-01
USDCHF,2024-10-18 13:30:00+00:00,2,selected,,bls_employment_2024-11-01
USDCHF,2024-10-11 13:30:00+00:00,3,selected,,bls_employment_2024-11-01
USDCHF,2024-10-04 13:30:00+00:00,4,rejected,BLS CPI/employment date,bls_employment_2024-11-01
USDCHF,2024-09-27 13:30:00+00:00,5,selected,,bls_employment_2024-11-01
USDCHF,2024-09-20 13:30:00+00:00,6,valid_not_selected,,bls_employment_2024-11-01
USDCHF,2024-09-13 13:30:00+00:00,7,valid_not_selected,,bls_employment_2024-11-01
USDCHF,2024-09-06 13:30:00+00:00,8,rejected,BLS CPI/employment date,bls_employment_2024-11-01
USDCHF,2024-08-30 13:30:00+00:00,9,valid_not_selected,,bls_employment_2024-11-01
USDCHF,2024-08-23 13:30:00+00:00,10,valid_not_selected,,bls_employment_2024-11-01
USDCHF,2024-08-16 13:30:00+00:00,11,valid_not_selected,,bls_employment_2024-11-01
USDCHF,2024-08-09 13:30:00+00:00,12,valid_not_selected,,bls_employment_2024-11-01
USDCAD,2024-10-25 13:30:00+00:00,1,selected,,bls_employment_2024-11-01
USDCAD,2024-10-18 13:30:00+00:00,2,selected,,bls_employment_2024-11-01
USDCAD,2024-10-11 13:30:00+00:00,3,selected,,bls_employment_2024-11-01
USDCAD,2024-10-04 13:30:00+00:00,4,rejected,BLS CPI/employment date,bls_employment_2024-11-01
USDCAD,2024-09-27 13:30:00+00:00,5,selected,,bls_employment_2024-11-01
USDCAD,2024-09-20 13:30:00+00:00,6,valid_not_selected,,bls_employment_2024-11-01
USDCAD,2024-09-13 13:30:00+00:00,7,valid_not_selected,,bls_employment_2024-11-01
USDCAD,2024-09-06 13:30:00+00:00,8,rejected,BLS CPI/employment date,bls_employment_2024-11-01
USDCAD,2024-08-30 13:30:00+00:00,9,valid_not_selected,,bls_employment_2024-11-01
USDCAD,2024-08-23 13:30:00+00:00,10,valid_not_selected,,bls_employment_2024-11-01
USDCAD,2024-08-16 13:30:00+00:00,11,valid_not_selected,,bls_employment_2024-11-01
USDCAD,2024-08-09 13:30:00+00:00,12,valid_not_selected,,bls_employment_2024-11-01
EURJPY,2024-10-25 13:30:00+00:00,1,selected,,bls_employment_2024-11-01
EURJPY,2024-10-18 13:30:00+00:00,2,selected,,bls_employment_2024-11-01
EURJPY,2024-10-11 13:30:00+00:00,3,selected,,bls_employment_2024-11-01
EURJPY,2024-10-04 13:30:00+00:00,4,rejected,BLS CPI/employment date,bls_employment_2024-11-01
EURJPY,2024-09-27 13:30:00+00:00,5,selected,,bls_employment_2024-11-01
EURJPY,2024-09-20 13:30:00+00:00,6,valid_not_selected,,bls_employment_2024-11-01
EURJPY,2024-09-13 13:30:00+00:00,7,valid_not_selected,,bls_employment_2024-11-01
EURJPY,2024-09-06 13:30:00+00:00,8,rejected,BLS CPI/employment date,bls_employment_2024-11-01
EURJPY,2024-08-30 13:30:00+00:00,9,valid_not_selected,,bls_employment_2024-11-01
EURJPY,2024-08-23 13:30:00+00:00,10,valid_not_selected,,bls_employment_2024-11-01
EURJPY,2024-08-16 13:30:00+00:00,11,valid_not_selected,,bls_employment_2024-11-01
EURJPY,2024-08-09 13:30:00+00:00,12,valid_not_selected,,bls_employment_2024-11-01
XAUUSD,2024-10-25 13:30:00+00:00,1,selected,,bls_employment_2024-11-01
XAUUSD,2024-10-18 13:30:00+00:00,2,selected,,bls_employment_2024-11-01
XAUUSD,2024-10-11 13:30:00+00:00,3,selected,,bls_employment_2024-11-01
XAUUSD,2024-10-04 13:30:00+00:00,4,rejected,BLS CPI/employment date,bls_employment_2024-11-01
XAUUSD,2024-09-27 13:30:00+00:00,5,selected,,bls_employment_2024-11-01
XAUUSD,2024-09-20 13:30:00+00:00,6,valid_not_selected,,bls_employment_2024-11-01
XAUUSD,2024-09-13 13:30:00+00:00,7,valid_not_selected,,bls_employment_2024-11-01
XAUUSD,2024-09-06 13:30:00+00:00,8,rejected,BLS CPI/employment date,bls_employment_2024-11-01
XAUUSD,2024-08-30 13:30:00+00:00,9,valid_not_selected,,bls_employment_2024-11-01
XAUUSD,2024-08-23 13:30:00+00:00,10,valid_not_selected,,bls_employment_2024-11-01
XAUUSD,2024-08-16 13:30:00+00:00,11,valid_not_selected,,bls_employment_2024-11-01
XAUUSD,2024-08-09 13:30:00+00:00,12,valid_not_selected,,bls_employment_2024-11-01
XAGUSD,2024-10-25 13:30:00+00:00,1,selected,,bls_employment_2024-11-01
XAGUSD,2024-10-18 13:30:00+00:00,2,selected,,bls_employment_2024-11-01
XAGUSD,2024-10-11 13:30:00+00:00,3,selected,,bls_employment_2024-11-01
XAGUSD,2024-10-04 13:30:00+00:00,4,rejected,BLS CPI/employment date,bls_employment_2024-11-01
XAGUSD,2024-09-27 13:30:00+00:00,5,selected,,bls_employment_2024-11-01
XAGUSD,2024-09-20 13:30:00+00:00,6,valid_not_selected,,bls_employment_2024-11-01
XAGUSD,2024-09-13 13:30:00+00:00,7,valid_not_selected,,bls_employment_2024-11-01
XAGUSD,2024-09-06 13:30:00+00:00,8,rejected,BLS CPI/employment date,bls_employment_2024-11-01
XAGUSD,2024-08-30 13:30:00+00:00,9,valid_not_selected,,bls_employment_2024-11-01
XAGUSD,2024-08-23 13:30:00+00:00,10,valid_not_selected,,bls_employment_2024-11-01
XAGUSD,2024-08-16 13:30:00+00:00,11,valid_not_selected,,bls_employment_2024-11-01
XAGUSD,2024-08-09 13:30:00+00:00,12,valid_not_selected,,bls_employment_2024-11-01
SPXUSD,2024-10-25 13:30:00+00:00,1,selected,,bls_employment_2024-11-01
SPXUSD,2024-10-18 13:30:00+00:00,2,selected,,bls_employment_2024-11-01
SPXUSD,2024-10-11 13:30:00+00:00,3,selected,,bls_employment_2024-11-01
SPXUSD,2024-10-04 13:30:00+00:00,4,rejected,BLS CPI/employment date,bls_employment_2024-11-01
SPXUSD,2024-09-27 13:30:00+00:00,5,selected,,bls_employment_2024-11-01
SPXUSD,2024-09-20 13:30:00+00:00,6,valid_not_selected,,bls_employment_2024-11-01
SPXUSD,2024-09-13 13:30:00+00:00,7,valid_not_selected,,bls_employment_2024-11-01
SPXUSD,2024-09-06 13:30:00+00:00,8,rejected,BLS CPI/employment date,bls_employment_2024-11-01
SPXUSD,2024-08-30 13:30:00+00:00,9,valid_not_selected,,bls_employment_2024-11-01
SPXUSD,2024-08-23 13:30:00+00:00,10,valid_not_selected,,bls_employment_2024-11-01
SPXUSD,2024-08-16 13:30:00+00:00,11,valid_not_selected,,bls_employment_2024-11-01
SPXUSD,2024-08-09 13:30:00+00:00,12,valid_not_selected,,bls_employment_2024-11-01
NSXUSD,2024-10-25 13:30:00+00:00,1,selected,,bls_employment_2024-11-01
NSXUSD,2024-10-18 13:30:00+00:00,2,selected,,bls_employment_2024-11-01
NSXUSD,2024-10-11 13:30:00+00:00,3,selected,,bls_employment_2024-11-01
NSXUSD,2024-10-04 13:30:00+00:00,4,rejected,BLS CPI/employment date,bls_employment_2024-11-01
NSXUSD,2024-09-27 13:30:00+00:00,5,selected,,bls_employment_2024-11-01
NSXUSD,2024-09-20 13:30:00+00:00,6,valid_not_selected,,bls_employment_2024-11-01
NSXUSD,2024-09-13 13:30:00+00:00,7,valid_not_selected,,bls_employment_2024-11-01
NSXUSD,2024-09-06 13:30:00+00:00,8,rejected,BLS CPI/employment date,bls_employment_2024-11-01
NSXUSD,2024-08-30 13:30:00+00:00,9,valid_not_selected,,bls_employment_2024-11-01
NSXUSD,2024-08-23 13:30:00+00:00,10,valid_not_selected,,bls_employment_2024-11-01
NSXUSD,2024-08-16 13:30:00+00:00,11,valid_not_selected,,bls_employment_2024-11-01
NSXUSD,2024-08-09 13:30:00+00:00,12,valid_not_selected,,bls_employment_2024-11-01
GRXEUR,2024-10-25 13:30:00+00:00,1,selected,,bls_employment_2024-11-01
GRXEUR,2024-10-18 13:30:00+00:00,2,selected,,bls_employment_2024-11-01
GRXEUR,2024-10-11 13:30:00+00:00,3,selected,,bls_employment_2024-11-01
GRXEUR,2024-10-04 13:30:00+00:00,4,rejected,BLS CPI/employment date,bls_employment_2024-11-01
GRXEUR,2024-09-27 13:30:00+00:00,5,selected,,bls_employment_2024-11-01
GRXEUR,2024-09-20 13:30:00+00:00,6,valid_not_selected,,bls_employment_2024-11-01
GRXEUR,2024-09-13 13:30:00+00:00,7,valid_not_selected,,bls_employment_2024-11-01
GRXEUR,2024-09-06 13:30:00+00:00,8,rejected,BLS CPI/employment date,bls_employment_2024-11-01
GRXEUR,2024-08-30 13:30:00+00:00,9,valid_not_selected,,bls_employment_2024-11-01
GRXEUR,2024-08-23 13:30:00+00:00,10,valid_not_selected,,bls_employment_2024-11-01
GRXEUR,2024-08-16 13:30:00+00:00,11,valid_not_selected,,bls_employment_2024-11-01
GRXEUR,2024-08-09 13:30:00+00:00,12,valid_not_selected,,bls_employment_2024-11-01
UKXGBP,2024-10-25 13:30:00+00:00,1,selected,,bls_employment_2024-11-01
UKXGBP,2024-10-18 13:30:00+00:00,2,selected,,bls_employment_2024-11-01
UKXGBP,2024-10-11 13:30:00+00:00,3,selected,,bls_employment_2024-11-01
UKXGBP,2024-10-04 13:30:00+00:00,4,rejected,BLS CPI/employment date,bls_employment_2024-11-01
UKXGBP,2024-09-27 13:30:00+00:00,5,selected,,bls_employment_2024-11-01
UKXGBP,2024-09-20 13:30:00+00:00,6,valid_not_selected,,bls_employment_2024-11-01
UKXGBP,2024-09-13 13:30:00+00:00,7,valid_not_selected,,bls_employment_2024-11-01
UKXGBP,2024-09-06 13:30:00+00:00,8,rejected,BLS CPI/employment date,bls_employment_2024-11-01
UKXGBP,2024-08-30 13:30:00+00:00,9,valid_not_selected,,bls_employment_2024-11-01
UKXGBP,2024-08-23 13:30:00+00:00,10,valid_not_selected,,bls_employment_2024-11-01
UKXGBP,2024-08-16 13:30:00+00:00,11,valid_not_selected,,bls_employment_2024-11-01
UKXGBP,2024-08-09 13:30:00+00:00,12,valid_not_selected,,bls_employment_2024-11-01
BCOUSD,2024-10-25 13:30:00+00:00,1,selected,,bls_employment_2024-11-01
BCOUSD,2024-10-18 13:30:00+00:00,2,selected,,bls_employment_2024-11-01
BCOUSD,2024-10-11 13:30:00+00:00,3,selected,,bls_employment_2024-11-01
BCOUSD,2024-10-04 13:30:00+00:00,4,rejected,BLS CPI/employment date,bls_employment_2024-11-01
BCOUSD,2024-09-27 13:30:00+00:00,5,selected,,bls_employment_2024-11-01
BCOUSD,2024-09-20 13:30:00+00:00,6,valid_not_selected,,bls_employment_2024-11-01
BCOUSD,2024-09-13 13:30:00+00:00,7,valid_not_selected,,bls_employment_2024-11-01
BCOUSD,2024-09-06 13:30:00+00:00,8,rejected,BLS CPI/employment date,bls_employment_2024-11-01
BCOUSD,2024-08-30 13:30:00+00:00,9,valid_not_selected,,bls_employment_2024-11-01
BCOUSD,2024-08-23 13:30:00+00:00,10,valid_not_selected,,bls_employment_2024-11-01
BCOUSD,2024-08-16 13:30:00+00:00,11,valid_not_selected,,bls_employment_2024-11-01
BCOUSD,2024-08-09 13:30:00+00:00,12,valid_not_selected,,bls_employment_2024-11-01
EURUSD,2024-11-06 13:30:00+00:00,1,selected,,bls_cpi_2024-11-13
EURUSD,2024-10-30 13:30:00+00:00,2,selected,,bls_cpi_2024-11-13
EURUSD,2024-10-23 13:30:00+00:00,3,selected,,bls_cpi_2024-11-13
EURUSD,2024-10-16 13:30:00+00:00,4,selected,,bls_cpi_2024-11-13
EURUSD,2024-10-09 13:30:00+00:00,5,valid_not_selected,,bls_cpi_2024-11-13
EURUSD,2024-10-02 13:30:00+00:00,6,valid_not_selected,,bls_cpi_2024-11-13
EURUSD,2024-09-25 13:30:00+00:00,7,valid_not_selected,,bls_cpi_2024-11-13
EURUSD,2024-09-18 13:30:00+00:00,8,valid_not_selected,,bls_cpi_2024-11-13
EURUSD,2024-09-11 13:30:00+00:00,9,rejected,BLS CPI/employment date,bls_cpi_2024-11-13
EURUSD,2024-09-04 13:30:00+00:00,10,valid_not_selected,,bls_cpi_2024-11-13
EURUSD,2024-08-28 13:30:00+00:00,11,valid_not_selected,,bls_cpi_2024-11-13
EURUSD,2024-08-21 13:30:00+00:00,12,valid_not_selected,,bls_cpi_2024-11-13
GBPUSD,2024-11-06 13:30:00+00:00,1,selected,,bls_cpi_2024-11-13
GBPUSD,2024-10-30 13:30:00+00:00,2,selected,,bls_cpi_2024-11-13
GBPUSD,2024-10-23 13:30:00+00:00,3,selected,,bls_cpi_2024-11-13
GBPUSD,2024-10-16 13:30:00+00:00,4,selected,,bls_cpi_2024-11-13
GBPUSD,2024-10-09 13:30:00+00:00,5,valid_not_selected,,bls_cpi_2024-11-13
GBPUSD,2024-10-02 13:30:00+00:00,6,valid_not_selected,,bls_cpi_2024-11-13
GBPUSD,2024-09-25 13:30:00+00:00,7,valid_not_selected,,bls_cpi_2024-11-13
GBPUSD,2024-09-18 13:30:00+00:00,8,valid_not_selected,,bls_cpi_2024-11-13
GBPUSD,2024-09-11 13:30:00+00:00,9,rejected,BLS CPI/employment date,bls_cpi_2024-11-13
GBPUSD,2024-09-04 13:30:00+00:00,10,valid_not_selected,,bls_cpi_2024-11-13
GBPUSD,2024-08-28 13:30:00+00:00,11,valid_not_selected,,bls_cpi_2024-11-13
GBPUSD,2024-08-21 13:30:00+00:00,12,valid_not_selected,,bls_cpi_2024-11-13
AUDUSD,2024-11-06 13:30:00+00:00,1,selected,,bls_cpi_2024-11-13
AUDUSD,2024-10-30 13:30:00+00:00,2,selected,,bls_cpi_2024-11-13
AUDUSD,2024-10-23 13:30:00+00:00,3,selected,,bls_cpi_2024-11-13
AUDUSD,2024-10-16 13:30:00+00:00,4,selected,,bls_cpi_2024-11-13
AUDUSD,2024-10-09 13:30:00+00:00,5,valid_not_selected,,bls_cpi_2024-11-13
AUDUSD,2024-10-02 13:30:00+00:00,6,valid_not_selected,,bls_cpi_2024-11-13
AUDUSD,2024-09-25 13:30:00+00:00,7,valid_not_selected,,bls_cpi_2024-11-13
AUDUSD,2024-09-18 13:30:00+00:00,8,valid_not_selected,,bls_cpi_2024-11-13
AUDUSD,2024-09-11 13:30:00+00:00,9,rejected,BLS CPI/employment date,bls_cpi_2024-11-13
AUDUSD,2024-09-04 13:30:00+00:00,10,valid_not_selected,,bls_cpi_2024-11-13
AUDUSD,2024-08-28 13:30:00+00:00,11,valid_not_selected,,bls_cpi_2024-11-13
AUDUSD,2024-08-21 13:30:00+00:00,12,valid_not_selected,,bls_cpi_2024-11-13
NZDUSD,2024-11-06 13:30:00+00:00,1,selected,,bls_cpi_2024-11-13
NZDUSD,2024-10-30 13:30:00+00:00,2,selected,,bls_cpi_2024-11-13
NZDUSD,2024-10-23 13:30:00+00:00,3,selected,,bls_cpi_2024-11-13
NZDUSD,2024-10-16 13:30:00+00:00,4,selected,,bls_cpi_2024-11-13
NZDUSD,2024-10-09 13:30:00+00:00,5,valid_not_selected,,bls_cpi_2024-11-13
NZDUSD,2024-10-02 13:30:00+00:00,6,valid_not_selected,,bls_cpi_2024-11-13
NZDUSD,2024-09-25 13:30:00+00:00,7,valid_not_selected,,bls_cpi_2024-11-13
NZDUSD,2024-09-18 13:30:00+00:00,8,valid_not_selected,,bls_cpi_2024-11-13
NZDUSD,2024-09-11 13:30:00+00:00,9,rejected,BLS CPI/employment date,bls_cpi_2024-11-13
NZDUSD,2024-09-04 13:30:00+00:00,10,valid_not_selected,,bls_cpi_2024-11-13
NZDUSD,2024-08-28 13:30:00+00:00,11,valid_not_selected,,bls_cpi_2024-11-13
NZDUSD,2024-08-21 13:30:00+00:00,12,valid_not_selected,,bls_cpi_2024-11-13
USDJPY,2024-11-06 13:30:00+00:00,1,selected,,bls_cpi_2024-11-13
USDJPY,2024-10-30 13:30:00+00:00,2,selected,,bls_cpi_2024-11-13
USDJPY,2024-10-23 13:30:00+00:00,3,selected,,bls_cpi_2024-11-13
USDJPY,2024-10-16 13:30:00+00:00,4,selected,,bls_cpi_2024-11-13
USDJPY,2024-10-09 13:30:00+00:00,5,valid_not_selected,,bls_cpi_2024-11-13
USDJPY,2024-10-02 13:30:00+00:00,6,valid_not_selected,,bls_cpi_2024-11-13
USDJPY,2024-09-25 13:30:00+00:00,7,valid_not_selected,,bls_cpi_2024-11-13
USDJPY,2024-09-18 13:30:00+00:00,8,valid_not_selected,,bls_cpi_2024-11-13
USDJPY,2024-09-11 13:30:00+00:00,9,rejected,BLS CPI/employment date,bls_cpi_2024-11-13
USDJPY,2024-09-04 13:30:00+00:00,10,valid_not_selected,,bls_cpi_2024-11-13
USDJPY,2024-08-28 13:30:00+00:00,11,valid_not_selected,,bls_cpi_2024-11-13
USDJPY,2024-08-21 13:30:00+00:00,12,valid_not_selected,,bls_cpi_2024-11-13
USDCHF,2024-11-06 13:30:00+00:00,1,selected,,bls_cpi_2024-11-13
USDCHF,2024-10-30 13:30:00+00:00,2,selected,,bls_cpi_2024-11-13
USDCHF,2024-10-23 13:30:00+00:00,3,selected,,bls_cpi_2024-11-13
USDCHF,2024-10-16 13:30:00+00:00,4,selected,,bls_cpi_2024-11-13
USDCHF,2024-10-09 13:30:00+00:00,5,valid_not_selected,,bls_cpi_2024-11-13
USDCHF,2024-10-02 13:30:00+00:00,6,valid_not_selected,,bls_cpi_2024-11-13
USDCHF,2024-09-25 13:30:00+00:00,7,valid_not_selected,,bls_cpi_2024-11-13
USDCHF,2024-09-18 13:30:00+00:00,8,valid_not_selected,,bls_cpi_2024-11-13
USDCHF,2024-09-11 13:30:00+00:00,9,rejected,BLS CPI/employment date,bls_cpi_2024-11-13
USDCHF,2024-09-04 13:30:00+00:00,10,valid_not_selected,,bls_cpi_2024-11-13
USDCHF,2024-08-28 13:30:00+00:00,11,valid_not_selected,,bls_cpi_2024-11-13
USDCHF,2024-08-21 13:30:00+00:00,12,valid_not_selected,,bls_cpi_2024-11-13
USDCAD,2024-11-06 13:30:00+00:00,1,selected,,bls_cpi_2024-11-13
USDCAD,2024-10-30 13:30:00+00:00,2,selected,,bls_cpi_2024-11-13
USDCAD,2024-10-23 13:30:00+00:00,3,selected,,bls_cpi_2024-11-13
USDCAD,2024-10-16 13:30:00+00:00,4,selected,,bls_cpi_2024-11-13
USDCAD,2024-10-09 13:30:00+00:00,5,valid_not_selected,,bls_cpi_2024-11-13
USDCAD,2024-10-02 13:30:00+00:00,6,valid_not_selected,,bls_cpi_2024-11-13
USDCAD,2024-09-25 13:30:00+00:00,7,valid_not_selected,,bls_cpi_2024-11-13
USDCAD,2024-09-18 13:30:00+00:00,8,valid_not_selected,,bls_cpi_2024-11-13
USDCAD,2024-09-11 13:30:00+00:00,9,rejected,BLS CPI/employment date,bls_cpi_2024-11-13
USDCAD,2024-09-04 13:30:00+00:00,10,valid_not_selected,,bls_cpi_2024-11-13
USDCAD,2024-08-28 13:30:00+00:00,11,valid_not_selected,,bls_cpi_2024-11-13
USDCAD,2024-08-21 13:30:00+00:00,12,valid_not_selected,,bls_cpi_2024-11-13
EURJPY,2024-11-06 13:30:00+00:00,1,selected,,bls_cpi_2024-11-13
EURJPY,2024-10-30 13:30:00+00:00,2,selected,,bls_cpi_2024-11-13
EURJPY,2024-10-23 13:30:00+00:00,3,selected,,bls_cpi_2024-11-13
EURJPY,2024-10-16 13:30:00+00:00,4,selected,,bls_cpi_2024-11-13
EURJPY,2024-10-09 13:30:00+00:00,5,valid_not_selected,,bls_cpi_2024-11-13
EURJPY,2024-10-02 13:30:00+00:00,6,valid_not_selected,,bls_cpi_2024-11-13
EURJPY,2024-09-25 13:30:00+00:00,7,valid_not_selected,,bls_cpi_2024-11-13
EURJPY,2024-09-18 13:30:00+00:00,8,valid_not_selected,,bls_cpi_2024-11-13
EURJPY,2024-09-11 13:30:00+00:00,9,rejected,BLS CPI/employment date,bls_cpi_2024-11-13
EURJPY,2024-09-04 13:30:00+00:00,10,valid_not_selected,,bls_cpi_2024-11-13
EURJPY,2024-08-28 13:30:00+00:00,11,valid_not_selected,,bls_cpi_2024-11-13
EURJPY,2024-08-21 13:30:00+00:00,12,valid_not_selected,,bls_cpi_2024-11-13
XAUUSD,2024-11-06 13:30:00+00:00,1,selected,,bls_cpi_2024-11-13
XAUUSD,2024-10-30 13:30:00+00:00,2,selected,,bls_cpi_2024-11-13
XAUUSD,2024-10-23 13:30:00+00:00,3,selected,,bls_cpi_2024-11-13
XAUUSD,2024-10-16 13:30:00+00:00,4,selected,,bls_cpi_2024-11-13
XAUUSD,2024-10-09 13:30:00+00:00,5,valid_not_selected,,bls_cpi_2024-11-13
XAUUSD,2024-10-02 13:30:00+00:00,6,valid_not_selected,,bls_cpi_2024-11-13
XAUUSD,2024-09-25 13:30:00+00:00,7,valid_not_selected,,bls_cpi_2024-11-13
XAUUSD,2024-09-18 13:30:00+00:00,8,valid_not_selected,,bls_cpi_2024-11-13
XAUUSD,2024-09-11 13:30:00+00:00,9,rejected,BLS CPI/employment date,bls_cpi_2024-11-13
XAUUSD,2024-09-04 13:30:00+00:00,10,valid_not_selected,,bls_cpi_2024-11-13
XAUUSD,2024-08-28 13:30:00+00:00,11,valid_not_selected,,bls_cpi_2024-11-13
XAUUSD,2024-08-21 13:30:00+00:00,12,valid_not_selected,,bls_cpi_2024-11-13
XAGUSD,2024-11-06 13:30:00+00:00,1,selected,,bls_cpi_2024-11-13
XAGUSD,2024-10-30 13:30:00+00:00,2,selected,,bls_cpi_2024-11-13
XAGUSD,2024-10-23 13:30:00+00:00,3,selected,,bls_cpi_2024-11-13
XAGUSD,2024-10-16 13:30:00+00:00,4,selected,,bls_cpi_2024-11-13
XAGUSD,2024-10-09 13:30:00+00:00,5,valid_not_selected,,bls_cpi_2024-11-13
XAGUSD,2024-10-02 13:30:00+00:00,6,valid_not_selected,,bls_cpi_2024-11-13
XAGUSD,2024-09-25 13:30:00+00:00,7,valid_not_selected,,bls_cpi_2024-11-13
XAGUSD,2024-09-18 13:30:00+00:00,8,valid_not_selected,,bls_cpi_2024-11-13
XAGUSD,2024-09-11 13:30:00+00:00,9,rejected,BLS CPI/employment date,bls_cpi_2024-11-13
XAGUSD,2024-09-04 13:30:00+00:00,10,valid_not_selected,,bls_cpi_2024-11-13
XAGUSD,2024-08-28 13:30:00+00:00,11,valid_not_selected,,bls_cpi_2024-11-13
XAGUSD,2024-08-21 13:30:00+00:00,12,valid_not_selected,,bls_cpi_2024-11-13
SPXUSD,2024-11-06 13:30:00+00:00,1,selected,,bls_cpi_2024-11-13
SPXUSD,2024-10-30 13:30:00+00:00,2,selected,,bls_cpi_2024-11-13
SPXUSD,2024-10-23 13:30:00+00:00,3,selected,,bls_cpi_2024-11-13
SPXUSD,2024-10-16 13:30:00+00:00,4,selected,,bls_cpi_2024-11-13
SPXUSD,2024-10-09 13:30:00+00:00,5,valid_not_selected,,bls_cpi_2024-11-13
SPXUSD,2024-10-02 13:30:00+00:00,6,valid_not_selected,,bls_cpi_2024-11-13
SPXUSD,2024-09-25 13:30:00+00:00,7,valid_not_selected,,bls_cpi_2024-11-13
SPXUSD,2024-09-18 13:30:00+00:00,8,valid_not_selected,,bls_cpi_2024-11-13
SPXUSD,2024-09-11 13:30:00+00:00,9,rejected,BLS CPI/employment date,bls_cpi_2024-11-13
SPXUSD,2024-09-04 13:30:00+00:00,10,valid_not_selected,,bls_cpi_2024-11-13
SPXUSD,2024-08-28 13:30:00+00:00,11,valid_not_selected,,bls_cpi_2024-11-13
SPXUSD,2024-08-21 13:30:00+00:00,12,valid_not_selected,,bls_cpi_2024-11-13
NSXUSD,2024-11-06 13:30:00+00:00,1,selected,,bls_cpi_2024-11-13
NSXUSD,2024-10-30 13:30:00+00:00,2,selected,,bls_cpi_2024-11-13
NSXUSD,2024-10-23 13:30:00+00:00,3,selected,,bls_cpi_2024-11-13
NSXUSD,2024-10-16 13:30:00+00:00,4,selected,,bls_cpi_2024-11-13
NSXUSD,2024-10-09 13:30:00+00:00,5,valid_not_selected,,bls_cpi_2024-11-13
NSXUSD,2024-10-02 13:30:00+00:00,6,valid_not_selected,,bls_cpi_2024-11-13
NSXUSD,2024-09-25 13:30:00+00:00,7,valid_not_selected,,bls_cpi_2024-11-13
NSXUSD,2024-09-18 13:30:00+00:00,8,valid_not_selected,,bls_cpi_2024-11-13
NSXUSD,2024-09-11 13:30:00+00:00,9,rejected,BLS CPI/employment date,bls_cpi_2024-11-13
NSXUSD,2024-09-04 13:30:00+00:00,10,valid_not_selected,,bls_cpi_2024-11-13
NSXUSD,2024-08-28 13:30:00+00:00,11,valid_not_selected,,bls_cpi_2024-11-13
NSXUSD,2024-08-21 13:30:00+00:00,12,valid_not_selected,,bls_cpi_2024-11-13
GRXEUR,2024-11-06 13:30:00+00:00,1,selected,,bls_cpi_2024-11-13
GRXEUR,2024-10-30 13:30:00+00:00,2,selected,,bls_cpi_2024-11-13
GRXEUR,2024-10-23 13:30:00+00:00,3,selected,,bls_cpi_2024-11-13
GRXEUR,2024-10-16 13:30:00+00:00,4,selected,,bls_cpi_2024-11-13
GRXEUR,2024-10-09 13:30:00+00:00,5,valid_not_selected,,bls_cpi_2024-11-13
GRXEUR,2024-10-02 13:30:00+00:00,6,valid_not_selected,,bls_cpi_2024-11-13
GRXEUR,2024-09-25 13:30:00+00:00,7,valid_not_selected,,bls_cpi_2024-11-13
GRXEUR,2024-09-18 13:30:00+00:00,8,valid_not_selected,,bls_cpi_2024-11-13
GRXEUR,2024-09-11 13:30:00+00:00,9,rejected,BLS CPI/employment date,bls_cpi_2024-11-13
GRXEUR,2024-09-04 13:30:00+00:00,10,valid_not_selected,,bls_cpi_2024-11-13
GRXEUR,2024-08-28 13:30:00+00:00,11,valid_not_selected,,bls_cpi_2024-11-13
GRXEUR,2024-08-21 13:30:00+00:00,12,valid_not_selected,,bls_cpi_2024-11-13
UKXGBP,2024-11-06 13:30:00+00:00,1,selected,,bls_cpi_2024-11-13
UKXGBP,2024-10-30 13:30:00+00:00,2,selected,,bls_cpi_2024-11-13
UKXGBP,2024-10-23 13:30:00+00:00,3,selected,,bls_cpi_2024-11-13
UKXGBP,2024-10-16 13:30:00+00:00,4,selected,,bls_cpi_2024-11-13
UKXGBP,2024-10-09 13:30:00+00:00,5,valid_not_selected,,bls_cpi_2024-11-13
UKXGBP,2024-10-02 13:30:00+00:00,6,valid_not_selected,,bls_cpi_2024-11-13
UKXGBP,2024-09-25 13:30:00+00:00,7,valid_not_selected,,bls_cpi_2024-11-13
UKXGBP,2024-09-18 13:30:00+00:00,8,valid_not_selected,,bls_cpi_2024-11-13
UKXGBP,2024-09-11 13:30:00+00:00,9,rejected,BLS CPI/employment date,bls_cpi_2024-11-13
UKXGBP,2024-09-04 13:30:00+00:00,10,valid_not_selected,,bls_cpi_2024-11-13
UKXGBP,2024-08-28 13:30:00+00:00,11,valid_not_selected,,bls_cpi_2024-11-13
UKXGBP,2024-08-21 13:30:00+00:00,12,valid_not_selected,,bls_cpi_2024-11-13
BCOUSD,2024-11-06 13:30:00+00:00,1,selected,,bls_cpi_2024-11-13
BCOUSD,2024-10-30 13:30:00+00:00,2,selected,,bls_cpi_2024-11-13
BCOUSD,2024-10-23 13:30:00+00:00,3,selected,,bls_cpi_2024-11-13
BCOUSD,2024-10-16 13:30:00+00:00,4,selected,,bls_cpi_2024-11-13
BCOUSD,2024-10-09 13:30:00+00:00,5,valid_not_selected,,bls_cpi_2024-11-13
BCOUSD,2024-10-02 13:30:00+00:00,6,valid_not_selected,,bls_cpi_2024-11-13
BCOUSD,2024-09-25 13:30:00+00:00,7,valid_not_selected,,bls_cpi_2024-11-13
BCOUSD,2024-09-18 13:30:00+00:00,8,valid_not_selected,,bls_cpi_2024-11-13
BCOUSD,2024-09-11 13:30:00+00:00,9,rejected,BLS CPI/employment date,bls_cpi_2024-11-13
BCOUSD,2024-09-04 13:30:00+00:00,10,valid_not_selected,,bls_cpi_2024-11-13
BCOUSD,2024-08-28 13:30:00+00:00,11,valid_not_selected,,bls_cpi_2024-11-13
BCOUSD,2024-08-21 13:30:00+00:00,12,valid_not_selected,,bls_cpi_2024-11-13
EURUSD,2024-11-29 13:30:00+00:00,1,selected,,bls_employment_2024-12-06
EURUSD,2024-11-22 13:30:00+00:00,2,selected,,bls_employment_2024-12-06
EURUSD,2024-11-15 13:30:00+00:00,3,selected,,bls_employment_2024-12-06
EURUSD,2024-11-08 13:30:00+00:00,4,selected,,bls_employment_2024-12-06
EURUSD,2024-11-01 13:30:00+00:00,5,rejected,BLS CPI/employment date,bls_employment_2024-12-06
EURUSD,2024-10-25 13:30:00+00:00,6,valid_not_selected,,bls_employment_2024-12-06
EURUSD,2024-10-18 13:30:00+00:00,7,valid_not_selected,,bls_employment_2024-12-06
EURUSD,2024-10-11 13:30:00+00:00,8,valid_not_selected,,bls_employment_2024-12-06
EURUSD,2024-10-04 13:30:00+00:00,9,rejected,BLS CPI/employment date,bls_employment_2024-12-06
EURUSD,2024-09-27 13:30:00+00:00,10,valid_not_selected,,bls_employment_2024-12-06
EURUSD,2024-09-20 13:30:00+00:00,11,valid_not_selected,,bls_employment_2024-12-06
EURUSD,2024-09-13 13:30:00+00:00,12,valid_not_selected,,bls_employment_2024-12-06
GBPUSD,2024-11-29 13:30:00+00:00,1,selected,,bls_employment_2024-12-06
GBPUSD,2024-11-22 13:30:00+00:00,2,selected,,bls_employment_2024-12-06
GBPUSD,2024-11-15 13:30:00+00:00,3,selected,,bls_employment_2024-12-06
GBPUSD,2024-11-08 13:30:00+00:00,4,selected,,bls_employment_2024-12-06
GBPUSD,2024-11-01 13:30:00+00:00,5,rejected,BLS CPI/employment date,bls_employment_2024-12-06
GBPUSD,2024-10-25 13:30:00+00:00,6,valid_not_selected,,bls_employment_2024-12-06
GBPUSD,2024-10-18 13:30:00+00:00,7,valid_not_selected,,bls_employment_2024-12-06
GBPUSD,2024-10-11 13:30:00+00:00,8,valid_not_selected,,bls_employment_2024-12-06
GBPUSD,2024-10-04 13:30:00+00:00,9,rejected,BLS CPI/employment date,bls_employment_2024-12-06
GBPUSD,2024-09-27 13:30:00+00:00,10,valid_not_selected,,bls_employment_2024-12-06
GBPUSD,2024-09-20 13:30:00+00:00,11,valid_not_selected,,bls_employment_2024-12-06
GBPUSD,2024-09-13 13:30:00+00:00,12,valid_not_selected,,bls_employment_2024-12-06
AUDUSD,2024-11-29 13:30:00+00:00,1,selected,,bls_employment_2024-12-06
AUDUSD,2024-11-22 13:30:00+00:00,2,selected,,bls_employment_2024-12-06
AUDUSD,2024-11-15 13:30:00+00:00,3,selected,,bls_employment_2024-12-06
AUDUSD,2024-11-08 13:30:00+00:00,4,selected,,bls_employment_2024-12-06
AUDUSD,2024-11-01 13:30:00+00:00,5,rejected,BLS CPI/employment date,bls_employment_2024-12-06
AUDUSD,2024-10-25 13:30:00+00:00,6,valid_not_selected,,bls_employment_2024-12-06
AUDUSD,2024-10-18 13:30:00+00:00,7,valid_not_selected,,bls_employment_2024-12-06
AUDUSD,2024-10-11 13:30:00+00:00,8,valid_not_selected,,bls_employment_2024-12-06
AUDUSD,2024-10-04 13:30:00+00:00,9,rejected,BLS CPI/employment date,bls_employment_2024-12-06
AUDUSD,2024-09-27 13:30:00+00:00,10,valid_not_selected,,bls_employment_2024-12-06
AUDUSD,2024-09-20 13:30:00+00:00,11,valid_not_selected,,bls_employment_2024-12-06
AUDUSD,2024-09-13 13:30:00+00:00,12,valid_not_selected,,bls_employment_2024-12-06
NZDUSD,2024-11-29 13:30:00+00:00,1,selected,,bls_employment_2024-12-06
NZDUSD,2024-11-22 13:30:00+00:00,2,selected,,bls_employment_2024-12-06
NZDUSD,2024-11-15 13:30:00+00:00,3,selected,,bls_employment_2024-12-06
NZDUSD,2024-11-08 13:30:00+00:00,4,selected,,bls_employment_2024-12-06
NZDUSD,2024-11-01 13:30:00+00:00,5,rejected,BLS CPI/employment date,bls_employment_2024-12-06
NZDUSD,2024-10-25 13:30:00+00:00,6,valid_not_selected,,bls_employment_2024-12-06
NZDUSD,2024-10-18 13:30:00+00:00,7,valid_not_selected,,bls_employment_2024-12-06
NZDUSD,2024-10-11 13:30:00+00:00,8,valid_not_selected,,bls_employment_2024-12-06
NZDUSD,2024-10-04 13:30:00+00:00,9,rejected,BLS CPI/employment date,bls_employment_2024-12-06
NZDUSD,2024-09-27 13:30:00+00:00,10,valid_not_selected,,bls_employment_2024-12-06
NZDUSD,2024-09-20 13:30:00+00:00,11,valid_not_selected,,bls_employment_2024-12-06
NZDUSD,2024-09-13 13:30:00+00:00,12,valid_not_selected,,bls_employment_2024-12-06
USDJPY,2024-11-29 13:30:00+00:00,1,selected,,bls_employment_2024-12-06
USDJPY,2024-11-22 13:30:00+00:00,2,selected,,bls_employment_2024-12-06
USDJPY,2024-11-15 13:30:00+00:00,3,selected,,bls_employment_2024-12-06
USDJPY,2024-11-08 13:30:00+00:00,4,selected,,bls_employment_2024-12-06
USDJPY,2024-11-01 13:30:00+00:00,5,rejected,BLS CPI/employment date,bls_employment_2024-12-06
USDJPY,2024-10-25 13:30:00+00:00,6,valid_not_selected,,bls_employment_2024-12-06
USDJPY,2024-10-18 13:30:00+00:00,7,valid_not_selected,,bls_employment_2024-12-06
USDJPY,2024-10-11 13:30:00+00:00,8,valid_not_selected,,bls_employment_2024-12-06
USDJPY,2024-10-04 13:30:00+00:00,9,rejected,BLS CPI/employment date,bls_employment_2024-12-06
USDJPY,2024-09-27 13:30:00+00:00,10,valid_not_selected,,bls_employment_2024-12-06
USDJPY,2024-09-20 13:30:00+00:00,11,valid_not_selected,,bls_employment_2024-12-06
USDJPY,2024-09-13 13:30:00+00:00,12,valid_not_selected,,bls_employment_2024-12-06
USDCHF,2024-11-29 13:30:00+00:00,1,selected,,bls_employment_2024-12-06
USDCHF,2024-11-22 13:30:00+00:00,2,selected,,bls_employment_2024-12-06
USDCHF,2024-11-15 13:30:00+00:00,3,selected,,bls_employment_2024-12-06
USDCHF,2024-11-08 13:30:00+00:00,4,selected,,bls_employment_2024-12-06
USDCHF,2024-11-01 13:30:00+00:00,5,rejected,BLS CPI/employment date,bls_employment_2024-12-06
USDCHF,2024-10-25 13:30:00+00:00,6,valid_not_selected,,bls_employment_2024-12-06
USDCHF,2024-10-18 13:30:00+00:00,7,valid_not_selected,,bls_employment_2024-12-06
USDCHF,2024-10-11 13:30:00+00:00,8,valid_not_selected,,bls_employment_2024-12-06
USDCHF,2024-10-04 13:30:00+00:00,9,rejected,BLS CPI/employment date,bls_employment_2024-12-06
USDCHF,2024-09-27 13:30:00+00:00,10,valid_not_selected,,bls_employment_2024-12-06
USDCHF,2024-09-20 13:30:00+00:00,11,valid_not_selected,,bls_employment_2024-12-06
USDCHF,2024-09-13 13:30:00+00:00,12,valid_not_selected,,bls_employment_2024-12-06
USDCAD,2024-11-29 13:30:00+00:00,1,selected,,bls_employment_2024-12-06
USDCAD,2024-11-22 13:30:00+00:00,2,selected,,bls_employment_2024-12-06
USDCAD,2024-11-15 13:30:00+00:00,3,selected,,bls_employment_2024-12-06
USDCAD,2024-11-08 13:30:00+00:00,4,selected,,bls_employment_2024-12-06
USDCAD,2024-11-01 13:30:00+00:00,5,rejected,BLS CPI/employment date,bls_employment_2024-12-06
USDCAD,2024-10-25 13:30:00+00:00,6,valid_not_selected,,bls_employment_2024-12-06
USDCAD,2024-10-18 13:30:00+00:00,7,valid_not_selected,,bls_employment_2024-12-06
USDCAD,2024-10-11 13:30:00+00:00,8,valid_not_selected,,bls_employment_2024-12-06
USDCAD,2024-10-04 13:30:00+00:00,9,rejected,BLS CPI/employment date,bls_employment_2024-12-06
USDCAD,2024-09-27 13:30:00+00:00,10,valid_not_selected,,bls_employment_2024-12-06
USDCAD,2024-09-20 13:30:00+00:00,11,valid_not_selected,,bls_employment_2024-12-06
USDCAD,2024-09-13 13:30:00+00:00,12,valid_not_selected,,bls_employment_2024-12-06
EURJPY,2024-11-29 13:30:00+00:00,1,selected,,bls_employment_2024-12-06
EURJPY,2024-11-22 13:30:00+00:00,2,selected,,bls_employment_2024-12-06
EURJPY,2024-11-15 13:30:00+00:00,3,selected,,bls_employment_2024-12-06
EURJPY,2024-11-08 13:30:00+00:00,4,selected,,bls_employment_2024-12-06
EURJPY,2024-11-01 13:30:00+00:00,5,rejected,BLS CPI/employment date,bls_employment_2024-12-06
EURJPY,2024-10-25 13:30:00+00:00,6,valid_not_selected,,bls_employment_2024-12-06
EURJPY,2024-10-18 13:30:00+00:00,7,valid_not_selected,,bls_employment_2024-12-06
EURJPY,2024-10-11 13:30:00+00:00,8,valid_not_selected,,bls_employment_2024-12-06
EURJPY,2024-10-04 13:30:00+00:00,9,rejected,BLS CPI/employment date,bls_employment_2024-12-06
EURJPY,2024-09-27 13:30:00+00:00,10,valid_not_selected,,bls_employment_2024-12-06
EURJPY,2024-09-20 13:30:00+00:00,11,valid_not_selected,,bls_employment_2024-12-06
EURJPY,2024-09-13 13:30:00+00:00,12,valid_not_selected,,bls_employment_2024-12-06
XAUUSD,2024-11-29 13:30:00+00:00,1,selected,,bls_employment_2024-12-06
XAUUSD,2024-11-22 13:30:00+00:00,2,selected,,bls_employment_2024-12-06
XAUUSD,2024-11-15 13:30:00+00:00,3,selected,,bls_employment_2024-12-06
XAUUSD,2024-11-08 13:30:00+00:00,4,selected,,bls_employment_2024-12-06
XAUUSD,2024-11-01 13:30:00+00:00,5,rejected,BLS CPI/employment date,bls_employment_2024-12-06
XAUUSD,2024-10-25 13:30:00+00:00,6,valid_not_selected,,bls_employment_2024-12-06
XAUUSD,2024-10-18 13:30:00+00:00,7,valid_not_selected,,bls_employment_2024-12-06
XAUUSD,2024-10-11 13:30:00+00:00,8,valid_not_selected,,bls_employment_2024-12-06
XAUUSD,2024-10-04 13:30:00+00:00,9,rejected,BLS CPI/employment date,bls_employment_2024-12-06
XAUUSD,2024-09-27 13:30:00+00:00,10,valid_not_selected,,bls_employment_2024-12-06
XAUUSD,2024-09-20 13:30:00+00:00,11,valid_not_selected,,bls_employment_2024-12-06
XAUUSD,2024-09-13 13:30:00+00:00,12,valid_not_selected,,bls_employment_2024-12-06
XAGUSD,2024-11-29 13:30:00+00:00,1,selected,,bls_employment_2024-12-06
XAGUSD,2024-11-22 13:30:00+00:00,2,selected,,bls_employment_2024-12-06
XAGUSD,2024-11-15 13:30:00+00:00,3,selected,,bls_employment_2024-12-06
XAGUSD,2024-11-08 13:30:00+00:00,4,selected,,bls_employment_2024-12-06
XAGUSD,2024-11-01 13:30:00+00:00,5,rejected,BLS CPI/employment date,bls_employment_2024-12-06
XAGUSD,2024-10-25 13:30:00+00:00,6,valid_not_selected,,bls_employment_2024-12-06
XAGUSD,2024-10-18 13:30:00+00:00,7,valid_not_selected,,bls_employment_2024-12-06
XAGUSD,2024-10-11 13:30:00+00:00,8,valid_not_selected,,bls_employment_2024-12-06
XAGUSD,2024-10-04 13:30:00+00:00,9,rejected,BLS CPI/employment date,bls_employment_2024-12-06
XAGUSD,2024-09-27 13:30:00+00:00,10,valid_not_selected,,bls_employment_2024-12-06
XAGUSD,2024-09-20 13:30:00+00:00,11,valid_not_selected,,bls_employment_2024-12-06
XAGUSD,2024-09-13 13:30:00+00:00,12,valid_not_selected,,bls_employment_2024-12-06
SPXUSD,2024-11-29 13:30:00+00:00,1,selected,,bls_employment_2024-12-06
SPXUSD,2024-11-22 13:30:00+00:00,2,selected,,bls_employment_2024-12-06
SPXUSD,2024-11-15 13:30:00+00:00,3,selected,,bls_employment_2024-12-06
SPXUSD,2024-11-08 13:30:00+00:00,4,selected,,bls_employment_2024-12-06
SPXUSD,2024-11-01 13:30:00+00:00,5,rejected,BLS CPI/employment date,bls_employment_2024-12-06
SPXUSD,2024-10-25 13:30:00+00:00,6,valid_not_selected,,bls_employment_2024-12-06
SPXUSD,2024-10-18 13:30:00+00:00,7,valid_not_selected,,bls_employment_2024-12-06
SPXUSD,2024-10-11 13:30:00+00:00,8,valid_not_selected,,bls_employment_2024-12-06
SPXUSD,2024-10-04 13:30:00+00:00,9,rejected,BLS CPI/employment date,bls_employment_2024-12-06
SPXUSD,2024-09-27 13:30:00+00:00,10,valid_not_selected,,bls_employment_2024-12-06
SPXUSD,2024-09-20 13:30:00+00:00,11,valid_not_selected,,bls_employment_2024-12-06
SPXUSD,2024-09-13 13:30:00+00:00,12,valid_not_selected,,bls_employment_2024-12-06
NSXUSD,2024-11-29 13:30:00+00:00,1,selected,,bls_employment_2024-12-06
NSXUSD,2024-11-22 13:30:00+00:00,2,selected,,bls_employment_2024-12-06
NSXUSD,2024-11-15 13:30:00+00:00,3,selected,,bls_employment_2024-12-06
NSXUSD,2024-11-08 13:30:00+00:00,4,selected,,bls_employment_2024-12-06
NSXUSD,2024-11-01 13:30:00+00:00,5,rejected,BLS CPI/employment date,bls_employment_2024-12-06
NSXUSD,2024-10-25 13:30:00+00:00,6,valid_not_selected,,bls_employment_2024-12-06
NSXUSD,2024-10-18 13:30:00+00:00,7,valid_not_selected,,bls_employment_2024-12-06
NSXUSD,2024-10-11 13:30:00+00:00,8,valid_not_selected,,bls_employment_2024-12-06
NSXUSD,2024-10-04 13:30:00+00:00,9,rejected,BLS CPI/employment date,bls_employment_2024-12-06
NSXUSD,2024-09-27 13:30:00+00:00,10,valid_not_selected,,bls_employment_2024-12-06
NSXUSD,2024-09-20 13:30:00+00:00,11,valid_not_selected,,bls_employment_2024-12-06
NSXUSD,2024-09-13 13:30:00+00:00,12,valid_not_selected,,bls_employment_2024-12-06
GRXEUR,2024-11-29 13:30:00+00:00,1,selected,,bls_employment_2024-12-06
GRXEUR,2024-11-22 13:30:00+00:00,2,selected,,bls_employment_2024-12-06
GRXEUR,2024-11-15 13:30:00+00:00,3,selected,,bls_employment_2024-12-06
GRXEUR,2024-11-08 13:30:00+00:00,4,selected,,bls_employment_2024-12-06
GRXEUR,2024-11-01 13:30:00+00:00,5,rejected,BLS CPI/employment date,bls_employment_2024-12-06
GRXEUR,2024-10-25 13:30:00+00:00,6,valid_not_selected,,bls_employment_2024-12-06
GRXEUR,2024-10-18 13:30:00+00:00,7,valid_not_selected,,bls_employment_2024-12-06
GRXEUR,2024-10-11 13:30:00+00:00,8,valid_not_selected,,bls_employment_2024-12-06
GRXEUR,2024-10-04 13:30:00+00:00,9,rejected,BLS CPI/employment date,bls_employment_2024-12-06
GRXEUR,2024-09-27 13:30:00+00:00,10,valid_not_selected,,bls_employment_2024-12-06
GRXEUR,2024-09-20 13:30:00+00:00,11,valid_not_selected,,bls_employment_2024-12-06
GRXEUR,2024-09-13 13:30:00+00:00,12,valid_not_selected,,bls_employment_2024-12-06
UKXGBP,2024-11-29 13:30:00+00:00,1,selected,,bls_employment_2024-12-06
UKXGBP,2024-11-22 13:30:00+00:00,2,selected,,bls_employment_2024-12-06
UKXGBP,2024-11-15 13:30:00+00:00,3,selected,,bls_employment_2024-12-06
UKXGBP,2024-11-08 13:30:00+00:00,4,selected,,bls_employment_2024-12-06
UKXGBP,2024-11-01 13:30:00+00:00,5,rejected,BLS CPI/employment date,bls_employment_2024-12-06
UKXGBP,2024-10-25 13:30:00+00:00,6,valid_not_selected,,bls_employment_2024-12-06
UKXGBP,2024-10-18 13:30:00+00:00,7,valid_not_selected,,bls_employment_2024-12-06
UKXGBP,2024-10-11 13:30:00+00:00,8,valid_not_selected,,bls_employment_2024-12-06
UKXGBP,2024-10-04 13:30:00+00:00,9,rejected,BLS CPI/employment date,bls_employment_2024-12-06
UKXGBP,2024-09-27 13:30:00+00:00,10,valid_not_selected,,bls_employment_2024-12-06
UKXGBP,2024-09-20 13:30:00+00:00,11,valid_not_selected,,bls_employment_2024-12-06
UKXGBP,2024-09-13 13:30:00+00:00,12,valid_not_selected,,bls_employment_2024-12-06
BCOUSD,2024-11-29 13:30:00+00:00,1,selected,,bls_employment_2024-12-06
BCOUSD,2024-11-22 13:30:00+00:00,2,selected,,bls_employment_2024-12-06
BCOUSD,2024-11-15 13:30:00+00:00,3,selected,,bls_employment_2024-12-06
BCOUSD,2024-11-08 13:30:00+00:00,4,selected,,bls_employment_2024-12-06
BCOUSD,2024-11-01 13:30:00+00:00,5,rejected,BLS CPI/employment date,bls_employment_2024-12-06
BCOUSD,2024-10-25 13:30:00+00:00,6,valid_not_selected,,bls_employment_2024-12-06
BCOUSD,2024-10-18 13:30:00+00:00,7,valid_not_selected,,bls_employment_2024-12-06
BCOUSD,2024-10-11 13:30:00+00:00,8,valid_not_selected,,bls_employment_2024-12-06
BCOUSD,2024-10-04 13:30:00+00:00,9,rejected,BLS CPI/employment date,bls_employment_2024-12-06
BCOUSD,2024-09-27 13:30:00+00:00,10,valid_not_selected,,bls_employment_2024-12-06
BCOUSD,2024-09-20 13:30:00+00:00,11,valid_not_selected,,bls_employment_2024-12-06
BCOUSD,2024-09-13 13:30:00+00:00,12,valid_not_selected,,bls_employment_2024-12-06
EURUSD,2024-12-04 13:30:00+00:00,1,selected,,bls_cpi_2024-12-11
EURUSD,2024-11-27 13:30:00+00:00,2,selected,,bls_cpi_2024-12-11
EURUSD,2024-11-20 13:30:00+00:00,3,selected,,bls_cpi_2024-12-11
EURUSD,2024-11-13 13:30:00+00:00,4,rejected,BLS CPI/employment date,bls_cpi_2024-12-11
EURUSD,2024-11-06 13:30:00+00:00,5,selected,,bls_cpi_2024-12-11
EURUSD,2024-10-30 13:30:00+00:00,6,valid_not_selected,,bls_cpi_2024-12-11
EURUSD,2024-10-23 13:30:00+00:00,7,valid_not_selected,,bls_cpi_2024-12-11
EURUSD,2024-10-16 13:30:00+00:00,8,valid_not_selected,,bls_cpi_2024-12-11
EURUSD,2024-10-09 13:30:00+00:00,9,valid_not_selected,,bls_cpi_2024-12-11
EURUSD,2024-10-02 13:30:00+00:00,10,valid_not_selected,,bls_cpi_2024-12-11
EURUSD,2024-09-25 13:30:00+00:00,11,valid_not_selected,,bls_cpi_2024-12-11
EURUSD,2024-09-18 13:30:00+00:00,12,valid_not_selected,,bls_cpi_2024-12-11
GBPUSD,2024-12-04 13:30:00+00:00,1,selected,,bls_cpi_2024-12-11
GBPUSD,2024-11-27 13:30:00+00:00,2,selected,,bls_cpi_2024-12-11
GBPUSD,2024-11-20 13:30:00+00:00,3,selected,,bls_cpi_2024-12-11
GBPUSD,2024-11-13 13:30:00+00:00,4,rejected,BLS CPI/employment date,bls_cpi_2024-12-11
GBPUSD,2024-11-06 13:30:00+00:00,5,selected,,bls_cpi_2024-12-11
GBPUSD,2024-10-30 13:30:00+00:00,6,valid_not_selected,,bls_cpi_2024-12-11
GBPUSD,2024-10-23 13:30:00+00:00,7,valid_not_selected,,bls_cpi_2024-12-11
GBPUSD,2024-10-16 13:30:00+00:00,8,valid_not_selected,,bls_cpi_2024-12-11
GBPUSD,2024-10-09 13:30:00+00:00,9,valid_not_selected,,bls_cpi_2024-12-11
GBPUSD,2024-10-02 13:30:00+00:00,10,valid_not_selected,,bls_cpi_2024-12-11
GBPUSD,2024-09-25 13:30:00+00:00,11,valid_not_selected,,bls_cpi_2024-12-11
GBPUSD,2024-09-18 13:30:00+00:00,12,valid_not_selected,,bls_cpi_2024-12-11
AUDUSD,2024-12-04 13:30:00+00:00,1,selected,,bls_cpi_2024-12-11
AUDUSD,2024-11-27 13:30:00+00:00,2,selected,,bls_cpi_2024-12-11
AUDUSD,2024-11-20 13:30:00+00:00,3,selected,,bls_cpi_2024-12-11
AUDUSD,2024-11-13 13:30:00+00:00,4,rejected,BLS CPI/employment date,bls_cpi_2024-12-11
AUDUSD,2024-11-06 13:30:00+00:00,5,selected,,bls_cpi_2024-12-11
AUDUSD,2024-10-30 13:30:00+00:00,6,valid_not_selected,,bls_cpi_2024-12-11
AUDUSD,2024-10-23 13:30:00+00:00,7,valid_not_selected,,bls_cpi_2024-12-11
AUDUSD,2024-10-16 13:30:00+00:00,8,valid_not_selected,,bls_cpi_2024-12-11
AUDUSD,2024-10-09 13:30:00+00:00,9,valid_not_selected,,bls_cpi_2024-12-11
AUDUSD,2024-10-02 13:30:00+00:00,10,valid_not_selected,,bls_cpi_2024-12-11
AUDUSD,2024-09-25 13:30:00+00:00,11,valid_not_selected,,bls_cpi_2024-12-11
AUDUSD,2024-09-18 13:30:00+00:00,12,valid_not_selected,,bls_cpi_2024-12-11
NZDUSD,2024-12-04 13:30:00+00:00,1,selected,,bls_cpi_2024-12-11
NZDUSD,2024-11-27 13:30:00+00:00,2,selected,,bls_cpi_2024-12-11
NZDUSD,2024-11-20 13:30:00+00:00,3,selected,,bls_cpi_2024-12-11
NZDUSD,2024-11-13 13:30:00+00:00,4,rejected,BLS CPI/employment date,bls_cpi_2024-12-11
NZDUSD,2024-11-06 13:30:00+00:00,5,selected,,bls_cpi_2024-12-11
NZDUSD,2024-10-30 13:30:00+00:00,6,valid_not_selected,,bls_cpi_2024-12-11
NZDUSD,2024-10-23 13:30:00+00:00,7,valid_not_selected,,bls_cpi_2024-12-11
NZDUSD,2024-10-16 13:30:00+00:00,8,valid_not_selected,,bls_cpi_2024-12-11
NZDUSD,2024-10-09 13:30:00+00:00,9,valid_not_selected,,bls_cpi_2024-12-11
NZDUSD,2024-10-02 13:30:00+00:00,10,valid_not_selected,,bls_cpi_2024-12-11
NZDUSD,2024-09-25 13:30:00+00:00,11,valid_not_selected,,bls_cpi_2024-12-11
NZDUSD,2024-09-18 13:30:00+00:00,12,valid_not_selected,,bls_cpi_2024-12-11
USDJPY,2024-12-04 13:30:00+00:00,1,selected,,bls_cpi_2024-12-11
USDJPY,2024-11-27 13:30:00+00:00,2,selected,,bls_cpi_2024-12-11
USDJPY,2024-11-20 13:30:00+00:00,3,selected,,bls_cpi_2024-12-11
USDJPY,2024-11-13 13:30:00+00:00,4,rejected,BLS CPI/employment date,bls_cpi_2024-12-11
USDJPY,2024-11-06 13:30:00+00:00,5,selected,,bls_cpi_2024-12-11
USDJPY,2024-10-30 13:30:00+00:00,6,valid_not_selected,,bls_cpi_2024-12-11
USDJPY,2024-10-23 13:30:00+00:00,7,valid_not_selected,,bls_cpi_2024-12-11
USDJPY,2024-10-16 13:30:00+00:00,8,valid_not_selected,,bls_cpi_2024-12-11
USDJPY,2024-10-09 13:30:00+00:00,9,valid_not_selected,,bls_cpi_2024-12-11
USDJPY,2024-10-02 13:30:00+00:00,10,valid_not_selected,,bls_cpi_2024-12-11
USDJPY,2024-09-25 13:30:00+00:00,11,valid_not_selected,,bls_cpi_2024-12-11
USDJPY,2024-09-18 13:30:00+00:00,12,valid_not_selected,,bls_cpi_2024-12-11
USDCHF,2024-12-04 13:30:00+00:00,1,selected,,bls_cpi_2024-12-11
USDCHF,2024-11-27 13:30:00+00:00,2,selected,,bls_cpi_2024-12-11
USDCHF,2024-11-20 13:30:00+00:00,3,selected,,bls_cpi_2024-12-11
USDCHF,2024-11-13 13:30:00+00:00,4,rejected,BLS CPI/employment date,bls_cpi_2024-12-11
USDCHF,2024-11-06 13:30:00+00:00,5,selected,,bls_cpi_2024-12-11
USDCHF,2024-10-30 13:30:00+00:00,6,valid_not_selected,,bls_cpi_2024-12-11
USDCHF,2024-10-23 13:30:00+00:00,7,valid_not_selected,,bls_cpi_2024-12-11
USDCHF,2024-10-16 13:30:00+00:00,8,valid_not_selected,,bls_cpi_2024-12-11
USDCHF,2024-10-09 13:30:00+00:00,9,valid_not_selected,,bls_cpi_2024-12-11
USDCHF,2024-10-02 13:30:00+00:00,10,valid_not_selected,,bls_cpi_2024-12-11
USDCHF,2024-09-25 13:30:00+00:00,11,valid_not_selected,,bls_cpi_2024-12-11
USDCHF,2024-09-18 13:30:00+00:00,12,valid_not_selected,,bls_cpi_2024-12-11
USDCAD,2024-12-04 13:30:00+00:00,1,selected,,bls_cpi_2024-12-11
USDCAD,2024-11-27 13:30:00+00:00,2,selected,,bls_cpi_2024-12-11
USDCAD,2024-11-20 13:30:00+00:00,3,selected,,bls_cpi_2024-12-11
USDCAD,2024-11-13 13:30:00+00:00,4,rejected,BLS CPI/employment date,bls_cpi_2024-12-11
USDCAD,2024-11-06 13:30:00+00:00,5,selected,,bls_cpi_2024-12-11
USDCAD,2024-10-30 13:30:00+00:00,6,valid_not_selected,,bls_cpi_2024-12-11
USDCAD,2024-10-23 13:30:00+00:00,7,valid_not_selected,,bls_cpi_2024-12-11
USDCAD,2024-10-16 13:30:00+00:00,8,valid_not_selected,,bls_cpi_2024-12-11
USDCAD,2024-10-09 13:30:00+00:00,9,valid_not_selected,,bls_cpi_2024-12-11
USDCAD,2024-10-02 13:30:00+00:00,10,valid_not_selected,,bls_cpi_2024-12-11
USDCAD,2024-09-25 13:30:00+00:00,11,valid_not_selected,,bls_cpi_2024-12-11
USDCAD,2024-09-18 13:30:00+00:00,12,valid_not_selected,,bls_cpi_2024-12-11
EURJPY,2024-12-04 13:30:00+00:00,1,selected,,bls_cpi_2024-12-11
EURJPY,2024-11-27 13:30:00+00:00,2,selected,,bls_cpi_2024-12-11
EURJPY,2024-11-20 13:30:00+00:00,3,selected,,bls_cpi_2024-12-11
EURJPY,2024-11-13 13:30:00+00:00,4,rejected,BLS CPI/employment date,bls_cpi_2024-12-11
EURJPY,2024-11-06 13:30:00+00:00,5,selected,,bls_cpi_2024-12-11
EURJPY,2024-10-30 13:30:00+00:00,6,valid_not_selected,,bls_cpi_2024-12-11
EURJPY,2024-10-23 13:30:00+00:00,7,valid_not_selected,,bls_cpi_2024-12-11
EURJPY,2024-10-16 13:30:00+00:00,8,valid_not_selected,,bls_cpi_2024-12-11
EURJPY,2024-10-09 13:30:00+00:00,9,valid_not_selected,,bls_cpi_2024-12-11
EURJPY,2024-10-02 13:30:00+00:00,10,valid_not_selected,,bls_cpi_2024-12-11
EURJPY,2024-09-25 13:30:00+00:00,11,valid_not_selected,,bls_cpi_2024-12-11
EURJPY,2024-09-18 13:30:00+00:00,12,valid_not_selected,,bls_cpi_2024-12-11
XAUUSD,2024-12-04 13:30:00+00:00,1,selected,,bls_cpi_2024-12-11
XAUUSD,2024-11-27 13:30:00+00:00,2,selected,,bls_cpi_2024-12-11
XAUUSD,2024-11-20 13:30:00+00:00,3,selected,,bls_cpi_2024-12-11
XAUUSD,2024-11-13 13:30:00+00:00,4,rejected,BLS CPI/employment date,bls_cpi_2024-12-11
XAUUSD,2024-11-06 13:30:00+00:00,5,selected,,bls_cpi_2024-12-11
XAUUSD,2024-10-30 13:30:00+00:00,6,valid_not_selected,,bls_cpi_2024-12-11
XAUUSD,2024-10-23 13:30:00+00:00,7,valid_not_selected,,bls_cpi_2024-12-11
XAUUSD,2024-10-16 13:30:00+00:00,8,valid_not_selected,,bls_cpi_2024-12-11
XAUUSD,2024-10-09 13:30:00+00:00,9,valid_not_selected,,bls_cpi_2024-12-11
XAUUSD,2024-10-02 13:30:00+00:00,10,valid_not_selected,,bls_cpi_2024-12-11
XAUUSD,2024-09-25 13:30:00+00:00,11,valid_not_selected,,bls_cpi_2024-12-11
XAUUSD,2024-09-18 13:30:00+00:00,12,valid_not_selected,,bls_cpi_2024-12-11
XAGUSD,2024-12-04 13:30:00+00:00,1,selected,,bls_cpi_2024-12-11
XAGUSD,2024-11-27 13:30:00+00:00,2,selected,,bls_cpi_2024-12-11
XAGUSD,2024-11-20 13:30:00+00:00,3,selected,,bls_cpi_2024-12-11
XAGUSD,2024-11-13 13:30:00+00:00,4,rejected,BLS CPI/employment date,bls_cpi_2024-12-11
XAGUSD,2024-11-06 13:30:00+00:00,5,selected,,bls_cpi_2024-12-11
XAGUSD,2024-10-30 13:30:00+00:00,6,valid_not_selected,,bls_cpi_2024-12-11
XAGUSD,2024-10-23 13:30:00+00:00,7,valid_not_selected,,bls_cpi_2024-12-11
XAGUSD,2024-10-16 13:30:00+00:00,8,valid_not_selected,,bls_cpi_2024-12-11
XAGUSD,2024-10-09 13:30:00+00:00,9,valid_not_selected,,bls_cpi_2024-12-11
XAGUSD,2024-10-02 13:30:00+00:00,10,valid_not_selected,,bls_cpi_2024-12-11
XAGUSD,2024-09-25 13:30:00+00:00,11,valid_not_selected,,bls_cpi_2024-12-11
XAGUSD,2024-09-18 13:30:00+00:00,12,valid_not_selected,,bls_cpi_2024-12-11
SPXUSD,2024-12-04 13:30:00+00:00,1,selected,,bls_cpi_2024-12-11
SPXUSD,2024-11-27 13:30:00+00:00,2,selected,,bls_cpi_2024-12-11
SPXUSD,2024-11-20 13:30:00+00:00,3,selected,,bls_cpi_2024-12-11
SPXUSD,2024-11-13 13:30:00+00:00,4,rejected,BLS CPI/employment date,bls_cpi_2024-12-11
SPXUSD,2024-11-06 13:30:00+00:00,5,selected,,bls_cpi_2024-12-11
SPXUSD,2024-10-30 13:30:00+00:00,6,valid_not_selected,,bls_cpi_2024-12-11
SPXUSD,2024-10-23 13:30:00+00:00,7,valid_not_selected,,bls_cpi_2024-12-11
SPXUSD,2024-10-16 13:30:00+00:00,8,valid_not_selected,,bls_cpi_2024-12-11
SPXUSD,2024-10-09 13:30:00+00:00,9,valid_not_selected,,bls_cpi_2024-12-11
SPXUSD,2024-10-02 13:30:00+00:00,10,valid_not_selected,,bls_cpi_2024-12-11
SPXUSD,2024-09-25 13:30:00+00:00,11,valid_not_selected,,bls_cpi_2024-12-11
SPXUSD,2024-09-18 13:30:00+00:00,12,valid_not_selected,,bls_cpi_2024-12-11
NSXUSD,2024-12-04 13:30:00+00:00,1,selected,,bls_cpi_2024-12-11
NSXUSD,2024-11-27 13:30:00+00:00,2,selected,,bls_cpi_2024-12-11
NSXUSD,2024-11-20 13:30:00+00:00,3,selected,,bls_cpi_2024-12-11
NSXUSD,2024-11-13 13:30:00+00:00,4,rejected,BLS CPI/employment date,bls_cpi_2024-12-11
NSXUSD,2024-11-06 13:30:00+00:00,5,selected,,bls_cpi_2024-12-11
NSXUSD,2024-10-30 13:30:00+00:00,6,valid_not_selected,,bls_cpi_2024-12-11
NSXUSD,2024-10-23 13:30:00+00:00,7,valid_not_selected,,bls_cpi_2024-12-11
NSXUSD,2024-10-16 13:30:00+00:00,8,valid_not_selected,,bls_cpi_2024-12-11
NSXUSD,2024-10-09 13:30:00+00:00,9,valid_not_selected,,bls_cpi_2024-12-11
NSXUSD,2024-10-02 13:30:00+00:00,10,valid_not_selected,,bls_cpi_2024-12-11
NSXUSD,2024-09-25 13:30:00+00:00,11,valid_not_selected,,bls_cpi_2024-12-11
NSXUSD,2024-09-18 13:30:00+00:00,12,valid_not_selected,,bls_cpi_2024-12-11
GRXEUR,2024-12-04 13:30:00+00:00,1,selected,,bls_cpi_2024-12-11
GRXEUR,2024-11-27 13:30:00+00:00,2,selected,,bls_cpi_2024-12-11
GRXEUR,2024-11-20 13:30:00+00:00,3,selected,,bls_cpi_2024-12-11
GRXEUR,2024-11-13 13:30:00+00:00,4,rejected,BLS CPI/employment date,bls_cpi_2024-12-11
GRXEUR,2024-11-06 13:30:00+00:00,5,selected,,bls_cpi_2024-12-11
GRXEUR,2024-10-30 13:30:00+00:00,6,valid_not_selected,,bls_cpi_2024-12-11
GRXEUR,2024-10-23 13:30:00+00:00,7,valid_not_selected,,bls_cpi_2024-12-11
GRXEUR,2024-10-16 13:30:00+00:00,8,valid_not_selected,,bls_cpi_2024-12-11
GRXEUR,2024-10-09 13:30:00+00:00,9,valid_not_selected,,bls_cpi_2024-12-11
GRXEUR,2024-10-02 13:30:00+00:00,10,valid_not_selected,,bls_cpi_2024-12-11
GRXEUR,2024-09-25 13:30:00+00:00,11,valid_not_selected,,bls_cpi_2024-12-11
GRXEUR,2024-09-18 13:30:00+00:00,12,valid_not_selected,,bls_cpi_2024-12-11
UKXGBP,2024-12-04 13:30:00+00:00,1,selected,,bls_cpi_2024-12-11
UKXGBP,2024-11-27 13:30:00+00:00,2,selected,,bls_cpi_2024-12-11
UKXGBP,2024-11-20 13:30:00+00:00,3,selected,,bls_cpi_2024-12-11
UKXGBP,2024-11-13 13:30:00+00:00,4,rejected,BLS CPI/employment date,bls_cpi_2024-12-11
UKXGBP,2024-11-06 13:30:00+00:00,5,selected,,bls_cpi_2024-12-11
UKXGBP,2024-10-30 13:30:00+00:00,6,valid_not_selected,,bls_cpi_2024-12-11
UKXGBP,2024-10-23 13:30:00+00:00,7,valid_not_selected,,bls_cpi_2024-12-11
UKXGBP,2024-10-16 13:30:00+00:00,8,valid_not_selected,,bls_cpi_2024-12-11
UKXGBP,2024-10-09 13:30:00+00:00,9,valid_not_selected,,bls_cpi_2024-12-11
UKXGBP,2024-10-02 13:30:00+00:00,10,valid_not_selected,,bls_cpi_2024-12-11
UKXGBP,2024-09-25 13:30:00+00:00,11,valid_not_selected,,bls_cpi_2024-12-11
UKXGBP,2024-09-18 13:30:00+00:00,12,valid_not_selected,,bls_cpi_2024-12-11
BCOUSD,2024-12-04 13:30:00+00:00,1,selected,,bls_cpi_2024-12-11
BCOUSD,2024-11-27 13:30:00+00:00,2,selected,,bls_cpi_2024-12-11
BCOUSD,2024-11-20 13:30:00+00:00,3,selected,,bls_cpi_2024-12-11
BCOUSD,2024-11-13 13:30:00+00:00,4,rejected,BLS CPI/employment date,bls_cpi_2024-12-11
BCOUSD,2024-11-06 13:30:00+00:00,5,selected,,bls_cpi_2024-12-11
BCOUSD,2024-10-30 13:30:00+00:00,6,valid_not_selected,,bls_cpi_2024-12-11
BCOUSD,2024-10-23 13:30:00+00:00,7,valid_not_selected,,bls_cpi_2024-12-11
BCOUSD,2024-10-16 13:30:00+00:00,8,valid_not_selected,,bls_cpi_2024-12-11
BCOUSD,2024-10-09 13:30:00+00:00,9,valid_not_selected,,bls_cpi_2024-12-11
BCOUSD,2024-10-02 13:30:00+00:00,10,valid_not_selected,,bls_cpi_2024-12-11
BCOUSD,2024-09-25 13:30:00+00:00,11,valid_not_selected,,bls_cpi_2024-12-11
BCOUSD,2024-09-18 13:30:00+00:00,12,valid_not_selected,,bls_cpi_2024-12-11
EURUSD,2025-01-03 13:30:00+00:00,1,selected,,bls_employment_2025-01-10
EURUSD,2024-12-27 13:30:00+00:00,2,selected,,bls_employment_2025-01-10
EURUSD,2024-12-20 13:30:00+00:00,3,selected,,bls_employment_2025-01-10
EURUSD,2024-12-13 13:30:00+00:00,4,selected,,bls_employment_2025-01-10
EURUSD,2024-12-06 13:30:00+00:00,5,rejected,BLS CPI/employment date,bls_employment_2025-01-10
EURUSD,2024-11-29 13:30:00+00:00,6,valid_not_selected,,bls_employment_2025-01-10
EURUSD,2024-11-22 13:30:00+00:00,7,valid_not_selected,,bls_employment_2025-01-10
EURUSD,2024-11-15 13:30:00+00:00,8,valid_not_selected,,bls_employment_2025-01-10
EURUSD,2024-11-08 13:30:00+00:00,9,valid_not_selected,,bls_employment_2025-01-10
EURUSD,2024-11-01 13:30:00+00:00,10,rejected,BLS CPI/employment date,bls_employment_2025-01-10
EURUSD,2024-10-25 13:30:00+00:00,11,valid_not_selected,,bls_employment_2025-01-10
EURUSD,2024-10-18 13:30:00+00:00,12,valid_not_selected,,bls_employment_2025-01-10
GBPUSD,2025-01-03 13:30:00+00:00,1,selected,,bls_employment_2025-01-10
GBPUSD,2024-12-27 13:30:00+00:00,2,selected,,bls_employment_2025-01-10
GBPUSD,2024-12-20 13:30:00+00:00,3,selected,,bls_employment_2025-01-10
GBPUSD,2024-12-13 13:30:00+00:00,4,selected,,bls_employment_2025-01-10
GBPUSD,2024-12-06 13:30:00+00:00,5,rejected,BLS CPI/employment date,bls_employment_2025-01-10
GBPUSD,2024-11-29 13:30:00+00:00,6,valid_not_selected,,bls_employment_2025-01-10
GBPUSD,2024-11-22 13:30:00+00:00,7,valid_not_selected,,bls_employment_2025-01-10
GBPUSD,2024-11-15 13:30:00+00:00,8,valid_not_selected,,bls_employment_2025-01-10
GBPUSD,2024-11-08 13:30:00+00:00,9,valid_not_selected,,bls_employment_2025-01-10
GBPUSD,2024-11-01 13:30:00+00:00,10,rejected,BLS CPI/employment date,bls_employment_2025-01-10
GBPUSD,2024-10-25 13:30:00+00:00,11,valid_not_selected,,bls_employment_2025-01-10
GBPUSD,2024-10-18 13:30:00+00:00,12,valid_not_selected,,bls_employment_2025-01-10
AUDUSD,2025-01-03 13:30:00+00:00,1,selected,,bls_employment_2025-01-10
AUDUSD,2024-12-27 13:30:00+00:00,2,selected,,bls_employment_2025-01-10
AUDUSD,2024-12-20 13:30:00+00:00,3,selected,,bls_employment_2025-01-10
AUDUSD,2024-12-13 13:30:00+00:00,4,selected,,bls_employment_2025-01-10
AUDUSD,2024-12-06 13:30:00+00:00,5,rejected,BLS CPI/employment date,bls_employment_2025-01-10
AUDUSD,2024-11-29 13:30:00+00:00,6,valid_not_selected,,bls_employment_2025-01-10
AUDUSD,2024-11-22 13:30:00+00:00,7,valid_not_selected,,bls_employment_2025-01-10
AUDUSD,2024-11-15 13:30:00+00:00,8,valid_not_selected,,bls_employment_2025-01-10
AUDUSD,2024-11-08 13:30:00+00:00,9,valid_not_selected,,bls_employment_2025-01-10
AUDUSD,2024-11-01 13:30:00+00:00,10,rejected,BLS CPI/employment date,bls_employment_2025-01-10
AUDUSD,2024-10-25 13:30:00+00:00,11,valid_not_selected,,bls_employment_2025-01-10
AUDUSD,2024-10-18 13:30:00+00:00,12,valid_not_selected,,bls_employment_2025-01-10
NZDUSD,2025-01-03 13:30:00+00:00,1,selected,,bls_employment_2025-01-10
NZDUSD,2024-12-27 13:30:00+00:00,2,selected,,bls_employment_2025-01-10
NZDUSD,2024-12-20 13:30:00+00:00,3,selected,,bls_employment_2025-01-10
NZDUSD,2024-12-13 13:30:00+00:00,4,selected,,bls_employment_2025-01-10
NZDUSD,2024-12-06 13:30:00+00:00,5,rejected,BLS CPI/employment date,bls_employment_2025-01-10
NZDUSD,2024-11-29 13:30:00+00:00,6,valid_not_selected,,bls_employment_2025-01-10
NZDUSD,2024-11-22 13:30:00+00:00,7,valid_not_selected,,bls_employment_2025-01-10
NZDUSD,2024-11-15 13:30:00+00:00,8,valid_not_selected,,bls_employment_2025-01-10
NZDUSD,2024-11-08 13:30:00+00:00,9,valid_not_selected,,bls_employment_2025-01-10
NZDUSD,2024-11-01 13:30:00+00:00,10,rejected,BLS CPI/employment date,bls_employment_2025-01-10
NZDUSD,2024-10-25 13:30:00+00:00,11,valid_not_selected,,bls_employment_2025-01-10
NZDUSD,2024-10-18 13:30:00+00:00,12,valid_not_selected,,bls_employment_2025-01-10
USDJPY,2025-01-03 13:30:00+00:00,1,selected,,bls_employment_2025-01-10
USDJPY,2024-12-27 13:30:00+00:00,2,selected,,bls_employment_2025-01-10
USDJPY,2024-12-20 13:30:00+00:00,3,selected,,bls_employment_2025-01-10
USDJPY,2024-12-13 13:30:00+00:00,4,selected,,bls_employment_2025-01-10
USDJPY,2024-12-06 13:30:00+00:00,5,rejected,BLS CPI/employment date,bls_employment_2025-01-10
USDJPY,2024-11-29 13:30:00+00:00,6,valid_not_selected,,bls_employment_2025-01-10
USDJPY,2024-11-22 13:30:00+00:00,7,valid_not_selected,,bls_employment_2025-01-10
USDJPY,2024-11-15 13:30:00+00:00,8,valid_not_selected,,bls_employment_2025-01-10
USDJPY,2024-11-08 13:30:00+00:00,9,valid_not_selected,,bls_employment_2025-01-10
USDJPY,2024-11-01 13:30:00+00:00,10,rejected,BLS CPI/employment date,bls_employment_2025-01-10
USDJPY,2024-10-25 13:30:00+00:00,11,valid_not_selected,,bls_employment_2025-01-10
USDJPY,2024-10-18 13:30:00+00:00,12,valid_not_selected,,bls_employment_2025-01-10
USDCHF,2025-01-03 13:30:00+00:00,1,selected,,bls_employment_2025-01-10
USDCHF,2024-12-27 13:30:00+00:00,2,selected,,bls_employment_2025-01-10
USDCHF,2024-12-20 13:30:00+00:00,3,selected,,bls_employment_2025-01-10
USDCHF,2024-12-13 13:30:00+00:00,4,selected,,bls_employment_2025-01-10
USDCHF,2024-12-06 13:30:00+00:00,5,rejected,BLS CPI/employment date,bls_employment_2025-01-10
USDCHF,2024-11-29 13:30:00+00:00,6,valid_not_selected,,bls_employment_2025-01-10
USDCHF,2024-11-22 13:30:00+00:00,7,valid_not_selected,,bls_employment_2025-01-10
USDCHF,2024-11-15 13:30:00+00:00,8,valid_not_selected,,bls_employment_2025-01-10
USDCHF,2024-11-08 13:30:00+00:00,9,valid_not_selected,,bls_employment_2025-01-10
USDCHF,2024-11-01 13:30:00+00:00,10,rejected,BLS CPI/employment date,bls_employment_2025-01-10
USDCHF,2024-10-25 13:30:00+00:00,11,valid_not_selected,,bls_employment_2025-01-10
USDCHF,2024-10-18 13:30:00+00:00,12,valid_not_selected,,bls_employment_2025-01-10
USDCAD,2025-01-03 13:30:00+00:00,1,selected,,bls_employment_2025-01-10
USDCAD,2024-12-27 13:30:00+00:00,2,selected,,bls_employment_2025-01-10
USDCAD,2024-12-20 13:30:00+00:00,3,selected,,bls_employment_2025-01-10
USDCAD,2024-12-13 13:30:00+00:00,4,selected,,bls_employment_2025-01-10
USDCAD,2024-12-06 13:30:00+00:00,5,rejected,BLS CPI/employment date,bls_employment_2025-01-10
USDCAD,2024-11-29 13:30:00+00:00,6,valid_not_selected,,bls_employment_2025-01-10
USDCAD,2024-11-22 13:30:00+00:00,7,valid_not_selected,,bls_employment_2025-01-10
USDCAD,2024-11-15 13:30:00+00:00,8,valid_not_selected,,bls_employment_2025-01-10
USDCAD,2024-11-08 13:30:00+00:00,9,valid_not_selected,,bls_employment_2025-01-10
USDCAD,2024-11-01 13:30:00+00:00,10,rejected,BLS CPI/employment date,bls_employment_2025-01-10
USDCAD,2024-10-25 13:30:00+00:00,11,valid_not_selected,,bls_employment_2025-01-10
USDCAD,2024-10-18 13:30:00+00:00,12,valid_not_selected,,bls_employment_2025-01-10
EURJPY,2025-01-03 13:30:00+00:00,1,selected,,bls_employment_2025-01-10
EURJPY,2024-12-27 13:30:00+00:00,2,selected,,bls_employment_2025-01-10
EURJPY,2024-12-20 13:30:00+00:00,3,selected,,bls_employment_2025-01-10
EURJPY,2024-12-13 13:30:00+00:00,4,selected,,bls_employment_2025-01-10
EURJPY,2024-12-06 13:30:00+00:00,5,rejected,BLS CPI/employment date,bls_employment_2025-01-10
EURJPY,2024-11-29 13:30:00+00:00,6,valid_not_selected,,bls_employment_2025-01-10
EURJPY,2024-11-22 13:30:00+00:00,7,valid_not_selected,,bls_employment_2025-01-10
EURJPY,2024-11-15 13:30:00+00:00,8,valid_not_selected,,bls_employment_2025-01-10
EURJPY,2024-11-08 13:30:00+00:00,9,valid_not_selected,,bls_employment_2025-01-10
EURJPY,2024-11-01 13:30:00+00:00,10,rejected,BLS CPI/employment date,bls_employment_2025-01-10
EURJPY,2024-10-25 13:30:00+00:00,11,valid_not_selected,,bls_employment_2025-01-10
EURJPY,2024-10-18 13:30:00+00:00,12,valid_not_selected,,bls_employment_2025-01-10
XAUUSD,2025-01-03 13:30:00+00:00,1,selected,,bls_employment_2025-01-10
XAUUSD,2024-12-27 13:30:00+00:00,2,selected,,bls_employment_2025-01-10
XAUUSD,2024-12-20 13:30:00+00:00,3,selected,,bls_employment_2025-01-10
XAUUSD,2024-12-13 13:30:00+00:00,4,selected,,bls_employment_2025-01-10
XAUUSD,2024-12-06 13:30:00+00:00,5,rejected,BLS CPI/employment date,bls_employment_2025-01-10
XAUUSD,2024-11-29 13:30:00+00:00,6,valid_not_selected,,bls_employment_2025-01-10
XAUUSD,2024-11-22 13:30:00+00:00,7,valid_not_selected,,bls_employment_2025-01-10
XAUUSD,2024-11-15 13:30:00+00:00,8,valid_not_selected,,bls_employment_2025-01-10
XAUUSD,2024-11-08 13:30:00+00:00,9,valid_not_selected,,bls_employment_2025-01-10
XAUUSD,2024-11-01 13:30:00+00:00,10,rejected,BLS CPI/employment date,bls_employment_2025-01-10
XAUUSD,2024-10-25 13:30:00+00:00,11,valid_not_selected,,bls_employment_2025-01-10
XAUUSD,2024-10-18 13:30:00+00:00,12,valid_not_selected,,bls_employment_2025-01-10
XAGUSD,2025-01-03 13:30:00+00:00,1,selected,,bls_employment_2025-01-10
XAGUSD,2024-12-27 13:30:00+00:00,2,selected,,bls_employment_2025-01-10
XAGUSD,2024-12-20 13:30:00+00:00,3,selected,,bls_employment_2025-01-10
XAGUSD,2024-12-13 13:30:00+00:00,4,selected,,bls_employment_2025-01-10
XAGUSD,2024-12-06 13:30:00+00:00,5,rejected,BLS CPI/employment date,bls_employment_2025-01-10
XAGUSD,2024-11-29 13:30:00+00:00,6,valid_not_selected,,bls_employment_2025-01-10
XAGUSD,2024-11-22 13:30:00+00:00,7,valid_not_selected,,bls_employment_2025-01-10
XAGUSD,2024-11-15 13:30:00+00:00,8,valid_not_selected,,bls_employment_2025-01-10
XAGUSD,2024-11-08 13:30:00+00:00,9,valid_not_selected,,bls_employment_2025-01-10
XAGUSD,2024-11-01 13:30:00+00:00,10,rejected,BLS CPI/employment date,bls_employment_2025-01-10
XAGUSD,2024-10-25 13:30:00+00:00,11,valid_not_selected,,bls_employment_2025-01-10
XAGUSD,2024-10-18 13:30:00+00:00,12,valid_not_selected,,bls_employment_2025-01-10
SPXUSD,2025-01-03 13:30:00+00:00,1,selected,,bls_employment_2025-01-10
SPXUSD,2024-12-27 13:30:00+00:00,2,selected,,bls_employment_2025-01-10
SPXUSD,2024-12-20 13:30:00+00:00,3,selected,,bls_employment_2025-01-10
SPXUSD,2024-12-13 13:30:00+00:00,4,selected,,bls_employment_2025-01-10
SPXUSD,2024-12-06 13:30:00+00:00,5,rejected,BLS CPI/employment date,bls_employment_2025-01-10
SPXUSD,2024-11-29 13:30:00+00:00,6,valid_not_selected,,bls_employment_2025-01-10
SPXUSD,2024-11-22 13:30:00+00:00,7,valid_not_selected,,bls_employment_2025-01-10
SPXUSD,2024-11-15 13:30:00+00:00,8,valid_not_selected,,bls_employment_2025-01-10
SPXUSD,2024-11-08 13:30:00+00:00,9,valid_not_selected,,bls_employment_2025-01-10
SPXUSD,2024-11-01 13:30:00+00:00,10,rejected,BLS CPI/employment date,bls_employment_2025-01-10
SPXUSD,2024-10-25 13:30:00+00:00,11,valid_not_selected,,bls_employment_2025-01-10
SPXUSD,2024-10-18 13:30:00+00:00,12,valid_not_selected,,bls_employment_2025-01-10
NSXUSD,2025-01-03 13:30:00+00:00,1,selected,,bls_employment_2025-01-10
NSXUSD,2024-12-27 13:30:00+00:00,2,selected,,bls_employment_2025-01-10
NSXUSD,2024-12-20 13:30:00+00:00,3,selected,,bls_employment_2025-01-10
NSXUSD,2024-12-13 13:30:00+00:00,4,selected,,bls_employment_2025-01-10
NSXUSD,2024-12-06 13:30:00+00:00,5,rejected,BLS CPI/employment date,bls_employment_2025-01-10
NSXUSD,2024-11-29 13:30:00+00:00,6,valid_not_selected,,bls_employment_2025-01-10
NSXUSD,2024-11-22 13:30:00+00:00,7,valid_not_selected,,bls_employment_2025-01-10
NSXUSD,2024-11-15 13:30:00+00:00,8,valid_not_selected,,bls_employment_2025-01-10
NSXUSD,2024-11-08 13:30:00+00:00,9,valid_not_selected,,bls_employment_2025-01-10
NSXUSD,2024-11-01 13:30:00+00:00,10,rejected,BLS CPI/employment date,bls_employment_2025-01-10
NSXUSD,2024-10-25 13:30:00+00:00,11,valid_not_selected,,bls_employment_2025-01-10
NSXUSD,2024-10-18 13:30:00+00:00,12,valid_not_selected,,bls_employment_2025-01-10
GRXEUR,2025-01-03 13:30:00+00:00,1,selected,,bls_employment_2025-01-10
GRXEUR,2024-12-27 13:30:00+00:00,2,selected,,bls_employment_2025-01-10
GRXEUR,2024-12-20 13:30:00+00:00,3,selected,,bls_employment_2025-01-10
GRXEUR,2024-12-13 13:30:00+00:00,4,selected,,bls_employment_2025-01-10
GRXEUR,2024-12-06 13:30:00+00:00,5,rejected,BLS CPI/employment date,bls_employment_2025-01-10
GRXEUR,2024-11-29 13:30:00+00:00,6,valid_not_selected,,bls_employment_2025-01-10
GRXEUR,2024-11-22 13:30:00+00:00,7,valid_not_selected,,bls_employment_2025-01-10
GRXEUR,2024-11-15 13:30:00+00:00,8,valid_not_selected,,bls_employment_2025-01-10
GRXEUR,2024-11-08 13:30:00+00:00,9,valid_not_selected,,bls_employment_2025-01-10
GRXEUR,2024-11-01 13:30:00+00:00,10,rejected,BLS CPI/employment date,bls_employment_2025-01-10
GRXEUR,2024-10-25 13:30:00+00:00,11,valid_not_selected,,bls_employment_2025-01-10
GRXEUR,2024-10-18 13:30:00+00:00,12,valid_not_selected,,bls_employment_2025-01-10
UKXGBP,2025-01-03 13:30:00+00:00,1,selected,,bls_employment_2025-01-10
UKXGBP,2024-12-27 13:30:00+00:00,2,selected,,bls_employment_2025-01-10
UKXGBP,2024-12-20 13:30:00+00:00,3,selected,,bls_employment_2025-01-10
UKXGBP,2024-12-13 13:30:00+00:00,4,selected,,bls_employment_2025-01-10
UKXGBP,2024-12-06 13:30:00+00:00,5,rejected,BLS CPI/employment date,bls_employment_2025-01-10
UKXGBP,2024-11-29 13:30:00+00:00,6,valid_not_selected,,bls_employment_2025-01-10
UKXGBP,2024-11-22 13:30:00+00:00,7,valid_not_selected,,bls_employment_2025-01-10
UKXGBP,2024-11-15 13:30:00+00:00,8,valid_not_selected,,bls_employment_2025-01-10
UKXGBP,2024-11-08 13:30:00+00:00,9,valid_not_selected,,bls_employment_2025-01-10
UKXGBP,2024-11-01 13:30:00+00:00,10,rejected,BLS CPI/employment date,bls_employment_2025-01-10
UKXGBP,2024-10-25 13:30:00+00:00,11,valid_not_selected,,bls_employment_2025-01-10
UKXGBP,2024-10-18 13:30:00+00:00,12,valid_not_selected,,bls_employment_2025-01-10
BCOUSD,2025-01-03 13:30:00+00:00,1,selected,,bls_employment_2025-01-10
BCOUSD,2024-12-27 13:30:00+00:00,2,selected,,bls_employment_2025-01-10
BCOUSD,2024-12-20 13:30:00+00:00,3,selected,,bls_employment_2025-01-10
BCOUSD,2024-12-13 13:30:00+00:00,4,selected,,bls_employment_2025-01-10
BCOUSD,2024-12-06 13:30:00+00:00,5,rejected,BLS CPI/employment date,bls_employment_2025-01-10
BCOUSD,2024-11-29 13:30:00+00:00,6,valid_not_selected,,bls_employment_2025-01-10
BCOUSD,2024-11-22 13:30:00+00:00,7,valid_not_selected,,bls_employment_2025-01-10
BCOUSD,2024-11-15 13:30:00+00:00,8,valid_not_selected,,bls_employment_2025-01-10
BCOUSD,2024-11-08 13:30:00+00:00,9,valid_not_selected,,bls_employment_2025-01-10
BCOUSD,2024-11-01 13:30:00+00:00,10,rejected,BLS CPI/employment date,bls_employment_2025-01-10
BCOUSD,2024-10-25 13:30:00+00:00,11,valid_not_selected,,bls_employment_2025-01-10
BCOUSD,2024-10-18 13:30:00+00:00,12,valid_not_selected,,bls_employment_2025-01-10
EURUSD,2025-01-08 13:30:00+00:00,1,selected,,bls_cpi_2025-01-15
EURUSD,2025-01-01 13:30:00+00:00,2,rejected,exact timestamp absent,bls_cpi_2025-01-15
EURUSD,2024-12-25 13:30:00+00:00,3,rejected,exact timestamp absent,bls_cpi_2025-01-15
EURUSD,2024-12-18 13:30:00+00:00,4,selected,,bls_cpi_2025-01-15
EURUSD,2024-12-11 13:30:00+00:00,5,rejected,BLS CPI/employment date,bls_cpi_2025-01-15
EURUSD,2024-12-04 13:30:00+00:00,6,selected,,bls_cpi_2025-01-15
EURUSD,2024-11-27 13:30:00+00:00,7,selected,,bls_cpi_2025-01-15
EURUSD,2024-11-20 13:30:00+00:00,8,valid_not_selected,,bls_cpi_2025-01-15
EURUSD,2024-11-13 13:30:00+00:00,9,rejected,BLS CPI/employment date,bls_cpi_2025-01-15
EURUSD,2024-11-06 13:30:00+00:00,10,valid_not_selected,,bls_cpi_2025-01-15
EURUSD,2024-10-30 13:30:00+00:00,11,valid_not_selected,,bls_cpi_2025-01-15
EURUSD,2024-10-23 13:30:00+00:00,12,valid_not_selected,,bls_cpi_2025-01-15
GBPUSD,2025-01-08 13:30:00+00:00,1,selected,,bls_cpi_2025-01-15
GBPUSD,2025-01-01 13:30:00+00:00,2,rejected,exact timestamp absent,bls_cpi_2025-01-15
GBPUSD,2024-12-25 13:30:00+00:00,3,rejected,exact timestamp absent,bls_cpi_2025-01-15
GBPUSD,2024-12-18 13:30:00+00:00,4,selected,,bls_cpi_2025-01-15
GBPUSD,2024-12-11 13:30:00+00:00,5,rejected,BLS CPI/employment date,bls_cpi_2025-01-15
GBPUSD,2024-12-04 13:30:00+00:00,6,selected,,bls_cpi_2025-01-15
GBPUSD,2024-11-27 13:30:00+00:00,7,selected,,bls_cpi_2025-01-15
GBPUSD,2024-11-20 13:30:00+00:00,8,valid_not_selected,,bls_cpi_2025-01-15
GBPUSD,2024-11-13 13:30:00+00:00,9,rejected,BLS CPI/employment date,bls_cpi_2025-01-15
GBPUSD,2024-11-06 13:30:00+00:00,10,valid_not_selected,,bls_cpi_2025-01-15
GBPUSD,2024-10-30 13:30:00+00:00,11,valid_not_selected,,bls_cpi_2025-01-15
GBPUSD,2024-10-23 13:30:00+00:00,12,valid_not_selected,,bls_cpi_2025-01-15
AUDUSD,2025-01-08 13:30:00+00:00,1,selected,,bls_cpi_2025-01-15
AUDUSD,2025-01-01 13:30:00+00:00,2,rejected,exact timestamp absent,bls_cpi_2025-01-15
AUDUSD,2024-12-25 13:30:00+00:00,3,rejected,exact timestamp absent,bls_cpi_2025-01-15
AUDUSD,2024-12-18 13:30:00+00:00,4,selected,,bls_cpi_2025-01-15
AUDUSD,2024-12-11 13:30:00+00:00,5,rejected,BLS CPI/employment date,bls_cpi_2025-01-15
AUDUSD,2024-12-04 13:30:00+00:00,6,selected,,bls_cpi_2025-01-15
AUDUSD,2024-11-27 13:30:00+00:00,7,selected,,bls_cpi_2025-01-15
AUDUSD,2024-11-20 13:30:00+00:00,8,valid_not_selected,,bls_cpi_2025-01-15
AUDUSD,2024-11-13 13:30:00+00:00,9,rejected,BLS CPI/employment date,bls_cpi_2025-01-15
AUDUSD,2024-11-06 13:30:00+00:00,10,valid_not_selected,,bls_cpi_2025-01-15
AUDUSD,2024-10-30 13:30:00+00:00,11,valid_not_selected,,bls_cpi_2025-01-15
AUDUSD,2024-10-23 13:30:00+00:00,12,valid_not_selected,,bls_cpi_2025-01-15
NZDUSD,2025-01-08 13:30:00+00:00,1,selected,,bls_cpi_2025-01-15
NZDUSD,2025-01-01 13:30:00+00:00,2,rejected,exact timestamp absent,bls_cpi_2025-01-15
NZDUSD,2024-12-25 13:30:00+00:00,3,rejected,exact timestamp absent,bls_cpi_2025-01-15
NZDUSD,2024-12-18 13:30:00+00:00,4,selected,,bls_cpi_2025-01-15
NZDUSD,2024-12-11 13:30:00+00:00,5,rejected,BLS CPI/employment date,bls_cpi_2025-01-15
NZDUSD,2024-12-04 13:30:00+00:00,6,selected,,bls_cpi_2025-01-15
NZDUSD,2024-11-27 13:30:00+00:00,7,selected,,bls_cpi_2025-01-15
NZDUSD,2024-11-20 13:30:00+00:00,8,valid_not_selected,,bls_cpi_2025-01-15
NZDUSD,2024-11-13 13:30:00+00:00,9,rejected,BLS CPI/employment date,bls_cpi_2025-01-15
NZDUSD,2024-11-06 13:30:00+00:00,10,valid_not_selected,,bls_cpi_2025-01-15
NZDUSD,2024-10-30 13:30:00+00:00,11,valid_not_selected,,bls_cpi_2025-01-15
NZDUSD,2024-10-23 13:30:00+00:00,12,valid_not_selected,,bls_cpi_2025-01-15
USDJPY,2025-01-08 13:30:00+00:00,1,selected,,bls_cpi_2025-01-15
USDJPY,2025-01-01 13:30:00+00:00,2,rejected,exact timestamp absent,bls_cpi_2025-01-15
USDJPY,2024-12-25 13:30:00+00:00,3,rejected,exact timestamp absent,bls_cpi_2025-01-15
USDJPY,2024-12-18 13:30:00+00:00,4,selected,,bls_cpi_2025-01-15
USDJPY,2024-12-11 13:30:00+00:00,5,rejected,BLS CPI/employment date,bls_cpi_2025-01-15
USDJPY,2024-12-04 13:30:00+00:00,6,selected,,bls_cpi_2025-01-15
USDJPY,2024-11-27 13:30:00+00:00,7,selected,,bls_cpi_2025-01-15
USDJPY,2024-11-20 13:30:00+00:00,8,valid_not_selected,,bls_cpi_2025-01-15
USDJPY,2024-11-13 13:30:00+00:00,9,rejected,BLS CPI/employment date,bls_cpi_2025-01-15
USDJPY,2024-11-06 13:30:00+00:00,10,valid_not_selected,,bls_cpi_2025-01-15
USDJPY,2024-10-30 13:30:00+00:00,11,valid_not_selected,,bls_cpi_2025-01-15
USDJPY,2024-10-23 13:30:00+00:00,12,valid_not_selected,,bls_cpi_2025-01-15
USDCHF,2025-01-08 13:30:00+00:00,1,selected,,bls_cpi_2025-01-15
USDCHF,2025-01-01 13:30:00+00:00,2,rejected,exact timestamp absent,bls_cpi_2025-01-15
USDCHF,2024-12-25 13:30:00+00:00,3,rejected,exact timestamp absent,bls_cpi_2025-01-15
USDCHF,2024-12-18 13:30:00+00:00,4,selected,,bls_cpi_2025-01-15
USDCHF,2024-12-11 13:30:00+00:00,5,rejected,BLS CPI/employment date,bls_cpi_2025-01-15
USDCHF,2024-12-04 13:30:00+00:00,6,selected,,bls_cpi_2025-01-15
USDCHF,2024-11-27 13:30:00+00:00,7,selected,,bls_cpi_2025-01-15
USDCHF,2024-11-20 13:30:00+00:00,8,valid_not_selected,,bls_cpi_2025-01-15
USDCHF,2024-11-13 13:30:00+00:00,9,rejected,BLS CPI/employment date,bls_cpi_2025-01-15
USDCHF,2024-11-06 13:30:00+00:00,10,valid_not_selected,,bls_cpi_2025-01-15
USDCHF,2024-10-30 13:30:00+00:00,11,valid_not_selected,,bls_cpi_2025-01-15
USDCHF,2024-10-23 13:30:00+00:00,12,valid_not_selected,,bls_cpi_2025-01-15
USDCAD,2025-01-08 13:30:00+00:00,1,selected,,bls_cpi_2025-01-15
USDCAD,2025-01-01 13:30:00+00:00,2,rejected,exact timestamp absent,bls_cpi_2025-01-15
USDCAD,2024-12-25 13:30:00+00:00,3,rejected,exact timestamp absent,bls_cpi_2025-01-15
USDCAD,2024-12-18 13:30:00+00:00,4,selected,,bls_cpi_2025-01-15
USDCAD,2024-12-11 13:30:00+00:00,5,rejected,BLS CPI/employment date,bls_cpi_2025-01-15
USDCAD,2024-12-04 13:30:00+00:00,6,selected,,bls_cpi_2025-01-15
USDCAD,2024-11-27 13:30:00+00:00,7,selected,,bls_cpi_2025-01-15
USDCAD,2024-11-20 13:30:00+00:00,8,valid_not_selected,,bls_cpi_2025-01-15
USDCAD,2024-11-13 13:30:00+00:00,9,rejected,BLS CPI/employment date,bls_cpi_2025-01-15
USDCAD,2024-11-06 13:30:00+00:00,10,valid_not_selected,,bls_cpi_2025-01-15
USDCAD,2024-10-30 13:30:00+00:00,11,valid_not_selected,,bls_cpi_2025-01-15
USDCAD,2024-10-23 13:30:00+00:00,12,valid_not_selected,,bls_cpi_2025-01-15
EURJPY,2025-01-08 13:30:00+00:00,1,selected,,bls_cpi_2025-01-15
EURJPY,2025-01-01 13:30:00+00:00,2,rejected,exact timestamp absent,bls_cpi_2025-01-15
EURJPY,2024-12-25 13:30:00+00:00,3,rejected,exact timestamp absent,bls_cpi_2025-01-15
EURJPY,2024-12-18 13:30:00+00:00,4,selected,,bls_cpi_2025-01-15
EURJPY,2024-12-11 13:30:00+00:00,5,rejected,BLS CPI/employment date,bls_cpi_2025-01-15
EURJPY,2024-12-04 13:30:00+00:00,6,selected,,bls_cpi_2025-01-15
EURJPY,2024-11-27 13:30:00+00:00,7,selected,,bls_cpi_2025-01-15
EURJPY,2024-11-20 13:30:00+00:00,8,valid_not_selected,,bls_cpi_2025-01-15
EURJPY,2024-11-13 13:30:00+00:00,9,rejected,BLS CPI/employment date,bls_cpi_2025-01-15
EURJPY,2024-11-06 13:30:00+00:00,10,valid_not_selected,,bls_cpi_2025-01-15
EURJPY,2024-10-30 13:30:00+00:00,11,valid_not_selected,,bls_cpi_2025-01-15
EURJPY,2024-10-23 13:30:00+00:00,12,valid_not_selected,,bls_cpi_2025-01-15
XAUUSD,2025-01-08 13:30:00+00:00,1,selected,,bls_cpi_2025-01-15
XAUUSD,2025-01-01 13:30:00+00:00,2,rejected,exact timestamp absent,bls_cpi_2025-01-15
XAUUSD,2024-12-25 13:30:00+00:00,3,rejected,exact timestamp absent,bls_cpi_2025-01-15
XAUUSD,2024-12-18 13:30:00+00:00,4,selected,,bls_cpi_2025-01-15
XAUUSD,2024-12-11 13:30:00+00:00,5,rejected,BLS CPI/employment date,bls_cpi_2025-01-15
XAUUSD,2024-12-04 13:30:00+00:00,6,selected,,bls_cpi_2025-01-15
XAUUSD,2024-11-27 13:30:00+00:00,7,selected,,bls_cpi_2025-01-15
XAUUSD,2024-11-20 13:30:00+00:00,8,valid_not_selected,,bls_cpi_2025-01-15
XAUUSD,2024-11-13 13:30:00+00:00,9,rejected,BLS CPI/employment date,bls_cpi_2025-01-15
XAUUSD,2024-11-06 13:30:00+00:00,10,valid_not_selected,,bls_cpi_2025-01-15
XAUUSD,2024-10-30 13:30:00+00:00,11,valid_not_selected,,bls_cpi_2025-01-15
XAUUSD,2024-10-23 13:30:00+00:00,12,valid_not_selected,,bls_cpi_2025-01-15
XAGUSD,2025-01-08 13:30:00+00:00,1,selected,,bls_cpi_2025-01-15
XAGUSD,2025-01-01 13:30:00+00:00,2,rejected,exact timestamp absent,bls_cpi_2025-01-15
XAGUSD,2024-12-25 13:30:00+00:00,3,rejected,exact timestamp absent,bls_cpi_2025-01-15
XAGUSD,2024-12-18 13:30:00+00:00,4,selected,,bls_cpi_2025-01-15
XAGUSD,2024-12-11 13:30:00+00:00,5,rejected,BLS CPI/employment date,bls_cpi_2025-01-15
XAGUSD,2024-12-04 13:30:00+00:00,6,selected,,bls_cpi_2025-01-15
XAGUSD,2024-11-27 13:30:00+00:00,7,selected,,bls_cpi_2025-01-15
XAGUSD,2024-11-20 13:30:00+00:00,8,valid_not_selected,,bls_cpi_2025-01-15
XAGUSD,2024-11-13 13:30:00+00:00,9,rejected,BLS CPI/employment date,bls_cpi_2025-01-15
XAGUSD,2024-11-06 13:30:00+00:00,10,valid_not_selected,,bls_cpi_2025-01-15
XAGUSD,2024-10-30 13:30:00+00:00,11,valid_not_selected,,bls_cpi_2025-01-15
XAGUSD,2024-10-23 13:30:00+00:00,12,valid_not_selected,,bls_cpi_2025-01-15
SPXUSD,2025-01-08 13:30:00+00:00,1,selected,,bls_cpi_2025-01-15
SPXUSD,2025-01-01 13:30:00+00:00,2,rejected,exact timestamp absent,bls_cpi_2025-01-15
SPXUSD,2024-12-25 13:30:00+00:00,3,rejected,exact timestamp absent,bls_cpi_2025-01-15
SPXUSD,2024-12-18 13:30:00+00:00,4,selected,,bls_cpi_2025-01-15
SPXUSD,2024-12-11 13:30:00+00:00,5,rejected,BLS CPI/employment date,bls_cpi_2025-01-15
SPXUSD,2024-12-04 13:30:00+00:00,6,selected,,bls_cpi_2025-01-15
SPXUSD,2024-11-27 13:30:00+00:00,7,selected,,bls_cpi_2025-01-15
SPXUSD,2024-11-20 13:30:00+00:00,8,valid_not_selected,,bls_cpi_2025-01-15
SPXUSD,2024-11-13 13:30:00+00:00,9,rejected,BLS CPI/employment date,bls_cpi_2025-01-15
SPXUSD,2024-11-06 13:30:00+00:00,10,valid_not_selected,,bls_cpi_2025-01-15
SPXUSD,2024-10-30 13:30:00+00:00,11,valid_not_selected,,bls_cpi_2025-01-15
SPXUSD,2024-10-23 13:30:00+00:00,12,valid_not_selected,,bls_cpi_2025-01-15
NSXUSD,2025-01-08 13:30:00+00:00,1,selected,,bls_cpi_2025-01-15
NSXUSD,2025-01-01 13:30:00+00:00,2,rejected,exact timestamp absent,bls_cpi_2025-01-15
NSXUSD,2024-12-25 13:30:00+00:00,3,rejected,exact timestamp absent,bls_cpi_2025-01-15
NSXUSD,2024-12-18 13:30:00+00:00,4,selected,,bls_cpi_2025-01-15
NSXUSD,2024-12-11 13:30:00+00:00,5,rejected,BLS CPI/employment date,bls_cpi_2025-01-15
NSXUSD,2024-12-04 13:30:00+00:00,6,selected,,bls_cpi_2025-01-15
NSXUSD,2024-11-27 13:30:00+00:00,7,selected,,bls_cpi_2025-01-15
NSXUSD,2024-11-20 13:30:00+00:00,8,valid_not_selected,,bls_cpi_2025-01-15
NSXUSD,2024-11-13 13:30:00+00:00,9,rejected,BLS CPI/employment date,bls_cpi_2025-01-15
NSXUSD,2024-11-06 13:30:00+00:00,10,valid_not_selected,,bls_cpi_2025-01-15
NSXUSD,2024-10-30 13:30:00+00:00,11,valid_not_selected,,bls_cpi_2025-01-15
NSXUSD,2024-10-23 13:30:00+00:00,12,valid_not_selected,,bls_cpi_2025-01-15
GRXEUR,2025-01-08 13:30:00+00:00,1,selected,,bls_cpi_2025-01-15
GRXEUR,2025-01-01 13:30:00+00:00,2,rejected,exact timestamp absent,bls_cpi_2025-01-15
GRXEUR,2024-12-25 13:30:00+00:00,3,rejected,exact timestamp absent,bls_cpi_2025-01-15
GRXEUR,2024-12-18 13:30:00+00:00,4,selected,,bls_cpi_2025-01-15
GRXEUR,2024-12-11 13:30:00+00:00,5,rejected,BLS CPI/employment date,bls_cpi_2025-01-15
GRXEUR,2024-12-04 13:30:00+00:00,6,selected,,bls_cpi_2025-01-15
GRXEUR,2024-11-27 13:30:00+00:00,7,selected,,bls_cpi_2025-01-15
GRXEUR,2024-11-20 13:30:00+00:00,8,valid_not_selected,,bls_cpi_2025-01-15
GRXEUR,2024-11-13 13:30:00+00:00,9,rejected,BLS CPI/employment date,bls_cpi_2025-01-15
GRXEUR,2024-11-06 13:30:00+00:00,10,valid_not_selected,,bls_cpi_2025-01-15
GRXEUR,2024-10-30 13:30:00+00:00,11,valid_not_selected,,bls_cpi_2025-01-15
GRXEUR,2024-10-23 13:30:00+00:00,12,valid_not_selected,,bls_cpi_2025-01-15
UKXGBP,2025-01-08 13:30:00+00:00,1,selected,,bls_cpi_2025-01-15
UKXGBP,2025-01-01 13:30:00+00:00,2,rejected,exact timestamp absent,bls_cpi_2025-01-15
UKXGBP,2024-12-25 13:30:00+00:00,3,rejected,exact timestamp absent,bls_cpi_2025-01-15
UKXGBP,2024-12-18 13:30:00+00:00,4,selected,,bls_cpi_2025-01-15
UKXGBP,2024-12-11 13:30:00+00:00,5,rejected,BLS CPI/employment date,bls_cpi_2025-01-15
UKXGBP,2024-12-04 13:30:00+00:00,6,selected,,bls_cpi_2025-01-15
UKXGBP,2024-11-27 13:30:00+00:00,7,selected,,bls_cpi_2025-01-15
UKXGBP,2024-11-20 13:30:00+00:00,8,valid_not_selected,,bls_cpi_2025-01-15
UKXGBP,2024-11-13 13:30:00+00:00,9,rejected,BLS CPI/employment date,bls_cpi_2025-01-15
UKXGBP,2024-11-06 13:30:00+00:00,10,valid_not_selected,,bls_cpi_2025-01-15
UKXGBP,2024-10-30 13:30:00+00:00,11,valid_not_selected,,bls_cpi_2025-01-15
UKXGBP,2024-10-23 13:30:00+00:00,12,valid_not_selected,,bls_cpi_2025-01-15
BCOUSD,2025-01-08 13:30:00+00:00,1,selected,,bls_cpi_2025-01-15
BCOUSD,2025-01-01 13:30:00+00:00,2,rejected,exact timestamp absent,bls_cpi_2025-01-15
BCOUSD,2024-12-25 13:30:00+00:00,3,rejected,exact timestamp absent,bls_cpi_2025-01-15
BCOUSD,2024-12-18 13:30:00+00:00,4,selected,,bls_cpi_2025-01-15
BCOUSD,2024-12-11 13:30:00+00:00,5,rejected,BLS CPI/employment date,bls_cpi_2025-01-15
BCOUSD,2024-12-04 13:30:00+00:00,6,selected,,bls_cpi_2025-01-15
BCOUSD,2024-11-27 13:30:00+00:00,7,selected,,bls_cpi_2025-01-15
BCOUSD,2024-11-20 13:30:00+00:00,8,valid_not_selected,,bls_cpi_2025-01-15
BCOUSD,2024-11-13 13:30:00+00:00,9,rejected,BLS CPI/employment date,bls_cpi_2025-01-15
BCOUSD,2024-11-06 13:30:00+00:00,10,valid_not_selected,,bls_cpi_2025-01-15
BCOUSD,2024-10-30 13:30:00+00:00,11,valid_not_selected,,bls_cpi_2025-01-15
BCOUSD,2024-10-23 13:30:00+00:00,12,valid_not_selected,,bls_cpi_2025-01-15
EURUSD,2025-01-31 13:30:00+00:00,1,selected,,bls_employment_2025-02-07
EURUSD,2025-01-24 13:30:00+00:00,2,selected,,bls_employment_2025-02-07
EURUSD,2025-01-17 13:30:00+00:00,3,selected,,bls_employment_2025-02-07
EURUSD,2025-01-10 13:30:00+00:00,4,rejected,BLS CPI/employment date,bls_employment_2025-02-07
EURUSD,2025-01-03 13:30:00+00:00,5,selected,,bls_employment_2025-02-07
EURUSD,2024-12-27 13:30:00+00:00,6,valid_not_selected,,bls_employment_2025-02-07
EURUSD,2024-12-20 13:30:00+00:00,7,valid_not_selected,,bls_employment_2025-02-07
EURUSD,2024-12-13 13:30:00+00:00,8,valid_not_selected,,bls_employment_2025-02-07
EURUSD,2024-12-06 13:30:00+00:00,9,rejected,BLS CPI/employment date,bls_employment_2025-02-07
EURUSD,2024-11-29 13:30:00+00:00,10,valid_not_selected,,bls_employment_2025-02-07
EURUSD,2024-11-22 13:30:00+00:00,11,valid_not_selected,,bls_employment_2025-02-07
EURUSD,2024-11-15 13:30:00+00:00,12,valid_not_selected,,bls_employment_2025-02-07
GBPUSD,2025-01-31 13:30:00+00:00,1,selected,,bls_employment_2025-02-07
GBPUSD,2025-01-24 13:30:00+00:00,2,selected,,bls_employment_2025-02-07
GBPUSD,2025-01-17 13:30:00+00:00,3,selected,,bls_employment_2025-02-07
GBPUSD,2025-01-10 13:30:00+00:00,4,rejected,BLS CPI/employment date,bls_employment_2025-02-07
GBPUSD,2025-01-03 13:30:00+00:00,5,selected,,bls_employment_2025-02-07
GBPUSD,2024-12-27 13:30:00+00:00,6,valid_not_selected,,bls_employment_2025-02-07
GBPUSD,2024-12-20 13:30:00+00:00,7,valid_not_selected,,bls_employment_2025-02-07
GBPUSD,2024-12-13 13:30:00+00:00,8,valid_not_selected,,bls_employment_2025-02-07
GBPUSD,2024-12-06 13:30:00+00:00,9,rejected,BLS CPI/employment date,bls_employment_2025-02-07
GBPUSD,2024-11-29 13:30:00+00:00,10,valid_not_selected,,bls_employment_2025-02-07
GBPUSD,2024-11-22 13:30:00+00:00,11,valid_not_selected,,bls_employment_2025-02-07
GBPUSD,2024-11-15 13:30:00+00:00,12,valid_not_selected,,bls_employment_2025-02-07
AUDUSD,2025-01-31 13:30:00+00:00,1,selected,,bls_employment_2025-02-07
AUDUSD,2025-01-24 13:30:00+00:00,2,selected,,bls_employment_2025-02-07
AUDUSD,2025-01-17 13:30:00+00:00,3,selected,,bls_employment_2025-02-07
AUDUSD,2025-01-10 13:30:00+00:00,4,rejected,BLS CPI/employment date,bls_employment_2025-02-07
AUDUSD,2025-01-03 13:30:00+00:00,5,selected,,bls_employment_2025-02-07
AUDUSD,2024-12-27 13:30:00+00:00,6,valid_not_selected,,bls_employment_2025-02-07
AUDUSD,2024-12-20 13:30:00+00:00,7,valid_not_selected,,bls_employment_2025-02-07
AUDUSD,2024-12-13 13:30:00+00:00,8,valid_not_selected,,bls_employment_2025-02-07
AUDUSD,2024-12-06 13:30:00+00:00,9,rejected,BLS CPI/employment date,bls_employment_2025-02-07
AUDUSD,2024-11-29 13:30:00+00:00,10,valid_not_selected,,bls_employment_2025-02-07
AUDUSD,2024-11-22 13:30:00+00:00,11,valid_not_selected,,bls_employment_2025-02-07
AUDUSD,2024-11-15 13:30:00+00:00,12,valid_not_selected,,bls_employment_2025-02-07
NZDUSD,2025-01-31 13:30:00+00:00,1,selected,,bls_employment_2025-02-07
NZDUSD,2025-01-24 13:30:00+00:00,2,selected,,bls_employment_2025-02-07
NZDUSD,2025-01-17 13:30:00+00:00,3,selected,,bls_employment_2025-02-07
NZDUSD,2025-01-10 13:30:00+00:00,4,rejected,BLS CPI/employment date,bls_employment_2025-02-07
NZDUSD,2025-01-03 13:30:00+00:00,5,selected,,bls_employment_2025-02-07
NZDUSD,2024-12-27 13:30:00+00:00,6,valid_not_selected,,bls_employment_2025-02-07
NZDUSD,2024-12-20 13:30:00+00:00,7,valid_not_selected,,bls_employment_2025-02-07
NZDUSD,2024-12-13 13:30:00+00:00,8,valid_not_selected,,bls_employment_2025-02-07
NZDUSD,2024-12-06 13:30:00+00:00,9,rejected,BLS CPI/employment date,bls_employment_2025-02-07
NZDUSD,2024-11-29 13:30:00+00:00,10,valid_not_selected,,bls_employment_2025-02-07
NZDUSD,2024-11-22 13:30:00+00:00,11,valid_not_selected,,bls_employment_2025-02-07
NZDUSD,2024-11-15 13:30:00+00:00,12,valid_not_selected,,bls_employment_2025-02-07
USDJPY,2025-01-31 13:30:00+00:00,1,selected,,bls_employment_2025-02-07
USDJPY,2025-01-24 13:30:00+00:00,2,selected,,bls_employment_2025-02-07
USDJPY,2025-01-17 13:30:00+00:00,3,selected,,bls_employment_2025-02-07
USDJPY,2025-01-10 13:30:00+00:00,4,rejected,BLS CPI/employment date,bls_employment_2025-02-07
USDJPY,2025-01-03 13:30:00+00:00,5,selected,,bls_employment_2025-02-07
USDJPY,2024-12-27 13:30:00+00:00,6,valid_not_selected,,bls_employment_2025-02-07
USDJPY,2024-12-20 13:30:00+00:00,7,valid_not_selected,,bls_employment_2025-02-07
USDJPY,2024-12-13 13:30:00+00:00,8,valid_not_selected,,bls_employment_2025-02-07
USDJPY,2024-12-06 13:30:00+00:00,9,rejected,BLS CPI/employment date,bls_employment_2025-02-07
USDJPY,2024-11-29 13:30:00+00:00,10,valid_not_selected,,bls_employment_2025-02-07
USDJPY,2024-11-22 13:30:00+00:00,11,valid_not_selected,,bls_employment_2025-02-07
USDJPY,2024-11-15 13:30:00+00:00,12,valid_not_selected,,bls_employment_2025-02-07
USDCHF,2025-01-31 13:30:00+00:00,1,selected,,bls_employment_2025-02-07
USDCHF,2025-01-24 13:30:00+00:00,2,selected,,bls_employment_2025-02-07
USDCHF,2025-01-17 13:30:00+00:00,3,selected,,bls_employment_2025-02-07
USDCHF,2025-01-10 13:30:00+00:00,4,rejected,BLS CPI/employment date,bls_employment_2025-02-07
USDCHF,2025-01-03 13:30:00+00:00,5,selected,,bls_employment_2025-02-07
USDCHF,2024-12-27 13:30:00+00:00,6,valid_not_selected,,bls_employment_2025-02-07
USDCHF,2024-12-20 13:30:00+00:00,7,valid_not_selected,,bls_employment_2025-02-07
USDCHF,2024-12-13 13:30:00+00:00,8,valid_not_selected,,bls_employment_2025-02-07
USDCHF,2024-12-06 13:30:00+00:00,9,rejected,BLS CPI/employment date,bls_employment_2025-02-07
USDCHF,2024-11-29 13:30:00+00:00,10,valid_not_selected,,bls_employment_2025-02-07
USDCHF,2024-11-22 13:30:00+00:00,11,valid_not_selected,,bls_employment_2025-02-07
USDCHF,2024-11-15 13:30:00+00:00,12,valid_not_selected,,bls_employment_2025-02-07
USDCAD,2025-01-31 13:30:00+00:00,1,selected,,bls_employment_2025-02-07
USDCAD,2025-01-24 13:30:00+00:00,2,selected,,bls_employment_2025-02-07
USDCAD,2025-01-17 13:30:00+00:00,3,selected,,bls_employment_2025-02-07
USDCAD,2025-01-10 13:30:00+00:00,4,rejected,BLS CPI/employment date,bls_employment_2025-02-07
USDCAD,2025-01-03 13:30:00+00:00,5,selected,,bls_employment_2025-02-07
USDCAD,2024-12-27 13:30:00+00:00,6,valid_not_selected,,bls_employment_2025-02-07
USDCAD,2024-12-20 13:30:00+00:00,7,valid_not_selected,,bls_employment_2025-02-07
USDCAD,2024-12-13 13:30:00+00:00,8,valid_not_selected,,bls_employment_2025-02-07
USDCAD,2024-12-06 13:30:00+00:00,9,rejected,BLS CPI/employment date,bls_employment_2025-02-07
USDCAD,2024-11-29 13:30:00+00:00,10,valid_not_selected,,bls_employment_2025-02-07
USDCAD,2024-11-22 13:30:00+00:00,11,valid_not_selected,,bls_employment_2025-02-07
USDCAD,2024-11-15 13:30:00+00:00,12,valid_not_selected,,bls_employment_2025-02-07
EURJPY,2025-01-31 13:30:00+00:00,1,selected,,bls_employment_2025-02-07
EURJPY,2025-01-24 13:30:00+00:00,2,selected,,bls_employment_2025-02-07
EURJPY,2025-01-17 13:30:00+00:00,3,selected,,bls_employment_2025-02-07
EURJPY,2025-01-10 13:30:00+00:00,4,rejected,BLS CPI/employment date,bls_employment_2025-02-07
EURJPY,2025-01-03 13:30:00+00:00,5,selected,,bls_employment_2025-02-07
EURJPY,2024-12-27 13:30:00+00:00,6,valid_not_selected,,bls_employment_2025-02-07
EURJPY,2024-12-20 13:30:00+00:00,7,valid_not_selected,,bls_employment_2025-02-07
EURJPY,2024-12-13 13:30:00+00:00,8,valid_not_selected,,bls_employment_2025-02-07
EURJPY,2024-12-06 13:30:00+00:00,9,rejected,BLS CPI/employment date,bls_employment_2025-02-07
EURJPY,2024-11-29 13:30:00+00:00,10,valid_not_selected,,bls_employment_2025-02-07
EURJPY,2024-11-22 13:30:00+00:00,11,valid_not_selected,,bls_employment_2025-02-07
EURJPY,2024-11-15 13:30:00+00:00,12,valid_not_selected,,bls_employment_2025-02-07
XAUUSD,2025-01-31 13:30:00+00:00,1,selected,,bls_employment_2025-02-07
XAUUSD,2025-01-24 13:30:00+00:00,2,selected,,bls_employment_2025-02-07
XAUUSD,2025-01-17 13:30:00+00:00,3,selected,,bls_employment_2025-02-07
XAUUSD,2025-01-10 13:30:00+00:00,4,rejected,BLS CPI/employment date,bls_employment_2025-02-07
XAUUSD,2025-01-03 13:30:00+00:00,5,selected,,bls_employment_2025-02-07
XAUUSD,2024-12-27 13:30:00+00:00,6,valid_not_selected,,bls_employment_2025-02-07
XAUUSD,2024-12-20 13:30:00+00:00,7,valid_not_selected,,bls_employment_2025-02-07
XAUUSD,2024-12-13 13:30:00+00:00,8,valid_not_selected,,bls_employment_2025-02-07
XAUUSD,2024-12-06 13:30:00+00:00,9,rejected,BLS CPI/employment date,bls_employment_2025-02-07
XAUUSD,2024-11-29 13:30:00+00:00,10,valid_not_selected,,bls_employment_2025-02-07
XAUUSD,2024-11-22 13:30:00+00:00,11,valid_not_selected,,bls_employment_2025-02-07
XAUUSD,2024-11-15 13:30:00+00:00,12,valid_not_selected,,bls_employment_2025-02-07
XAGUSD,2025-01-31 13:30:00+00:00,1,selected,,bls_employment_2025-02-07
XAGUSD,2025-01-24 13:30:00+00:00,2,selected,,bls_employment_2025-02-07
XAGUSD,2025-01-17 13:30:00+00:00,3,selected,,bls_employment_2025-02-07
XAGUSD,2025-01-10 13:30:00+00:00,4,rejected,BLS CPI/employment date,bls_employment_2025-02-07
XAGUSD,2025-01-03 13:30:00+00:00,5,selected,,bls_employment_2025-02-07
XAGUSD,2024-12-27 13:30:00+00:00,6,valid_not_selected,,bls_employment_2025-02-07
XAGUSD,2024-12-20 13:30:00+00:00,7,valid_not_selected,,bls_employment_2025-02-07
XAGUSD,2024-12-13 13:30:00+00:00,8,valid_not_selected,,bls_employment_2025-02-07
XAGUSD,2024-12-06 13:30:00+00:00,9,rejected,BLS CPI/employment date,bls_employment_2025-02-07
XAGUSD,2024-11-29 13:30:00+00:00,10,valid_not_selected,,bls_employment_2025-02-07
XAGUSD,2024-11-22 13:30:00+00:00,11,valid_not_selected,,bls_employment_2025-02-07
XAGUSD,2024-11-15 13:30:00+00:00,12,valid_not_selected,,bls_employment_2025-02-07
SPXUSD,2025-01-31 13:30:00+00:00,1,selected,,bls_employment_2025-02-07
SPXUSD,2025-01-24 13:30:00+00:00,2,selected,,bls_employment_2025-02-07
SPXUSD,2025-01-17 13:30:00+00:00,3,selected,,bls_employment_2025-02-07
SPXUSD,2025-01-10 13:30:00+00:00,4,rejected,BLS CPI/employment date,bls_employment_2025-02-07
SPXUSD,2025-01-03 13:30:00+00:00,5,selected,,bls_employment_2025-02-07
SPXUSD,2024-12-27 13:30:00+00:00,6,valid_not_selected,,bls_employment_2025-02-07
SPXUSD,2024-12-20 13:30:00+00:00,7,valid_not_selected,,bls_employment_2025-02-07
SPXUSD,2024-12-13 13:30:00+00:00,8,valid_not_selected,,bls_employment_2025-02-07
SPXUSD,2024-12-06 13:30:00+00:00,9,rejected,BLS CPI/employment date,bls_employment_2025-02-07
SPXUSD,2024-11-29 13:30:00+00:00,10,valid_not_selected,,bls_employment_2025-02-07
SPXUSD,2024-11-22 13:30:00+00:00,11,valid_not_selected,,bls_employment_2025-02-07
SPXUSD,2024-11-15 13:30:00+00:00,12,valid_not_selected,,bls_employment_2025-02-07
NSXUSD,2025-01-31 13:30:00+00:00,1,selected,,bls_employment_2025-02-07
NSXUSD,2025-01-24 13:30:00+00:00,2,selected,,bls_employment_2025-02-07
NSXUSD,2025-01-17 13:30:00+00:00,3,selected,,bls_employment_2025-02-07
NSXUSD,2025-01-10 13:30:00+00:00,4,rejected,BLS CPI/employment date,bls_employment_2025-02-07
NSXUSD,2025-01-03 13:30:00+00:00,5,selected,,bls_employment_2025-02-07
NSXUSD,2024-12-27 13:30:00+00:00,6,valid_not_selected,,bls_employment_2025-02-07
NSXUSD,2024-12-20 13:30:00+00:00,7,valid_not_selected,,bls_employment_2025-02-07
NSXUSD,2024-12-13 13:30:00+00:00,8,valid_not_selected,,bls_employment_2025-02-07
NSXUSD,2024-12-06 13:30:00+00:00,9,rejected,BLS CPI/employment date,bls_employment_2025-02-07
NSXUSD,2024-11-29 13:30:00+00:00,10,valid_not_selected,,bls_employment_2025-02-07
NSXUSD,2024-11-22 13:30:00+00:00,11,valid_not_selected,,bls_employment_2025-02-07
NSXUSD,2024-11-15 13:30:00+00:00,12,valid_not_selected,,bls_employment_2025-02-07
GRXEUR,2025-01-31 13:30:00+00:00,1,selected,,bls_employment_2025-02-07
GRXEUR,2025-01-24 13:30:00+00:00,2,selected,,bls_employment_2025-02-07
GRXEUR,2025-01-17 13:30:00+00:00,3,selected,,bls_employment_2025-02-07
GRXEUR,2025-01-10 13:30:00+00:00,4,rejected,BLS CPI/employment date,bls_employment_2025-02-07
GRXEUR,2025-01-03 13:30:00+00:00,5,selected,,bls_employment_2025-02-07
GRXEUR,2024-12-27 13:30:00+00:00,6,valid_not_selected,,bls_employment_2025-02-07
GRXEUR,2024-12-20 13:30:00+00:00,7,valid_not_selected,,bls_employment_2025-02-07
GRXEUR,2024-12-13 13:30:00+00:00,8,valid_not_selected,,bls_employment_2025-02-07
GRXEUR,2024-12-06 13:30:00+00:00,9,rejected,BLS CPI/employment date,bls_employment_2025-02-07
GRXEUR,2024-11-29 13:30:00+00:00,10,valid_not_selected,,bls_employment_2025-02-07
GRXEUR,2024-11-22 13:30:00+00:00,11,valid_not_selected,,bls_employment_2025-02-07
GRXEUR,2024-11-15 13:30:00+00:00,12,valid_not_selected,,bls_employment_2025-02-07
UKXGBP,2025-01-31 13:30:00+00:00,1,selected,,bls_employment_2025-02-07
UKXGBP,2025-01-24 13:30:00+00:00,2,selected,,bls_employment_2025-02-07
UKXGBP,2025-01-17 13:30:00+00:00,3,selected,,bls_employment_2025-02-07
UKXGBP,2025-01-10 13:30:00+00:00,4,rejected,BLS CPI/employment date,bls_employment_2025-02-07
UKXGBP,2025-01-03 13:30:00+00:00,5,selected,,bls_employment_2025-02-07
UKXGBP,2024-12-27 13:30:00+00:00,6,valid_not_selected,,bls_employment_2025-02-07
UKXGBP,2024-12-20 13:30:00+00:00,7,valid_not_selected,,bls_employment_2025-02-07
UKXGBP,2024-12-13 13:30:00+00:00,8,valid_not_selected,,bls_employment_2025-02-07
UKXGBP,2024-12-06 13:30:00+00:00,9,rejected,BLS CPI/employment date,bls_employment_2025-02-07
UKXGBP,2024-11-29 13:30:00+00:00,10,valid_not_selected,,bls_employment_2025-02-07
UKXGBP,2024-11-22 13:30:00+00:00,11,valid_not_selected,,bls_employment_2025-02-07
UKXGBP,2024-11-15 13:30:00+00:00,12,valid_not_selected,,bls_employment_2025-02-07
BCOUSD,2025-01-31 13:30:00+00:00,1,selected,,bls_employment_2025-02-07
BCOUSD,2025-01-24 13:30:00+00:00,2,selected,,bls_employment_2025-02-07
BCOUSD,2025-01-17 13:30:00+00:00,3,selected,,bls_employment_2025-02-07
BCOUSD,2025-01-10 13:30:00+00:00,4,rejected,BLS CPI/employment date,bls_employment_2025-02-07
BCOUSD,2025-01-03 13:30:00+00:00,5,selected,,bls_employment_2025-02-07
BCOUSD,2024-12-27 13:30:00+00:00,6,valid_not_selected,,bls_employment_2025-02-07
BCOUSD,2024-12-20 13:30:00+00:00,7,valid_not_selected,,bls_employment_2025-02-07
BCOUSD,2024-12-13 13:30:00+00:00,8,valid_not_selected,,bls_employment_2025-02-07
BCOUSD,2024-12-06 13:30:00+00:00,9,rejected,BLS CPI/employment date,bls_employment_2025-02-07
BCOUSD,2024-11-29 13:30:00+00:00,10,valid_not_selected,,bls_employment_2025-02-07
BCOUSD,2024-11-22 13:30:00+00:00,11,valid_not_selected,,bls_employment_2025-02-07
BCOUSD,2024-11-15 13:30:00+00:00,12,valid_not_selected,,bls_employment_2025-02-07
EURUSD,2025-02-05 13:30:00+00:00,1,selected,,bls_cpi_2025-02-12
EURUSD,2025-01-29 13:30:00+00:00,2,selected,,bls_cpi_2025-02-12
EURUSD,2025-01-22 13:30:00+00:00,3,selected,,bls_cpi_2025-02-12
EURUSD,2025-01-15 13:30:00+00:00,4,rejected,BLS CPI/employment date,bls_cpi_2025-02-12
EURUSD,2025-01-08 13:30:00+00:00,5,selected,,bls_cpi_2025-02-12
EURUSD,2025-01-01 13:30:00+00:00,6,rejected,exact timestamp absent,bls_cpi_2025-02-12
EURUSD,2024-12-25 13:30:00+00:00,7,rejected,exact timestamp absent,bls_cpi_2025-02-12
EURUSD,2024-12-18 13:30:00+00:00,8,valid_not_selected,,bls_cpi_2025-02-12
EURUSD,2024-12-11 13:30:00+00:00,9,rejected,BLS CPI/employment date,bls_cpi_2025-02-12
EURUSD,2024-12-04 13:30:00+00:00,10,valid_not_selected,,bls_cpi_2025-02-12
EURUSD,2024-11-27 13:30:00+00:00,11,valid_not_selected,,bls_cpi_2025-02-12
EURUSD,2024-11-20 13:30:00+00:00,12,valid_not_selected,,bls_cpi_2025-02-12
GBPUSD,2025-02-05 13:30:00+00:00,1,selected,,bls_cpi_2025-02-12
GBPUSD,2025-01-29 13:30:00+00:00,2,selected,,bls_cpi_2025-02-12
GBPUSD,2025-01-22 13:30:00+00:00,3,selected,,bls_cpi_2025-02-12
GBPUSD,2025-01-15 13:30:00+00:00,4,rejected,BLS CPI/employment date,bls_cpi_2025-02-12
GBPUSD,2025-01-08 13:30:00+00:00,5,selected,,bls_cpi_2025-02-12
GBPUSD,2025-01-01 13:30:00+00:00,6,rejected,exact timestamp absent,bls_cpi_2025-02-12
GBPUSD,2024-12-25 13:30:00+00:00,7,rejected,exact timestamp absent,bls_cpi_2025-02-12
GBPUSD,2024-12-18 13:30:00+00:00,8,valid_not_selected,,bls_cpi_2025-02-12
GBPUSD,2024-12-11 13:30:00+00:00,9,rejected,BLS CPI/employment date,bls_cpi_2025-02-12
GBPUSD,2024-12-04 13:30:00+00:00,10,valid_not_selected,,bls_cpi_2025-02-12
GBPUSD,2024-11-27 13:30:00+00:00,11,valid_not_selected,,bls_cpi_2025-02-12
GBPUSD,2024-11-20 13:30:00+00:00,12,valid_not_selected,,bls_cpi_2025-02-12
AUDUSD,2025-02-05 13:30:00+00:00,1,selected,,bls_cpi_2025-02-12
AUDUSD,2025-01-29 13:30:00+00:00,2,selected,,bls_cpi_2025-02-12
AUDUSD,2025-01-22 13:30:00+00:00,3,selected,,bls_cpi_2025-02-12
AUDUSD,2025-01-15 13:30:00+00:00,4,rejected,BLS CPI/employment date,bls_cpi_2025-02-12
AUDUSD,2025-01-08 13:30:00+00:00,5,selected,,bls_cpi_2025-02-12
AUDUSD,2025-01-01 13:30:00+00:00,6,rejected,exact timestamp absent,bls_cpi_2025-02-12
AUDUSD,2024-12-25 13:30:00+00:00,7,rejected,exact timestamp absent,bls_cpi_2025-02-12
AUDUSD,2024-12-18 13:30:00+00:00,8,valid_not_selected,,bls_cpi_2025-02-12
AUDUSD,2024-12-11 13:30:00+00:00,9,rejected,BLS CPI/employment date,bls_cpi_2025-02-12
AUDUSD,2024-12-04 13:30:00+00:00,10,valid_not_selected,,bls_cpi_2025-02-12
AUDUSD,2024-11-27 13:30:00+00:00,11,valid_not_selected,,bls_cpi_2025-02-12
AUDUSD,2024-11-20 13:30:00+00:00,12,valid_not_selected,,bls_cpi_2025-02-12
NZDUSD,2025-02-05 13:30:00+00:00,1,selected,,bls_cpi_2025-02-12
NZDUSD,2025-01-29 13:30:00+00:00,2,selected,,bls_cpi_2025-02-12
NZDUSD,2025-01-22 13:30:00+00:00,3,selected,,bls_cpi_2025-02-12
NZDUSD,2025-01-15 13:30:00+00:00,4,rejected,BLS CPI/employment date,bls_cpi_2025-02-12
NZDUSD,2025-01-08 13:30:00+00:00,5,selected,,bls_cpi_2025-02-12
NZDUSD,2025-01-01 13:30:00+00:00,6,rejected,exact timestamp absent,bls_cpi_2025-02-12
NZDUSD,2024-12-25 13:30:00+00:00,7,rejected,exact timestamp absent,bls_cpi_2025-02-12
NZDUSD,2024-12-18 13:30:00+00:00,8,valid_not_selected,,bls_cpi_2025-02-12
NZDUSD,2024-12-11 13:30:00+00:00,9,rejected,BLS CPI/employment date,bls_cpi_2025-02-12
NZDUSD,2024-12-04 13:30:00+00:00,10,valid_not_selected,,bls_cpi_2025-02-12
NZDUSD,2024-11-27 13:30:00+00:00,11,valid_not_selected,,bls_cpi_2025-02-12
NZDUSD,2024-11-20 13:30:00+00:00,12,valid_not_selected,,bls_cpi_2025-02-12
USDJPY,2025-02-05 13:30:00+00:00,1,selected,,bls_cpi_2025-02-12
USDJPY,2025-01-29 13:30:00+00:00,2,selected,,bls_cpi_2025-02-12
USDJPY,2025-01-22 13:30:00+00:00,3,selected,,bls_cpi_2025-02-12
USDJPY,2025-01-15 13:30:00+00:00,4,rejected,BLS CPI/employment date,bls_cpi_2025-02-12
USDJPY,2025-01-08 13:30:00+00:00,5,selected,,bls_cpi_2025-02-12
USDJPY,2025-01-01 13:30:00+00:00,6,rejected,exact timestamp absent,bls_cpi_2025-02-12
USDJPY,2024-12-25 13:30:00+00:00,7,rejected,exact timestamp absent,bls_cpi_2025-02-12
USDJPY,2024-12-18 13:30:00+00:00,8,valid_not_selected,,bls_cpi_2025-02-12
USDJPY,2024-12-11 13:30:00+00:00,9,rejected,BLS CPI/employment date,bls_cpi_2025-02-12
USDJPY,2024-12-04 13:30:00+00:00,10,valid_not_selected,,bls_cpi_2025-02-12
USDJPY,2024-11-27 13:30:00+00:00,11,valid_not_selected,,bls_cpi_2025-02-12
USDJPY,2024-11-20 13:30:00+00:00,12,valid_not_selected,,bls_cpi_2025-02-12
USDCHF,2025-02-05 13:30:00+00:00,1,selected,,bls_cpi_2025-02-12
USDCHF,2025-01-29 13:30:00+00:00,2,selected,,bls_cpi_2025-02-12
USDCHF,2025-01-22 13:30:00+00:00,3,selected,,bls_cpi_2025-02-12
USDCHF,2025-01-15 13:30:00+00:00,4,rejected,BLS CPI/employment date,bls_cpi_2025-02-12
USDCHF,2025-01-08 13:30:00+00:00,5,selected,,bls_cpi_2025-02-12
USDCHF,2025-01-01 13:30:00+00:00,6,rejected,exact timestamp absent,bls_cpi_2025-02-12
USDCHF,2024-12-25 13:30:00+00:00,7,rejected,exact timestamp absent,bls_cpi_2025-02-12
USDCHF,2024-12-18 13:30:00+00:00,8,valid_not_selected,,bls_cpi_2025-02-12
USDCHF,2024-12-11 13:30:00+00:00,9,rejected,BLS CPI/employment date,bls_cpi_2025-02-12
USDCHF,2024-12-04 13:30:00+00:00,10,valid_not_selected,,bls_cpi_2025-02-12
USDCHF,2024-11-27 13:30:00+00:00,11,valid_not_selected,,bls_cpi_2025-02-12
USDCHF,2024-11-20 13:30:00+00:00,12,valid_not_selected,,bls_cpi_2025-02-12
USDCAD,2025-02-05 13:30:00+00:00,1,selected,,bls_cpi_2025-02-12
USDCAD,2025-01-29 13:30:00+00:00,2,selected,,bls_cpi_2025-02-12
USDCAD,2025-01-22 13:30:00+00:00,3,selected,,bls_cpi_2025-02-12
USDCAD,2025-01-15 13:30:00+00:00,4,rejected,BLS CPI/employment date,bls_cpi_2025-02-12
USDCAD,2025-01-08 13:30:00+00:00,5,selected,,bls_cpi_2025-02-12
USDCAD,2025-01-01 13:30:00+00:00,6,rejected,exact timestamp absent,bls_cpi_2025-02-12
USDCAD,2024-12-25 13:30:00+00:00,7,rejected,exact timestamp absent,bls_cpi_2025-02-12
USDCAD,2024-12-18 13:30:00+00:00,8,valid_not_selected,,bls_cpi_2025-02-12
USDCAD,2024-12-11 13:30:00+00:00,9,rejected,BLS CPI/employment date,bls_cpi_2025-02-12
USDCAD,2024-12-04 13:30:00+00:00,10,valid_not_selected,,bls_cpi_2025-02-12
USDCAD,2024-11-27 13:30:00+00:00,11,valid_not_selected,,bls_cpi_2025-02-12
USDCAD,2024-11-20 13:30:00+00:00,12,valid_not_selected,,bls_cpi_2025-02-12
EURJPY,2025-02-05 13:30:00+00:00,1,selected,,bls_cpi_2025-02-12
EURJPY,2025-01-29 13:30:00+00:00,2,selected,,bls_cpi_2025-02-12
EURJPY,2025-01-22 13:30:00+00:00,3,selected,,bls_cpi_2025-02-12
EURJPY,2025-01-15 13:30:00+00:00,4,rejected,BLS CPI/employment date,bls_cpi_2025-02-12
EURJPY,2025-01-08 13:30:00+00:00,5,selected,,bls_cpi_2025-02-12
EURJPY,2025-01-01 13:30:00+00:00,6,rejected,exact timestamp absent,bls_cpi_2025-02-12
EURJPY,2024-12-25 13:30:00+00:00,7,rejected,exact timestamp absent,bls_cpi_2025-02-12
EURJPY,2024-12-18 13:30:00+00:00,8,valid_not_selected,,bls_cpi_2025-02-12
EURJPY,2024-12-11 13:30:00+00:00,9,rejected,BLS CPI/employment date,bls_cpi_2025-02-12
EURJPY,2024-12-04 13:30:00+00:00,10,valid_not_selected,,bls_cpi_2025-02-12
EURJPY,2024-11-27 13:30:00+00:00,11,valid_not_selected,,bls_cpi_2025-02-12
EURJPY,2024-11-20 13:30:00+00:00,12,valid_not_selected,,bls_cpi_2025-02-12
XAUUSD,2025-02-05 13:30:00+00:00,1,selected,,bls_cpi_2025-02-12
XAUUSD,2025-01-29 13:30:00+00:00,2,selected,,bls_cpi_2025-02-12
XAUUSD,2025-01-22 13:30:00+00:00,3,selected,,bls_cpi_2025-02-12
XAUUSD,2025-01-15 13:30:00+00:00,4,rejected,BLS CPI/employment date,bls_cpi_2025-02-12
XAUUSD,2025-01-08 13:30:00+00:00,5,selected,,bls_cpi_2025-02-12
XAUUSD,2025-01-01 13:30:00+00:00,6,rejected,exact timestamp absent,bls_cpi_2025-02-12
XAUUSD,2024-12-25 13:30:00+00:00,7,rejected,exact timestamp absent,bls_cpi_2025-02-12
XAUUSD,2024-12-18 13:30:00+00:00,8,valid_not_selected,,bls_cpi_2025-02-12
XAUUSD,2024-12-11 13:30:00+00:00,9,rejected,BLS CPI/employment date,bls_cpi_2025-02-12
XAUUSD,2024-12-04 13:30:00+00:00,10,valid_not_selected,,bls_cpi_2025-02-12
XAUUSD,2024-11-27 13:30:00+00:00,11,valid_not_selected,,bls_cpi_2025-02-12
XAUUSD,2024-11-20 13:30:00+00:00,12,valid_not_selected,,bls_cpi_2025-02-12
XAGUSD,2025-02-05 13:30:00+00:00,1,selected,,bls_cpi_2025-02-12
XAGUSD,2025-01-29 13:30:00+00:00,2,selected,,bls_cpi_2025-02-12
XAGUSD,2025-01-22 13:30:00+00:00,3,selected,,bls_cpi_2025-02-12
XAGUSD,2025-01-15 13:30:00+00:00,4,rejected,BLS CPI/employment date,bls_cpi_2025-02-12
XAGUSD,2025-01-08 13:30:00+00:00,5,selected,,bls_cpi_2025-02-12
XAGUSD,2025-01-01 13:30:00+00:00,6,rejected,exact timestamp absent,bls_cpi_2025-02-12
XAGUSD,2024-12-25 13:30:00+00:00,7,rejected,exact timestamp absent,bls_cpi_2025-02-12
XAGUSD,2024-12-18 13:30:00+00:00,8,valid_not_selected,,bls_cpi_2025-02-12
XAGUSD,2024-12-11 13:30:00+00:00,9,rejected,BLS CPI/employment date,bls_cpi_2025-02-12
XAGUSD,2024-12-04 13:30:00+00:00,10,valid_not_selected,,bls_cpi_2025-02-12
XAGUSD,2024-11-27 13:30:00+00:00,11,valid_not_selected,,bls_cpi_2025-02-12
XAGUSD,2024-11-20 13:30:00+00:00,12,valid_not_selected,,bls_cpi_2025-02-12
SPXUSD,2025-02-05 13:30:00+00:00,1,selected,,bls_cpi_2025-02-12
SPXUSD,2025-01-29 13:30:00+00:00,2,selected,,bls_cpi_2025-02-12
SPXUSD,2025-01-22 13:30:00+00:00,3,selected,,bls_cpi_2025-02-12
SPXUSD,2025-01-15 13:30:00+00:00,4,rejected,BLS CPI/employment date,bls_cpi_2025-02-12
SPXUSD,2025-01-08 13:30:00+00:00,5,selected,,bls_cpi_2025-02-12
SPXUSD,2025-01-01 13:30:00+00:00,6,rejected,exact timestamp absent,bls_cpi_2025-02-12
SPXUSD,2024-12-25 13:30:00+00:00,7,rejected,exact timestamp absent,bls_cpi_2025-02-12
SPXUSD,2024-12-18 13:30:00+00:00,8,valid_not_selected,,bls_cpi_2025-02-12
SPXUSD,2024-12-11 13:30:00+00:00,9,rejected,BLS CPI/employment date,bls_cpi_2025-02-12
SPXUSD,2024-12-04 13:30:00+00:00,10,valid_not_selected,,bls_cpi_2025-02-12
SPXUSD,2024-11-27 13:30:00+00:00,11,valid_not_selected,,bls_cpi_2025-02-12
SPXUSD,2024-11-20 13:30:00+00:00,12,valid_not_selected,,bls_cpi_2025-02-12
NSXUSD,2025-02-05 13:30:00+00:00,1,selected,,bls_cpi_2025-02-12
NSXUSD,2025-01-29 13:30:00+00:00,2,selected,,bls_cpi_2025-02-12
NSXUSD,2025-01-22 13:30:00+00:00,3,selected,,bls_cpi_2025-02-12
NSXUSD,2025-01-15 13:30:00+00:00,4,rejected,BLS CPI/employment date,bls_cpi_2025-02-12
NSXUSD,2025-01-08 13:30:00+00:00,5,selected,,bls_cpi_2025-02-12
NSXUSD,2025-01-01 13:30:00+00:00,6,rejected,exact timestamp absent,bls_cpi_2025-02-12
NSXUSD,2024-12-25 13:30:00+00:00,7,rejected,exact timestamp absent,bls_cpi_2025-02-12
NSXUSD,2024-12-18 13:30:00+00:00,8,valid_not_selected,,bls_cpi_2025-02-12
NSXUSD,2024-12-11 13:30:00+00:00,9,rejected,BLS CPI/employment date,bls_cpi_2025-02-12
NSXUSD,2024-12-04 13:30:00+00:00,10,valid_not_selected,,bls_cpi_2025-02-12
NSXUSD,2024-11-27 13:30:00+00:00,11,valid_not_selected,,bls_cpi_2025-02-12
NSXUSD,2024-11-20 13:30:00+00:00,12,valid_not_selected,,bls_cpi_2025-02-12
GRXEUR,2025-02-05 13:30:00+00:00,1,selected,,bls_cpi_2025-02-12
GRXEUR,2025-01-29 13:30:00+00:00,2,selected,,bls_cpi_2025-02-12
GRXEUR,2025-01-22 13:30:00+00:00,3,selected,,bls_cpi_2025-02-12
GRXEUR,2025-01-15 13:30:00+00:00,4,rejected,BLS CPI/employment date,bls_cpi_2025-02-12
GRXEUR,2025-01-08 13:30:00+00:00,5,selected,,bls_cpi_2025-02-12
GRXEUR,2025-01-01 13:30:00+00:00,6,rejected,exact timestamp absent,bls_cpi_2025-02-12
GRXEUR,2024-12-25 13:30:00+00:00,7,rejected,exact timestamp absent,bls_cpi_2025-02-12
GRXEUR,2024-12-18 13:30:00+00:00,8,valid_not_selected,,bls_cpi_2025-02-12
GRXEUR,2024-12-11 13:30:00+00:00,9,rejected,BLS CPI/employment date,bls_cpi_2025-02-12
GRXEUR,2024-12-04 13:30:00+00:00,10,valid_not_selected,,bls_cpi_2025-02-12
GRXEUR,2024-11-27 13:30:00+00:00,11,valid_not_selected,,bls_cpi_2025-02-12
GRXEUR,2024-11-20 13:30:00+00:00,12,valid_not_selected,,bls_cpi_2025-02-12
GRXEUR,2025-02-12 13:30:00+00:00,0,event_rejected,quote absent/nonpositive,bls_cpi_2025-02-12
UKXGBP,2025-02-05 13:30:00+00:00,1,selected,,bls_cpi_2025-02-12
UKXGBP,2025-01-29 13:30:00+00:00,2,selected,,bls_cpi_2025-02-12
UKXGBP,2025-01-22 13:30:00+00:00,3,selected,,bls_cpi_2025-02-12
UKXGBP,2025-01-15 13:30:00+00:00,4,rejected,BLS CPI/employment date,bls_cpi_2025-02-12
UKXGBP,2025-01-08 13:30:00+00:00,5,selected,,bls_cpi_2025-02-12
UKXGBP,2025-01-01 13:30:00+00:00,6,rejected,exact timestamp absent,bls_cpi_2025-02-12
UKXGBP,2024-12-25 13:30:00+00:00,7,rejected,exact timestamp absent,bls_cpi_2025-02-12
UKXGBP,2024-12-18 13:30:00+00:00,8,valid_not_selected,,bls_cpi_2025-02-12
UKXGBP,2024-12-11 13:30:00+00:00,9,rejected,BLS CPI/employment date,bls_cpi_2025-02-12
UKXGBP,2024-12-04 13:30:00+00:00,10,valid_not_selected,,bls_cpi_2025-02-12
UKXGBP,2024-11-27 13:30:00+00:00,11,valid_not_selected,,bls_cpi_2025-02-12
UKXGBP,2024-11-20 13:30:00+00:00,12,valid_not_selected,,bls_cpi_2025-02-12
BCOUSD,2025-02-05 13:30:00+00:00,1,selected,,bls_cpi_2025-02-12
BCOUSD,2025-01-29 13:30:00+00:00,2,selected,,bls_cpi_2025-02-12
BCOUSD,2025-01-22 13:30:00+00:00,3,selected,,bls_cpi_2025-02-12
BCOUSD,2025-01-15 13:30:00+00:00,4,rejected,BLS CPI/employment date,bls_cpi_2025-02-12
BCOUSD,2025-01-08 13:30:00+00:00,5,selected,,bls_cpi_2025-02-12
BCOUSD,2025-01-01 13:30:00+00:00,6,rejected,exact timestamp absent,bls_cpi_2025-02-12
BCOUSD,2024-12-25 13:30:00+00:00,7,rejected,exact timestamp absent,bls_cpi_2025-02-12
BCOUSD,2024-12-18 13:30:00+00:00,8,valid_not_selected,,bls_cpi_2025-02-12
BCOUSD,2024-12-11 13:30:00+00:00,9,rejected,BLS CPI/employment date,bls_cpi_2025-02-12
BCOUSD,2024-12-04 13:30:00+00:00,10,valid_not_selected,,bls_cpi_2025-02-12
BCOUSD,2024-11-27 13:30:00+00:00,11,valid_not_selected,,bls_cpi_2025-02-12
BCOUSD,2024-11-20 13:30:00+00:00,12,valid_not_selected,,bls_cpi_2025-02-12
EURUSD,2025-02-28 13:30:00+00:00,1,selected,,bls_employment_2025-03-07
EURUSD,2025-02-21 13:30:00+00:00,2,selected,,bls_employment_2025-03-07
EURUSD,2025-02-14 13:30:00+00:00,3,selected,,bls_employment_2025-03-07
EURUSD,2025-02-07 13:30:00+00:00,4,rejected,BLS CPI/employment date,bls_employment_2025-03-07
EURUSD,2025-01-31 13:30:00+00:00,5,selected,,bls_employment_2025-03-07
EURUSD,2025-01-24 13:30:00+00:00,6,valid_not_selected,,bls_employment_2025-03-07
EURUSD,2025-01-17 13:30:00+00:00,7,valid_not_selected,,bls_employment_2025-03-07
EURUSD,2025-01-10 13:30:00+00:00,8,rejected,BLS CPI/employment date,bls_employment_2025-03-07
EURUSD,2025-01-03 13:30:00+00:00,9,valid_not_selected,,bls_employment_2025-03-07
EURUSD,2024-12-27 13:30:00+00:00,10,valid_not_selected,,bls_employment_2025-03-07
EURUSD,2024-12-20 13:30:00+00:00,11,valid_not_selected,,bls_employment_2025-03-07
EURUSD,2024-12-13 13:30:00+00:00,12,valid_not_selected,,bls_employment_2025-03-07
GBPUSD,2025-02-28 13:30:00+00:00,1,selected,,bls_employment_2025-03-07
GBPUSD,2025-02-21 13:30:00+00:00,2,selected,,bls_employment_2025-03-07
GBPUSD,2025-02-14 13:30:00+00:00,3,selected,,bls_employment_2025-03-07
GBPUSD,2025-02-07 13:30:00+00:00,4,rejected,BLS CPI/employment date,bls_employment_2025-03-07
GBPUSD,2025-01-31 13:30:00+00:00,5,selected,,bls_employment_2025-03-07
GBPUSD,2025-01-24 13:30:00+00:00,6,valid_not_selected,,bls_employment_2025-03-07
GBPUSD,2025-01-17 13:30:00+00:00,7,valid_not_selected,,bls_employment_2025-03-07
GBPUSD,2025-01-10 13:30:00+00:00,8,rejected,BLS CPI/employment date,bls_employment_2025-03-07
GBPUSD,2025-01-03 13:30:00+00:00,9,valid_not_selected,,bls_employment_2025-03-07
GBPUSD,2024-12-27 13:30:00+00:00,10,valid_not_selected,,bls_employment_2025-03-07
GBPUSD,2024-12-20 13:30:00+00:00,11,valid_not_selected,,bls_employment_2025-03-07
GBPUSD,2024-12-13 13:30:00+00:00,12,valid_not_selected,,bls_employment_2025-03-07
AUDUSD,2025-02-28 13:30:00+00:00,1,selected,,bls_employment_2025-03-07
AUDUSD,2025-02-21 13:30:00+00:00,2,selected,,bls_employment_2025-03-07
AUDUSD,2025-02-14 13:30:00+00:00,3,selected,,bls_employment_2025-03-07
AUDUSD,2025-02-07 13:30:00+00:00,4,rejected,BLS CPI/employment date,bls_employment_2025-03-07
AUDUSD,2025-01-31 13:30:00+00:00,5,selected,,bls_employment_2025-03-07
AUDUSD,2025-01-24 13:30:00+00:00,6,valid_not_selected,,bls_employment_2025-03-07
AUDUSD,2025-01-17 13:30:00+00:00,7,valid_not_selected,,bls_employment_2025-03-07
AUDUSD,2025-01-10 13:30:00+00:00,8,rejected,BLS CPI/employment date,bls_employment_2025-03-07
AUDUSD,2025-01-03 13:30:00+00:00,9,valid_not_selected,,bls_employment_2025-03-07
AUDUSD,2024-12-27 13:30:00+00:00,10,valid_not_selected,,bls_employment_2025-03-07
AUDUSD,2024-12-20 13:30:00+00:00,11,valid_not_selected,,bls_employment_2025-03-07
AUDUSD,2024-12-13 13:30:00+00:00,12,valid_not_selected,,bls_employment_2025-03-07
NZDUSD,2025-02-28 13:30:00+00:00,1,selected,,bls_employment_2025-03-07
NZDUSD,2025-02-21 13:30:00+00:00,2,selected,,bls_employment_2025-03-07
NZDUSD,2025-02-14 13:30:00+00:00,3,selected,,bls_employment_2025-03-07
NZDUSD,2025-02-07 13:30:00+00:00,4,rejected,BLS CPI/employment date,bls_employment_2025-03-07
NZDUSD,2025-01-31 13:30:00+00:00,5,selected,,bls_employment_2025-03-07
NZDUSD,2025-01-24 13:30:00+00:00,6,valid_not_selected,,bls_employment_2025-03-07
NZDUSD,2025-01-17 13:30:00+00:00,7,valid_not_selected,,bls_employment_2025-03-07
NZDUSD,2025-01-10 13:30:00+00:00,8,rejected,BLS CPI/employment date,bls_employment_2025-03-07
NZDUSD,2025-01-03 13:30:00+00:00,9,valid_not_selected,,bls_employment_2025-03-07
NZDUSD,2024-12-27 13:30:00+00:00,10,valid_not_selected,,bls_employment_2025-03-07
NZDUSD,2024-12-20 13:30:00+00:00,11,valid_not_selected,,bls_employment_2025-03-07
NZDUSD,2024-12-13 13:30:00+00:00,12,valid_not_selected,,bls_employment_2025-03-07
USDJPY,2025-02-28 13:30:00+00:00,1,selected,,bls_employment_2025-03-07
USDJPY,2025-02-21 13:30:00+00:00,2,selected,,bls_employment_2025-03-07
USDJPY,2025-02-14 13:30:00+00:00,3,selected,,bls_employment_2025-03-07
USDJPY,2025-02-07 13:30:00+00:00,4,rejected,BLS CPI/employment date,bls_employment_2025-03-07
USDJPY,2025-01-31 13:30:00+00:00,5,selected,,bls_employment_2025-03-07
USDJPY,2025-01-24 13:30:00+00:00,6,valid_not_selected,,bls_employment_2025-03-07
USDJPY,2025-01-17 13:30:00+00:00,7,valid_not_selected,,bls_employment_2025-03-07
USDJPY,2025-01-10 13:30:00+00:00,8,rejected,BLS CPI/employment date,bls_employment_2025-03-07
USDJPY,2025-01-03 13:30:00+00:00,9,valid_not_selected,,bls_employment_2025-03-07
USDJPY,2024-12-27 13:30:00+00:00,10,valid_not_selected,,bls_employment_2025-03-07
USDJPY,2024-12-20 13:30:00+00:00,11,valid_not_selected,,bls_employment_2025-03-07
USDJPY,2024-12-13 13:30:00+00:00,12,valid_not_selected,,bls_employment_2025-03-07
USDCHF,2025-02-28 13:30:00+00:00,1,selected,,bls_employment_2025-03-07
USDCHF,2025-02-21 13:30:00+00:00,2,selected,,bls_employment_2025-03-07
USDCHF,2025-02-14 13:30:00+00:00,3,selected,,bls_employment_2025-03-07
USDCHF,2025-02-07 13:30:00+00:00,4,rejected,BLS CPI/employment date,bls_employment_2025-03-07
USDCHF,2025-01-31 13:30:00+00:00,5,selected,,bls_employment_2025-03-07
USDCHF,2025-01-24 13:30:00+00:00,6,valid_not_selected,,bls_employment_2025-03-07
USDCHF,2025-01-17 13:30:00+00:00,7,valid_not_selected,,bls_employment_2025-03-07
USDCHF,2025-01-10 13:30:00+00:00,8,rejected,BLS CPI/employment date,bls_employment_2025-03-07
USDCHF,2025-01-03 13:30:00+00:00,9,valid_not_selected,,bls_employment_2025-03-07
USDCHF,2024-12-27 13:30:00+00:00,10,valid_not_selected,,bls_employment_2025-03-07
USDCHF,2024-12-20 13:30:00+00:00,11,valid_not_selected,,bls_employment_2025-03-07
USDCHF,2024-12-13 13:30:00+00:00,12,valid_not_selected,,bls_employment_2025-03-07
USDCAD,2025-02-28 13:30:00+00:00,1,selected,,bls_employment_2025-03-07
USDCAD,2025-02-21 13:30:00+00:00,2,selected,,bls_employment_2025-03-07
USDCAD,2025-02-14 13:30:00+00:00,3,selected,,bls_employment_2025-03-07
USDCAD,2025-02-07 13:30:00+00:00,4,rejected,BLS CPI/employment date,bls_employment_2025-03-07
USDCAD,2025-01-31 13:30:00+00:00,5,selected,,bls_employment_2025-03-07
USDCAD,2025-01-24 13:30:00+00:00,6,valid_not_selected,,bls_employment_2025-03-07
USDCAD,2025-01-17 13:30:00+00:00,7,valid_not_selected,,bls_employment_2025-03-07
USDCAD,2025-01-10 13:30:00+00:00,8,rejected,BLS CPI/employment date,bls_employment_2025-03-07
USDCAD,2025-01-03 13:30:00+00:00,9,valid_not_selected,,bls_employment_2025-03-07
USDCAD,2024-12-27 13:30:00+00:00,10,valid_not_selected,,bls_employment_2025-03-07
USDCAD,2024-12-20 13:30:00+00:00,11,valid_not_selected,,bls_employment_2025-03-07
USDCAD,2024-12-13 13:30:00+00:00,12,valid_not_selected,,bls_employment_2025-03-07
EURJPY,2025-02-28 13:30:00+00:00,1,selected,,bls_employment_2025-03-07
EURJPY,2025-02-21 13:30:00+00:00,2,selected,,bls_employment_2025-03-07
EURJPY,2025-02-14 13:30:00+00:00,3,selected,,bls_employment_2025-03-07
EURJPY,2025-02-07 13:30:00+00:00,4,rejected,BLS CPI/employment date,bls_employment_2025-03-07
EURJPY,2025-01-31 13:30:00+00:00,5,selected,,bls_employment_2025-03-07
EURJPY,2025-01-24 13:30:00+00:00,6,valid_not_selected,,bls_employment_2025-03-07
EURJPY,2025-01-17 13:30:00+00:00,7,valid_not_selected,,bls_employment_2025-03-07
EURJPY,2025-01-10 13:30:00+00:00,8,rejected,BLS CPI/employment date,bls_employment_2025-03-07
EURJPY,2025-01-03 13:30:00+00:00,9,valid_not_selected,,bls_employment_2025-03-07
EURJPY,2024-12-27 13:30:00+00:00,10,valid_not_selected,,bls_employment_2025-03-07
EURJPY,2024-12-20 13:30:00+00:00,11,valid_not_selected,,bls_employment_2025-03-07
EURJPY,2024-12-13 13:30:00+00:00,12,valid_not_selected,,bls_employment_2025-03-07
XAUUSD,2025-02-28 13:30:00+00:00,1,selected,,bls_employment_2025-03-07
XAUUSD,2025-02-21 13:30:00+00:00,2,selected,,bls_employment_2025-03-07
XAUUSD,2025-02-14 13:30:00+00:00,3,selected,,bls_employment_2025-03-07
XAUUSD,2025-02-07 13:30:00+00:00,4,rejected,BLS CPI/employment date,bls_employment_2025-03-07
XAUUSD,2025-01-31 13:30:00+00:00,5,selected,,bls_employment_2025-03-07
XAUUSD,2025-01-24 13:30:00+00:00,6,valid_not_selected,,bls_employment_2025-03-07
XAUUSD,2025-01-17 13:30:00+00:00,7,valid_not_selected,,bls_employment_2025-03-07
XAUUSD,2025-01-10 13:30:00+00:00,8,rejected,BLS CPI/employment date,bls_employment_2025-03-07
XAUUSD,2025-01-03 13:30:00+00:00,9,valid_not_selected,,bls_employment_2025-03-07
XAUUSD,2024-12-27 13:30:00+00:00,10,valid_not_selected,,bls_employment_2025-03-07
XAUUSD,2024-12-20 13:30:00+00:00,11,valid_not_selected,,bls_employment_2025-03-07
XAUUSD,2024-12-13 13:30:00+00:00,12,valid_not_selected,,bls_employment_2025-03-07
XAGUSD,2025-02-28 13:30:00+00:00,1,selected,,bls_employment_2025-03-07
XAGUSD,2025-02-21 13:30:00+00:00,2,selected,,bls_employment_2025-03-07
XAGUSD,2025-02-14 13:30:00+00:00,3,selected,,bls_employment_2025-03-07
XAGUSD,2025-02-07 13:30:00+00:00,4,rejected,BLS CPI/employment date,bls_employment_2025-03-07
XAGUSD,2025-01-31 13:30:00+00:00,5,selected,,bls_employment_2025-03-07
XAGUSD,2025-01-24 13:30:00+00:00,6,valid_not_selected,,bls_employment_2025-03-07
XAGUSD,2025-01-17 13:30:00+00:00,7,valid_not_selected,,bls_employment_2025-03-07
XAGUSD,2025-01-10 13:30:00+00:00,8,rejected,BLS CPI/employment date,bls_employment_2025-03-07
XAGUSD,2025-01-03 13:30:00+00:00,9,valid_not_selected,,bls_employment_2025-03-07
XAGUSD,2024-12-27 13:30:00+00:00,10,valid_not_selected,,bls_employment_2025-03-07
XAGUSD,2024-12-20 13:30:00+00:00,11,valid_not_selected,,bls_employment_2025-03-07
XAGUSD,2024-12-13 13:30:00+00:00,12,valid_not_selected,,bls_employment_2025-03-07
SPXUSD,2025-02-28 13:30:00+00:00,1,selected,,bls_employment_2025-03-07
SPXUSD,2025-02-21 13:30:00+00:00,2,selected,,bls_employment_2025-03-07
SPXUSD,2025-02-14 13:30:00+00:00,3,selected,,bls_employment_2025-03-07
SPXUSD,2025-02-07 13:30:00+00:00,4,rejected,BLS CPI/employment date,bls_employment_2025-03-07
SPXUSD,2025-01-31 13:30:00+00:00,5,selected,,bls_employment_2025-03-07
SPXUSD,2025-01-24 13:30:00+00:00,6,valid_not_selected,,bls_employment_2025-03-07
SPXUSD,2025-01-17 13:30:00+00:00,7,valid_not_selected,,bls_employment_2025-03-07
SPXUSD,2025-01-10 13:30:00+00:00,8,rejected,BLS CPI/employment date,bls_employment_2025-03-07
SPXUSD,2025-01-03 13:30:00+00:00,9,valid_not_selected,,bls_employment_2025-03-07
SPXUSD,2024-12-27 13:30:00+00:00,10,valid_not_selected,,bls_employment_2025-03-07
SPXUSD,2024-12-20 13:30:00+00:00,11,valid_not_selected,,bls_employment_2025-03-07
SPXUSD,2024-12-13 13:30:00+00:00,12,valid_not_selected,,bls_employment_2025-03-07
NSXUSD,2025-02-28 13:30:00+00:00,1,selected,,bls_employment_2025-03-07
NSXUSD,2025-02-21 13:30:00+00:00,2,selected,,bls_employment_2025-03-07
NSXUSD,2025-02-14 13:30:00+00:00,3,selected,,bls_employment_2025-03-07
NSXUSD,2025-02-07 13:30:00+00:00,4,rejected,BLS CPI/employment date,bls_employment_2025-03-07
NSXUSD,2025-01-31 13:30:00+00:00,5,selected,,bls_employment_2025-03-07
NSXUSD,2025-01-24 13:30:00+00:00,6,valid_not_selected,,bls_employment_2025-03-07
NSXUSD,2025-01-17 13:30:00+00:00,7,valid_not_selected,,bls_employment_2025-03-07
NSXUSD,2025-01-10 13:30:00+00:00,8,rejected,BLS CPI/employment date,bls_employment_2025-03-07
NSXUSD,2025-01-03 13:30:00+00:00,9,valid_not_selected,,bls_employment_2025-03-07
NSXUSD,2024-12-27 13:30:00+00:00,10,valid_not_selected,,bls_employment_2025-03-07
NSXUSD,2024-12-20 13:30:00+00:00,11,valid_not_selected,,bls_employment_2025-03-07
NSXUSD,2024-12-13 13:30:00+00:00,12,valid_not_selected,,bls_employment_2025-03-07
GRXEUR,2025-02-28 13:30:00+00:00,1,selected,,bls_employment_2025-03-07
GRXEUR,2025-02-21 13:30:00+00:00,2,selected,,bls_employment_2025-03-07
GRXEUR,2025-02-14 13:30:00+00:00,3,selected,,bls_employment_2025-03-07
GRXEUR,2025-02-07 13:30:00+00:00,4,rejected,BLS CPI/employment date,bls_employment_2025-03-07
GRXEUR,2025-01-31 13:30:00+00:00,5,selected,,bls_employment_2025-03-07
GRXEUR,2025-01-24 13:30:00+00:00,6,valid_not_selected,,bls_employment_2025-03-07
GRXEUR,2025-01-17 13:30:00+00:00,7,valid_not_selected,,bls_employment_2025-03-07
GRXEUR,2025-01-10 13:30:00+00:00,8,rejected,BLS CPI/employment date,bls_employment_2025-03-07
GRXEUR,2025-01-03 13:30:00+00:00,9,valid_not_selected,,bls_employment_2025-03-07
GRXEUR,2024-12-27 13:30:00+00:00,10,valid_not_selected,,bls_employment_2025-03-07
GRXEUR,2024-12-20 13:30:00+00:00,11,valid_not_selected,,bls_employment_2025-03-07
GRXEUR,2024-12-13 13:30:00+00:00,12,valid_not_selected,,bls_employment_2025-03-07
UKXGBP,2025-02-28 13:30:00+00:00,1,selected,,bls_employment_2025-03-07
UKXGBP,2025-02-21 13:30:00+00:00,2,selected,,bls_employment_2025-03-07
UKXGBP,2025-02-14 13:30:00+00:00,3,selected,,bls_employment_2025-03-07
UKXGBP,2025-02-07 13:30:00+00:00,4,rejected,BLS CPI/employment date,bls_employment_2025-03-07
UKXGBP,2025-01-31 13:30:00+00:00,5,selected,,bls_employment_2025-03-07
UKXGBP,2025-01-24 13:30:00+00:00,6,valid_not_selected,,bls_employment_2025-03-07
UKXGBP,2025-01-17 13:30:00+00:00,7,valid_not_selected,,bls_employment_2025-03-07
UKXGBP,2025-01-10 13:30:00+00:00,8,rejected,BLS CPI/employment date,bls_employment_2025-03-07
UKXGBP,2025-01-03 13:30:00+00:00,9,valid_not_selected,,bls_employment_2025-03-07
UKXGBP,2024-12-27 13:30:00+00:00,10,valid_not_selected,,bls_employment_2025-03-07
UKXGBP,2024-12-20 13:30:00+00:00,11,valid_not_selected,,bls_employment_2025-03-07
UKXGBP,2024-12-13 13:30:00+00:00,12,valid_not_selected,,bls_employment_2025-03-07
BCOUSD,2025-02-28 13:30:00+00:00,1,selected,,bls_employment_2025-03-07
BCOUSD,2025-02-21 13:30:00+00:00,2,selected,,bls_employment_2025-03-07
BCOUSD,2025-02-14 13:30:00+00:00,3,selected,,bls_employment_2025-03-07
BCOUSD,2025-02-07 13:30:00+00:00,4,rejected,BLS CPI/employment date,bls_employment_2025-03-07
BCOUSD,2025-01-31 13:30:00+00:00,5,selected,,bls_employment_2025-03-07
BCOUSD,2025-01-24 13:30:00+00:00,6,valid_not_selected,,bls_employment_2025-03-07
BCOUSD,2025-01-17 13:30:00+00:00,7,valid_not_selected,,bls_employment_2025-03-07
BCOUSD,2025-01-10 13:30:00+00:00,8,rejected,BLS CPI/employment date,bls_employment_2025-03-07
BCOUSD,2025-01-03 13:30:00+00:00,9,valid_not_selected,,bls_employment_2025-03-07
BCOUSD,2024-12-27 13:30:00+00:00,10,valid_not_selected,,bls_employment_2025-03-07
BCOUSD,2024-12-20 13:30:00+00:00,11,valid_not_selected,,bls_employment_2025-03-07
BCOUSD,2024-12-13 13:30:00+00:00,12,valid_not_selected,,bls_employment_2025-03-07
EURUSD,2025-03-05 13:30:00+00:00,1,selected,,bls_cpi_2025-03-12
EURUSD,2025-02-26 13:30:00+00:00,2,selected,,bls_cpi_2025-03-12
EURUSD,2025-02-19 13:30:00+00:00,3,selected,,bls_cpi_2025-03-12
EURUSD,2025-02-12 13:30:00+00:00,4,rejected,BLS CPI/employment date,bls_cpi_2025-03-12
EURUSD,2025-02-05 13:30:00+00:00,5,selected,,bls_cpi_2025-03-12
EURUSD,2025-01-29 13:30:00+00:00,6,valid_not_selected,,bls_cpi_2025-03-12
EURUSD,2025-01-22 13:30:00+00:00,7,valid_not_selected,,bls_cpi_2025-03-12
EURUSD,2025-01-15 13:30:00+00:00,8,rejected,BLS CPI/employment date,bls_cpi_2025-03-12
EURUSD,2025-01-08 13:30:00+00:00,9,valid_not_selected,,bls_cpi_2025-03-12
EURUSD,2025-01-01 13:30:00+00:00,10,rejected,exact timestamp absent,bls_cpi_2025-03-12
EURUSD,2024-12-25 13:30:00+00:00,11,rejected,exact timestamp absent,bls_cpi_2025-03-12
EURUSD,2024-12-18 13:30:00+00:00,12,valid_not_selected,,bls_cpi_2025-03-12
GBPUSD,2025-03-05 13:30:00+00:00,1,selected,,bls_cpi_2025-03-12
GBPUSD,2025-02-26 13:30:00+00:00,2,selected,,bls_cpi_2025-03-12
GBPUSD,2025-02-19 13:30:00+00:00,3,selected,,bls_cpi_2025-03-12
GBPUSD,2025-02-12 13:30:00+00:00,4,rejected,BLS CPI/employment date,bls_cpi_2025-03-12
GBPUSD,2025-02-05 13:30:00+00:00,5,selected,,bls_cpi_2025-03-12
GBPUSD,2025-01-29 13:30:00+00:00,6,valid_not_selected,,bls_cpi_2025-03-12
GBPUSD,2025-01-22 13:30:00+00:00,7,valid_not_selected,,bls_cpi_2025-03-12
GBPUSD,2025-01-15 13:30:00+00:00,8,rejected,BLS CPI/employment date,bls_cpi_2025-03-12
GBPUSD,2025-01-08 13:30:00+00:00,9,valid_not_selected,,bls_cpi_2025-03-12
GBPUSD,2025-01-01 13:30:00+00:00,10,rejected,exact timestamp absent,bls_cpi_2025-03-12
GBPUSD,2024-12-25 13:30:00+00:00,11,rejected,exact timestamp absent,bls_cpi_2025-03-12
GBPUSD,2024-12-18 13:30:00+00:00,12,valid_not_selected,,bls_cpi_2025-03-12
AUDUSD,2025-03-05 13:30:00+00:00,1,selected,,bls_cpi_2025-03-12
AUDUSD,2025-02-26 13:30:00+00:00,2,selected,,bls_cpi_2025-03-12
AUDUSD,2025-02-19 13:30:00+00:00,3,selected,,bls_cpi_2025-03-12
AUDUSD,2025-02-12 13:30:00+00:00,4,rejected,BLS CPI/employment date,bls_cpi_2025-03-12
AUDUSD,2025-02-05 13:30:00+00:00,5,selected,,bls_cpi_2025-03-12
AUDUSD,2025-01-29 13:30:00+00:00,6,valid_not_selected,,bls_cpi_2025-03-12
AUDUSD,2025-01-22 13:30:00+00:00,7,valid_not_selected,,bls_cpi_2025-03-12
AUDUSD,2025-01-15 13:30:00+00:00,8,rejected,BLS CPI/employment date,bls_cpi_2025-03-12
AUDUSD,2025-01-08 13:30:00+00:00,9,valid_not_selected,,bls_cpi_2025-03-12
AUDUSD,2025-01-01 13:30:00+00:00,10,rejected,exact timestamp absent,bls_cpi_2025-03-12
AUDUSD,2024-12-25 13:30:00+00:00,11,rejected,exact timestamp absent,bls_cpi_2025-03-12
AUDUSD,2024-12-18 13:30:00+00:00,12,valid_not_selected,,bls_cpi_2025-03-12
NZDUSD,2025-03-05 13:30:00+00:00,1,selected,,bls_cpi_2025-03-12
NZDUSD,2025-02-26 13:30:00+00:00,2,selected,,bls_cpi_2025-03-12
NZDUSD,2025-02-19 13:30:00+00:00,3,selected,,bls_cpi_2025-03-12
NZDUSD,2025-02-12 13:30:00+00:00,4,rejected,BLS CPI/employment date,bls_cpi_2025-03-12
NZDUSD,2025-02-05 13:30:00+00:00,5,selected,,bls_cpi_2025-03-12
NZDUSD,2025-01-29 13:30:00+00:00,6,valid_not_selected,,bls_cpi_2025-03-12
NZDUSD,2025-01-22 13:30:00+00:00,7,valid_not_selected,,bls_cpi_2025-03-12
NZDUSD,2025-01-15 13:30:00+00:00,8,rejected,BLS CPI/employment date,bls_cpi_2025-03-12
NZDUSD,2025-01-08 13:30:00+00:00,9,valid_not_selected,,bls_cpi_2025-03-12
NZDUSD,2025-01-01 13:30:00+00:00,10,rejected,exact timestamp absent,bls_cpi_2025-03-12
NZDUSD,2024-12-25 13:30:00+00:00,11,rejected,exact timestamp absent,bls_cpi_2025-03-12
NZDUSD,2024-12-18 13:30:00+00:00,12,valid_not_selected,,bls_cpi_2025-03-12
USDJPY,2025-03-05 13:30:00+00:00,1,selected,,bls_cpi_2025-03-12
USDJPY,2025-02-26 13:30:00+00:00,2,selected,,bls_cpi_2025-03-12
USDJPY,2025-02-19 13:30:00+00:00,3,selected,,bls_cpi_2025-03-12
USDJPY,2025-02-12 13:30:00+00:00,4,rejected,BLS CPI/employment date,bls_cpi_2025-03-12
USDJPY,2025-02-05 13:30:00+00:00,5,selected,,bls_cpi_2025-03-12
USDJPY,2025-01-29 13:30:00+00:00,6,valid_not_selected,,bls_cpi_2025-03-12
USDJPY,2025-01-22 13:30:00+00:00,7,valid_not_selected,,bls_cpi_2025-03-12
USDJPY,2025-01-15 13:30:00+00:00,8,rejected,BLS CPI/employment date,bls_cpi_2025-03-12
USDJPY,2025-01-08 13:30:00+00:00,9,valid_not_selected,,bls_cpi_2025-03-12
USDJPY,2025-01-01 13:30:00+00:00,10,rejected,exact timestamp absent,bls_cpi_2025-03-12
USDJPY,2024-12-25 13:30:00+00:00,11,rejected,exact timestamp absent,bls_cpi_2025-03-12
USDJPY,2024-12-18 13:30:00+00:00,12,valid_not_selected,,bls_cpi_2025-03-12
USDCHF,2025-03-05 13:30:00+00:00,1,selected,,bls_cpi_2025-03-12
USDCHF,2025-02-26 13:30:00+00:00,2,selected,,bls_cpi_2025-03-12
USDCHF,2025-02-19 13:30:00+00:00,3,selected,,bls_cpi_2025-03-12
USDCHF,2025-02-12 13:30:00+00:00,4,rejected,BLS CPI/employment date,bls_cpi_2025-03-12
USDCHF,2025-02-05 13:30:00+00:00,5,selected,,bls_cpi_2025-03-12
USDCHF,2025-01-29 13:30:00+00:00,6,valid_not_selected,,bls_cpi_2025-03-12
USDCHF,2025-01-22 13:30:00+00:00,7,valid_not_selected,,bls_cpi_2025-03-12
USDCHF,2025-01-15 13:30:00+00:00,8,rejected,BLS CPI/employment date,bls_cpi_2025-03-12
USDCHF,2025-01-08 13:30:00+00:00,9,valid_not_selected,,bls_cpi_2025-03-12
USDCHF,2025-01-01 13:30:00+00:00,10,rejected,exact timestamp absent,bls_cpi_2025-03-12
USDCHF,2024-12-25 13:30:00+00:00,11,rejected,exact timestamp absent,bls_cpi_2025-03-12
USDCHF,2024-12-18 13:30:00+00:00,12,valid_not_selected,,bls_cpi_2025-03-12
USDCAD,2025-03-05 13:30:00+00:00,1,selected,,bls_cpi_2025-03-12
USDCAD,2025-02-26 13:30:00+00:00,2,selected,,bls_cpi_2025-03-12
USDCAD,2025-02-19 13:30:00+00:00,3,selected,,bls_cpi_2025-03-12
USDCAD,2025-02-12 13:30:00+00:00,4,rejected,BLS CPI/employment date,bls_cpi_2025-03-12
USDCAD,2025-02-05 13:30:00+00:00,5,selected,,bls_cpi_2025-03-12
USDCAD,2025-01-29 13:30:00+00:00,6,valid_not_selected,,bls_cpi_2025-03-12
USDCAD,2025-01-22 13:30:00+00:00,7,valid_not_selected,,bls_cpi_2025-03-12
USDCAD,2025-01-15 13:30:00+00:00,8,rejected,BLS CPI/employment date,bls_cpi_2025-03-12
USDCAD,2025-01-08 13:30:00+00:00,9,valid_not_selected,,bls_cpi_2025-03-12
USDCAD,2025-01-01 13:30:00+00:00,10,rejected,exact timestamp absent,bls_cpi_2025-03-12
USDCAD,2024-12-25 13:30:00+00:00,11,rejected,exact timestamp absent,bls_cpi_2025-03-12
USDCAD,2024-12-18 13:30:00+00:00,12,valid_not_selected,,bls_cpi_2025-03-12
EURJPY,2025-03-05 13:30:00+00:00,1,selected,,bls_cpi_2025-03-12
EURJPY,2025-02-26 13:30:00+00:00,2,selected,,bls_cpi_2025-03-12
EURJPY,2025-02-19 13:30:00+00:00,3,selected,,bls_cpi_2025-03-12
EURJPY,2025-02-12 13:30:00+00:00,4,rejected,BLS CPI/employment date,bls_cpi_2025-03-12
EURJPY,2025-02-05 13:30:00+00:00,5,selected,,bls_cpi_2025-03-12
EURJPY,2025-01-29 13:30:00+00:00,6,valid_not_selected,,bls_cpi_2025-03-12
EURJPY,2025-01-22 13:30:00+00:00,7,valid_not_selected,,bls_cpi_2025-03-12
EURJPY,2025-01-15 13:30:00+00:00,8,rejected,BLS CPI/employment date,bls_cpi_2025-03-12
EURJPY,2025-01-08 13:30:00+00:00,9,valid_not_selected,,bls_cpi_2025-03-12
EURJPY,2025-01-01 13:30:00+00:00,10,rejected,exact timestamp absent,bls_cpi_2025-03-12
EURJPY,2024-12-25 13:30:00+00:00,11,rejected,exact timestamp absent,bls_cpi_2025-03-12
EURJPY,2024-12-18 13:30:00+00:00,12,valid_not_selected,,bls_cpi_2025-03-12
XAUUSD,2025-03-05 13:30:00+00:00,1,selected,,bls_cpi_2025-03-12
XAUUSD,2025-02-26 13:30:00+00:00,2,selected,,bls_cpi_2025-03-12
XAUUSD,2025-02-19 13:30:00+00:00,3,selected,,bls_cpi_2025-03-12
XAUUSD,2025-02-12 13:30:00+00:00,4,rejected,BLS CPI/employment date,bls_cpi_2025-03-12
XAUUSD,2025-02-05 13:30:00+00:00,5,selected,,bls_cpi_2025-03-12
XAUUSD,2025-01-29 13:30:00+00:00,6,valid_not_selected,,bls_cpi_2025-03-12
XAUUSD,2025-01-22 13:30:00+00:00,7,valid_not_selected,,bls_cpi_2025-03-12
XAUUSD,2025-01-15 13:30:00+00:00,8,rejected,BLS CPI/employment date,bls_cpi_2025-03-12
XAUUSD,2025-01-08 13:30:00+00:00,9,valid_not_selected,,bls_cpi_2025-03-12
XAUUSD,2025-01-01 13:30:00+00:00,10,rejected,exact timestamp absent,bls_cpi_2025-03-12
XAUUSD,2024-12-25 13:30:00+00:00,11,rejected,exact timestamp absent,bls_cpi_2025-03-12
XAUUSD,2024-12-18 13:30:00+00:00,12,valid_not_selected,,bls_cpi_2025-03-12
XAGUSD,2025-03-05 13:30:00+00:00,1,selected,,bls_cpi_2025-03-12
XAGUSD,2025-02-26 13:30:00+00:00,2,selected,,bls_cpi_2025-03-12
XAGUSD,2025-02-19 13:30:00+00:00,3,selected,,bls_cpi_2025-03-12
XAGUSD,2025-02-12 13:30:00+00:00,4,rejected,BLS CPI/employment date,bls_cpi_2025-03-12
XAGUSD,2025-02-05 13:30:00+00:00,5,selected,,bls_cpi_2025-03-12
XAGUSD,2025-01-29 13:30:00+00:00,6,valid_not_selected,,bls_cpi_2025-03-12
XAGUSD,2025-01-22 13:30:00+00:00,7,valid_not_selected,,bls_cpi_2025-03-12
XAGUSD,2025-01-15 13:30:00+00:00,8,rejected,BLS CPI/employment date,bls_cpi_2025-03-12
XAGUSD,2025-01-08 13:30:00+00:00,9,valid_not_selected,,bls_cpi_2025-03-12
XAGUSD,2025-01-01 13:30:00+00:00,10,rejected,exact timestamp absent,bls_cpi_2025-03-12
XAGUSD,2024-12-25 13:30:00+00:00,11,rejected,exact timestamp absent,bls_cpi_2025-03-12
XAGUSD,2024-12-18 13:30:00+00:00,12,valid_not_selected,,bls_cpi_2025-03-12
SPXUSD,2025-03-05 13:30:00+00:00,1,selected,,bls_cpi_2025-03-12
SPXUSD,2025-02-26 13:30:00+00:00,2,selected,,bls_cpi_2025-03-12
SPXUSD,2025-02-19 13:30:00+00:00,3,selected,,bls_cpi_2025-03-12
SPXUSD,2025-02-12 13:30:00+00:00,4,rejected,BLS CPI/employment date,bls_cpi_2025-03-12
SPXUSD,2025-02-05 13:30:00+00:00,5,selected,,bls_cpi_2025-03-12
SPXUSD,2025-01-29 13:30:00+00:00,6,valid_not_selected,,bls_cpi_2025-03-12
SPXUSD,2025-01-22 13:30:00+00:00,7,valid_not_selected,,bls_cpi_2025-03-12
SPXUSD,2025-01-15 13:30:00+00:00,8,rejected,BLS CPI/employment date,bls_cpi_2025-03-12
SPXUSD,2025-01-08 13:30:00+00:00,9,valid_not_selected,,bls_cpi_2025-03-12
SPXUSD,2025-01-01 13:30:00+00:00,10,rejected,exact timestamp absent,bls_cpi_2025-03-12
SPXUSD,2024-12-25 13:30:00+00:00,11,rejected,exact timestamp absent,bls_cpi_2025-03-12
SPXUSD,2024-12-18 13:30:00+00:00,12,valid_not_selected,,bls_cpi_2025-03-12
NSXUSD,2025-03-05 13:30:00+00:00,1,selected,,bls_cpi_2025-03-12
NSXUSD,2025-02-26 13:30:00+00:00,2,selected,,bls_cpi_2025-03-12
NSXUSD,2025-02-19 13:30:00+00:00,3,selected,,bls_cpi_2025-03-12
NSXUSD,2025-02-12 13:30:00+00:00,4,rejected,BLS CPI/employment date,bls_cpi_2025-03-12
NSXUSD,2025-02-05 13:30:00+00:00,5,selected,,bls_cpi_2025-03-12
NSXUSD,2025-01-29 13:30:00+00:00,6,valid_not_selected,,bls_cpi_2025-03-12
NSXUSD,2025-01-22 13:30:00+00:00,7,valid_not_selected,,bls_cpi_2025-03-12
NSXUSD,2025-01-15 13:30:00+00:00,8,rejected,BLS CPI/employment date,bls_cpi_2025-03-12
NSXUSD,2025-01-08 13:30:00+00:00,9,valid_not_selected,,bls_cpi_2025-03-12
NSXUSD,2025-01-01 13:30:00+00:00,10,rejected,exact timestamp absent,bls_cpi_2025-03-12
NSXUSD,2024-12-25 13:30:00+00:00,11,rejected,exact timestamp absent,bls_cpi_2025-03-12
NSXUSD,2024-12-18 13:30:00+00:00,12,valid_not_selected,,bls_cpi_2025-03-12
GRXEUR,2025-03-05 13:30:00+00:00,1,selected,,bls_cpi_2025-03-12
GRXEUR,2025-02-26 13:30:00+00:00,2,selected,,bls_cpi_2025-03-12
GRXEUR,2025-02-19 13:30:00+00:00,3,selected,,bls_cpi_2025-03-12
GRXEUR,2025-02-12 13:30:00+00:00,4,rejected,BLS CPI/employment date,bls_cpi_2025-03-12
GRXEUR,2025-02-05 13:30:00+00:00,5,selected,,bls_cpi_2025-03-12
GRXEUR,2025-01-29 13:30:00+00:00,6,valid_not_selected,,bls_cpi_2025-03-12
GRXEUR,2025-01-22 13:30:00+00:00,7,valid_not_selected,,bls_cpi_2025-03-12
GRXEUR,2025-01-15 13:30:00+00:00,8,rejected,BLS CPI/employment date,bls_cpi_2025-03-12
GRXEUR,2025-01-08 13:30:00+00:00,9,valid_not_selected,,bls_cpi_2025-03-12
GRXEUR,2025-01-01 13:30:00+00:00,10,rejected,exact timestamp absent,bls_cpi_2025-03-12
GRXEUR,2024-12-25 13:30:00+00:00,11,rejected,exact timestamp absent,bls_cpi_2025-03-12
GRXEUR,2024-12-18 13:30:00+00:00,12,valid_not_selected,,bls_cpi_2025-03-12
UKXGBP,2025-03-05 13:30:00+00:00,1,selected,,bls_cpi_2025-03-12
UKXGBP,2025-02-26 13:30:00+00:00,2,selected,,bls_cpi_2025-03-12
UKXGBP,2025-02-19 13:30:00+00:00,3,selected,,bls_cpi_2025-03-12
UKXGBP,2025-02-12 13:30:00+00:00,4,rejected,BLS CPI/employment date,bls_cpi_2025-03-12
UKXGBP,2025-02-05 13:30:00+00:00,5,selected,,bls_cpi_2025-03-12
UKXGBP,2025-01-29 13:30:00+00:00,6,valid_not_selected,,bls_cpi_2025-03-12
UKXGBP,2025-01-22 13:30:00+00:00,7,valid_not_selected,,bls_cpi_2025-03-12
UKXGBP,2025-01-15 13:30:00+00:00,8,rejected,BLS CPI/employment date,bls_cpi_2025-03-12
UKXGBP,2025-01-08 13:30:00+00:00,9,valid_not_selected,,bls_cpi_2025-03-12
UKXGBP,2025-01-01 13:30:00+00:00,10,rejected,exact timestamp absent,bls_cpi_2025-03-12
UKXGBP,2024-12-25 13:30:00+00:00,11,rejected,exact timestamp absent,bls_cpi_2025-03-12
UKXGBP,2024-12-18 13:30:00+00:00,12,valid_not_selected,,bls_cpi_2025-03-12
BCOUSD,2025-03-05 13:30:00+00:00,1,selected,,bls_cpi_2025-03-12
BCOUSD,2025-02-26 13:30:00+00:00,2,selected,,bls_cpi_2025-03-12
BCOUSD,2025-02-19 13:30:00+00:00,3,selected,,bls_cpi_2025-03-12
BCOUSD,2025-02-12 13:30:00+00:00,4,rejected,BLS CPI/employment date,bls_cpi_2025-03-12
BCOUSD,2025-02-05 13:30:00+00:00,5,selected,,bls_cpi_2025-03-12
BCOUSD,2025-01-29 13:30:00+00:00,6,valid_not_selected,,bls_cpi_2025-03-12
BCOUSD,2025-01-22 13:30:00+00:00,7,valid_not_selected,,bls_cpi_2025-03-12
BCOUSD,2025-01-15 13:30:00+00:00,8,rejected,BLS CPI/employment date,bls_cpi_2025-03-12
BCOUSD,2025-01-08 13:30:00+00:00,9,valid_not_selected,,bls_cpi_2025-03-12
BCOUSD,2025-01-01 13:30:00+00:00,10,rejected,exact timestamp absent,bls_cpi_2025-03-12
BCOUSD,2024-12-25 13:30:00+00:00,11,rejected,exact timestamp absent,bls_cpi_2025-03-12
BCOUSD,2024-12-18 13:30:00+00:00,12,valid_not_selected,,bls_cpi_2025-03-12
EURUSD,2025-03-28 13:30:00+00:00,1,selected,,bls_employment_2025-04-04
EURUSD,2025-03-21 13:30:00+00:00,2,selected,,bls_employment_2025-04-04
EURUSD,2025-03-14 13:30:00+00:00,3,selected,,bls_employment_2025-04-04
EURUSD,2025-03-07 13:30:00+00:00,4,rejected,BLS CPI/employment date,bls_employment_2025-04-04
EURUSD,2025-02-28 13:30:00+00:00,5,selected,,bls_employment_2025-04-04
EURUSD,2025-02-21 13:30:00+00:00,6,valid_not_selected,,bls_employment_2025-04-04
EURUSD,2025-02-14 13:30:00+00:00,7,valid_not_selected,,bls_employment_2025-04-04
EURUSD,2025-02-07 13:30:00+00:00,8,rejected,BLS CPI/employment date,bls_employment_2025-04-04
EURUSD,2025-01-31 13:30:00+00:00,9,valid_not_selected,,bls_employment_2025-04-04
EURUSD,2025-01-24 13:30:00+00:00,10,valid_not_selected,,bls_employment_2025-04-04
EURUSD,2025-01-17 13:30:00+00:00,11,valid_not_selected,,bls_employment_2025-04-04
EURUSD,2025-01-10 13:30:00+00:00,12,rejected,BLS CPI/employment date,bls_employment_2025-04-04
GBPUSD,2025-03-28 13:30:00+00:00,1,selected,,bls_employment_2025-04-04
GBPUSD,2025-03-21 13:30:00+00:00,2,selected,,bls_employment_2025-04-04
GBPUSD,2025-03-14 13:30:00+00:00,3,selected,,bls_employment_2025-04-04
GBPUSD,2025-03-07 13:30:00+00:00,4,rejected,BLS CPI/employment date,bls_employment_2025-04-04
GBPUSD,2025-02-28 13:30:00+00:00,5,selected,,bls_employment_2025-04-04
GBPUSD,2025-02-21 13:30:00+00:00,6,valid_not_selected,,bls_employment_2025-04-04
GBPUSD,2025-02-14 13:30:00+00:00,7,valid_not_selected,,bls_employment_2025-04-04
GBPUSD,2025-02-07 13:30:00+00:00,8,rejected,BLS CPI/employment date,bls_employment_2025-04-04
GBPUSD,2025-01-31 13:30:00+00:00,9,valid_not_selected,,bls_employment_2025-04-04
GBPUSD,2025-01-24 13:30:00+00:00,10,valid_not_selected,,bls_employment_2025-04-04
GBPUSD,2025-01-17 13:30:00+00:00,11,valid_not_selected,,bls_employment_2025-04-04
GBPUSD,2025-01-10 13:30:00+00:00,12,rejected,BLS CPI/employment date,bls_employment_2025-04-04
AUDUSD,2025-03-28 13:30:00+00:00,1,selected,,bls_employment_2025-04-04
AUDUSD,2025-03-21 13:30:00+00:00,2,selected,,bls_employment_2025-04-04
AUDUSD,2025-03-14 13:30:00+00:00,3,selected,,bls_employment_2025-04-04
AUDUSD,2025-03-07 13:30:00+00:00,4,rejected,BLS CPI/employment date,bls_employment_2025-04-04
AUDUSD,2025-02-28 13:30:00+00:00,5,selected,,bls_employment_2025-04-04
AUDUSD,2025-02-21 13:30:00+00:00,6,valid_not_selected,,bls_employment_2025-04-04
AUDUSD,2025-02-14 13:30:00+00:00,7,valid_not_selected,,bls_employment_2025-04-04
AUDUSD,2025-02-07 13:30:00+00:00,8,rejected,BLS CPI/employment date,bls_employment_2025-04-04
AUDUSD,2025-01-31 13:30:00+00:00,9,valid_not_selected,,bls_employment_2025-04-04
AUDUSD,2025-01-24 13:30:00+00:00,10,valid_not_selected,,bls_employment_2025-04-04
AUDUSD,2025-01-17 13:30:00+00:00,11,valid_not_selected,,bls_employment_2025-04-04
AUDUSD,2025-01-10 13:30:00+00:00,12,rejected,BLS CPI/employment date,bls_employment_2025-04-04
NZDUSD,2025-03-28 13:30:00+00:00,1,selected,,bls_employment_2025-04-04
NZDUSD,2025-03-21 13:30:00+00:00,2,selected,,bls_employment_2025-04-04
NZDUSD,2025-03-14 13:30:00+00:00,3,selected,,bls_employment_2025-04-04
NZDUSD,2025-03-07 13:30:00+00:00,4,rejected,BLS CPI/employment date,bls_employment_2025-04-04
NZDUSD,2025-02-28 13:30:00+00:00,5,selected,,bls_employment_2025-04-04
NZDUSD,2025-02-21 13:30:00+00:00,6,valid_not_selected,,bls_employment_2025-04-04
NZDUSD,2025-02-14 13:30:00+00:00,7,valid_not_selected,,bls_employment_2025-04-04
NZDUSD,2025-02-07 13:30:00+00:00,8,rejected,BLS CPI/employment date,bls_employment_2025-04-04
NZDUSD,2025-01-31 13:30:00+00:00,9,valid_not_selected,,bls_employment_2025-04-04
NZDUSD,2025-01-24 13:30:00+00:00,10,valid_not_selected,,bls_employment_2025-04-04
NZDUSD,2025-01-17 13:30:00+00:00,11,valid_not_selected,,bls_employment_2025-04-04
NZDUSD,2025-01-10 13:30:00+00:00,12,rejected,BLS CPI/employment date,bls_employment_2025-04-04
USDJPY,2025-03-28 13:30:00+00:00,1,selected,,bls_employment_2025-04-04
USDJPY,2025-03-21 13:30:00+00:00,2,selected,,bls_employment_2025-04-04
USDJPY,2025-03-14 13:30:00+00:00,3,selected,,bls_employment_2025-04-04
USDJPY,2025-03-07 13:30:00+00:00,4,rejected,BLS CPI/employment date,bls_employment_2025-04-04
USDJPY,2025-02-28 13:30:00+00:00,5,selected,,bls_employment_2025-04-04
USDJPY,2025-02-21 13:30:00+00:00,6,valid_not_selected,,bls_employment_2025-04-04
USDJPY,2025-02-14 13:30:00+00:00,7,valid_not_selected,,bls_employment_2025-04-04
USDJPY,2025-02-07 13:30:00+00:00,8,rejected,BLS CPI/employment date,bls_employment_2025-04-04
USDJPY,2025-01-31 13:30:00+00:00,9,valid_not_selected,,bls_employment_2025-04-04
USDJPY,2025-01-24 13:30:00+00:00,10,valid_not_selected,,bls_employment_2025-04-04
USDJPY,2025-01-17 13:30:00+00:00,11,valid_not_selected,,bls_employment_2025-04-04
USDJPY,2025-01-10 13:30:00+00:00,12,rejected,BLS CPI/employment date,bls_employment_2025-04-04
USDCHF,2025-03-28 13:30:00+00:00,1,selected,,bls_employment_2025-04-04
USDCHF,2025-03-21 13:30:00+00:00,2,selected,,bls_employment_2025-04-04
USDCHF,2025-03-14 13:30:00+00:00,3,selected,,bls_employment_2025-04-04
USDCHF,2025-03-07 13:30:00+00:00,4,rejected,BLS CPI/employment date,bls_employment_2025-04-04
USDCHF,2025-02-28 13:30:00+00:00,5,selected,,bls_employment_2025-04-04
USDCHF,2025-02-21 13:30:00+00:00,6,valid_not_selected,,bls_employment_2025-04-04
USDCHF,2025-02-14 13:30:00+00:00,7,valid_not_selected,,bls_employment_2025-04-04
USDCHF,2025-02-07 13:30:00+00:00,8,rejected,BLS CPI/employment date,bls_employment_2025-04-04
USDCHF,2025-01-31 13:30:00+00:00,9,valid_not_selected,,bls_employment_2025-04-04
USDCHF,2025-01-24 13:30:00+00:00,10,valid_not_selected,,bls_employment_2025-04-04
USDCHF,2025-01-17 13:30:00+00:00,11,valid_not_selected,,bls_employment_2025-04-04
USDCHF,2025-01-10 13:30:00+00:00,12,rejected,BLS CPI/employment date,bls_employment_2025-04-04
USDCAD,2025-03-28 13:30:00+00:00,1,selected,,bls_employment_2025-04-04
USDCAD,2025-03-21 13:30:00+00:00,2,selected,,bls_employment_2025-04-04
USDCAD,2025-03-14 13:30:00+00:00,3,selected,,bls_employment_2025-04-04
USDCAD,2025-03-07 13:30:00+00:00,4,rejected,BLS CPI/employment date,bls_employment_2025-04-04
USDCAD,2025-02-28 13:30:00+00:00,5,selected,,bls_employment_2025-04-04
USDCAD,2025-02-21 13:30:00+00:00,6,valid_not_selected,,bls_employment_2025-04-04
USDCAD,2025-02-14 13:30:00+00:00,7,valid_not_selected,,bls_employment_2025-04-04
USDCAD,2025-02-07 13:30:00+00:00,8,rejected,BLS CPI/employment date,bls_employment_2025-04-04
USDCAD,2025-01-31 13:30:00+00:00,9,valid_not_selected,,bls_employment_2025-04-04
USDCAD,2025-01-24 13:30:00+00:00,10,valid_not_selected,,bls_employment_2025-04-04
USDCAD,2025-01-17 13:30:00+00:00,11,valid_not_selected,,bls_employment_2025-04-04
USDCAD,2025-01-10 13:30:00+00:00,12,rejected,BLS CPI/employment date,bls_employment_2025-04-04
EURJPY,2025-03-28 13:30:00+00:00,1,selected,,bls_employment_2025-04-04
EURJPY,2025-03-21 13:30:00+00:00,2,selected,,bls_employment_2025-04-04
EURJPY,2025-03-14 13:30:00+00:00,3,selected,,bls_employment_2025-04-04
EURJPY,2025-03-07 13:30:00+00:00,4,rejected,BLS CPI/employment date,bls_employment_2025-04-04
EURJPY,2025-02-28 13:30:00+00:00,5,selected,,bls_employment_2025-04-04
EURJPY,2025-02-21 13:30:00+00:00,6,valid_not_selected,,bls_employment_2025-04-04
EURJPY,2025-02-14 13:30:00+00:00,7,valid_not_selected,,bls_employment_2025-04-04
EURJPY,2025-02-07 13:30:00+00:00,8,rejected,BLS CPI/employment date,bls_employment_2025-04-04
EURJPY,2025-01-31 13:30:00+00:00,9,valid_not_selected,,bls_employment_2025-04-04
EURJPY,2025-01-24 13:30:00+00:00,10,valid_not_selected,,bls_employment_2025-04-04
EURJPY,2025-01-17 13:30:00+00:00,11,valid_not_selected,,bls_employment_2025-04-04
EURJPY,2025-01-10 13:30:00+00:00,12,rejected,BLS CPI/employment date,bls_employment_2025-04-04
XAUUSD,2025-03-28 13:30:00+00:00,1,selected,,bls_employment_2025-04-04
XAUUSD,2025-03-21 13:30:00+00:00,2,selected,,bls_employment_2025-04-04
XAUUSD,2025-03-14 13:30:00+00:00,3,selected,,bls_employment_2025-04-04
XAUUSD,2025-03-07 13:30:00+00:00,4,rejected,BLS CPI/employment date,bls_employment_2025-04-04
XAUUSD,2025-02-28 13:30:00+00:00,5,selected,,bls_employment_2025-04-04
XAUUSD,2025-02-21 13:30:00+00:00,6,valid_not_selected,,bls_employment_2025-04-04
XAUUSD,2025-02-14 13:30:00+00:00,7,valid_not_selected,,bls_employment_2025-04-04
XAUUSD,2025-02-07 13:30:00+00:00,8,rejected,BLS CPI/employment date,bls_employment_2025-04-04
XAUUSD,2025-01-31 13:30:00+00:00,9,valid_not_selected,,bls_employment_2025-04-04
XAUUSD,2025-01-24 13:30:00+00:00,10,valid_not_selected,,bls_employment_2025-04-04
XAUUSD,2025-01-17 13:30:00+00:00,11,valid_not_selected,,bls_employment_2025-04-04
XAUUSD,2025-01-10 13:30:00+00:00,12,rejected,BLS CPI/employment date,bls_employment_2025-04-04
XAGUSD,2025-03-28 13:30:00+00:00,1,selected,,bls_employment_2025-04-04
XAGUSD,2025-03-21 13:30:00+00:00,2,selected,,bls_employment_2025-04-04
XAGUSD,2025-03-14 13:30:00+00:00,3,selected,,bls_employment_2025-04-04
XAGUSD,2025-03-07 13:30:00+00:00,4,rejected,BLS CPI/employment date,bls_employment_2025-04-04
XAGUSD,2025-02-28 13:30:00+00:00,5,selected,,bls_employment_2025-04-04
XAGUSD,2025-02-21 13:30:00+00:00,6,valid_not_selected,,bls_employment_2025-04-04
XAGUSD,2025-02-14 13:30:00+00:00,7,valid_not_selected,,bls_employment_2025-04-04
XAGUSD,2025-02-07 13:30:00+00:00,8,rejected,BLS CPI/employment date,bls_employment_2025-04-04
XAGUSD,2025-01-31 13:30:00+00:00,9,valid_not_selected,,bls_employment_2025-04-04
XAGUSD,2025-01-24 13:30:00+00:00,10,valid_not_selected,,bls_employment_2025-04-04
XAGUSD,2025-01-17 13:30:00+00:00,11,valid_not_selected,,bls_employment_2025-04-04
XAGUSD,2025-01-10 13:30:00+00:00,12,rejected,BLS CPI/employment date,bls_employment_2025-04-04
SPXUSD,2025-03-28 13:30:00+00:00,1,selected,,bls_employment_2025-04-04
SPXUSD,2025-03-21 13:30:00+00:00,2,selected,,bls_employment_2025-04-04
SPXUSD,2025-03-14 13:30:00+00:00,3,selected,,bls_employment_2025-04-04
SPXUSD,2025-03-07 13:30:00+00:00,4,rejected,BLS CPI/employment date,bls_employment_2025-04-04
SPXUSD,2025-02-28 13:30:00+00:00,5,selected,,bls_employment_2025-04-04
SPXUSD,2025-02-21 13:30:00+00:00,6,valid_not_selected,,bls_employment_2025-04-04
SPXUSD,2025-02-14 13:30:00+00:00,7,valid_not_selected,,bls_employment_2025-04-04
SPXUSD,2025-02-07 13:30:00+00:00,8,rejected,BLS CPI/employment date,bls_employment_2025-04-04
SPXUSD,2025-01-31 13:30:00+00:00,9,valid_not_selected,,bls_employment_2025-04-04
SPXUSD,2025-01-24 13:30:00+00:00,10,valid_not_selected,,bls_employment_2025-04-04
SPXUSD,2025-01-17 13:30:00+00:00,11,valid_not_selected,,bls_employment_2025-04-04
SPXUSD,2025-01-10 13:30:00+00:00,12,rejected,BLS CPI/employment date,bls_employment_2025-04-04
NSXUSD,2025-03-28 13:30:00+00:00,1,selected,,bls_employment_2025-04-04
NSXUSD,2025-03-21 13:30:00+00:00,2,selected,,bls_employment_2025-04-04
NSXUSD,2025-03-14 13:30:00+00:00,3,selected,,bls_employment_2025-04-04
NSXUSD,2025-03-07 13:30:00+00:00,4,rejected,BLS CPI/employment date,bls_employment_2025-04-04
NSXUSD,2025-02-28 13:30:00+00:00,5,selected,,bls_employment_2025-04-04
NSXUSD,2025-02-21 13:30:00+00:00,6,valid_not_selected,,bls_employment_2025-04-04
NSXUSD,2025-02-14 13:30:00+00:00,7,valid_not_selected,,bls_employment_2025-04-04
NSXUSD,2025-02-07 13:30:00+00:00,8,rejected,BLS CPI/employment date,bls_employment_2025-04-04
NSXUSD,2025-01-31 13:30:00+00:00,9,valid_not_selected,,bls_employment_2025-04-04
NSXUSD,2025-01-24 13:30:00+00:00,10,valid_not_selected,,bls_employment_2025-04-04
NSXUSD,2025-01-17 13:30:00+00:00,11,valid_not_selected,,bls_employment_2025-04-04
NSXUSD,2025-01-10 13:30:00+00:00,12,rejected,BLS CPI/employment date,bls_employment_2025-04-04
GRXEUR,2025-03-28 13:30:00+00:00,1,selected,,bls_employment_2025-04-04
GRXEUR,2025-03-21 13:30:00+00:00,2,selected,,bls_employment_2025-04-04
GRXEUR,2025-03-14 13:30:00+00:00,3,selected,,bls_employment_2025-04-04
GRXEUR,2025-03-07 13:30:00+00:00,4,rejected,BLS CPI/employment date,bls_employment_2025-04-04
GRXEUR,2025-02-28 13:30:00+00:00,5,selected,,bls_employment_2025-04-04
GRXEUR,2025-02-21 13:30:00+00:00,6,valid_not_selected,,bls_employment_2025-04-04
GRXEUR,2025-02-14 13:30:00+00:00,7,valid_not_selected,,bls_employment_2025-04-04
GRXEUR,2025-02-07 13:30:00+00:00,8,rejected,BLS CPI/employment date,bls_employment_2025-04-04
GRXEUR,2025-01-31 13:30:00+00:00,9,valid_not_selected,,bls_employment_2025-04-04
GRXEUR,2025-01-24 13:30:00+00:00,10,valid_not_selected,,bls_employment_2025-04-04
GRXEUR,2025-01-17 13:30:00+00:00,11,valid_not_selected,,bls_employment_2025-04-04
GRXEUR,2025-01-10 13:30:00+00:00,12,rejected,BLS CPI/employment date,bls_employment_2025-04-04
UKXGBP,2025-03-28 13:30:00+00:00,1,selected,,bls_employment_2025-04-04
UKXGBP,2025-03-21 13:30:00+00:00,2,selected,,bls_employment_2025-04-04
UKXGBP,2025-03-14 13:30:00+00:00,3,selected,,bls_employment_2025-04-04
UKXGBP,2025-03-07 13:30:00+00:00,4,rejected,BLS CPI/employment date,bls_employment_2025-04-04
UKXGBP,2025-02-28 13:30:00+00:00,5,selected,,bls_employment_2025-04-04
UKXGBP,2025-02-21 13:30:00+00:00,6,valid_not_selected,,bls_employment_2025-04-04
UKXGBP,2025-02-14 13:30:00+00:00,7,valid_not_selected,,bls_employment_2025-04-04
UKXGBP,2025-02-07 13:30:00+00:00,8,rejected,BLS CPI/employment date,bls_employment_2025-04-04
UKXGBP,2025-01-31 13:30:00+00:00,9,valid_not_selected,,bls_employment_2025-04-04
UKXGBP,2025-01-24 13:30:00+00:00,10,valid_not_selected,,bls_employment_2025-04-04
UKXGBP,2025-01-17 13:30:00+00:00,11,valid_not_selected,,bls_employment_2025-04-04
UKXGBP,2025-01-10 13:30:00+00:00,12,rejected,BLS CPI/employment date,bls_employment_2025-04-04
BCOUSD,2025-03-28 13:30:00+00:00,1,selected,,bls_employment_2025-04-04
BCOUSD,2025-03-21 13:30:00+00:00,2,selected,,bls_employment_2025-04-04
BCOUSD,2025-03-14 13:30:00+00:00,3,selected,,bls_employment_2025-04-04
BCOUSD,2025-03-07 13:30:00+00:00,4,rejected,BLS CPI/employment date,bls_employment_2025-04-04
BCOUSD,2025-02-28 13:30:00+00:00,5,selected,,bls_employment_2025-04-04
BCOUSD,2025-02-21 13:30:00+00:00,6,valid_not_selected,,bls_employment_2025-04-04
BCOUSD,2025-02-14 13:30:00+00:00,7,valid_not_selected,,bls_employment_2025-04-04
BCOUSD,2025-02-07 13:30:00+00:00,8,rejected,BLS CPI/employment date,bls_employment_2025-04-04
BCOUSD,2025-01-31 13:30:00+00:00,9,valid_not_selected,,bls_employment_2025-04-04
BCOUSD,2025-01-24 13:30:00+00:00,10,valid_not_selected,,bls_employment_2025-04-04
BCOUSD,2025-01-17 13:30:00+00:00,11,valid_not_selected,,bls_employment_2025-04-04
BCOUSD,2025-01-10 13:30:00+00:00,12,rejected,BLS CPI/employment date,bls_employment_2025-04-04
EURUSD,2025-04-03 13:30:00+00:00,1,selected,,bls_cpi_2025-04-10
EURUSD,2025-03-27 13:30:00+00:00,2,selected,,bls_cpi_2025-04-10
EURUSD,2025-03-20 13:30:00+00:00,3,selected,,bls_cpi_2025-04-10
EURUSD,2025-03-13 13:30:00+00:00,4,selected,,bls_cpi_2025-04-10
EURUSD,2025-03-06 13:30:00+00:00,5,valid_not_selected,,bls_cpi_2025-04-10
EURUSD,2025-02-27 13:30:00+00:00,6,valid_not_selected,,bls_cpi_2025-04-10
EURUSD,2025-02-20 13:30:00+00:00,7,valid_not_selected,,bls_cpi_2025-04-10
EURUSD,2025-02-13 13:30:00+00:00,8,valid_not_selected,,bls_cpi_2025-04-10
EURUSD,2025-02-06 13:30:00+00:00,9,valid_not_selected,,bls_cpi_2025-04-10
EURUSD,2025-01-30 13:30:00+00:00,10,valid_not_selected,,bls_cpi_2025-04-10
EURUSD,2025-01-23 13:30:00+00:00,11,valid_not_selected,,bls_cpi_2025-04-10
EURUSD,2025-01-16 13:30:00+00:00,12,valid_not_selected,,bls_cpi_2025-04-10
GBPUSD,2025-04-03 13:30:00+00:00,1,selected,,bls_cpi_2025-04-10
GBPUSD,2025-03-27 13:30:00+00:00,2,selected,,bls_cpi_2025-04-10
GBPUSD,2025-03-20 13:30:00+00:00,3,selected,,bls_cpi_2025-04-10
GBPUSD,2025-03-13 13:30:00+00:00,4,selected,,bls_cpi_2025-04-10
GBPUSD,2025-03-06 13:30:00+00:00,5,valid_not_selected,,bls_cpi_2025-04-10
GBPUSD,2025-02-27 13:30:00+00:00,6,valid_not_selected,,bls_cpi_2025-04-10
GBPUSD,2025-02-20 13:30:00+00:00,7,valid_not_selected,,bls_cpi_2025-04-10
GBPUSD,2025-02-13 13:30:00+00:00,8,valid_not_selected,,bls_cpi_2025-04-10
GBPUSD,2025-02-06 13:30:00+00:00,9,valid_not_selected,,bls_cpi_2025-04-10
GBPUSD,2025-01-30 13:30:00+00:00,10,valid_not_selected,,bls_cpi_2025-04-10
GBPUSD,2025-01-23 13:30:00+00:00,11,valid_not_selected,,bls_cpi_2025-04-10
GBPUSD,2025-01-16 13:30:00+00:00,12,valid_not_selected,,bls_cpi_2025-04-10
AUDUSD,2025-04-03 13:30:00+00:00,1,selected,,bls_cpi_2025-04-10
AUDUSD,2025-03-27 13:30:00+00:00,2,selected,,bls_cpi_2025-04-10
AUDUSD,2025-03-20 13:30:00+00:00,3,selected,,bls_cpi_2025-04-10
AUDUSD,2025-03-13 13:30:00+00:00,4,selected,,bls_cpi_2025-04-10
AUDUSD,2025-03-06 13:30:00+00:00,5,valid_not_selected,,bls_cpi_2025-04-10
AUDUSD,2025-02-27 13:30:00+00:00,6,valid_not_selected,,bls_cpi_2025-04-10
AUDUSD,2025-02-20 13:30:00+00:00,7,valid_not_selected,,bls_cpi_2025-04-10
AUDUSD,2025-02-13 13:30:00+00:00,8,valid_not_selected,,bls_cpi_2025-04-10
AUDUSD,2025-02-06 13:30:00+00:00,9,valid_not_selected,,bls_cpi_2025-04-10
AUDUSD,2025-01-30 13:30:00+00:00,10,valid_not_selected,,bls_cpi_2025-04-10
AUDUSD,2025-01-23 13:30:00+00:00,11,valid_not_selected,,bls_cpi_2025-04-10
AUDUSD,2025-01-16 13:30:00+00:00,12,valid_not_selected,,bls_cpi_2025-04-10
NZDUSD,2025-04-03 13:30:00+00:00,1,selected,,bls_cpi_2025-04-10
NZDUSD,2025-03-27 13:30:00+00:00,2,selected,,bls_cpi_2025-04-10
NZDUSD,2025-03-20 13:30:00+00:00,3,selected,,bls_cpi_2025-04-10
NZDUSD,2025-03-13 13:30:00+00:00,4,selected,,bls_cpi_2025-04-10
NZDUSD,2025-03-06 13:30:00+00:00,5,valid_not_selected,,bls_cpi_2025-04-10
NZDUSD,2025-02-27 13:30:00+00:00,6,valid_not_selected,,bls_cpi_2025-04-10
NZDUSD,2025-02-20 13:30:00+00:00,7,valid_not_selected,,bls_cpi_2025-04-10
NZDUSD,2025-02-13 13:30:00+00:00,8,valid_not_selected,,bls_cpi_2025-04-10
NZDUSD,2025-02-06 13:30:00+00:00,9,valid_not_selected,,bls_cpi_2025-04-10
NZDUSD,2025-01-30 13:30:00+00:00,10,valid_not_selected,,bls_cpi_2025-04-10
NZDUSD,2025-01-23 13:30:00+00:00,11,valid_not_selected,,bls_cpi_2025-04-10
NZDUSD,2025-01-16 13:30:00+00:00,12,valid_not_selected,,bls_cpi_2025-04-10
USDJPY,2025-04-03 13:30:00+00:00,1,selected,,bls_cpi_2025-04-10
USDJPY,2025-03-27 13:30:00+00:00,2,selected,,bls_cpi_2025-04-10
USDJPY,2025-03-20 13:30:00+00:00,3,selected,,bls_cpi_2025-04-10
USDJPY,2025-03-13 13:30:00+00:00,4,selected,,bls_cpi_2025-04-10
USDJPY,2025-03-06 13:30:00+00:00,5,valid_not_selected,,bls_cpi_2025-04-10
USDJPY,2025-02-27 13:30:00+00:00,6,valid_not_selected,,bls_cpi_2025-04-10
USDJPY,2025-02-20 13:30:00+00:00,7,valid_not_selected,,bls_cpi_2025-04-10
USDJPY,2025-02-13 13:30:00+00:00,8,valid_not_selected,,bls_cpi_2025-04-10
USDJPY,2025-02-06 13:30:00+00:00,9,valid_not_selected,,bls_cpi_2025-04-10
USDJPY,2025-01-30 13:30:00+00:00,10,valid_not_selected,,bls_cpi_2025-04-10
USDJPY,2025-01-23 13:30:00+00:00,11,valid_not_selected,,bls_cpi_2025-04-10
USDJPY,2025-01-16 13:30:00+00:00,12,valid_not_selected,,bls_cpi_2025-04-10
USDCHF,2025-04-03 13:30:00+00:00,1,selected,,bls_cpi_2025-04-10
USDCHF,2025-03-27 13:30:00+00:00,2,selected,,bls_cpi_2025-04-10
USDCHF,2025-03-20 13:30:00+00:00,3,selected,,bls_cpi_2025-04-10
USDCHF,2025-03-13 13:30:00+00:00,4,selected,,bls_cpi_2025-04-10
USDCHF,2025-03-06 13:30:00+00:00,5,valid_not_selected,,bls_cpi_2025-04-10
USDCHF,2025-02-27 13:30:00+00:00,6,valid_not_selected,,bls_cpi_2025-04-10
USDCHF,2025-02-20 13:30:00+00:00,7,valid_not_selected,,bls_cpi_2025-04-10
USDCHF,2025-02-13 13:30:00+00:00,8,valid_not_selected,,bls_cpi_2025-04-10
USDCHF,2025-02-06 13:30:00+00:00,9,valid_not_selected,,bls_cpi_2025-04-10
USDCHF,2025-01-30 13:30:00+00:00,10,valid_not_selected,,bls_cpi_2025-04-10
USDCHF,2025-01-23 13:30:00+00:00,11,valid_not_selected,,bls_cpi_2025-04-10
USDCHF,2025-01-16 13:30:00+00:00,12,valid_not_selected,,bls_cpi_2025-04-10
USDCAD,2025-04-03 13:30:00+00:00,1,selected,,bls_cpi_2025-04-10
USDCAD,2025-03-27 13:30:00+00:00,2,selected,,bls_cpi_2025-04-10
USDCAD,2025-03-20 13:30:00+00:00,3,selected,,bls_cpi_2025-04-10
USDCAD,2025-03-13 13:30:00+00:00,4,selected,,bls_cpi_2025-04-10
USDCAD,2025-03-06 13:30:00+00:00,5,valid_not_selected,,bls_cpi_2025-04-10
USDCAD,2025-02-27 13:30:00+00:00,6,valid_not_selected,,bls_cpi_2025-04-10
USDCAD,2025-02-20 13:30:00+00:00,7,valid_not_selected,,bls_cpi_2025-04-10
USDCAD,2025-02-13 13:30:00+00:00,8,valid_not_selected,,bls_cpi_2025-04-10
USDCAD,2025-02-06 13:30:00+00:00,9,valid_not_selected,,bls_cpi_2025-04-10
USDCAD,2025-01-30 13:30:00+00:00,10,valid_not_selected,,bls_cpi_2025-04-10
USDCAD,2025-01-23 13:30:00+00:00,11,valid_not_selected,,bls_cpi_2025-04-10
USDCAD,2025-01-16 13:30:00+00:00,12,valid_not_selected,,bls_cpi_2025-04-10
EURJPY,2025-04-03 13:30:00+00:00,1,selected,,bls_cpi_2025-04-10
EURJPY,2025-03-27 13:30:00+00:00,2,selected,,bls_cpi_2025-04-10
EURJPY,2025-03-20 13:30:00+00:00,3,selected,,bls_cpi_2025-04-10
EURJPY,2025-03-13 13:30:00+00:00,4,selected,,bls_cpi_2025-04-10
EURJPY,2025-03-06 13:30:00+00:00,5,valid_not_selected,,bls_cpi_2025-04-10
EURJPY,2025-02-27 13:30:00+00:00,6,valid_not_selected,,bls_cpi_2025-04-10
EURJPY,2025-02-20 13:30:00+00:00,7,valid_not_selected,,bls_cpi_2025-04-10
EURJPY,2025-02-13 13:30:00+00:00,8,valid_not_selected,,bls_cpi_2025-04-10
EURJPY,2025-02-06 13:30:00+00:00,9,valid_not_selected,,bls_cpi_2025-04-10
EURJPY,2025-01-30 13:30:00+00:00,10,valid_not_selected,,bls_cpi_2025-04-10
EURJPY,2025-01-23 13:30:00+00:00,11,valid_not_selected,,bls_cpi_2025-04-10
EURJPY,2025-01-16 13:30:00+00:00,12,valid_not_selected,,bls_cpi_2025-04-10
XAUUSD,2025-04-03 13:30:00+00:00,1,selected,,bls_cpi_2025-04-10
XAUUSD,2025-03-27 13:30:00+00:00,2,selected,,bls_cpi_2025-04-10
XAUUSD,2025-03-20 13:30:00+00:00,3,selected,,bls_cpi_2025-04-10
XAUUSD,2025-03-13 13:30:00+00:00,4,selected,,bls_cpi_2025-04-10
XAUUSD,2025-03-06 13:30:00+00:00,5,valid_not_selected,,bls_cpi_2025-04-10
XAUUSD,2025-02-27 13:30:00+00:00,6,valid_not_selected,,bls_cpi_2025-04-10
XAUUSD,2025-02-20 13:30:00+00:00,7,valid_not_selected,,bls_cpi_2025-04-10
XAUUSD,2025-02-13 13:30:00+00:00,8,valid_not_selected,,bls_cpi_2025-04-10
XAUUSD,2025-02-06 13:30:00+00:00,9,valid_not_selected,,bls_cpi_2025-04-10
XAUUSD,2025-01-30 13:30:00+00:00,10,valid_not_selected,,bls_cpi_2025-04-10
XAUUSD,2025-01-23 13:30:00+00:00,11,valid_not_selected,,bls_cpi_2025-04-10
XAUUSD,2025-01-16 13:30:00+00:00,12,valid_not_selected,,bls_cpi_2025-04-10
XAGUSD,2025-04-03 13:30:00+00:00,1,selected,,bls_cpi_2025-04-10
XAGUSD,2025-03-27 13:30:00+00:00,2,selected,,bls_cpi_2025-04-10
XAGUSD,2025-03-20 13:30:00+00:00,3,selected,,bls_cpi_2025-04-10
XAGUSD,2025-03-13 13:30:00+00:00,4,selected,,bls_cpi_2025-04-10
XAGUSD,2025-03-06 13:30:00+00:00,5,valid_not_selected,,bls_cpi_2025-04-10
XAGUSD,2025-02-27 13:30:00+00:00,6,valid_not_selected,,bls_cpi_2025-04-10
XAGUSD,2025-02-20 13:30:00+00:00,7,valid_not_selected,,bls_cpi_2025-04-10
XAGUSD,2025-02-13 13:30:00+00:00,8,valid_not_selected,,bls_cpi_2025-04-10
XAGUSD,2025-02-06 13:30:00+00:00,9,valid_not_selected,,bls_cpi_2025-04-10
XAGUSD,2025-01-30 13:30:00+00:00,10,valid_not_selected,,bls_cpi_2025-04-10
XAGUSD,2025-01-23 13:30:00+00:00,11,valid_not_selected,,bls_cpi_2025-04-10
XAGUSD,2025-01-16 13:30:00+00:00,12,valid_not_selected,,bls_cpi_2025-04-10
SPXUSD,2025-04-03 13:30:00+00:00,1,selected,,bls_cpi_2025-04-10
SPXUSD,2025-03-27 13:30:00+00:00,2,selected,,bls_cpi_2025-04-10
SPXUSD,2025-03-20 13:30:00+00:00,3,selected,,bls_cpi_2025-04-10
SPXUSD,2025-03-13 13:30:00+00:00,4,selected,,bls_cpi_2025-04-10
SPXUSD,2025-03-06 13:30:00+00:00,5,valid_not_selected,,bls_cpi_2025-04-10
SPXUSD,2025-02-27 13:30:00+00:00,6,valid_not_selected,,bls_cpi_2025-04-10
SPXUSD,2025-02-20 13:30:00+00:00,7,valid_not_selected,,bls_cpi_2025-04-10
SPXUSD,2025-02-13 13:30:00+00:00,8,valid_not_selected,,bls_cpi_2025-04-10
SPXUSD,2025-02-06 13:30:00+00:00,9,valid_not_selected,,bls_cpi_2025-04-10
SPXUSD,2025-01-30 13:30:00+00:00,10,valid_not_selected,,bls_cpi_2025-04-10
SPXUSD,2025-01-23 13:30:00+00:00,11,valid_not_selected,,bls_cpi_2025-04-10
SPXUSD,2025-01-16 13:30:00+00:00,12,valid_not_selected,,bls_cpi_2025-04-10
NSXUSD,2025-04-03 13:30:00+00:00,1,selected,,bls_cpi_2025-04-10
NSXUSD,2025-03-27 13:30:00+00:00,2,selected,,bls_cpi_2025-04-10
NSXUSD,2025-03-20 13:30:00+00:00,3,selected,,bls_cpi_2025-04-10
NSXUSD,2025-03-13 13:30:00+00:00,4,selected,,bls_cpi_2025-04-10
NSXUSD,2025-03-06 13:30:00+00:00,5,valid_not_selected,,bls_cpi_2025-04-10
NSXUSD,2025-02-27 13:30:00+00:00,6,valid_not_selected,,bls_cpi_2025-04-10
NSXUSD,2025-02-20 13:30:00+00:00,7,valid_not_selected,,bls_cpi_2025-04-10
NSXUSD,2025-02-13 13:30:00+00:00,8,valid_not_selected,,bls_cpi_2025-04-10
NSXUSD,2025-02-06 13:30:00+00:00,9,valid_not_selected,,bls_cpi_2025-04-10
NSXUSD,2025-01-30 13:30:00+00:00,10,valid_not_selected,,bls_cpi_2025-04-10
NSXUSD,2025-01-23 13:30:00+00:00,11,valid_not_selected,,bls_cpi_2025-04-10
NSXUSD,2025-01-16 13:30:00+00:00,12,valid_not_selected,,bls_cpi_2025-04-10
GRXEUR,2025-04-03 13:30:00+00:00,1,selected,,bls_cpi_2025-04-10
GRXEUR,2025-03-27 13:30:00+00:00,2,selected,,bls_cpi_2025-04-10
GRXEUR,2025-03-20 13:30:00+00:00,3,selected,,bls_cpi_2025-04-10
GRXEUR,2025-03-13 13:30:00+00:00,4,selected,,bls_cpi_2025-04-10
GRXEUR,2025-03-06 13:30:00+00:00,5,valid_not_selected,,bls_cpi_2025-04-10
GRXEUR,2025-02-27 13:30:00+00:00,6,valid_not_selected,,bls_cpi_2025-04-10
GRXEUR,2025-02-20 13:30:00+00:00,7,valid_not_selected,,bls_cpi_2025-04-10
GRXEUR,2025-02-13 13:30:00+00:00,8,valid_not_selected,,bls_cpi_2025-04-10
GRXEUR,2025-02-06 13:30:00+00:00,9,valid_not_selected,,bls_cpi_2025-04-10
GRXEUR,2025-01-30 13:30:00+00:00,10,valid_not_selected,,bls_cpi_2025-04-10
GRXEUR,2025-01-23 13:30:00+00:00,11,valid_not_selected,,bls_cpi_2025-04-10
GRXEUR,2025-01-16 13:30:00+00:00,12,valid_not_selected,,bls_cpi_2025-04-10
UKXGBP,2025-04-03 13:30:00+00:00,1,selected,,bls_cpi_2025-04-10
UKXGBP,2025-03-27 13:30:00+00:00,2,selected,,bls_cpi_2025-04-10
UKXGBP,2025-03-20 13:30:00+00:00,3,selected,,bls_cpi_2025-04-10
UKXGBP,2025-03-13 13:30:00+00:00,4,selected,,bls_cpi_2025-04-10
UKXGBP,2025-03-06 13:30:00+00:00,5,valid_not_selected,,bls_cpi_2025-04-10
UKXGBP,2025-02-27 13:30:00+00:00,6,valid_not_selected,,bls_cpi_2025-04-10
UKXGBP,2025-02-20 13:30:00+00:00,7,valid_not_selected,,bls_cpi_2025-04-10
UKXGBP,2025-02-13 13:30:00+00:00,8,valid_not_selected,,bls_cpi_2025-04-10
UKXGBP,2025-02-06 13:30:00+00:00,9,valid_not_selected,,bls_cpi_2025-04-10
UKXGBP,2025-01-30 13:30:00+00:00,10,valid_not_selected,,bls_cpi_2025-04-10
UKXGBP,2025-01-23 13:30:00+00:00,11,valid_not_selected,,bls_cpi_2025-04-10
UKXGBP,2025-01-16 13:30:00+00:00,12,valid_not_selected,,bls_cpi_2025-04-10
BCOUSD,2025-04-03 13:30:00+00:00,1,selected,,bls_cpi_2025-04-10
BCOUSD,2025-03-27 13:30:00+00:00,2,selected,,bls_cpi_2025-04-10
BCOUSD,2025-03-20 13:30:00+00:00,3,selected,,bls_cpi_2025-04-10
BCOUSD,2025-03-13 13:30:00+00:00,4,selected,,bls_cpi_2025-04-10
BCOUSD,2025-03-06 13:30:00+00:00,5,valid_not_selected,,bls_cpi_2025-04-10
BCOUSD,2025-02-27 13:30:00+00:00,6,valid_not_selected,,bls_cpi_2025-04-10
BCOUSD,2025-02-20 13:30:00+00:00,7,valid_not_selected,,bls_cpi_2025-04-10
BCOUSD,2025-02-13 13:30:00+00:00,8,valid_not_selected,,bls_cpi_2025-04-10
BCOUSD,2025-02-06 13:30:00+00:00,9,valid_not_selected,,bls_cpi_2025-04-10
BCOUSD,2025-01-30 13:30:00+00:00,10,valid_not_selected,,bls_cpi_2025-04-10
BCOUSD,2025-01-23 13:30:00+00:00,11,valid_not_selected,,bls_cpi_2025-04-10
BCOUSD,2025-01-16 13:30:00+00:00,12,valid_not_selected,,bls_cpi_2025-04-10
EURUSD,2025-04-25 13:30:00+00:00,1,selected,,bls_employment_2025-05-02
EURUSD,2025-04-18 13:30:00+00:00,2,selected,,bls_employment_2025-05-02
EURUSD,2025-04-11 13:30:00+00:00,3,selected,,bls_employment_2025-05-02
EURUSD,2025-04-04 13:30:00+00:00,4,rejected,BLS CPI/employment date,bls_employment_2025-05-02
EURUSD,2025-03-28 13:30:00+00:00,5,selected,,bls_employment_2025-05-02
EURUSD,2025-03-21 13:30:00+00:00,6,valid_not_selected,,bls_employment_2025-05-02
EURUSD,2025-03-14 13:30:00+00:00,7,valid_not_selected,,bls_employment_2025-05-02
EURUSD,2025-03-07 13:30:00+00:00,8,rejected,BLS CPI/employment date,bls_employment_2025-05-02
EURUSD,2025-02-28 13:30:00+00:00,9,valid_not_selected,,bls_employment_2025-05-02
EURUSD,2025-02-21 13:30:00+00:00,10,valid_not_selected,,bls_employment_2025-05-02
EURUSD,2025-02-14 13:30:00+00:00,11,valid_not_selected,,bls_employment_2025-05-02
EURUSD,2025-02-07 13:30:00+00:00,12,rejected,BLS CPI/employment date,bls_employment_2025-05-02
GBPUSD,2025-04-25 13:30:00+00:00,1,selected,,bls_employment_2025-05-02
GBPUSD,2025-04-18 13:30:00+00:00,2,selected,,bls_employment_2025-05-02
GBPUSD,2025-04-11 13:30:00+00:00,3,selected,,bls_employment_2025-05-02
GBPUSD,2025-04-04 13:30:00+00:00,4,rejected,BLS CPI/employment date,bls_employment_2025-05-02
GBPUSD,2025-03-28 13:30:00+00:00,5,selected,,bls_employment_2025-05-02
GBPUSD,2025-03-21 13:30:00+00:00,6,valid_not_selected,,bls_employment_2025-05-02
GBPUSD,2025-03-14 13:30:00+00:00,7,valid_not_selected,,bls_employment_2025-05-02
GBPUSD,2025-03-07 13:30:00+00:00,8,rejected,BLS CPI/employment date,bls_employment_2025-05-02
GBPUSD,2025-02-28 13:30:00+00:00,9,valid_not_selected,,bls_employment_2025-05-02
GBPUSD,2025-02-21 13:30:00+00:00,10,valid_not_selected,,bls_employment_2025-05-02
GBPUSD,2025-02-14 13:30:00+00:00,11,valid_not_selected,,bls_employment_2025-05-02
GBPUSD,2025-02-07 13:30:00+00:00,12,rejected,BLS CPI/employment date,bls_employment_2025-05-02
AUDUSD,2025-04-25 13:30:00+00:00,1,selected,,bls_employment_2025-05-02
AUDUSD,2025-04-18 13:30:00+00:00,2,selected,,bls_employment_2025-05-02
AUDUSD,2025-04-11 13:30:00+00:00,3,selected,,bls_employment_2025-05-02
AUDUSD,2025-04-04 13:30:00+00:00,4,rejected,BLS CPI/employment date,bls_employment_2025-05-02
AUDUSD,2025-03-28 13:30:00+00:00,5,selected,,bls_employment_2025-05-02
AUDUSD,2025-03-21 13:30:00+00:00,6,valid_not_selected,,bls_employment_2025-05-02
AUDUSD,2025-03-14 13:30:00+00:00,7,valid_not_selected,,bls_employment_2025-05-02
AUDUSD,2025-03-07 13:30:00+00:00,8,rejected,BLS CPI/employment date,bls_employment_2025-05-02
AUDUSD,2025-02-28 13:30:00+00:00,9,valid_not_selected,,bls_employment_2025-05-02
AUDUSD,2025-02-21 13:30:00+00:00,10,valid_not_selected,,bls_employment_2025-05-02
AUDUSD,2025-02-14 13:30:00+00:00,11,valid_not_selected,,bls_employment_2025-05-02
AUDUSD,2025-02-07 13:30:00+00:00,12,rejected,BLS CPI/employment date,bls_employment_2025-05-02
NZDUSD,2025-04-25 13:30:00+00:00,1,selected,,bls_employment_2025-05-02
NZDUSD,2025-04-18 13:30:00+00:00,2,selected,,bls_employment_2025-05-02
NZDUSD,2025-04-11 13:30:00+00:00,3,selected,,bls_employment_2025-05-02
NZDUSD,2025-04-04 13:30:00+00:00,4,rejected,BLS CPI/employment date,bls_employment_2025-05-02
NZDUSD,2025-03-28 13:30:00+00:00,5,selected,,bls_employment_2025-05-02
NZDUSD,2025-03-21 13:30:00+00:00,6,valid_not_selected,,bls_employment_2025-05-02
NZDUSD,2025-03-14 13:30:00+00:00,7,valid_not_selected,,bls_employment_2025-05-02
NZDUSD,2025-03-07 13:30:00+00:00,8,rejected,BLS CPI/employment date,bls_employment_2025-05-02
NZDUSD,2025-02-28 13:30:00+00:00,9,valid_not_selected,,bls_employment_2025-05-02
NZDUSD,2025-02-21 13:30:00+00:00,10,valid_not_selected,,bls_employment_2025-05-02
NZDUSD,2025-02-14 13:30:00+00:00,11,valid_not_selected,,bls_employment_2025-05-02
NZDUSD,2025-02-07 13:30:00+00:00,12,rejected,BLS CPI/employment date,bls_employment_2025-05-02
USDJPY,2025-04-25 13:30:00+00:00,1,selected,,bls_employment_2025-05-02
USDJPY,2025-04-18 13:30:00+00:00,2,selected,,bls_employment_2025-05-02
USDJPY,2025-04-11 13:30:00+00:00,3,selected,,bls_employment_2025-05-02
USDJPY,2025-04-04 13:30:00+00:00,4,rejected,BLS CPI/employment date,bls_employment_2025-05-02
USDJPY,2025-03-28 13:30:00+00:00,5,selected,,bls_employment_2025-05-02
USDJPY,2025-03-21 13:30:00+00:00,6,valid_not_selected,,bls_employment_2025-05-02
USDJPY,2025-03-14 13:30:00+00:00,7,valid_not_selected,,bls_employment_2025-05-02
USDJPY,2025-03-07 13:30:00+00:00,8,rejected,BLS CPI/employment date,bls_employment_2025-05-02
USDJPY,2025-02-28 13:30:00+00:00,9,valid_not_selected,,bls_employment_2025-05-02
USDJPY,2025-02-21 13:30:00+00:00,10,valid_not_selected,,bls_employment_2025-05-02
USDJPY,2025-02-14 13:30:00+00:00,11,valid_not_selected,,bls_employment_2025-05-02
USDJPY,2025-02-07 13:30:00+00:00,12,rejected,BLS CPI/employment date,bls_employment_2025-05-02
USDCHF,2025-04-25 13:30:00+00:00,1,selected,,bls_employment_2025-05-02
USDCHF,2025-04-18 13:30:00+00:00,2,selected,,bls_employment_2025-05-02
USDCHF,2025-04-11 13:30:00+00:00,3,selected,,bls_employment_2025-05-02
USDCHF,2025-04-04 13:30:00+00:00,4,rejected,BLS CPI/employment date,bls_employment_2025-05-02
USDCHF,2025-03-28 13:30:00+00:00,5,selected,,bls_employment_2025-05-02
USDCHF,2025-03-21 13:30:00+00:00,6,valid_not_selected,,bls_employment_2025-05-02
USDCHF,2025-03-14 13:30:00+00:00,7,valid_not_selected,,bls_employment_2025-05-02
USDCHF,2025-03-07 13:30:00+00:00,8,rejected,BLS CPI/employment date,bls_employment_2025-05-02
USDCHF,2025-02-28 13:30:00+00:00,9,valid_not_selected,,bls_employment_2025-05-02
USDCHF,2025-02-21 13:30:00+00:00,10,valid_not_selected,,bls_employment_2025-05-02
USDCHF,2025-02-14 13:30:00+00:00,11,valid_not_selected,,bls_employment_2025-05-02
USDCHF,2025-02-07 13:30:00+00:00,12,rejected,BLS CPI/employment date,bls_employment_2025-05-02
USDCAD,2025-04-25 13:30:00+00:00,1,selected,,bls_employment_2025-05-02
USDCAD,2025-04-18 13:30:00+00:00,2,selected,,bls_employment_2025-05-02
USDCAD,2025-04-11 13:30:00+00:00,3,selected,,bls_employment_2025-05-02
USDCAD,2025-04-04 13:30:00+00:00,4,rejected,BLS CPI/employment date,bls_employment_2025-05-02
USDCAD,2025-03-28 13:30:00+00:00,5,selected,,bls_employment_2025-05-02
USDCAD,2025-03-21 13:30:00+00:00,6,valid_not_selected,,bls_employment_2025-05-02
USDCAD,2025-03-14 13:30:00+00:00,7,valid_not_selected,,bls_employment_2025-05-02
USDCAD,2025-03-07 13:30:00+00:00,8,rejected,BLS CPI/employment date,bls_employment_2025-05-02
USDCAD,2025-02-28 13:30:00+00:00,9,valid_not_selected,,bls_employment_2025-05-02
USDCAD,2025-02-21 13:30:00+00:00,10,valid_not_selected,,bls_employment_2025-05-02
USDCAD,2025-02-14 13:30:00+00:00,11,valid_not_selected,,bls_employment_2025-05-02
USDCAD,2025-02-07 13:30:00+00:00,12,rejected,BLS CPI/employment date,bls_employment_2025-05-02
EURJPY,2025-04-25 13:30:00+00:00,1,selected,,bls_employment_2025-05-02
EURJPY,2025-04-18 13:30:00+00:00,2,selected,,bls_employment_2025-05-02
EURJPY,2025-04-11 13:30:00+00:00,3,selected,,bls_employment_2025-05-02
EURJPY,2025-04-04 13:30:00+00:00,4,rejected,BLS CPI/employment date,bls_employment_2025-05-02
EURJPY,2025-03-28 13:30:00+00:00,5,selected,,bls_employment_2025-05-02
EURJPY,2025-03-21 13:30:00+00:00,6,valid_not_selected,,bls_employment_2025-05-02
EURJPY,2025-03-14 13:30:00+00:00,7,valid_not_selected,,bls_employment_2025-05-02
EURJPY,2025-03-07 13:30:00+00:00,8,rejected,BLS CPI/employment date,bls_employment_2025-05-02
EURJPY,2025-02-28 13:30:00+00:00,9,valid_not_selected,,bls_employment_2025-05-02
EURJPY,2025-02-21 13:30:00+00:00,10,valid_not_selected,,bls_employment_2025-05-02
EURJPY,2025-02-14 13:30:00+00:00,11,valid_not_selected,,bls_employment_2025-05-02
EURJPY,2025-02-07 13:30:00+00:00,12,rejected,BLS CPI/employment date,bls_employment_2025-05-02
XAUUSD,2025-04-25 13:30:00+00:00,1,selected,,bls_employment_2025-05-02
XAUUSD,2025-04-18 13:30:00+00:00,2,rejected,quote absent/nonpositive,bls_employment_2025-05-02
XAUUSD,2025-04-11 13:30:00+00:00,3,selected,,bls_employment_2025-05-02
XAUUSD,2025-04-04 13:30:00+00:00,4,rejected,BLS CPI/employment date,bls_employment_2025-05-02
XAUUSD,2025-03-28 13:30:00+00:00,5,selected,,bls_employment_2025-05-02
XAUUSD,2025-03-21 13:30:00+00:00,6,selected,,bls_employment_2025-05-02
XAUUSD,2025-03-14 13:30:00+00:00,7,valid_not_selected,,bls_employment_2025-05-02
XAUUSD,2025-03-07 13:30:00+00:00,8,rejected,BLS CPI/employment date,bls_employment_2025-05-02
XAUUSD,2025-02-28 13:30:00+00:00,9,valid_not_selected,,bls_employment_2025-05-02
XAUUSD,2025-02-21 13:30:00+00:00,10,valid_not_selected,,bls_employment_2025-05-02
XAUUSD,2025-02-14 13:30:00+00:00,11,valid_not_selected,,bls_employment_2025-05-02
XAUUSD,2025-02-07 13:30:00+00:00,12,rejected,BLS CPI/employment date,bls_employment_2025-05-02
XAGUSD,2025-04-25 13:30:00+00:00,1,selected,,bls_employment_2025-05-02
XAGUSD,2025-04-18 13:30:00+00:00,2,rejected,quote absent/nonpositive,bls_employment_2025-05-02
XAGUSD,2025-04-11 13:30:00+00:00,3,selected,,bls_employment_2025-05-02
XAGUSD,2025-04-04 13:30:00+00:00,4,rejected,BLS CPI/employment date,bls_employment_2025-05-02
XAGUSD,2025-03-28 13:30:00+00:00,5,selected,,bls_employment_2025-05-02
XAGUSD,2025-03-21 13:30:00+00:00,6,selected,,bls_employment_2025-05-02
XAGUSD,2025-03-14 13:30:00+00:00,7,valid_not_selected,,bls_employment_2025-05-02
XAGUSD,2025-03-07 13:30:00+00:00,8,rejected,BLS CPI/employment date,bls_employment_2025-05-02
XAGUSD,2025-02-28 13:30:00+00:00,9,valid_not_selected,,bls_employment_2025-05-02
XAGUSD,2025-02-21 13:30:00+00:00,10,valid_not_selected,,bls_employment_2025-05-02
XAGUSD,2025-02-14 13:30:00+00:00,11,valid_not_selected,,bls_employment_2025-05-02
XAGUSD,2025-02-07 13:30:00+00:00,12,rejected,BLS CPI/employment date,bls_employment_2025-05-02
SPXUSD,2025-04-25 13:30:00+00:00,1,selected,,bls_employment_2025-05-02
SPXUSD,2025-04-18 13:30:00+00:00,2,rejected,quote absent/nonpositive,bls_employment_2025-05-02
SPXUSD,2025-04-11 13:30:00+00:00,3,selected,,bls_employment_2025-05-02
SPXUSD,2025-04-04 13:30:00+00:00,4,rejected,BLS CPI/employment date,bls_employment_2025-05-02
SPXUSD,2025-03-28 13:30:00+00:00,5,selected,,bls_employment_2025-05-02
SPXUSD,2025-03-21 13:30:00+00:00,6,selected,,bls_employment_2025-05-02
SPXUSD,2025-03-14 13:30:00+00:00,7,valid_not_selected,,bls_employment_2025-05-02
SPXUSD,2025-03-07 13:30:00+00:00,8,rejected,BLS CPI/employment date,bls_employment_2025-05-02
SPXUSD,2025-02-28 13:30:00+00:00,9,valid_not_selected,,bls_employment_2025-05-02
SPXUSD,2025-02-21 13:30:00+00:00,10,valid_not_selected,,bls_employment_2025-05-02
SPXUSD,2025-02-14 13:30:00+00:00,11,valid_not_selected,,bls_employment_2025-05-02
SPXUSD,2025-02-07 13:30:00+00:00,12,rejected,BLS CPI/employment date,bls_employment_2025-05-02
NSXUSD,2025-04-25 13:30:00+00:00,1,selected,,bls_employment_2025-05-02
NSXUSD,2025-04-18 13:30:00+00:00,2,rejected,quote absent/nonpositive,bls_employment_2025-05-02
NSXUSD,2025-04-11 13:30:00+00:00,3,selected,,bls_employment_2025-05-02
NSXUSD,2025-04-04 13:30:00+00:00,4,rejected,BLS CPI/employment date,bls_employment_2025-05-02
NSXUSD,2025-03-28 13:30:00+00:00,5,selected,,bls_employment_2025-05-02
NSXUSD,2025-03-21 13:30:00+00:00,6,selected,,bls_employment_2025-05-02
NSXUSD,2025-03-14 13:30:00+00:00,7,valid_not_selected,,bls_employment_2025-05-02
NSXUSD,2025-03-07 13:30:00+00:00,8,rejected,BLS CPI/employment date,bls_employment_2025-05-02
NSXUSD,2025-02-28 13:30:00+00:00,9,valid_not_selected,,bls_employment_2025-05-02
NSXUSD,2025-02-21 13:30:00+00:00,10,valid_not_selected,,bls_employment_2025-05-02
NSXUSD,2025-02-14 13:30:00+00:00,11,valid_not_selected,,bls_employment_2025-05-02
NSXUSD,2025-02-07 13:30:00+00:00,12,rejected,BLS CPI/employment date,bls_employment_2025-05-02
GRXEUR,2025-04-25 13:30:00+00:00,1,selected,,bls_employment_2025-05-02
GRXEUR,2025-04-18 13:30:00+00:00,2,rejected,quote absent/nonpositive,bls_employment_2025-05-02
GRXEUR,2025-04-11 13:30:00+00:00,3,selected,,bls_employment_2025-05-02
GRXEUR,2025-04-04 13:30:00+00:00,4,rejected,BLS CPI/employment date,bls_employment_2025-05-02
GRXEUR,2025-03-28 13:30:00+00:00,5,selected,,bls_employment_2025-05-02
GRXEUR,2025-03-21 13:30:00+00:00,6,selected,,bls_employment_2025-05-02
GRXEUR,2025-03-14 13:30:00+00:00,7,valid_not_selected,,bls_employment_2025-05-02
GRXEUR,2025-03-07 13:30:00+00:00,8,rejected,BLS CPI/employment date,bls_employment_2025-05-02
GRXEUR,2025-02-28 13:30:00+00:00,9,valid_not_selected,,bls_employment_2025-05-02
GRXEUR,2025-02-21 13:30:00+00:00,10,valid_not_selected,,bls_employment_2025-05-02
GRXEUR,2025-02-14 13:30:00+00:00,11,valid_not_selected,,bls_employment_2025-05-02
GRXEUR,2025-02-07 13:30:00+00:00,12,rejected,BLS CPI/employment date,bls_employment_2025-05-02
UKXGBP,2025-04-25 13:30:00+00:00,1,selected,,bls_employment_2025-05-02
UKXGBP,2025-04-18 13:30:00+00:00,2,rejected,quote absent/nonpositive,bls_employment_2025-05-02
UKXGBP,2025-04-11 13:30:00+00:00,3,selected,,bls_employment_2025-05-02
UKXGBP,2025-04-04 13:30:00+00:00,4,rejected,BLS CPI/employment date,bls_employment_2025-05-02
UKXGBP,2025-03-28 13:30:00+00:00,5,selected,,bls_employment_2025-05-02
UKXGBP,2025-03-21 13:30:00+00:00,6,selected,,bls_employment_2025-05-02
UKXGBP,2025-03-14 13:30:00+00:00,7,valid_not_selected,,bls_employment_2025-05-02
UKXGBP,2025-03-07 13:30:00+00:00,8,rejected,BLS CPI/employment date,bls_employment_2025-05-02
UKXGBP,2025-02-28 13:30:00+00:00,9,valid_not_selected,,bls_employment_2025-05-02
UKXGBP,2025-02-21 13:30:00+00:00,10,valid_not_selected,,bls_employment_2025-05-02
UKXGBP,2025-02-14 13:30:00+00:00,11,valid_not_selected,,bls_employment_2025-05-02
UKXGBP,2025-02-07 13:30:00+00:00,12,rejected,BLS CPI/employment date,bls_employment_2025-05-02
BCOUSD,2025-04-25 13:30:00+00:00,1,selected,,bls_employment_2025-05-02
BCOUSD,2025-04-18 13:30:00+00:00,2,rejected,quote absent/nonpositive,bls_employment_2025-05-02
BCOUSD,2025-04-11 13:30:00+00:00,3,selected,,bls_employment_2025-05-02
BCOUSD,2025-04-04 13:30:00+00:00,4,rejected,BLS CPI/employment date,bls_employment_2025-05-02
BCOUSD,2025-03-28 13:30:00+00:00,5,selected,,bls_employment_2025-05-02
BCOUSD,2025-03-21 13:30:00+00:00,6,selected,,bls_employment_2025-05-02
BCOUSD,2025-03-14 13:30:00+00:00,7,valid_not_selected,,bls_employment_2025-05-02
BCOUSD,2025-03-07 13:30:00+00:00,8,rejected,BLS CPI/employment date,bls_employment_2025-05-02
BCOUSD,2025-02-28 13:30:00+00:00,9,valid_not_selected,,bls_employment_2025-05-02
BCOUSD,2025-02-21 13:30:00+00:00,10,valid_not_selected,,bls_employment_2025-05-02
BCOUSD,2025-02-14 13:30:00+00:00,11,valid_not_selected,,bls_employment_2025-05-02
BCOUSD,2025-02-07 13:30:00+00:00,12,rejected,BLS CPI/employment date,bls_employment_2025-05-02
EURUSD,2025-05-06 13:30:00+00:00,1,selected,,bls_cpi_2025-05-13
EURUSD,2025-04-29 13:30:00+00:00,2,selected,,bls_cpi_2025-05-13
EURUSD,2025-04-22 13:30:00+00:00,3,selected,,bls_cpi_2025-05-13
EURUSD,2025-04-15 13:30:00+00:00,4,selected,,bls_cpi_2025-05-13
EURUSD,2025-04-08 13:30:00+00:00,5,valid_not_selected,,bls_cpi_2025-05-13
EURUSD,2025-04-01 13:30:00+00:00,6,valid_not_selected,,bls_cpi_2025-05-13
EURUSD,2025-03-25 13:30:00+00:00,7,valid_not_selected,,bls_cpi_2025-05-13
EURUSD,2025-03-18 13:30:00+00:00,8,valid_not_selected,,bls_cpi_2025-05-13
EURUSD,2025-03-11 13:30:00+00:00,9,valid_not_selected,,bls_cpi_2025-05-13
EURUSD,2025-03-04 13:30:00+00:00,10,valid_not_selected,,bls_cpi_2025-05-13
EURUSD,2025-02-25 13:30:00+00:00,11,valid_not_selected,,bls_cpi_2025-05-13
EURUSD,2025-02-18 13:30:00+00:00,12,valid_not_selected,,bls_cpi_2025-05-13
GBPUSD,2025-05-06 13:30:00+00:00,1,selected,,bls_cpi_2025-05-13
GBPUSD,2025-04-29 13:30:00+00:00,2,selected,,bls_cpi_2025-05-13
GBPUSD,2025-04-22 13:30:00+00:00,3,selected,,bls_cpi_2025-05-13
GBPUSD,2025-04-15 13:30:00+00:00,4,selected,,bls_cpi_2025-05-13
GBPUSD,2025-04-08 13:30:00+00:00,5,valid_not_selected,,bls_cpi_2025-05-13
GBPUSD,2025-04-01 13:30:00+00:00,6,valid_not_selected,,bls_cpi_2025-05-13
GBPUSD,2025-03-25 13:30:00+00:00,7,valid_not_selected,,bls_cpi_2025-05-13
GBPUSD,2025-03-18 13:30:00+00:00,8,valid_not_selected,,bls_cpi_2025-05-13
GBPUSD,2025-03-11 13:30:00+00:00,9,valid_not_selected,,bls_cpi_2025-05-13
GBPUSD,2025-03-04 13:30:00+00:00,10,valid_not_selected,,bls_cpi_2025-05-13
GBPUSD,2025-02-25 13:30:00+00:00,11,valid_not_selected,,bls_cpi_2025-05-13
GBPUSD,2025-02-18 13:30:00+00:00,12,valid_not_selected,,bls_cpi_2025-05-13
AUDUSD,2025-05-06 13:30:00+00:00,1,selected,,bls_cpi_2025-05-13
AUDUSD,2025-04-29 13:30:00+00:00,2,selected,,bls_cpi_2025-05-13
AUDUSD,2025-04-22 13:30:00+00:00,3,selected,,bls_cpi_2025-05-13
AUDUSD,2025-04-15 13:30:00+00:00,4,selected,,bls_cpi_2025-05-13
AUDUSD,2025-04-08 13:30:00+00:00,5,valid_not_selected,,bls_cpi_2025-05-13
AUDUSD,2025-04-01 13:30:00+00:00,6,valid_not_selected,,bls_cpi_2025-05-13
AUDUSD,2025-03-25 13:30:00+00:00,7,valid_not_selected,,bls_cpi_2025-05-13
AUDUSD,2025-03-18 13:30:00+00:00,8,valid_not_selected,,bls_cpi_2025-05-13
AUDUSD,2025-03-11 13:30:00+00:00,9,valid_not_selected,,bls_cpi_2025-05-13
AUDUSD,2025-03-04 13:30:00+00:00,10,valid_not_selected,,bls_cpi_2025-05-13
AUDUSD,2025-02-25 13:30:00+00:00,11,valid_not_selected,,bls_cpi_2025-05-13
AUDUSD,2025-02-18 13:30:00+00:00,12,valid_not_selected,,bls_cpi_2025-05-13
NZDUSD,2025-05-06 13:30:00+00:00,1,selected,,bls_cpi_2025-05-13
NZDUSD,2025-04-29 13:30:00+00:00,2,selected,,bls_cpi_2025-05-13
NZDUSD,2025-04-22 13:30:00+00:00,3,selected,,bls_cpi_2025-05-13
NZDUSD,2025-04-15 13:30:00+00:00,4,selected,,bls_cpi_2025-05-13
NZDUSD,2025-04-08 13:30:00+00:00,5,valid_not_selected,,bls_cpi_2025-05-13
NZDUSD,2025-04-01 13:30:00+00:00,6,valid_not_selected,,bls_cpi_2025-05-13
NZDUSD,2025-03-25 13:30:00+00:00,7,valid_not_selected,,bls_cpi_2025-05-13
NZDUSD,2025-03-18 13:30:00+00:00,8,valid_not_selected,,bls_cpi_2025-05-13
NZDUSD,2025-03-11 13:30:00+00:00,9,valid_not_selected,,bls_cpi_2025-05-13
NZDUSD,2025-03-04 13:30:00+00:00,10,valid_not_selected,,bls_cpi_2025-05-13
NZDUSD,2025-02-25 13:30:00+00:00,11,valid_not_selected,,bls_cpi_2025-05-13
NZDUSD,2025-02-18 13:30:00+00:00,12,valid_not_selected,,bls_cpi_2025-05-13
USDJPY,2025-05-06 13:30:00+00:00,1,selected,,bls_cpi_2025-05-13
USDJPY,2025-04-29 13:30:00+00:00,2,selected,,bls_cpi_2025-05-13
USDJPY,2025-04-22 13:30:00+00:00,3,selected,,bls_cpi_2025-05-13
USDJPY,2025-04-15 13:30:00+00:00,4,selected,,bls_cpi_2025-05-13
USDJPY,2025-04-08 13:30:00+00:00,5,valid_not_selected,,bls_cpi_2025-05-13
USDJPY,2025-04-01 13:30:00+00:00,6,valid_not_selected,,bls_cpi_2025-05-13
USDJPY,2025-03-25 13:30:00+00:00,7,valid_not_selected,,bls_cpi_2025-05-13
USDJPY,2025-03-18 13:30:00+00:00,8,valid_not_selected,,bls_cpi_2025-05-13
USDJPY,2025-03-11 13:30:00+00:00,9,valid_not_selected,,bls_cpi_2025-05-13
USDJPY,2025-03-04 13:30:00+00:00,10,valid_not_selected,,bls_cpi_2025-05-13
USDJPY,2025-02-25 13:30:00+00:00,11,valid_not_selected,,bls_cpi_2025-05-13
USDJPY,2025-02-18 13:30:00+00:00,12,valid_not_selected,,bls_cpi_2025-05-13
USDCHF,2025-05-06 13:30:00+00:00,1,selected,,bls_cpi_2025-05-13
USDCHF,2025-04-29 13:30:00+00:00,2,selected,,bls_cpi_2025-05-13
USDCHF,2025-04-22 13:30:00+00:00,3,selected,,bls_cpi_2025-05-13
USDCHF,2025-04-15 13:30:00+00:00,4,selected,,bls_cpi_2025-05-13
USDCHF,2025-04-08 13:30:00+00:00,5,valid_not_selected,,bls_cpi_2025-05-13
USDCHF,2025-04-01 13:30:00+00:00,6,valid_not_selected,,bls_cpi_2025-05-13
USDCHF,2025-03-25 13:30:00+00:00,7,valid_not_selected,,bls_cpi_2025-05-13
USDCHF,2025-03-18 13:30:00+00:00,8,valid_not_selected,,bls_cpi_2025-05-13
USDCHF,2025-03-11 13:30:00+00:00,9,valid_not_selected,,bls_cpi_2025-05-13
USDCHF,2025-03-04 13:30:00+00:00,10,valid_not_selected,,bls_cpi_2025-05-13
USDCHF,2025-02-25 13:30:00+00:00,11,valid_not_selected,,bls_cpi_2025-05-13
USDCHF,2025-02-18 13:30:00+00:00,12,valid_not_selected,,bls_cpi_2025-05-13
USDCAD,2025-05-06 13:30:00+00:00,1,selected,,bls_cpi_2025-05-13
USDCAD,2025-04-29 13:30:00+00:00,2,selected,,bls_cpi_2025-05-13
USDCAD,2025-04-22 13:30:00+00:00,3,selected,,bls_cpi_2025-05-13
USDCAD,2025-04-15 13:30:00+00:00,4,selected,,bls_cpi_2025-05-13
USDCAD,2025-04-08 13:30:00+00:00,5,valid_not_selected,,bls_cpi_2025-05-13
USDCAD,2025-04-01 13:30:00+00:00,6,valid_not_selected,,bls_cpi_2025-05-13
USDCAD,2025-03-25 13:30:00+00:00,7,valid_not_selected,,bls_cpi_2025-05-13
USDCAD,2025-03-18 13:30:00+00:00,8,valid_not_selected,,bls_cpi_2025-05-13
USDCAD,2025-03-11 13:30:00+00:00,9,valid_not_selected,,bls_cpi_2025-05-13
USDCAD,2025-03-04 13:30:00+00:00,10,valid_not_selected,,bls_cpi_2025-05-13
USDCAD,2025-02-25 13:30:00+00:00,11,valid_not_selected,,bls_cpi_2025-05-13
USDCAD,2025-02-18 13:30:00+00:00,12,valid_not_selected,,bls_cpi_2025-05-13
EURJPY,2025-05-06 13:30:00+00:00,1,selected,,bls_cpi_2025-05-13
EURJPY,2025-04-29 13:30:00+00:00,2,selected,,bls_cpi_2025-05-13
EURJPY,2025-04-22 13:30:00+00:00,3,selected,,bls_cpi_2025-05-13
EURJPY,2025-04-15 13:30:00+00:00,4,selected,,bls_cpi_2025-05-13
EURJPY,2025-04-08 13:30:00+00:00,5,valid_not_selected,,bls_cpi_2025-05-13
EURJPY,2025-04-01 13:30:00+00:00,6,valid_not_selected,,bls_cpi_2025-05-13
EURJPY,2025-03-25 13:30:00+00:00,7,valid_not_selected,,bls_cpi_2025-05-13
EURJPY,2025-03-18 13:30:00+00:00,8,valid_not_selected,,bls_cpi_2025-05-13
EURJPY,2025-03-11 13:30:00+00:00,9,valid_not_selected,,bls_cpi_2025-05-13
EURJPY,2025-03-04 13:30:00+00:00,10,valid_not_selected,,bls_cpi_2025-05-13
EURJPY,2025-02-25 13:30:00+00:00,11,valid_not_selected,,bls_cpi_2025-05-13
EURJPY,2025-02-18 13:30:00+00:00,12,valid_not_selected,,bls_cpi_2025-05-13
XAUUSD,2025-05-06 13:30:00+00:00,1,selected,,bls_cpi_2025-05-13
XAUUSD,2025-04-29 13:30:00+00:00,2,selected,,bls_cpi_2025-05-13
XAUUSD,2025-04-22 13:30:00+00:00,3,selected,,bls_cpi_2025-05-13
XAUUSD,2025-04-15 13:30:00+00:00,4,selected,,bls_cpi_2025-05-13
XAUUSD,2025-04-08 13:30:00+00:00,5,valid_not_selected,,bls_cpi_2025-05-13
XAUUSD,2025-04-01 13:30:00+00:00,6,valid_not_selected,,bls_cpi_2025-05-13
XAUUSD,2025-03-25 13:30:00+00:00,7,valid_not_selected,,bls_cpi_2025-05-13
XAUUSD,2025-03-18 13:30:00+00:00,8,valid_not_selected,,bls_cpi_2025-05-13
XAUUSD,2025-03-11 13:30:00+00:00,9,valid_not_selected,,bls_cpi_2025-05-13
XAUUSD,2025-03-04 13:30:00+00:00,10,valid_not_selected,,bls_cpi_2025-05-13
XAUUSD,2025-02-25 13:30:00+00:00,11,valid_not_selected,,bls_cpi_2025-05-13
XAUUSD,2025-02-18 13:30:00+00:00,12,valid_not_selected,,bls_cpi_2025-05-13
XAGUSD,2025-05-06 13:30:00+00:00,1,selected,,bls_cpi_2025-05-13
XAGUSD,2025-04-29 13:30:00+00:00,2,selected,,bls_cpi_2025-05-13
XAGUSD,2025-04-22 13:30:00+00:00,3,selected,,bls_cpi_2025-05-13
XAGUSD,2025-04-15 13:30:00+00:00,4,selected,,bls_cpi_2025-05-13
XAGUSD,2025-04-08 13:30:00+00:00,5,valid_not_selected,,bls_cpi_2025-05-13
XAGUSD,2025-04-01 13:30:00+00:00,6,valid_not_selected,,bls_cpi_2025-05-13
XAGUSD,2025-03-25 13:30:00+00:00,7,valid_not_selected,,bls_cpi_2025-05-13
XAGUSD,2025-03-18 13:30:00+00:00,8,valid_not_selected,,bls_cpi_2025-05-13
XAGUSD,2025-03-11 13:30:00+00:00,9,valid_not_selected,,bls_cpi_2025-05-13
XAGUSD,2025-03-04 13:30:00+00:00,10,valid_not_selected,,bls_cpi_2025-05-13
XAGUSD,2025-02-25 13:30:00+00:00,11,valid_not_selected,,bls_cpi_2025-05-13
XAGUSD,2025-02-18 13:30:00+00:00,12,valid_not_selected,,bls_cpi_2025-05-13
SPXUSD,2025-05-06 13:30:00+00:00,1,selected,,bls_cpi_2025-05-13
SPXUSD,2025-04-29 13:30:00+00:00,2,selected,,bls_cpi_2025-05-13
SPXUSD,2025-04-22 13:30:00+00:00,3,selected,,bls_cpi_2025-05-13
SPXUSD,2025-04-15 13:30:00+00:00,4,selected,,bls_cpi_2025-05-13
SPXUSD,2025-04-08 13:30:00+00:00,5,valid_not_selected,,bls_cpi_2025-05-13
SPXUSD,2025-04-01 13:30:00+00:00,6,valid_not_selected,,bls_cpi_2025-05-13
SPXUSD,2025-03-25 13:30:00+00:00,7,valid_not_selected,,bls_cpi_2025-05-13
SPXUSD,2025-03-18 13:30:00+00:00,8,valid_not_selected,,bls_cpi_2025-05-13
SPXUSD,2025-03-11 13:30:00+00:00,9,valid_not_selected,,bls_cpi_2025-05-13
SPXUSD,2025-03-04 13:30:00+00:00,10,valid_not_selected,,bls_cpi_2025-05-13
SPXUSD,2025-02-25 13:30:00+00:00,11,valid_not_selected,,bls_cpi_2025-05-13
SPXUSD,2025-02-18 13:30:00+00:00,12,valid_not_selected,,bls_cpi_2025-05-13
NSXUSD,2025-05-06 13:30:00+00:00,1,selected,,bls_cpi_2025-05-13
NSXUSD,2025-04-29 13:30:00+00:00,2,selected,,bls_cpi_2025-05-13
NSXUSD,2025-04-22 13:30:00+00:00,3,selected,,bls_cpi_2025-05-13
NSXUSD,2025-04-15 13:30:00+00:00,4,selected,,bls_cpi_2025-05-13
NSXUSD,2025-04-08 13:30:00+00:00,5,valid_not_selected,,bls_cpi_2025-05-13
NSXUSD,2025-04-01 13:30:00+00:00,6,valid_not_selected,,bls_cpi_2025-05-13
NSXUSD,2025-03-25 13:30:00+00:00,7,valid_not_selected,,bls_cpi_2025-05-13
NSXUSD,2025-03-18 13:30:00+00:00,8,valid_not_selected,,bls_cpi_2025-05-13
NSXUSD,2025-03-11 13:30:00+00:00,9,valid_not_selected,,bls_cpi_2025-05-13
NSXUSD,2025-03-04 13:30:00+00:00,10,valid_not_selected,,bls_cpi_2025-05-13
NSXUSD,2025-02-25 13:30:00+00:00,11,valid_not_selected,,bls_cpi_2025-05-13
NSXUSD,2025-02-18 13:30:00+00:00,12,valid_not_selected,,bls_cpi_2025-05-13
GRXEUR,2025-05-06 13:30:00+00:00,1,selected,,bls_cpi_2025-05-13
GRXEUR,2025-04-29 13:30:00+00:00,2,selected,,bls_cpi_2025-05-13
GRXEUR,2025-04-22 13:30:00+00:00,3,selected,,bls_cpi_2025-05-13
GRXEUR,2025-04-15 13:30:00+00:00,4,selected,,bls_cpi_2025-05-13
GRXEUR,2025-04-08 13:30:00+00:00,5,valid_not_selected,,bls_cpi_2025-05-13
GRXEUR,2025-04-01 13:30:00+00:00,6,valid_not_selected,,bls_cpi_2025-05-13
GRXEUR,2025-03-25 13:30:00+00:00,7,valid_not_selected,,bls_cpi_2025-05-13
GRXEUR,2025-03-18 13:30:00+00:00,8,valid_not_selected,,bls_cpi_2025-05-13
GRXEUR,2025-03-11 13:30:00+00:00,9,valid_not_selected,,bls_cpi_2025-05-13
GRXEUR,2025-03-04 13:30:00+00:00,10,valid_not_selected,,bls_cpi_2025-05-13
GRXEUR,2025-02-25 13:30:00+00:00,11,valid_not_selected,,bls_cpi_2025-05-13
GRXEUR,2025-02-18 13:30:00+00:00,12,valid_not_selected,,bls_cpi_2025-05-13
UKXGBP,2025-05-06 13:30:00+00:00,1,selected,,bls_cpi_2025-05-13
UKXGBP,2025-04-29 13:30:00+00:00,2,selected,,bls_cpi_2025-05-13
UKXGBP,2025-04-22 13:30:00+00:00,3,selected,,bls_cpi_2025-05-13
UKXGBP,2025-04-15 13:30:00+00:00,4,selected,,bls_cpi_2025-05-13
UKXGBP,2025-04-08 13:30:00+00:00,5,valid_not_selected,,bls_cpi_2025-05-13
UKXGBP,2025-04-01 13:30:00+00:00,6,valid_not_selected,,bls_cpi_2025-05-13
UKXGBP,2025-03-25 13:30:00+00:00,7,valid_not_selected,,bls_cpi_2025-05-13
UKXGBP,2025-03-18 13:30:00+00:00,8,valid_not_selected,,bls_cpi_2025-05-13
UKXGBP,2025-03-11 13:30:00+00:00,9,valid_not_selected,,bls_cpi_2025-05-13
UKXGBP,2025-03-04 13:30:00+00:00,10,valid_not_selected,,bls_cpi_2025-05-13
UKXGBP,2025-02-25 13:30:00+00:00,11,valid_not_selected,,bls_cpi_2025-05-13
UKXGBP,2025-02-18 13:30:00+00:00,12,valid_not_selected,,bls_cpi_2025-05-13
BCOUSD,2025-05-06 13:30:00+00:00,1,selected,,bls_cpi_2025-05-13
BCOUSD,2025-04-29 13:30:00+00:00,2,selected,,bls_cpi_2025-05-13
BCOUSD,2025-04-22 13:30:00+00:00,3,selected,,bls_cpi_2025-05-13
BCOUSD,2025-04-15 13:30:00+00:00,4,selected,,bls_cpi_2025-05-13
BCOUSD,2025-04-08 13:30:00+00:00,5,valid_not_selected,,bls_cpi_2025-05-13
BCOUSD,2025-04-01 13:30:00+00:00,6,valid_not_selected,,bls_cpi_2025-05-13
BCOUSD,2025-03-25 13:30:00+00:00,7,valid_not_selected,,bls_cpi_2025-05-13
BCOUSD,2025-03-18 13:30:00+00:00,8,valid_not_selected,,bls_cpi_2025-05-13
BCOUSD,2025-03-11 13:30:00+00:00,9,valid_not_selected,,bls_cpi_2025-05-13
BCOUSD,2025-03-04 13:30:00+00:00,10,valid_not_selected,,bls_cpi_2025-05-13
BCOUSD,2025-02-25 13:30:00+00:00,11,valid_not_selected,,bls_cpi_2025-05-13
BCOUSD,2025-02-18 13:30:00+00:00,12,valid_not_selected,,bls_cpi_2025-05-13
EURUSD,2025-05-30 13:30:00+00:00,1,selected,,bls_employment_2025-06-06
EURUSD,2025-05-23 13:30:00+00:00,2,selected,,bls_employment_2025-06-06
EURUSD,2025-05-16 13:30:00+00:00,3,selected,,bls_employment_2025-06-06
EURUSD,2025-05-09 13:30:00+00:00,4,selected,,bls_employment_2025-06-06
EURUSD,2025-05-02 13:30:00+00:00,5,rejected,BLS CPI/employment date,bls_employment_2025-06-06
EURUSD,2025-04-25 13:30:00+00:00,6,valid_not_selected,,bls_employment_2025-06-06
EURUSD,2025-04-18 13:30:00+00:00,7,valid_not_selected,,bls_employment_2025-06-06
EURUSD,2025-04-11 13:30:00+00:00,8,valid_not_selected,,bls_employment_2025-06-06
EURUSD,2025-04-04 13:30:00+00:00,9,rejected,BLS CPI/employment date,bls_employment_2025-06-06
EURUSD,2025-03-28 13:30:00+00:00,10,valid_not_selected,,bls_employment_2025-06-06
EURUSD,2025-03-21 13:30:00+00:00,11,valid_not_selected,,bls_employment_2025-06-06
EURUSD,2025-03-14 13:30:00+00:00,12,valid_not_selected,,bls_employment_2025-06-06
GBPUSD,2025-05-30 13:30:00+00:00,1,selected,,bls_employment_2025-06-06
GBPUSD,2025-05-23 13:30:00+00:00,2,selected,,bls_employment_2025-06-06
GBPUSD,2025-05-16 13:30:00+00:00,3,selected,,bls_employment_2025-06-06
GBPUSD,2025-05-09 13:30:00+00:00,4,selected,,bls_employment_2025-06-06
GBPUSD,2025-05-02 13:30:00+00:00,5,rejected,BLS CPI/employment date,bls_employment_2025-06-06
GBPUSD,2025-04-25 13:30:00+00:00,6,valid_not_selected,,bls_employment_2025-06-06
GBPUSD,2025-04-18 13:30:00+00:00,7,valid_not_selected,,bls_employment_2025-06-06
GBPUSD,2025-04-11 13:30:00+00:00,8,valid_not_selected,,bls_employment_2025-06-06
GBPUSD,2025-04-04 13:30:00+00:00,9,rejected,BLS CPI/employment date,bls_employment_2025-06-06
GBPUSD,2025-03-28 13:30:00+00:00,10,valid_not_selected,,bls_employment_2025-06-06
GBPUSD,2025-03-21 13:30:00+00:00,11,valid_not_selected,,bls_employment_2025-06-06
GBPUSD,2025-03-14 13:30:00+00:00,12,valid_not_selected,,bls_employment_2025-06-06
AUDUSD,2025-05-30 13:30:00+00:00,1,selected,,bls_employment_2025-06-06
AUDUSD,2025-05-23 13:30:00+00:00,2,selected,,bls_employment_2025-06-06
AUDUSD,2025-05-16 13:30:00+00:00,3,selected,,bls_employment_2025-06-06
AUDUSD,2025-05-09 13:30:00+00:00,4,selected,,bls_employment_2025-06-06
AUDUSD,2025-05-02 13:30:00+00:00,5,rejected,BLS CPI/employment date,bls_employment_2025-06-06
AUDUSD,2025-04-25 13:30:00+00:00,6,valid_not_selected,,bls_employment_2025-06-06
AUDUSD,2025-04-18 13:30:00+00:00,7,valid_not_selected,,bls_employment_2025-06-06
AUDUSD,2025-04-11 13:30:00+00:00,8,valid_not_selected,,bls_employment_2025-06-06
AUDUSD,2025-04-04 13:30:00+00:00,9,rejected,BLS CPI/employment date,bls_employment_2025-06-06
AUDUSD,2025-03-28 13:30:00+00:00,10,valid_not_selected,,bls_employment_2025-06-06
AUDUSD,2025-03-21 13:30:00+00:00,11,valid_not_selected,,bls_employment_2025-06-06
AUDUSD,2025-03-14 13:30:00+00:00,12,valid_not_selected,,bls_employment_2025-06-06
NZDUSD,2025-05-30 13:30:00+00:00,1,selected,,bls_employment_2025-06-06
NZDUSD,2025-05-23 13:30:00+00:00,2,selected,,bls_employment_2025-06-06
NZDUSD,2025-05-16 13:30:00+00:00,3,selected,,bls_employment_2025-06-06
NZDUSD,2025-05-09 13:30:00+00:00,4,selected,,bls_employment_2025-06-06
NZDUSD,2025-05-02 13:30:00+00:00,5,rejected,BLS CPI/employment date,bls_employment_2025-06-06
NZDUSD,2025-04-25 13:30:00+00:00,6,valid_not_selected,,bls_employment_2025-06-06
NZDUSD,2025-04-18 13:30:00+00:00,7,valid_not_selected,,bls_employment_2025-06-06
NZDUSD,2025-04-11 13:30:00+00:00,8,valid_not_selected,,bls_employment_2025-06-06
NZDUSD,2025-04-04 13:30:00+00:00,9,rejected,BLS CPI/employment date,bls_employment_2025-06-06
NZDUSD,2025-03-28 13:30:00+00:00,10,valid_not_selected,,bls_employment_2025-06-06
NZDUSD,2025-03-21 13:30:00+00:00,11,valid_not_selected,,bls_employment_2025-06-06
NZDUSD,2025-03-14 13:30:00+00:00,12,valid_not_selected,,bls_employment_2025-06-06
USDJPY,2025-05-30 13:30:00+00:00,1,selected,,bls_employment_2025-06-06
USDJPY,2025-05-23 13:30:00+00:00,2,selected,,bls_employment_2025-06-06
USDJPY,2025-05-16 13:30:00+00:00,3,selected,,bls_employment_2025-06-06
USDJPY,2025-05-09 13:30:00+00:00,4,selected,,bls_employment_2025-06-06
USDJPY,2025-05-02 13:30:00+00:00,5,rejected,BLS CPI/employment date,bls_employment_2025-06-06
USDJPY,2025-04-25 13:30:00+00:00,6,valid_not_selected,,bls_employment_2025-06-06
USDJPY,2025-04-18 13:30:00+00:00,7,valid_not_selected,,bls_employment_2025-06-06
USDJPY,2025-04-11 13:30:00+00:00,8,valid_not_selected,,bls_employment_2025-06-06
USDJPY,2025-04-04 13:30:00+00:00,9,rejected,BLS CPI/employment date,bls_employment_2025-06-06
USDJPY,2025-03-28 13:30:00+00:00,10,valid_not_selected,,bls_employment_2025-06-06
USDJPY,2025-03-21 13:30:00+00:00,11,valid_not_selected,,bls_employment_2025-06-06
USDJPY,2025-03-14 13:30:00+00:00,12,valid_not_selected,,bls_employment_2025-06-06
USDCHF,2025-05-30 13:30:00+00:00,1,selected,,bls_employment_2025-06-06
USDCHF,2025-05-23 13:30:00+00:00,2,selected,,bls_employment_2025-06-06
USDCHF,2025-05-16 13:30:00+00:00,3,selected,,bls_employment_2025-06-06
USDCHF,2025-05-09 13:30:00+00:00,4,selected,,bls_employment_2025-06-06
USDCHF,2025-05-02 13:30:00+00:00,5,rejected,BLS CPI/employment date,bls_employment_2025-06-06
USDCHF,2025-04-25 13:30:00+00:00,6,valid_not_selected,,bls_employment_2025-06-06
USDCHF,2025-04-18 13:30:00+00:00,7,valid_not_selected,,bls_employment_2025-06-06
USDCHF,2025-04-11 13:30:00+00:00,8,valid_not_selected,,bls_employment_2025-06-06
USDCHF,2025-04-04 13:30:00+00:00,9,rejected,BLS CPI/employment date,bls_employment_2025-06-06
USDCHF,2025-03-28 13:30:00+00:00,10,valid_not_selected,,bls_employment_2025-06-06
USDCHF,2025-03-21 13:30:00+00:00,11,valid_not_selected,,bls_employment_2025-06-06
USDCHF,2025-03-14 13:30:00+00:00,12,valid_not_selected,,bls_employment_2025-06-06
USDCAD,2025-05-30 13:30:00+00:00,1,selected,,bls_employment_2025-06-06
USDCAD,2025-05-23 13:30:00+00:00,2,selected,,bls_employment_2025-06-06
USDCAD,2025-05-16 13:30:00+00:00,3,selected,,bls_employment_2025-06-06
USDCAD,2025-05-09 13:30:00+00:00,4,selected,,bls_employment_2025-06-06
USDCAD,2025-05-02 13:30:00+00:00,5,rejected,BLS CPI/employment date,bls_employment_2025-06-06
USDCAD,2025-04-25 13:30:00+00:00,6,valid_not_selected,,bls_employment_2025-06-06
USDCAD,2025-04-18 13:30:00+00:00,7,valid_not_selected,,bls_employment_2025-06-06
USDCAD,2025-04-11 13:30:00+00:00,8,valid_not_selected,,bls_employment_2025-06-06
USDCAD,2025-04-04 13:30:00+00:00,9,rejected,BLS CPI/employment date,bls_employment_2025-06-06
USDCAD,2025-03-28 13:30:00+00:00,10,valid_not_selected,,bls_employment_2025-06-06
USDCAD,2025-03-21 13:30:00+00:00,11,valid_not_selected,,bls_employment_2025-06-06
USDCAD,2025-03-14 13:30:00+00:00,12,valid_not_selected,,bls_employment_2025-06-06
EURJPY,2025-05-30 13:30:00+00:00,1,selected,,bls_employment_2025-06-06
EURJPY,2025-05-23 13:30:00+00:00,2,selected,,bls_employment_2025-06-06
EURJPY,2025-05-16 13:30:00+00:00,3,selected,,bls_employment_2025-06-06
EURJPY,2025-05-09 13:30:00+00:00,4,selected,,bls_employment_2025-06-06
EURJPY,2025-05-02 13:30:00+00:00,5,rejected,BLS CPI/employment date,bls_employment_2025-06-06
EURJPY,2025-04-25 13:30:00+00:00,6,valid_not_selected,,bls_employment_2025-06-06
EURJPY,2025-04-18 13:30:00+00:00,7,valid_not_selected,,bls_employment_2025-06-06
EURJPY,2025-04-11 13:30:00+00:00,8,valid_not_selected,,bls_employment_2025-06-06
EURJPY,2025-04-04 13:30:00+00:00,9,rejected,BLS CPI/employment date,bls_employment_2025-06-06
EURJPY,2025-03-28 13:30:00+00:00,10,valid_not_selected,,bls_employment_2025-06-06
EURJPY,2025-03-21 13:30:00+00:00,11,valid_not_selected,,bls_employment_2025-06-06
EURJPY,2025-03-14 13:30:00+00:00,12,valid_not_selected,,bls_employment_2025-06-06
XAUUSD,2025-05-30 13:30:00+00:00,1,selected,,bls_employment_2025-06-06
XAUUSD,2025-05-23 13:30:00+00:00,2,selected,,bls_employment_2025-06-06
XAUUSD,2025-05-16 13:30:00+00:00,3,selected,,bls_employment_2025-06-06
XAUUSD,2025-05-09 13:30:00+00:00,4,selected,,bls_employment_2025-06-06
XAUUSD,2025-05-02 13:30:00+00:00,5,rejected,BLS CPI/employment date,bls_employment_2025-06-06
XAUUSD,2025-04-25 13:30:00+00:00,6,valid_not_selected,,bls_employment_2025-06-06
XAUUSD,2025-04-18 13:30:00+00:00,7,rejected,quote absent/nonpositive,bls_employment_2025-06-06
XAUUSD,2025-04-11 13:30:00+00:00,8,valid_not_selected,,bls_employment_2025-06-06
XAUUSD,2025-04-04 13:30:00+00:00,9,rejected,BLS CPI/employment date,bls_employment_2025-06-06
XAUUSD,2025-03-28 13:30:00+00:00,10,valid_not_selected,,bls_employment_2025-06-06
XAUUSD,2025-03-21 13:30:00+00:00,11,valid_not_selected,,bls_employment_2025-06-06
XAUUSD,2025-03-14 13:30:00+00:00,12,valid_not_selected,,bls_employment_2025-06-06
XAGUSD,2025-05-30 13:30:00+00:00,1,selected,,bls_employment_2025-06-06
XAGUSD,2025-05-23 13:30:00+00:00,2,selected,,bls_employment_2025-06-06
XAGUSD,2025-05-16 13:30:00+00:00,3,selected,,bls_employment_2025-06-06
XAGUSD,2025-05-09 13:30:00+00:00,4,selected,,bls_employment_2025-06-06
XAGUSD,2025-05-02 13:30:00+00:00,5,rejected,BLS CPI/employment date,bls_employment_2025-06-06
XAGUSD,2025-04-25 13:30:00+00:00,6,valid_not_selected,,bls_employment_2025-06-06
XAGUSD,2025-04-18 13:30:00+00:00,7,rejected,quote absent/nonpositive,bls_employment_2025-06-06
XAGUSD,2025-04-11 13:30:00+00:00,8,valid_not_selected,,bls_employment_2025-06-06
XAGUSD,2025-04-04 13:30:00+00:00,9,rejected,BLS CPI/employment date,bls_employment_2025-06-06
XAGUSD,2025-03-28 13:30:00+00:00,10,valid_not_selected,,bls_employment_2025-06-06
XAGUSD,2025-03-21 13:30:00+00:00,11,valid_not_selected,,bls_employment_2025-06-06
XAGUSD,2025-03-14 13:30:00+00:00,12,valid_not_selected,,bls_employment_2025-06-06
SPXUSD,2025-05-30 13:30:00+00:00,1,selected,,bls_employment_2025-06-06
SPXUSD,2025-05-23 13:30:00+00:00,2,selected,,bls_employment_2025-06-06
SPXUSD,2025-05-16 13:30:00+00:00,3,selected,,bls_employment_2025-06-06
SPXUSD,2025-05-09 13:30:00+00:00,4,selected,,bls_employment_2025-06-06
SPXUSD,2025-05-02 13:30:00+00:00,5,rejected,BLS CPI/employment date,bls_employment_2025-06-06
SPXUSD,2025-04-25 13:30:00+00:00,6,valid_not_selected,,bls_employment_2025-06-06
SPXUSD,2025-04-18 13:30:00+00:00,7,rejected,quote absent/nonpositive,bls_employment_2025-06-06
SPXUSD,2025-04-11 13:30:00+00:00,8,valid_not_selected,,bls_employment_2025-06-06
SPXUSD,2025-04-04 13:30:00+00:00,9,rejected,BLS CPI/employment date,bls_employment_2025-06-06
SPXUSD,2025-03-28 13:30:00+00:00,10,valid_not_selected,,bls_employment_2025-06-06
SPXUSD,2025-03-21 13:30:00+00:00,11,valid_not_selected,,bls_employment_2025-06-06
SPXUSD,2025-03-14 13:30:00+00:00,12,valid_not_selected,,bls_employment_2025-06-06
NSXUSD,2025-05-30 13:30:00+00:00,1,selected,,bls_employment_2025-06-06
NSXUSD,2025-05-23 13:30:00+00:00,2,selected,,bls_employment_2025-06-06
NSXUSD,2025-05-16 13:30:00+00:00,3,selected,,bls_employment_2025-06-06
NSXUSD,2025-05-09 13:30:00+00:00,4,selected,,bls_employment_2025-06-06
NSXUSD,2025-05-02 13:30:00+00:00,5,rejected,BLS CPI/employment date,bls_employment_2025-06-06
NSXUSD,2025-04-25 13:30:00+00:00,6,valid_not_selected,,bls_employment_2025-06-06
NSXUSD,2025-04-18 13:30:00+00:00,7,rejected,quote absent/nonpositive,bls_employment_2025-06-06
NSXUSD,2025-04-11 13:30:00+00:00,8,valid_not_selected,,bls_employment_2025-06-06
NSXUSD,2025-04-04 13:30:00+00:00,9,rejected,BLS CPI/employment date,bls_employment_2025-06-06
NSXUSD,2025-03-28 13:30:00+00:00,10,valid_not_selected,,bls_employment_2025-06-06
NSXUSD,2025-03-21 13:30:00+00:00,11,valid_not_selected,,bls_employment_2025-06-06
NSXUSD,2025-03-14 13:30:00+00:00,12,valid_not_selected,,bls_employment_2025-06-06
GRXEUR,2025-05-30 13:30:00+00:00,1,selected,,bls_employment_2025-06-06
GRXEUR,2025-05-23 13:30:00+00:00,2,selected,,bls_employment_2025-06-06
GRXEUR,2025-05-16 13:30:00+00:00,3,selected,,bls_employment_2025-06-06
GRXEUR,2025-05-09 13:30:00+00:00,4,selected,,bls_employment_2025-06-06
GRXEUR,2025-05-02 13:30:00+00:00,5,rejected,BLS CPI/employment date,bls_employment_2025-06-06
GRXEUR,2025-04-25 13:30:00+00:00,6,valid_not_selected,,bls_employment_2025-06-06
GRXEUR,2025-04-18 13:30:00+00:00,7,rejected,quote absent/nonpositive,bls_employment_2025-06-06
GRXEUR,2025-04-11 13:30:00+00:00,8,valid_not_selected,,bls_employment_2025-06-06
GRXEUR,2025-04-04 13:30:00+00:00,9,rejected,BLS CPI/employment date,bls_employment_2025-06-06
GRXEUR,2025-03-28 13:30:00+00:00,10,valid_not_selected,,bls_employment_2025-06-06
GRXEUR,2025-03-21 13:30:00+00:00,11,valid_not_selected,,bls_employment_2025-06-06
GRXEUR,2025-03-14 13:30:00+00:00,12,valid_not_selected,,bls_employment_2025-06-06
UKXGBP,2025-05-30 13:30:00+00:00,1,selected,,bls_employment_2025-06-06
UKXGBP,2025-05-23 13:30:00+00:00,2,selected,,bls_employment_2025-06-06
UKXGBP,2025-05-16 13:30:00+00:00,3,selected,,bls_employment_2025-06-06
UKXGBP,2025-05-09 13:30:00+00:00,4,selected,,bls_employment_2025-06-06
UKXGBP,2025-05-02 13:30:00+00:00,5,rejected,BLS CPI/employment date,bls_employment_2025-06-06
UKXGBP,2025-04-25 13:30:00+00:00,6,valid_not_selected,,bls_employment_2025-06-06
UKXGBP,2025-04-18 13:30:00+00:00,7,rejected,quote absent/nonpositive,bls_employment_2025-06-06
UKXGBP,2025-04-11 13:30:00+00:00,8,valid_not_selected,,bls_employment_2025-06-06
UKXGBP,2025-04-04 13:30:00+00:00,9,rejected,BLS CPI/employment date,bls_employment_2025-06-06
UKXGBP,2025-03-28 13:30:00+00:00,10,valid_not_selected,,bls_employment_2025-06-06
UKXGBP,2025-03-21 13:30:00+00:00,11,valid_not_selected,,bls_employment_2025-06-06
UKXGBP,2025-03-14 13:30:00+00:00,12,valid_not_selected,,bls_employment_2025-06-06
BCOUSD,2025-05-30 13:30:00+00:00,1,selected,,bls_employment_2025-06-06
BCOUSD,2025-05-23 13:30:00+00:00,2,selected,,bls_employment_2025-06-06
BCOUSD,2025-05-16 13:30:00+00:00,3,selected,,bls_employment_2025-06-06
BCOUSD,2025-05-09 13:30:00+00:00,4,selected,,bls_employment_2025-06-06
BCOUSD,2025-05-02 13:30:00+00:00,5,rejected,BLS CPI/employment date,bls_employment_2025-06-06
BCOUSD,2025-04-25 13:30:00+00:00,6,valid_not_selected,,bls_employment_2025-06-06
BCOUSD,2025-04-18 13:30:00+00:00,7,rejected,quote absent/nonpositive,bls_employment_2025-06-06
BCOUSD,2025-04-11 13:30:00+00:00,8,valid_not_selected,,bls_employment_2025-06-06
BCOUSD,2025-04-04 13:30:00+00:00,9,rejected,BLS CPI/employment date,bls_employment_2025-06-06
BCOUSD,2025-03-28 13:30:00+00:00,10,valid_not_selected,,bls_employment_2025-06-06
BCOUSD,2025-03-21 13:30:00+00:00,11,valid_not_selected,,bls_employment_2025-06-06
BCOUSD,2025-03-14 13:30:00+00:00,12,valid_not_selected,,bls_employment_2025-06-06
EURUSD,2025-06-04 13:30:00+00:00,1,selected,,bls_cpi_2025-06-11
EURUSD,2025-05-28 13:30:00+00:00,2,selected,,bls_cpi_2025-06-11
EURUSD,2025-05-21 13:30:00+00:00,3,selected,,bls_cpi_2025-06-11
EURUSD,2025-05-14 13:30:00+00:00,4,selected,,bls_cpi_2025-06-11
EURUSD,2025-05-07 13:30:00+00:00,5,valid_not_selected,,bls_cpi_2025-06-11
EURUSD,2025-04-30 13:30:00+00:00,6,valid_not_selected,,bls_cpi_2025-06-11
EURUSD,2025-04-23 13:30:00+00:00,7,valid_not_selected,,bls_cpi_2025-06-11
EURUSD,2025-04-16 13:30:00+00:00,8,valid_not_selected,,bls_cpi_2025-06-11
EURUSD,2025-04-09 13:30:00+00:00,9,valid_not_selected,,bls_cpi_2025-06-11
EURUSD,2025-04-02 13:30:00+00:00,10,valid_not_selected,,bls_cpi_2025-06-11
EURUSD,2025-03-26 13:30:00+00:00,11,valid_not_selected,,bls_cpi_2025-06-11
EURUSD,2025-03-19 13:30:00+00:00,12,valid_not_selected,,bls_cpi_2025-06-11
GBPUSD,2025-06-04 13:30:00+00:00,1,selected,,bls_cpi_2025-06-11
GBPUSD,2025-05-28 13:30:00+00:00,2,selected,,bls_cpi_2025-06-11
GBPUSD,2025-05-21 13:30:00+00:00,3,selected,,bls_cpi_2025-06-11
GBPUSD,2025-05-14 13:30:00+00:00,4,selected,,bls_cpi_2025-06-11
GBPUSD,2025-05-07 13:30:00+00:00,5,valid_not_selected,,bls_cpi_2025-06-11
GBPUSD,2025-04-30 13:30:00+00:00,6,valid_not_selected,,bls_cpi_2025-06-11
GBPUSD,2025-04-23 13:30:00+00:00,7,valid_not_selected,,bls_cpi_2025-06-11
GBPUSD,2025-04-16 13:30:00+00:00,8,valid_not_selected,,bls_cpi_2025-06-11
GBPUSD,2025-04-09 13:30:00+00:00,9,valid_not_selected,,bls_cpi_2025-06-11
GBPUSD,2025-04-02 13:30:00+00:00,10,valid_not_selected,,bls_cpi_2025-06-11
GBPUSD,2025-03-26 13:30:00+00:00,11,valid_not_selected,,bls_cpi_2025-06-11
GBPUSD,2025-03-19 13:30:00+00:00,12,valid_not_selected,,bls_cpi_2025-06-11
AUDUSD,2025-06-04 13:30:00+00:00,1,selected,,bls_cpi_2025-06-11
AUDUSD,2025-05-28 13:30:00+00:00,2,selected,,bls_cpi_2025-06-11
AUDUSD,2025-05-21 13:30:00+00:00,3,selected,,bls_cpi_2025-06-11
AUDUSD,2025-05-14 13:30:00+00:00,4,selected,,bls_cpi_2025-06-11
AUDUSD,2025-05-07 13:30:00+00:00,5,valid_not_selected,,bls_cpi_2025-06-11
AUDUSD,2025-04-30 13:30:00+00:00,6,valid_not_selected,,bls_cpi_2025-06-11
AUDUSD,2025-04-23 13:30:00+00:00,7,valid_not_selected,,bls_cpi_2025-06-11
AUDUSD,2025-04-16 13:30:00+00:00,8,valid_not_selected,,bls_cpi_2025-06-11
AUDUSD,2025-04-09 13:30:00+00:00,9,valid_not_selected,,bls_cpi_2025-06-11
AUDUSD,2025-04-02 13:30:00+00:00,10,valid_not_selected,,bls_cpi_2025-06-11
AUDUSD,2025-03-26 13:30:00+00:00,11,valid_not_selected,,bls_cpi_2025-06-11
AUDUSD,2025-03-19 13:30:00+00:00,12,valid_not_selected,,bls_cpi_2025-06-11
NZDUSD,2025-06-04 13:30:00+00:00,1,selected,,bls_cpi_2025-06-11
NZDUSD,2025-05-28 13:30:00+00:00,2,selected,,bls_cpi_2025-06-11
NZDUSD,2025-05-21 13:30:00+00:00,3,selected,,bls_cpi_2025-06-11
NZDUSD,2025-05-14 13:30:00+00:00,4,selected,,bls_cpi_2025-06-11
NZDUSD,2025-05-07 13:30:00+00:00,5,valid_not_selected,,bls_cpi_2025-06-11
NZDUSD,2025-04-30 13:30:00+00:00,6,valid_not_selected,,bls_cpi_2025-06-11
NZDUSD,2025-04-23 13:30:00+00:00,7,valid_not_selected,,bls_cpi_2025-06-11
NZDUSD,2025-04-16 13:30:00+00:00,8,valid_not_selected,,bls_cpi_2025-06-11
NZDUSD,2025-04-09 13:30:00+00:00,9,valid_not_selected,,bls_cpi_2025-06-11
NZDUSD,2025-04-02 13:30:00+00:00,10,valid_not_selected,,bls_cpi_2025-06-11
NZDUSD,2025-03-26 13:30:00+00:00,11,valid_not_selected,,bls_cpi_2025-06-11
NZDUSD,2025-03-19 13:30:00+00:00,12,valid_not_selected,,bls_cpi_2025-06-11
USDJPY,2025-06-04 13:30:00+00:00,1,selected,,bls_cpi_2025-06-11
USDJPY,2025-05-28 13:30:00+00:00,2,selected,,bls_cpi_2025-06-11
USDJPY,2025-05-21 13:30:00+00:00,3,selected,,bls_cpi_2025-06-11
USDJPY,2025-05-14 13:30:00+00:00,4,selected,,bls_cpi_2025-06-11
USDJPY,2025-05-07 13:30:00+00:00,5,valid_not_selected,,bls_cpi_2025-06-11
USDJPY,2025-04-30 13:30:00+00:00,6,valid_not_selected,,bls_cpi_2025-06-11
USDJPY,2025-04-23 13:30:00+00:00,7,valid_not_selected,,bls_cpi_2025-06-11
USDJPY,2025-04-16 13:30:00+00:00,8,valid_not_selected,,bls_cpi_2025-06-11
USDJPY,2025-04-09 13:30:00+00:00,9,valid_not_selected,,bls_cpi_2025-06-11
USDJPY,2025-04-02 13:30:00+00:00,10,valid_not_selected,,bls_cpi_2025-06-11
USDJPY,2025-03-26 13:30:00+00:00,11,valid_not_selected,,bls_cpi_2025-06-11
USDJPY,2025-03-19 13:30:00+00:00,12,valid_not_selected,,bls_cpi_2025-06-11
USDCHF,2025-06-04 13:30:00+00:00,1,selected,,bls_cpi_2025-06-11
USDCHF,2025-05-28 13:30:00+00:00,2,selected,,bls_cpi_2025-06-11
USDCHF,2025-05-21 13:30:00+00:00,3,selected,,bls_cpi_2025-06-11
USDCHF,2025-05-14 13:30:00+00:00,4,selected,,bls_cpi_2025-06-11
USDCHF,2025-05-07 13:30:00+00:00,5,valid_not_selected,,bls_cpi_2025-06-11
USDCHF,2025-04-30 13:30:00+00:00,6,valid_not_selected,,bls_cpi_2025-06-11
USDCHF,2025-04-23 13:30:00+00:00,7,valid_not_selected,,bls_cpi_2025-06-11
USDCHF,2025-04-16 13:30:00+00:00,8,valid_not_selected,,bls_cpi_2025-06-11
USDCHF,2025-04-09 13:30:00+00:00,9,valid_not_selected,,bls_cpi_2025-06-11
USDCHF,2025-04-02 13:30:00+00:00,10,valid_not_selected,,bls_cpi_2025-06-11
USDCHF,2025-03-26 13:30:00+00:00,11,valid_not_selected,,bls_cpi_2025-06-11
USDCHF,2025-03-19 13:30:00+00:00,12,valid_not_selected,,bls_cpi_2025-06-11
USDCAD,2025-06-04 13:30:00+00:00,1,selected,,bls_cpi_2025-06-11
USDCAD,2025-05-28 13:30:00+00:00,2,selected,,bls_cpi_2025-06-11
USDCAD,2025-05-21 13:30:00+00:00,3,selected,,bls_cpi_2025-06-11
USDCAD,2025-05-14 13:30:00+00:00,4,selected,,bls_cpi_2025-06-11
USDCAD,2025-05-07 13:30:00+00:00,5,valid_not_selected,,bls_cpi_2025-06-11
USDCAD,2025-04-30 13:30:00+00:00,6,valid_not_selected,,bls_cpi_2025-06-11
USDCAD,2025-04-23 13:30:00+00:00,7,valid_not_selected,,bls_cpi_2025-06-11
USDCAD,2025-04-16 13:30:00+00:00,8,valid_not_selected,,bls_cpi_2025-06-11
USDCAD,2025-04-09 13:30:00+00:00,9,valid_not_selected,,bls_cpi_2025-06-11
USDCAD,2025-04-02 13:30:00+00:00,10,valid_not_selected,,bls_cpi_2025-06-11
USDCAD,2025-03-26 13:30:00+00:00,11,valid_not_selected,,bls_cpi_2025-06-11
USDCAD,2025-03-19 13:30:00+00:00,12,valid_not_selected,,bls_cpi_2025-06-11
EURJPY,2025-06-04 13:30:00+00:00,1,selected,,bls_cpi_2025-06-11
EURJPY,2025-05-28 13:30:00+00:00,2,selected,,bls_cpi_2025-06-11
EURJPY,2025-05-21 13:30:00+00:00,3,selected,,bls_cpi_2025-06-11
EURJPY,2025-05-14 13:30:00+00:00,4,selected,,bls_cpi_2025-06-11
EURJPY,2025-05-07 13:30:00+00:00,5,valid_not_selected,,bls_cpi_2025-06-11
EURJPY,2025-04-30 13:30:00+00:00,6,valid_not_selected,,bls_cpi_2025-06-11
EURJPY,2025-04-23 13:30:00+00:00,7,valid_not_selected,,bls_cpi_2025-06-11
EURJPY,2025-04-16 13:30:00+00:00,8,valid_not_selected,,bls_cpi_2025-06-11
EURJPY,2025-04-09 13:30:00+00:00,9,valid_not_selected,,bls_cpi_2025-06-11
EURJPY,2025-04-02 13:30:00+00:00,10,valid_not_selected,,bls_cpi_2025-06-11
EURJPY,2025-03-26 13:30:00+00:00,11,valid_not_selected,,bls_cpi_2025-06-11
EURJPY,2025-03-19 13:30:00+00:00,12,valid_not_selected,,bls_cpi_2025-06-11
XAUUSD,2025-06-04 13:30:00+00:00,1,selected,,bls_cpi_2025-06-11
XAUUSD,2025-05-28 13:30:00+00:00,2,selected,,bls_cpi_2025-06-11
XAUUSD,2025-05-21 13:30:00+00:00,3,selected,,bls_cpi_2025-06-11
XAUUSD,2025-05-14 13:30:00+00:00,4,selected,,bls_cpi_2025-06-11
XAUUSD,2025-05-07 13:30:00+00:00,5,valid_not_selected,,bls_cpi_2025-06-11
XAUUSD,2025-04-30 13:30:00+00:00,6,valid_not_selected,,bls_cpi_2025-06-11
XAUUSD,2025-04-23 13:30:00+00:00,7,valid_not_selected,,bls_cpi_2025-06-11
XAUUSD,2025-04-16 13:30:00+00:00,8,valid_not_selected,,bls_cpi_2025-06-11
XAUUSD,2025-04-09 13:30:00+00:00,9,valid_not_selected,,bls_cpi_2025-06-11
XAUUSD,2025-04-02 13:30:00+00:00,10,valid_not_selected,,bls_cpi_2025-06-11
XAUUSD,2025-03-26 13:30:00+00:00,11,valid_not_selected,,bls_cpi_2025-06-11
XAUUSD,2025-03-19 13:30:00+00:00,12,valid_not_selected,,bls_cpi_2025-06-11
XAGUSD,2025-06-04 13:30:00+00:00,1,selected,,bls_cpi_2025-06-11
XAGUSD,2025-05-28 13:30:00+00:00,2,selected,,bls_cpi_2025-06-11
XAGUSD,2025-05-21 13:30:00+00:00,3,selected,,bls_cpi_2025-06-11
XAGUSD,2025-05-14 13:30:00+00:00,4,selected,,bls_cpi_2025-06-11
XAGUSD,2025-05-07 13:30:00+00:00,5,valid_not_selected,,bls_cpi_2025-06-11
XAGUSD,2025-04-30 13:30:00+00:00,6,valid_not_selected,,bls_cpi_2025-06-11
XAGUSD,2025-04-23 13:30:00+00:00,7,valid_not_selected,,bls_cpi_2025-06-11
XAGUSD,2025-04-16 13:30:00+00:00,8,valid_not_selected,,bls_cpi_2025-06-11
XAGUSD,2025-04-09 13:30:00+00:00,9,valid_not_selected,,bls_cpi_2025-06-11
XAGUSD,2025-04-02 13:30:00+00:00,10,valid_not_selected,,bls_cpi_2025-06-11
XAGUSD,2025-03-26 13:30:00+00:00,11,valid_not_selected,,bls_cpi_2025-06-11
XAGUSD,2025-03-19 13:30:00+00:00,12,valid_not_selected,,bls_cpi_2025-06-11
SPXUSD,2025-06-04 13:30:00+00:00,1,selected,,bls_cpi_2025-06-11
SPXUSD,2025-05-28 13:30:00+00:00,2,selected,,bls_cpi_2025-06-11
SPXUSD,2025-05-21 13:30:00+00:00,3,selected,,bls_cpi_2025-06-11
SPXUSD,2025-05-14 13:30:00+00:00,4,selected,,bls_cpi_2025-06-11
SPXUSD,2025-05-07 13:30:00+00:00,5,valid_not_selected,,bls_cpi_2025-06-11
SPXUSD,2025-04-30 13:30:00+00:00,6,valid_not_selected,,bls_cpi_2025-06-11
SPXUSD,2025-04-23 13:30:00+00:00,7,valid_not_selected,,bls_cpi_2025-06-11
SPXUSD,2025-04-16 13:30:00+00:00,8,valid_not_selected,,bls_cpi_2025-06-11
SPXUSD,2025-04-09 13:30:00+00:00,9,valid_not_selected,,bls_cpi_2025-06-11
SPXUSD,2025-04-02 13:30:00+00:00,10,valid_not_selected,,bls_cpi_2025-06-11
SPXUSD,2025-03-26 13:30:00+00:00,11,valid_not_selected,,bls_cpi_2025-06-11
SPXUSD,2025-03-19 13:30:00+00:00,12,valid_not_selected,,bls_cpi_2025-06-11
NSXUSD,2025-06-04 13:30:00+00:00,1,selected,,bls_cpi_2025-06-11
NSXUSD,2025-05-28 13:30:00+00:00,2,selected,,bls_cpi_2025-06-11
NSXUSD,2025-05-21 13:30:00+00:00,3,selected,,bls_cpi_2025-06-11
NSXUSD,2025-05-14 13:30:00+00:00,4,selected,,bls_cpi_2025-06-11
NSXUSD,2025-05-07 13:30:00+00:00,5,valid_not_selected,,bls_cpi_2025-06-11
NSXUSD,2025-04-30 13:30:00+00:00,6,valid_not_selected,,bls_cpi_2025-06-11
NSXUSD,2025-04-23 13:30:00+00:00,7,valid_not_selected,,bls_cpi_2025-06-11
NSXUSD,2025-04-16 13:30:00+00:00,8,valid_not_selected,,bls_cpi_2025-06-11
NSXUSD,2025-04-09 13:30:00+00:00,9,valid_not_selected,,bls_cpi_2025-06-11
NSXUSD,2025-04-02 13:30:00+00:00,10,valid_not_selected,,bls_cpi_2025-06-11
NSXUSD,2025-03-26 13:30:00+00:00,11,valid_not_selected,,bls_cpi_2025-06-11
NSXUSD,2025-03-19 13:30:00+00:00,12,valid_not_selected,,bls_cpi_2025-06-11
GRXEUR,2025-06-04 13:30:00+00:00,1,selected,,bls_cpi_2025-06-11
GRXEUR,2025-05-28 13:30:00+00:00,2,selected,,bls_cpi_2025-06-11
GRXEUR,2025-05-21 13:30:00+00:00,3,selected,,bls_cpi_2025-06-11
GRXEUR,2025-05-14 13:30:00+00:00,4,selected,,bls_cpi_2025-06-11
GRXEUR,2025-05-07 13:30:00+00:00,5,valid_not_selected,,bls_cpi_2025-06-11
GRXEUR,2025-04-30 13:30:00+00:00,6,valid_not_selected,,bls_cpi_2025-06-11
GRXEUR,2025-04-23 13:30:00+00:00,7,valid_not_selected,,bls_cpi_2025-06-11
GRXEUR,2025-04-16 13:30:00+00:00,8,valid_not_selected,,bls_cpi_2025-06-11
GRXEUR,2025-04-09 13:30:00+00:00,9,valid_not_selected,,bls_cpi_2025-06-11
GRXEUR,2025-04-02 13:30:00+00:00,10,valid_not_selected,,bls_cpi_2025-06-11
GRXEUR,2025-03-26 13:30:00+00:00,11,valid_not_selected,,bls_cpi_2025-06-11
GRXEUR,2025-03-19 13:30:00+00:00,12,valid_not_selected,,bls_cpi_2025-06-11
UKXGBP,2025-06-04 13:30:00+00:00,1,selected,,bls_cpi_2025-06-11
UKXGBP,2025-05-28 13:30:00+00:00,2,selected,,bls_cpi_2025-06-11
UKXGBP,2025-05-21 13:30:00+00:00,3,selected,,bls_cpi_2025-06-11
UKXGBP,2025-05-14 13:30:00+00:00,4,selected,,bls_cpi_2025-06-11
UKXGBP,2025-05-07 13:30:00+00:00,5,valid_not_selected,,bls_cpi_2025-06-11
UKXGBP,2025-04-30 13:30:00+00:00,6,valid_not_selected,,bls_cpi_2025-06-11
UKXGBP,2025-04-23 13:30:00+00:00,7,valid_not_selected,,bls_cpi_2025-06-11
UKXGBP,2025-04-16 13:30:00+00:00,8,valid_not_selected,,bls_cpi_2025-06-11
UKXGBP,2025-04-09 13:30:00+00:00,9,valid_not_selected,,bls_cpi_2025-06-11
UKXGBP,2025-04-02 13:30:00+00:00,10,valid_not_selected,,bls_cpi_2025-06-11
UKXGBP,2025-03-26 13:30:00+00:00,11,valid_not_selected,,bls_cpi_2025-06-11
UKXGBP,2025-03-19 13:30:00+00:00,12,valid_not_selected,,bls_cpi_2025-06-11
BCOUSD,2025-06-04 13:30:00+00:00,1,selected,,bls_cpi_2025-06-11
BCOUSD,2025-05-28 13:30:00+00:00,2,selected,,bls_cpi_2025-06-11
BCOUSD,2025-05-21 13:30:00+00:00,3,selected,,bls_cpi_2025-06-11
BCOUSD,2025-05-14 13:30:00+00:00,4,selected,,bls_cpi_2025-06-11
BCOUSD,2025-05-07 13:30:00+00:00,5,valid_not_selected,,bls_cpi_2025-06-11
BCOUSD,2025-04-30 13:30:00+00:00,6,valid_not_selected,,bls_cpi_2025-06-11
BCOUSD,2025-04-23 13:30:00+00:00,7,valid_not_selected,,bls_cpi_2025-06-11
BCOUSD,2025-04-16 13:30:00+00:00,8,valid_not_selected,,bls_cpi_2025-06-11
BCOUSD,2025-04-09 13:30:00+00:00,9,valid_not_selected,,bls_cpi_2025-06-11
BCOUSD,2025-04-02 13:30:00+00:00,10,valid_not_selected,,bls_cpi_2025-06-11
BCOUSD,2025-03-26 13:30:00+00:00,11,valid_not_selected,,bls_cpi_2025-06-11
BCOUSD,2025-03-19 13:30:00+00:00,12,valid_not_selected,,bls_cpi_2025-06-11
EURUSD,2025-06-26 13:30:00+00:00,1,selected,,bls_employment_2025-07-03
EURUSD,2025-06-19 13:30:00+00:00,2,selected,,bls_employment_2025-07-03
EURUSD,2025-06-12 13:30:00+00:00,3,selected,,bls_employment_2025-07-03
EURUSD,2025-06-05 13:30:00+00:00,4,selected,,bls_employment_2025-07-03
EURUSD,2025-05-29 13:30:00+00:00,5,valid_not_selected,,bls_employment_2025-07-03
EURUSD,2025-05-22 13:30:00+00:00,6,valid_not_selected,,bls_employment_2025-07-03
EURUSD,2025-05-15 13:30:00+00:00,7,valid_not_selected,,bls_employment_2025-07-03
EURUSD,2025-05-08 13:30:00+00:00,8,valid_not_selected,,bls_employment_2025-07-03
EURUSD,2025-05-01 13:30:00+00:00,9,valid_not_selected,,bls_employment_2025-07-03
EURUSD,2025-04-24 13:30:00+00:00,10,valid_not_selected,,bls_employment_2025-07-03
EURUSD,2025-04-17 13:30:00+00:00,11,valid_not_selected,,bls_employment_2025-07-03
EURUSD,2025-04-10 13:30:00+00:00,12,rejected,BLS CPI/employment date,bls_employment_2025-07-03
GBPUSD,2025-06-26 13:30:00+00:00,1,selected,,bls_employment_2025-07-03
GBPUSD,2025-06-19 13:30:00+00:00,2,selected,,bls_employment_2025-07-03
GBPUSD,2025-06-12 13:30:00+00:00,3,selected,,bls_employment_2025-07-03
GBPUSD,2025-06-05 13:30:00+00:00,4,selected,,bls_employment_2025-07-03
GBPUSD,2025-05-29 13:30:00+00:00,5,valid_not_selected,,bls_employment_2025-07-03
GBPUSD,2025-05-22 13:30:00+00:00,6,valid_not_selected,,bls_employment_2025-07-03
GBPUSD,2025-05-15 13:30:00+00:00,7,valid_not_selected,,bls_employment_2025-07-03
GBPUSD,2025-05-08 13:30:00+00:00,8,valid_not_selected,,bls_employment_2025-07-03
GBPUSD,2025-05-01 13:30:00+00:00,9,valid_not_selected,,bls_employment_2025-07-03
GBPUSD,2025-04-24 13:30:00+00:00,10,valid_not_selected,,bls_employment_2025-07-03
GBPUSD,2025-04-17 13:30:00+00:00,11,valid_not_selected,,bls_employment_2025-07-03
GBPUSD,2025-04-10 13:30:00+00:00,12,rejected,BLS CPI/employment date,bls_employment_2025-07-03
AUDUSD,2025-06-26 13:30:00+00:00,1,selected,,bls_employment_2025-07-03
AUDUSD,2025-06-19 13:30:00+00:00,2,selected,,bls_employment_2025-07-03
AUDUSD,2025-06-12 13:30:00+00:00,3,selected,,bls_employment_2025-07-03
AUDUSD,2025-06-05 13:30:00+00:00,4,selected,,bls_employment_2025-07-03
AUDUSD,2025-05-29 13:30:00+00:00,5,valid_not_selected,,bls_employment_2025-07-03
AUDUSD,2025-05-22 13:30:00+00:00,6,valid_not_selected,,bls_employment_2025-07-03
AUDUSD,2025-05-15 13:30:00+00:00,7,valid_not_selected,,bls_employment_2025-07-03
AUDUSD,2025-05-08 13:30:00+00:00,8,valid_not_selected,,bls_employment_2025-07-03
AUDUSD,2025-05-01 13:30:00+00:00,9,valid_not_selected,,bls_employment_2025-07-03
AUDUSD,2025-04-24 13:30:00+00:00,10,valid_not_selected,,bls_employment_2025-07-03
AUDUSD,2025-04-17 13:30:00+00:00,11,valid_not_selected,,bls_employment_2025-07-03
AUDUSD,2025-04-10 13:30:00+00:00,12,rejected,BLS CPI/employment date,bls_employment_2025-07-03
NZDUSD,2025-06-26 13:30:00+00:00,1,selected,,bls_employment_2025-07-03
NZDUSD,2025-06-19 13:30:00+00:00,2,selected,,bls_employment_2025-07-03
NZDUSD,2025-06-12 13:30:00+00:00,3,selected,,bls_employment_2025-07-03
NZDUSD,2025-06-05 13:30:00+00:00,4,selected,,bls_employment_2025-07-03
NZDUSD,2025-05-29 13:30:00+00:00,5,valid_not_selected,,bls_employment_2025-07-03
NZDUSD,2025-05-22 13:30:00+00:00,6,valid_not_selected,,bls_employment_2025-07-03
NZDUSD,2025-05-15 13:30:00+00:00,7,valid_not_selected,,bls_employment_2025-07-03
NZDUSD,2025-05-08 13:30:00+00:00,8,valid_not_selected,,bls_employment_2025-07-03
NZDUSD,2025-05-01 13:30:00+00:00,9,valid_not_selected,,bls_employment_2025-07-03
NZDUSD,2025-04-24 13:30:00+00:00,10,valid_not_selected,,bls_employment_2025-07-03
NZDUSD,2025-04-17 13:30:00+00:00,11,valid_not_selected,,bls_employment_2025-07-03
NZDUSD,2025-04-10 13:30:00+00:00,12,rejected,BLS CPI/employment date,bls_employment_2025-07-03
USDJPY,2025-06-26 13:30:00+00:00,1,selected,,bls_employment_2025-07-03
USDJPY,2025-06-19 13:30:00+00:00,2,selected,,bls_employment_2025-07-03
USDJPY,2025-06-12 13:30:00+00:00,3,selected,,bls_employment_2025-07-03
USDJPY,2025-06-05 13:30:00+00:00,4,selected,,bls_employment_2025-07-03
USDJPY,2025-05-29 13:30:00+00:00,5,valid_not_selected,,bls_employment_2025-07-03
USDJPY,2025-05-22 13:30:00+00:00,6,valid_not_selected,,bls_employment_2025-07-03
USDJPY,2025-05-15 13:30:00+00:00,7,valid_not_selected,,bls_employment_2025-07-03
USDJPY,2025-05-08 13:30:00+00:00,8,valid_not_selected,,bls_employment_2025-07-03
USDJPY,2025-05-01 13:30:00+00:00,9,valid_not_selected,,bls_employment_2025-07-03
USDJPY,2025-04-24 13:30:00+00:00,10,valid_not_selected,,bls_employment_2025-07-03
USDJPY,2025-04-17 13:30:00+00:00,11,valid_not_selected,,bls_employment_2025-07-03
USDJPY,2025-04-10 13:30:00+00:00,12,rejected,BLS CPI/employment date,bls_employment_2025-07-03
USDCHF,2025-06-26 13:30:00+00:00,1,selected,,bls_employment_2025-07-03
USDCHF,2025-06-19 13:30:00+00:00,2,selected,,bls_employment_2025-07-03
USDCHF,2025-06-12 13:30:00+00:00,3,selected,,bls_employment_2025-07-03
USDCHF,2025-06-05 13:30:00+00:00,4,selected,,bls_employment_2025-07-03
USDCHF,2025-05-29 13:30:00+00:00,5,valid_not_selected,,bls_employment_2025-07-03
USDCHF,2025-05-22 13:30:00+00:00,6,valid_not_selected,,bls_employment_2025-07-03
USDCHF,2025-05-15 13:30:00+00:00,7,valid_not_selected,,bls_employment_2025-07-03
USDCHF,2025-05-08 13:30:00+00:00,8,valid_not_selected,,bls_employment_2025-07-03
USDCHF,2025-05-01 13:30:00+00:00,9,valid_not_selected,,bls_employment_2025-07-03
USDCHF,2025-04-24 13:30:00+00:00,10,valid_not_selected,,bls_employment_2025-07-03
USDCHF,2025-04-17 13:30:00+00:00,11,valid_not_selected,,bls_employment_2025-07-03
USDCHF,2025-04-10 13:30:00+00:00,12,rejected,BLS CPI/employment date,bls_employment_2025-07-03
USDCAD,2025-06-26 13:30:00+00:00,1,selected,,bls_employment_2025-07-03
USDCAD,2025-06-19 13:30:00+00:00,2,selected,,bls_employment_2025-07-03
USDCAD,2025-06-12 13:30:00+00:00,3,selected,,bls_employment_2025-07-03
USDCAD,2025-06-05 13:30:00+00:00,4,selected,,bls_employment_2025-07-03
USDCAD,2025-05-29 13:30:00+00:00,5,valid_not_selected,,bls_employment_2025-07-03
USDCAD,2025-05-22 13:30:00+00:00,6,valid_not_selected,,bls_employment_2025-07-03
USDCAD,2025-05-15 13:30:00+00:00,7,valid_not_selected,,bls_employment_2025-07-03
USDCAD,2025-05-08 13:30:00+00:00,8,valid_not_selected,,bls_employment_2025-07-03
USDCAD,2025-05-01 13:30:00+00:00,9,valid_not_selected,,bls_employment_2025-07-03
USDCAD,2025-04-24 13:30:00+00:00,10,valid_not_selected,,bls_employment_2025-07-03
USDCAD,2025-04-17 13:30:00+00:00,11,valid_not_selected,,bls_employment_2025-07-03
USDCAD,2025-04-10 13:30:00+00:00,12,rejected,BLS CPI/employment date,bls_employment_2025-07-03
EURJPY,2025-06-26 13:30:00+00:00,1,selected,,bls_employment_2025-07-03
EURJPY,2025-06-19 13:30:00+00:00,2,selected,,bls_employment_2025-07-03
EURJPY,2025-06-12 13:30:00+00:00,3,selected,,bls_employment_2025-07-03
EURJPY,2025-06-05 13:30:00+00:00,4,selected,,bls_employment_2025-07-03
EURJPY,2025-05-29 13:30:00+00:00,5,valid_not_selected,,bls_employment_2025-07-03
EURJPY,2025-05-22 13:30:00+00:00,6,valid_not_selected,,bls_employment_2025-07-03
EURJPY,2025-05-15 13:30:00+00:00,7,valid_not_selected,,bls_employment_2025-07-03
EURJPY,2025-05-08 13:30:00+00:00,8,valid_not_selected,,bls_employment_2025-07-03
EURJPY,2025-05-01 13:30:00+00:00,9,valid_not_selected,,bls_employment_2025-07-03
EURJPY,2025-04-24 13:30:00+00:00,10,valid_not_selected,,bls_employment_2025-07-03
EURJPY,2025-04-17 13:30:00+00:00,11,valid_not_selected,,bls_employment_2025-07-03
EURJPY,2025-04-10 13:30:00+00:00,12,rejected,BLS CPI/employment date,bls_employment_2025-07-03
XAUUSD,2025-06-26 13:30:00+00:00,1,selected,,bls_employment_2025-07-03
XAUUSD,2025-06-19 13:30:00+00:00,2,selected,,bls_employment_2025-07-03
XAUUSD,2025-06-12 13:30:00+00:00,3,selected,,bls_employment_2025-07-03
XAUUSD,2025-06-05 13:30:00+00:00,4,selected,,bls_employment_2025-07-03
XAUUSD,2025-05-29 13:30:00+00:00,5,valid_not_selected,,bls_employment_2025-07-03
XAUUSD,2025-05-22 13:30:00+00:00,6,valid_not_selected,,bls_employment_2025-07-03
XAUUSD,2025-05-15 13:30:00+00:00,7,valid_not_selected,,bls_employment_2025-07-03
XAUUSD,2025-05-08 13:30:00+00:00,8,valid_not_selected,,bls_employment_2025-07-03
XAUUSD,2025-05-01 13:30:00+00:00,9,valid_not_selected,,bls_employment_2025-07-03
XAUUSD,2025-04-24 13:30:00+00:00,10,valid_not_selected,,bls_employment_2025-07-03
XAUUSD,2025-04-17 13:30:00+00:00,11,valid_not_selected,,bls_employment_2025-07-03
XAUUSD,2025-04-10 13:30:00+00:00,12,rejected,BLS CPI/employment date,bls_employment_2025-07-03
XAGUSD,2025-06-26 13:30:00+00:00,1,selected,,bls_employment_2025-07-03
XAGUSD,2025-06-19 13:30:00+00:00,2,selected,,bls_employment_2025-07-03
XAGUSD,2025-06-12 13:30:00+00:00,3,selected,,bls_employment_2025-07-03
XAGUSD,2025-06-05 13:30:00+00:00,4,selected,,bls_employment_2025-07-03
XAGUSD,2025-05-29 13:30:00+00:00,5,valid_not_selected,,bls_employment_2025-07-03
XAGUSD,2025-05-22 13:30:00+00:00,6,valid_not_selected,,bls_employment_2025-07-03
XAGUSD,2025-05-15 13:30:00+00:00,7,valid_not_selected,,bls_employment_2025-07-03
XAGUSD,2025-05-08 13:30:00+00:00,8,valid_not_selected,,bls_employment_2025-07-03
XAGUSD,2025-05-01 13:30:00+00:00,9,valid_not_selected,,bls_employment_2025-07-03
XAGUSD,2025-04-24 13:30:00+00:00,10,valid_not_selected,,bls_employment_2025-07-03
XAGUSD,2025-04-17 13:30:00+00:00,11,valid_not_selected,,bls_employment_2025-07-03
XAGUSD,2025-04-10 13:30:00+00:00,12,rejected,BLS CPI/employment date,bls_employment_2025-07-03
SPXUSD,2025-06-26 13:30:00+00:00,1,selected,,bls_employment_2025-07-03
SPXUSD,2025-06-19 13:30:00+00:00,2,selected,,bls_employment_2025-07-03
SPXUSD,2025-06-12 13:30:00+00:00,3,selected,,bls_employment_2025-07-03
SPXUSD,2025-06-05 13:30:00+00:00,4,selected,,bls_employment_2025-07-03
SPXUSD,2025-05-29 13:30:00+00:00,5,valid_not_selected,,bls_employment_2025-07-03
SPXUSD,2025-05-22 13:30:00+00:00,6,valid_not_selected,,bls_employment_2025-07-03
SPXUSD,2025-05-15 13:30:00+00:00,7,valid_not_selected,,bls_employment_2025-07-03
SPXUSD,2025-05-08 13:30:00+00:00,8,valid_not_selected,,bls_employment_2025-07-03
SPXUSD,2025-05-01 13:30:00+00:00,9,valid_not_selected,,bls_employment_2025-07-03
SPXUSD,2025-04-24 13:30:00+00:00,10,valid_not_selected,,bls_employment_2025-07-03
SPXUSD,2025-04-17 13:30:00+00:00,11,valid_not_selected,,bls_employment_2025-07-03
SPXUSD,2025-04-10 13:30:00+00:00,12,rejected,BLS CPI/employment date,bls_employment_2025-07-03
NSXUSD,2025-06-26 13:30:00+00:00,1,selected,,bls_employment_2025-07-03
NSXUSD,2025-06-19 13:30:00+00:00,2,selected,,bls_employment_2025-07-03
NSXUSD,2025-06-12 13:30:00+00:00,3,selected,,bls_employment_2025-07-03
NSXUSD,2025-06-05 13:30:00+00:00,4,selected,,bls_employment_2025-07-03
NSXUSD,2025-05-29 13:30:00+00:00,5,valid_not_selected,,bls_employment_2025-07-03
NSXUSD,2025-05-22 13:30:00+00:00,6,valid_not_selected,,bls_employment_2025-07-03
NSXUSD,2025-05-15 13:30:00+00:00,7,valid_not_selected,,bls_employment_2025-07-03
NSXUSD,2025-05-08 13:30:00+00:00,8,valid_not_selected,,bls_employment_2025-07-03
NSXUSD,2025-05-01 13:30:00+00:00,9,valid_not_selected,,bls_employment_2025-07-03
NSXUSD,2025-04-24 13:30:00+00:00,10,valid_not_selected,,bls_employment_2025-07-03
NSXUSD,2025-04-17 13:30:00+00:00,11,valid_not_selected,,bls_employment_2025-07-03
NSXUSD,2025-04-10 13:30:00+00:00,12,rejected,BLS CPI/employment date,bls_employment_2025-07-03
GRXEUR,2025-06-26 13:30:00+00:00,1,selected,,bls_employment_2025-07-03
GRXEUR,2025-06-19 13:30:00+00:00,2,selected,,bls_employment_2025-07-03
GRXEUR,2025-06-12 13:30:00+00:00,3,selected,,bls_employment_2025-07-03
GRXEUR,2025-06-05 13:30:00+00:00,4,selected,,bls_employment_2025-07-03
GRXEUR,2025-05-29 13:30:00+00:00,5,valid_not_selected,,bls_employment_2025-07-03
GRXEUR,2025-05-22 13:30:00+00:00,6,valid_not_selected,,bls_employment_2025-07-03
GRXEUR,2025-05-15 13:30:00+00:00,7,valid_not_selected,,bls_employment_2025-07-03
GRXEUR,2025-05-08 13:30:00+00:00,8,valid_not_selected,,bls_employment_2025-07-03
GRXEUR,2025-05-01 13:30:00+00:00,9,valid_not_selected,,bls_employment_2025-07-03
GRXEUR,2025-04-24 13:30:00+00:00,10,valid_not_selected,,bls_employment_2025-07-03
GRXEUR,2025-04-17 13:30:00+00:00,11,valid_not_selected,,bls_employment_2025-07-03
GRXEUR,2025-04-10 13:30:00+00:00,12,rejected,BLS CPI/employment date,bls_employment_2025-07-03
UKXGBP,2025-06-26 13:30:00+00:00,1,selected,,bls_employment_2025-07-03
UKXGBP,2025-06-19 13:30:00+00:00,2,selected,,bls_employment_2025-07-03
UKXGBP,2025-06-12 13:30:00+00:00,3,selected,,bls_employment_2025-07-03
UKXGBP,2025-06-05 13:30:00+00:00,4,selected,,bls_employment_2025-07-03
UKXGBP,2025-05-29 13:30:00+00:00,5,valid_not_selected,,bls_employment_2025-07-03
UKXGBP,2025-05-22 13:30:00+00:00,6,valid_not_selected,,bls_employment_2025-07-03
UKXGBP,2025-05-15 13:30:00+00:00,7,valid_not_selected,,bls_employment_2025-07-03
UKXGBP,2025-05-08 13:30:00+00:00,8,valid_not_selected,,bls_employment_2025-07-03
UKXGBP,2025-05-01 13:30:00+00:00,9,valid_not_selected,,bls_employment_2025-07-03
UKXGBP,2025-04-24 13:30:00+00:00,10,valid_not_selected,,bls_employment_2025-07-03
UKXGBP,2025-04-17 13:30:00+00:00,11,valid_not_selected,,bls_employment_2025-07-03
UKXGBP,2025-04-10 13:30:00+00:00,12,rejected,BLS CPI/employment date,bls_employment_2025-07-03
BCOUSD,2025-06-26 13:30:00+00:00,1,selected,,bls_employment_2025-07-03
BCOUSD,2025-06-19 13:30:00+00:00,2,selected,,bls_employment_2025-07-03
BCOUSD,2025-06-12 13:30:00+00:00,3,selected,,bls_employment_2025-07-03
BCOUSD,2025-06-05 13:30:00+00:00,4,selected,,bls_employment_2025-07-03
BCOUSD,2025-05-29 13:30:00+00:00,5,valid_not_selected,,bls_employment_2025-07-03
BCOUSD,2025-05-22 13:30:00+00:00,6,valid_not_selected,,bls_employment_2025-07-03
BCOUSD,2025-05-15 13:30:00+00:00,7,valid_not_selected,,bls_employment_2025-07-03
BCOUSD,2025-05-08 13:30:00+00:00,8,valid_not_selected,,bls_employment_2025-07-03
BCOUSD,2025-05-01 13:30:00+00:00,9,valid_not_selected,,bls_employment_2025-07-03
BCOUSD,2025-04-24 13:30:00+00:00,10,valid_not_selected,,bls_employment_2025-07-03
BCOUSD,2025-04-17 13:30:00+00:00,11,valid_not_selected,,bls_employment_2025-07-03
BCOUSD,2025-04-10 13:30:00+00:00,12,rejected,BLS CPI/employment date,bls_employment_2025-07-03
EURUSD,2025-07-08 13:30:00+00:00,1,selected,,bls_cpi_2025-07-15
EURUSD,2025-07-01 13:30:00+00:00,2,selected,,bls_cpi_2025-07-15
EURUSD,2025-06-24 13:30:00+00:00,3,selected,,bls_cpi_2025-07-15
EURUSD,2025-06-17 13:30:00+00:00,4,selected,,bls_cpi_2025-07-15
EURUSD,2025-06-10 13:30:00+00:00,5,valid_not_selected,,bls_cpi_2025-07-15
EURUSD,2025-06-03 13:30:00+00:00,6,valid_not_selected,,bls_cpi_2025-07-15
EURUSD,2025-05-27 13:30:00+00:00,7,valid_not_selected,,bls_cpi_2025-07-15
EURUSD,2025-05-20 13:30:00+00:00,8,valid_not_selected,,bls_cpi_2025-07-15
EURUSD,2025-05-13 13:30:00+00:00,9,rejected,BLS CPI/employment date,bls_cpi_2025-07-15
EURUSD,2025-05-06 13:30:00+00:00,10,valid_not_selected,,bls_cpi_2025-07-15
EURUSD,2025-04-29 13:30:00+00:00,11,valid_not_selected,,bls_cpi_2025-07-15
EURUSD,2025-04-22 13:30:00+00:00,12,valid_not_selected,,bls_cpi_2025-07-15
GBPUSD,2025-07-08 13:30:00+00:00,1,selected,,bls_cpi_2025-07-15
GBPUSD,2025-07-01 13:30:00+00:00,2,selected,,bls_cpi_2025-07-15
GBPUSD,2025-06-24 13:30:00+00:00,3,selected,,bls_cpi_2025-07-15
GBPUSD,2025-06-17 13:30:00+00:00,4,selected,,bls_cpi_2025-07-15
GBPUSD,2025-06-10 13:30:00+00:00,5,valid_not_selected,,bls_cpi_2025-07-15
GBPUSD,2025-06-03 13:30:00+00:00,6,valid_not_selected,,bls_cpi_2025-07-15
GBPUSD,2025-05-27 13:30:00+00:00,7,valid_not_selected,,bls_cpi_2025-07-15
GBPUSD,2025-05-20 13:30:00+00:00,8,valid_not_selected,,bls_cpi_2025-07-15
GBPUSD,2025-05-13 13:30:00+00:00,9,rejected,BLS CPI/employment date,bls_cpi_2025-07-15
GBPUSD,2025-05-06 13:30:00+00:00,10,valid_not_selected,,bls_cpi_2025-07-15
GBPUSD,2025-04-29 13:30:00+00:00,11,valid_not_selected,,bls_cpi_2025-07-15
GBPUSD,2025-04-22 13:30:00+00:00,12,valid_not_selected,,bls_cpi_2025-07-15
AUDUSD,2025-07-08 13:30:00+00:00,1,selected,,bls_cpi_2025-07-15
AUDUSD,2025-07-01 13:30:00+00:00,2,selected,,bls_cpi_2025-07-15
AUDUSD,2025-06-24 13:30:00+00:00,3,selected,,bls_cpi_2025-07-15
AUDUSD,2025-06-17 13:30:00+00:00,4,selected,,bls_cpi_2025-07-15
AUDUSD,2025-06-10 13:30:00+00:00,5,valid_not_selected,,bls_cpi_2025-07-15
AUDUSD,2025-06-03 13:30:00+00:00,6,valid_not_selected,,bls_cpi_2025-07-15
AUDUSD,2025-05-27 13:30:00+00:00,7,valid_not_selected,,bls_cpi_2025-07-15
AUDUSD,2025-05-20 13:30:00+00:00,8,valid_not_selected,,bls_cpi_2025-07-15
AUDUSD,2025-05-13 13:30:00+00:00,9,rejected,BLS CPI/employment date,bls_cpi_2025-07-15
AUDUSD,2025-05-06 13:30:00+00:00,10,valid_not_selected,,bls_cpi_2025-07-15
AUDUSD,2025-04-29 13:30:00+00:00,11,valid_not_selected,,bls_cpi_2025-07-15
AUDUSD,2025-04-22 13:30:00+00:00,12,valid_not_selected,,bls_cpi_2025-07-15
NZDUSD,2025-07-08 13:30:00+00:00,1,selected,,bls_cpi_2025-07-15
NZDUSD,2025-07-01 13:30:00+00:00,2,selected,,bls_cpi_2025-07-15
NZDUSD,2025-06-24 13:30:00+00:00,3,selected,,bls_cpi_2025-07-15
NZDUSD,2025-06-17 13:30:00+00:00,4,selected,,bls_cpi_2025-07-15
NZDUSD,2025-06-10 13:30:00+00:00,5,valid_not_selected,,bls_cpi_2025-07-15
NZDUSD,2025-06-03 13:30:00+00:00,6,valid_not_selected,,bls_cpi_2025-07-15
NZDUSD,2025-05-27 13:30:00+00:00,7,valid_not_selected,,bls_cpi_2025-07-15
NZDUSD,2025-05-20 13:30:00+00:00,8,valid_not_selected,,bls_cpi_2025-07-15
NZDUSD,2025-05-13 13:30:00+00:00,9,rejected,BLS CPI/employment date,bls_cpi_2025-07-15
NZDUSD,2025-05-06 13:30:00+00:00,10,valid_not_selected,,bls_cpi_2025-07-15
NZDUSD,2025-04-29 13:30:00+00:00,11,valid_not_selected,,bls_cpi_2025-07-15
NZDUSD,2025-04-22 13:30:00+00:00,12,valid_not_selected,,bls_cpi_2025-07-15
USDJPY,2025-07-08 13:30:00+00:00,1,selected,,bls_cpi_2025-07-15
USDJPY,2025-07-01 13:30:00+00:00,2,selected,,bls_cpi_2025-07-15
USDJPY,2025-06-24 13:30:00+00:00,3,selected,,bls_cpi_2025-07-15
USDJPY,2025-06-17 13:30:00+00:00,4,selected,,bls_cpi_2025-07-15
USDJPY,2025-06-10 13:30:00+00:00,5,valid_not_selected,,bls_cpi_2025-07-15
USDJPY,2025-06-03 13:30:00+00:00,6,valid_not_selected,,bls_cpi_2025-07-15
USDJPY,2025-05-27 13:30:00+00:00,7,valid_not_selected,,bls_cpi_2025-07-15
USDJPY,2025-05-20 13:30:00+00:00,8,valid_not_selected,,bls_cpi_2025-07-15
USDJPY,2025-05-13 13:30:00+00:00,9,rejected,BLS CPI/employment date,bls_cpi_2025-07-15
USDJPY,2025-05-06 13:30:00+00:00,10,valid_not_selected,,bls_cpi_2025-07-15
USDJPY,2025-04-29 13:30:00+00:00,11,valid_not_selected,,bls_cpi_2025-07-15
USDJPY,2025-04-22 13:30:00+00:00,12,valid_not_selected,,bls_cpi_2025-07-15
USDCHF,2025-07-08 13:30:00+00:00,1,selected,,bls_cpi_2025-07-15
USDCHF,2025-07-01 13:30:00+00:00,2,selected,,bls_cpi_2025-07-15
USDCHF,2025-06-24 13:30:00+00:00,3,selected,,bls_cpi_2025-07-15
USDCHF,2025-06-17 13:30:00+00:00,4,selected,,bls_cpi_2025-07-15
USDCHF,2025-06-10 13:30:00+00:00,5,valid_not_selected,,bls_cpi_2025-07-15
USDCHF,2025-06-03 13:30:00+00:00,6,valid_not_selected,,bls_cpi_2025-07-15
USDCHF,2025-05-27 13:30:00+00:00,7,valid_not_selected,,bls_cpi_2025-07-15
USDCHF,2025-05-20 13:30:00+00:00,8,valid_not_selected,,bls_cpi_2025-07-15
USDCHF,2025-05-13 13:30:00+00:00,9,rejected,BLS CPI/employment date,bls_cpi_2025-07-15
USDCHF,2025-05-06 13:30:00+00:00,10,valid_not_selected,,bls_cpi_2025-07-15
USDCHF,2025-04-29 13:30:00+00:00,11,valid_not_selected,,bls_cpi_2025-07-15
USDCHF,2025-04-22 13:30:00+00:00,12,valid_not_selected,,bls_cpi_2025-07-15
USDCAD,2025-07-08 13:30:00+00:00,1,selected,,bls_cpi_2025-07-15
USDCAD,2025-07-01 13:30:00+00:00,2,selected,,bls_cpi_2025-07-15
USDCAD,2025-06-24 13:30:00+00:00,3,selected,,bls_cpi_2025-07-15
USDCAD,2025-06-17 13:30:00+00:00,4,selected,,bls_cpi_2025-07-15
USDCAD,2025-06-10 13:30:00+00:00,5,valid_not_selected,,bls_cpi_2025-07-15
USDCAD,2025-06-03 13:30:00+00:00,6,valid_not_selected,,bls_cpi_2025-07-15
USDCAD,2025-05-27 13:30:00+00:00,7,valid_not_selected,,bls_cpi_2025-07-15
USDCAD,2025-05-20 13:30:00+00:00,8,valid_not_selected,,bls_cpi_2025-07-15
USDCAD,2025-05-13 13:30:00+00:00,9,rejected,BLS CPI/employment date,bls_cpi_2025-07-15
USDCAD,2025-05-06 13:30:00+00:00,10,valid_not_selected,,bls_cpi_2025-07-15
USDCAD,2025-04-29 13:30:00+00:00,11,valid_not_selected,,bls_cpi_2025-07-15
USDCAD,2025-04-22 13:30:00+00:00,12,valid_not_selected,,bls_cpi_2025-07-15
EURJPY,2025-07-08 13:30:00+00:00,1,selected,,bls_cpi_2025-07-15
EURJPY,2025-07-01 13:30:00+00:00,2,selected,,bls_cpi_2025-07-15
EURJPY,2025-06-24 13:30:00+00:00,3,selected,,bls_cpi_2025-07-15
EURJPY,2025-06-17 13:30:00+00:00,4,selected,,bls_cpi_2025-07-15
EURJPY,2025-06-10 13:30:00+00:00,5,valid_not_selected,,bls_cpi_2025-07-15
EURJPY,2025-06-03 13:30:00+00:00,6,valid_not_selected,,bls_cpi_2025-07-15
EURJPY,2025-05-27 13:30:00+00:00,7,valid_not_selected,,bls_cpi_2025-07-15
EURJPY,2025-05-20 13:30:00+00:00,8,valid_not_selected,,bls_cpi_2025-07-15
EURJPY,2025-05-13 13:30:00+00:00,9,rejected,BLS CPI/employment date,bls_cpi_2025-07-15
EURJPY,2025-05-06 13:30:00+00:00,10,valid_not_selected,,bls_cpi_2025-07-15
EURJPY,2025-04-29 13:30:00+00:00,11,valid_not_selected,,bls_cpi_2025-07-15
EURJPY,2025-04-22 13:30:00+00:00,12,valid_not_selected,,bls_cpi_2025-07-15
XAUUSD,2025-07-08 13:30:00+00:00,1,selected,,bls_cpi_2025-07-15
XAUUSD,2025-07-01 13:30:00+00:00,2,selected,,bls_cpi_2025-07-15
XAUUSD,2025-06-24 13:30:00+00:00,3,selected,,bls_cpi_2025-07-15
XAUUSD,2025-06-17 13:30:00+00:00,4,selected,,bls_cpi_2025-07-15
XAUUSD,2025-06-10 13:30:00+00:00,5,valid_not_selected,,bls_cpi_2025-07-15
XAUUSD,2025-06-03 13:30:00+00:00,6,valid_not_selected,,bls_cpi_2025-07-15
XAUUSD,2025-05-27 13:30:00+00:00,7,valid_not_selected,,bls_cpi_2025-07-15
XAUUSD,2025-05-20 13:30:00+00:00,8,valid_not_selected,,bls_cpi_2025-07-15
XAUUSD,2025-05-13 13:30:00+00:00,9,rejected,BLS CPI/employment date,bls_cpi_2025-07-15
XAUUSD,2025-05-06 13:30:00+00:00,10,valid_not_selected,,bls_cpi_2025-07-15
XAUUSD,2025-04-29 13:30:00+00:00,11,valid_not_selected,,bls_cpi_2025-07-15
XAUUSD,2025-04-22 13:30:00+00:00,12,valid_not_selected,,bls_cpi_2025-07-15
XAGUSD,2025-07-08 13:30:00+00:00,1,selected,,bls_cpi_2025-07-15
XAGUSD,2025-07-01 13:30:00+00:00,2,selected,,bls_cpi_2025-07-15
XAGUSD,2025-06-24 13:30:00+00:00,3,selected,,bls_cpi_2025-07-15
XAGUSD,2025-06-17 13:30:00+00:00,4,selected,,bls_cpi_2025-07-15
XAGUSD,2025-06-10 13:30:00+00:00,5,valid_not_selected,,bls_cpi_2025-07-15
XAGUSD,2025-06-03 13:30:00+00:00,6,valid_not_selected,,bls_cpi_2025-07-15
XAGUSD,2025-05-27 13:30:00+00:00,7,valid_not_selected,,bls_cpi_2025-07-15
XAGUSD,2025-05-20 13:30:00+00:00,8,valid_not_selected,,bls_cpi_2025-07-15
XAGUSD,2025-05-13 13:30:00+00:00,9,rejected,BLS CPI/employment date,bls_cpi_2025-07-15
XAGUSD,2025-05-06 13:30:00+00:00,10,valid_not_selected,,bls_cpi_2025-07-15
XAGUSD,2025-04-29 13:30:00+00:00,11,valid_not_selected,,bls_cpi_2025-07-15
XAGUSD,2025-04-22 13:30:00+00:00,12,valid_not_selected,,bls_cpi_2025-07-15
SPXUSD,2025-07-08 13:30:00+00:00,1,selected,,bls_cpi_2025-07-15
SPXUSD,2025-07-01 13:30:00+00:00,2,selected,,bls_cpi_2025-07-15
SPXUSD,2025-06-24 13:30:00+00:00,3,selected,,bls_cpi_2025-07-15
SPXUSD,2025-06-17 13:30:00+00:00,4,selected,,bls_cpi_2025-07-15
SPXUSD,2025-06-10 13:30:00+00:00,5,valid_not_selected,,bls_cpi_2025-07-15
SPXUSD,2025-06-03 13:30:00+00:00,6,valid_not_selected,,bls_cpi_2025-07-15
SPXUSD,2025-05-27 13:30:00+00:00,7,valid_not_selected,,bls_cpi_2025-07-15
SPXUSD,2025-05-20 13:30:00+00:00,8,valid_not_selected,,bls_cpi_2025-07-15
SPXUSD,2025-05-13 13:30:00+00:00,9,rejected,BLS CPI/employment date,bls_cpi_2025-07-15
SPXUSD,2025-05-06 13:30:00+00:00,10,valid_not_selected,,bls_cpi_2025-07-15
SPXUSD,2025-04-29 13:30:00+00:00,11,valid_not_selected,,bls_cpi_2025-07-15
SPXUSD,2025-04-22 13:30:00+00:00,12,valid_not_selected,,bls_cpi_2025-07-15
NSXUSD,2025-07-08 13:30:00+00:00,1,selected,,bls_cpi_2025-07-15
NSXUSD,2025-07-01 13:30:00+00:00,2,selected,,bls_cpi_2025-07-15
NSXUSD,2025-06-24 13:30:00+00:00,3,selected,,bls_cpi_2025-07-15
NSXUSD,2025-06-17 13:30:00+00:00,4,selected,,bls_cpi_2025-07-15
NSXUSD,2025-06-10 13:30:00+00:00,5,valid_not_selected,,bls_cpi_2025-07-15
NSXUSD,2025-06-03 13:30:00+00:00,6,valid_not_selected,,bls_cpi_2025-07-15
NSXUSD,2025-05-27 13:30:00+00:00,7,valid_not_selected,,bls_cpi_2025-07-15
NSXUSD,2025-05-20 13:30:00+00:00,8,valid_not_selected,,bls_cpi_2025-07-15
NSXUSD,2025-05-13 13:30:00+00:00,9,rejected,BLS CPI/employment date,bls_cpi_2025-07-15
NSXUSD,2025-05-06 13:30:00+00:00,10,valid_not_selected,,bls_cpi_2025-07-15
NSXUSD,2025-04-29 13:30:00+00:00,11,valid_not_selected,,bls_cpi_2025-07-15
NSXUSD,2025-04-22 13:30:00+00:00,12,valid_not_selected,,bls_cpi_2025-07-15
GRXEUR,2025-07-08 13:30:00+00:00,1,selected,,bls_cpi_2025-07-15
GRXEUR,2025-07-01 13:30:00+00:00,2,selected,,bls_cpi_2025-07-15
GRXEUR,2025-06-24 13:30:00+00:00,3,selected,,bls_cpi_2025-07-15
GRXEUR,2025-06-17 13:30:00+00:00,4,selected,,bls_cpi_2025-07-15
GRXEUR,2025-06-10 13:30:00+00:00,5,valid_not_selected,,bls_cpi_2025-07-15
GRXEUR,2025-06-03 13:30:00+00:00,6,valid_not_selected,,bls_cpi_2025-07-15
GRXEUR,2025-05-27 13:30:00+00:00,7,valid_not_selected,,bls_cpi_2025-07-15
GRXEUR,2025-05-20 13:30:00+00:00,8,valid_not_selected,,bls_cpi_2025-07-15
GRXEUR,2025-05-13 13:30:00+00:00,9,rejected,BLS CPI/employment date,bls_cpi_2025-07-15
GRXEUR,2025-05-06 13:30:00+00:00,10,valid_not_selected,,bls_cpi_2025-07-15
GRXEUR,2025-04-29 13:30:00+00:00,11,valid_not_selected,,bls_cpi_2025-07-15
GRXEUR,2025-04-22 13:30:00+00:00,12,valid_not_selected,,bls_cpi_2025-07-15
UKXGBP,2025-07-08 13:30:00+00:00,1,selected,,bls_cpi_2025-07-15
UKXGBP,2025-07-01 13:30:00+00:00,2,selected,,bls_cpi_2025-07-15
UKXGBP,2025-06-24 13:30:00+00:00,3,selected,,bls_cpi_2025-07-15
UKXGBP,2025-06-17 13:30:00+00:00,4,selected,,bls_cpi_2025-07-15
UKXGBP,2025-06-10 13:30:00+00:00,5,valid_not_selected,,bls_cpi_2025-07-15
UKXGBP,2025-06-03 13:30:00+00:00,6,valid_not_selected,,bls_cpi_2025-07-15
UKXGBP,2025-05-27 13:30:00+00:00,7,valid_not_selected,,bls_cpi_2025-07-15
UKXGBP,2025-05-20 13:30:00+00:00,8,valid_not_selected,,bls_cpi_2025-07-15
UKXGBP,2025-05-13 13:30:00+00:00,9,rejected,BLS CPI/employment date,bls_cpi_2025-07-15
UKXGBP,2025-05-06 13:30:00+00:00,10,valid_not_selected,,bls_cpi_2025-07-15
UKXGBP,2025-04-29 13:30:00+00:00,11,valid_not_selected,,bls_cpi_2025-07-15
UKXGBP,2025-04-22 13:30:00+00:00,12,valid_not_selected,,bls_cpi_2025-07-15
BCOUSD,2025-07-08 13:30:00+00:00,1,selected,,bls_cpi_2025-07-15
BCOUSD,2025-07-01 13:30:00+00:00,2,selected,,bls_cpi_2025-07-15
BCOUSD,2025-06-24 13:30:00+00:00,3,selected,,bls_cpi_2025-07-15
BCOUSD,2025-06-17 13:30:00+00:00,4,selected,,bls_cpi_2025-07-15
BCOUSD,2025-06-10 13:30:00+00:00,5,valid_not_selected,,bls_cpi_2025-07-15
BCOUSD,2025-06-03 13:30:00+00:00,6,valid_not_selected,,bls_cpi_2025-07-15
BCOUSD,2025-05-27 13:30:00+00:00,7,valid_not_selected,,bls_cpi_2025-07-15
BCOUSD,2025-05-20 13:30:00+00:00,8,valid_not_selected,,bls_cpi_2025-07-15
BCOUSD,2025-05-13 13:30:00+00:00,9,rejected,BLS CPI/employment date,bls_cpi_2025-07-15
BCOUSD,2025-05-06 13:30:00+00:00,10,valid_not_selected,,bls_cpi_2025-07-15
BCOUSD,2025-04-29 13:30:00+00:00,11,valid_not_selected,,bls_cpi_2025-07-15
BCOUSD,2025-04-22 13:30:00+00:00,12,valid_not_selected,,bls_cpi_2025-07-15
EURUSD,2025-07-25 13:30:00+00:00,1,selected,,bls_employment_2025-08-01
EURUSD,2025-07-18 13:30:00+00:00,2,selected,,bls_employment_2025-08-01
EURUSD,2025-07-11 13:30:00+00:00,3,selected,,bls_employment_2025-08-01
EURUSD,2025-07-04 13:30:00+00:00,4,selected,,bls_employment_2025-08-01
EURUSD,2025-06-27 13:30:00+00:00,5,valid_not_selected,,bls_employment_2025-08-01
EURUSD,2025-06-20 13:30:00+00:00,6,valid_not_selected,,bls_employment_2025-08-01
EURUSD,2025-06-13 13:30:00+00:00,7,valid_not_selected,,bls_employment_2025-08-01
EURUSD,2025-06-06 13:30:00+00:00,8,rejected,BLS CPI/employment date,bls_employment_2025-08-01
EURUSD,2025-05-30 13:30:00+00:00,9,valid_not_selected,,bls_employment_2025-08-01
EURUSD,2025-05-23 13:30:00+00:00,10,valid_not_selected,,bls_employment_2025-08-01
EURUSD,2025-05-16 13:30:00+00:00,11,valid_not_selected,,bls_employment_2025-08-01
EURUSD,2025-05-09 13:30:00+00:00,12,valid_not_selected,,bls_employment_2025-08-01
GBPUSD,2025-07-25 13:30:00+00:00,1,selected,,bls_employment_2025-08-01
GBPUSD,2025-07-18 13:30:00+00:00,2,selected,,bls_employment_2025-08-01
GBPUSD,2025-07-11 13:30:00+00:00,3,selected,,bls_employment_2025-08-01
GBPUSD,2025-07-04 13:30:00+00:00,4,selected,,bls_employment_2025-08-01
GBPUSD,2025-06-27 13:30:00+00:00,5,valid_not_selected,,bls_employment_2025-08-01
GBPUSD,2025-06-20 13:30:00+00:00,6,valid_not_selected,,bls_employment_2025-08-01
GBPUSD,2025-06-13 13:30:00+00:00,7,valid_not_selected,,bls_employment_2025-08-01
GBPUSD,2025-06-06 13:30:00+00:00,8,rejected,BLS CPI/employment date,bls_employment_2025-08-01
GBPUSD,2025-05-30 13:30:00+00:00,9,valid_not_selected,,bls_employment_2025-08-01
GBPUSD,2025-05-23 13:30:00+00:00,10,valid_not_selected,,bls_employment_2025-08-01
GBPUSD,2025-05-16 13:30:00+00:00,11,valid_not_selected,,bls_employment_2025-08-01
GBPUSD,2025-05-09 13:30:00+00:00,12,valid_not_selected,,bls_employment_2025-08-01
AUDUSD,2025-07-25 13:30:00+00:00,1,selected,,bls_employment_2025-08-01
AUDUSD,2025-07-18 13:30:00+00:00,2,selected,,bls_employment_2025-08-01
AUDUSD,2025-07-11 13:30:00+00:00,3,selected,,bls_employment_2025-08-01
AUDUSD,2025-07-04 13:30:00+00:00,4,selected,,bls_employment_2025-08-01
AUDUSD,2025-06-27 13:30:00+00:00,5,valid_not_selected,,bls_employment_2025-08-01
AUDUSD,2025-06-20 13:30:00+00:00,6,valid_not_selected,,bls_employment_2025-08-01
AUDUSD,2025-06-13 13:30:00+00:00,7,valid_not_selected,,bls_employment_2025-08-01
AUDUSD,2025-06-06 13:30:00+00:00,8,rejected,BLS CPI/employment date,bls_employment_2025-08-01
AUDUSD,2025-05-30 13:30:00+00:00,9,valid_not_selected,,bls_employment_2025-08-01
AUDUSD,2025-05-23 13:30:00+00:00,10,valid_not_selected,,bls_employment_2025-08-01
AUDUSD,2025-05-16 13:30:00+00:00,11,valid_not_selected,,bls_employment_2025-08-01
AUDUSD,2025-05-09 13:30:00+00:00,12,valid_not_selected,,bls_employment_2025-08-01
NZDUSD,2025-07-25 13:30:00+00:00,1,selected,,bls_employment_2025-08-01
NZDUSD,2025-07-18 13:30:00+00:00,2,selected,,bls_employment_2025-08-01
NZDUSD,2025-07-11 13:30:00+00:00,3,selected,,bls_employment_2025-08-01
NZDUSD,2025-07-04 13:30:00+00:00,4,selected,,bls_employment_2025-08-01
NZDUSD,2025-06-27 13:30:00+00:00,5,valid_not_selected,,bls_employment_2025-08-01
NZDUSD,2025-06-20 13:30:00+00:00,6,valid_not_selected,,bls_employment_2025-08-01
NZDUSD,2025-06-13 13:30:00+00:00,7,valid_not_selected,,bls_employment_2025-08-01
NZDUSD,2025-06-06 13:30:00+00:00,8,rejected,BLS CPI/employment date,bls_employment_2025-08-01
NZDUSD,2025-05-30 13:30:00+00:00,9,valid_not_selected,,bls_employment_2025-08-01
NZDUSD,2025-05-23 13:30:00+00:00,10,valid_not_selected,,bls_employment_2025-08-01
NZDUSD,2025-05-16 13:30:00+00:00,11,valid_not_selected,,bls_employment_2025-08-01
NZDUSD,2025-05-09 13:30:00+00:00,12,valid_not_selected,,bls_employment_2025-08-01
USDJPY,2025-07-25 13:30:00+00:00,1,selected,,bls_employment_2025-08-01
USDJPY,2025-07-18 13:30:00+00:00,2,selected,,bls_employment_2025-08-01
USDJPY,2025-07-11 13:30:00+00:00,3,selected,,bls_employment_2025-08-01
USDJPY,2025-07-04 13:30:00+00:00,4,selected,,bls_employment_2025-08-01
USDJPY,2025-06-27 13:30:00+00:00,5,valid_not_selected,,bls_employment_2025-08-01
USDJPY,2025-06-20 13:30:00+00:00,6,valid_not_selected,,bls_employment_2025-08-01
USDJPY,2025-06-13 13:30:00+00:00,7,valid_not_selected,,bls_employment_2025-08-01
USDJPY,2025-06-06 13:30:00+00:00,8,rejected,BLS CPI/employment date,bls_employment_2025-08-01
USDJPY,2025-05-30 13:30:00+00:00,9,valid_not_selected,,bls_employment_2025-08-01
USDJPY,2025-05-23 13:30:00+00:00,10,valid_not_selected,,bls_employment_2025-08-01
USDJPY,2025-05-16 13:30:00+00:00,11,valid_not_selected,,bls_employment_2025-08-01
USDJPY,2025-05-09 13:30:00+00:00,12,valid_not_selected,,bls_employment_2025-08-01
USDCHF,2025-07-25 13:30:00+00:00,1,selected,,bls_employment_2025-08-01
USDCHF,2025-07-18 13:30:00+00:00,2,selected,,bls_employment_2025-08-01
USDCHF,2025-07-11 13:30:00+00:00,3,selected,,bls_employment_2025-08-01
USDCHF,2025-07-04 13:30:00+00:00,4,selected,,bls_employment_2025-08-01
USDCHF,2025-06-27 13:30:00+00:00,5,valid_not_selected,,bls_employment_2025-08-01
USDCHF,2025-06-20 13:30:00+00:00,6,valid_not_selected,,bls_employment_2025-08-01
USDCHF,2025-06-13 13:30:00+00:00,7,valid_not_selected,,bls_employment_2025-08-01
USDCHF,2025-06-06 13:30:00+00:00,8,rejected,BLS CPI/employment date,bls_employment_2025-08-01
USDCHF,2025-05-30 13:30:00+00:00,9,valid_not_selected,,bls_employment_2025-08-01
USDCHF,2025-05-23 13:30:00+00:00,10,valid_not_selected,,bls_employment_2025-08-01
USDCHF,2025-05-16 13:30:00+00:00,11,valid_not_selected,,bls_employment_2025-08-01
USDCHF,2025-05-09 13:30:00+00:00,12,valid_not_selected,,bls_employment_2025-08-01
USDCAD,2025-07-25 13:30:00+00:00,1,selected,,bls_employment_2025-08-01
USDCAD,2025-07-18 13:30:00+00:00,2,selected,,bls_employment_2025-08-01
USDCAD,2025-07-11 13:30:00+00:00,3,selected,,bls_employment_2025-08-01
USDCAD,2025-07-04 13:30:00+00:00,4,selected,,bls_employment_2025-08-01
USDCAD,2025-06-27 13:30:00+00:00,5,valid_not_selected,,bls_employment_2025-08-01
USDCAD,2025-06-20 13:30:00+00:00,6,valid_not_selected,,bls_employment_2025-08-01
USDCAD,2025-06-13 13:30:00+00:00,7,valid_not_selected,,bls_employment_2025-08-01
USDCAD,2025-06-06 13:30:00+00:00,8,rejected,BLS CPI/employment date,bls_employment_2025-08-01
USDCAD,2025-05-30 13:30:00+00:00,9,valid_not_selected,,bls_employment_2025-08-01
USDCAD,2025-05-23 13:30:00+00:00,10,valid_not_selected,,bls_employment_2025-08-01
USDCAD,2025-05-16 13:30:00+00:00,11,valid_not_selected,,bls_employment_2025-08-01
USDCAD,2025-05-09 13:30:00+00:00,12,valid_not_selected,,bls_employment_2025-08-01
EURJPY,2025-07-25 13:30:00+00:00,1,selected,,bls_employment_2025-08-01
EURJPY,2025-07-18 13:30:00+00:00,2,selected,,bls_employment_2025-08-01
EURJPY,2025-07-11 13:30:00+00:00,3,selected,,bls_employment_2025-08-01
EURJPY,2025-07-04 13:30:00+00:00,4,selected,,bls_employment_2025-08-01
EURJPY,2025-06-27 13:30:00+00:00,5,valid_not_selected,,bls_employment_2025-08-01
EURJPY,2025-06-20 13:30:00+00:00,6,valid_not_selected,,bls_employment_2025-08-01
EURJPY,2025-06-13 13:30:00+00:00,7,valid_not_selected,,bls_employment_2025-08-01
EURJPY,2025-06-06 13:30:00+00:00,8,rejected,BLS CPI/employment date,bls_employment_2025-08-01
EURJPY,2025-05-30 13:30:00+00:00,9,valid_not_selected,,bls_employment_2025-08-01
EURJPY,2025-05-23 13:30:00+00:00,10,valid_not_selected,,bls_employment_2025-08-01
EURJPY,2025-05-16 13:30:00+00:00,11,valid_not_selected,,bls_employment_2025-08-01
EURJPY,2025-05-09 13:30:00+00:00,12,valid_not_selected,,bls_employment_2025-08-01
XAUUSD,2025-07-25 13:30:00+00:00,1,selected,,bls_employment_2025-08-01
XAUUSD,2025-07-18 13:30:00+00:00,2,selected,,bls_employment_2025-08-01
XAUUSD,2025-07-11 13:30:00+00:00,3,selected,,bls_employment_2025-08-01
XAUUSD,2025-07-04 13:30:00+00:00,4,selected,,bls_employment_2025-08-01
XAUUSD,2025-06-27 13:30:00+00:00,5,valid_not_selected,,bls_employment_2025-08-01
XAUUSD,2025-06-20 13:30:00+00:00,6,valid_not_selected,,bls_employment_2025-08-01
XAUUSD,2025-06-13 13:30:00+00:00,7,valid_not_selected,,bls_employment_2025-08-01
XAUUSD,2025-06-06 13:30:00+00:00,8,rejected,BLS CPI/employment date,bls_employment_2025-08-01
XAUUSD,2025-05-30 13:30:00+00:00,9,valid_not_selected,,bls_employment_2025-08-01
XAUUSD,2025-05-23 13:30:00+00:00,10,valid_not_selected,,bls_employment_2025-08-01
XAUUSD,2025-05-16 13:30:00+00:00,11,valid_not_selected,,bls_employment_2025-08-01
XAUUSD,2025-05-09 13:30:00+00:00,12,valid_not_selected,,bls_employment_2025-08-01
XAGUSD,2025-07-25 13:30:00+00:00,1,selected,,bls_employment_2025-08-01
XAGUSD,2025-07-18 13:30:00+00:00,2,selected,,bls_employment_2025-08-01
XAGUSD,2025-07-11 13:30:00+00:00,3,selected,,bls_employment_2025-08-01
XAGUSD,2025-07-04 13:30:00+00:00,4,selected,,bls_employment_2025-08-01
XAGUSD,2025-06-27 13:30:00+00:00,5,valid_not_selected,,bls_employment_2025-08-01
XAGUSD,2025-06-20 13:30:00+00:00,6,valid_not_selected,,bls_employment_2025-08-01
XAGUSD,2025-06-13 13:30:00+00:00,7,valid_not_selected,,bls_employment_2025-08-01
XAGUSD,2025-06-06 13:30:00+00:00,8,rejected,BLS CPI/employment date,bls_employment_2025-08-01
XAGUSD,2025-05-30 13:30:00+00:00,9,valid_not_selected,,bls_employment_2025-08-01
XAGUSD,2025-05-23 13:30:00+00:00,10,valid_not_selected,,bls_employment_2025-08-01
XAGUSD,2025-05-16 13:30:00+00:00,11,valid_not_selected,,bls_employment_2025-08-01
XAGUSD,2025-05-09 13:30:00+00:00,12,valid_not_selected,,bls_employment_2025-08-01
SPXUSD,2025-07-25 13:30:00+00:00,1,selected,,bls_employment_2025-08-01
SPXUSD,2025-07-18 13:30:00+00:00,2,selected,,bls_employment_2025-08-01
SPXUSD,2025-07-11 13:30:00+00:00,3,selected,,bls_employment_2025-08-01
SPXUSD,2025-07-04 13:30:00+00:00,4,selected,,bls_employment_2025-08-01
SPXUSD,2025-06-27 13:30:00+00:00,5,valid_not_selected,,bls_employment_2025-08-01
SPXUSD,2025-06-20 13:30:00+00:00,6,valid_not_selected,,bls_employment_2025-08-01
SPXUSD,2025-06-13 13:30:00+00:00,7,valid_not_selected,,bls_employment_2025-08-01
SPXUSD,2025-06-06 13:30:00+00:00,8,rejected,BLS CPI/employment date,bls_employment_2025-08-01
SPXUSD,2025-05-30 13:30:00+00:00,9,valid_not_selected,,bls_employment_2025-08-01
SPXUSD,2025-05-23 13:30:00+00:00,10,valid_not_selected,,bls_employment_2025-08-01
SPXUSD,2025-05-16 13:30:00+00:00,11,valid_not_selected,,bls_employment_2025-08-01
SPXUSD,2025-05-09 13:30:00+00:00,12,valid_not_selected,,bls_employment_2025-08-01
NSXUSD,2025-07-25 13:30:00+00:00,1,selected,,bls_employment_2025-08-01
NSXUSD,2025-07-18 13:30:00+00:00,2,selected,,bls_employment_2025-08-01
NSXUSD,2025-07-11 13:30:00+00:00,3,selected,,bls_employment_2025-08-01
NSXUSD,2025-07-04 13:30:00+00:00,4,selected,,bls_employment_2025-08-01
NSXUSD,2025-06-27 13:30:00+00:00,5,valid_not_selected,,bls_employment_2025-08-01
NSXUSD,2025-06-20 13:30:00+00:00,6,valid_not_selected,,bls_employment_2025-08-01
NSXUSD,2025-06-13 13:30:00+00:00,7,valid_not_selected,,bls_employment_2025-08-01
NSXUSD,2025-06-06 13:30:00+00:00,8,rejected,BLS CPI/employment date,bls_employment_2025-08-01
NSXUSD,2025-05-30 13:30:00+00:00,9,valid_not_selected,,bls_employment_2025-08-01
NSXUSD,2025-05-23 13:30:00+00:00,10,valid_not_selected,,bls_employment_2025-08-01
NSXUSD,2025-05-16 13:30:00+00:00,11,valid_not_selected,,bls_employment_2025-08-01
NSXUSD,2025-05-09 13:30:00+00:00,12,valid_not_selected,,bls_employment_2025-08-01
GRXEUR,2025-07-25 13:30:00+00:00,1,selected,,bls_employment_2025-08-01
GRXEUR,2025-07-18 13:30:00+00:00,2,selected,,bls_employment_2025-08-01
GRXEUR,2025-07-11 13:30:00+00:00,3,selected,,bls_employment_2025-08-01
GRXEUR,2025-07-04 13:30:00+00:00,4,selected,,bls_employment_2025-08-01
GRXEUR,2025-06-27 13:30:00+00:00,5,valid_not_selected,,bls_employment_2025-08-01
GRXEUR,2025-06-20 13:30:00+00:00,6,valid_not_selected,,bls_employment_2025-08-01
GRXEUR,2025-06-13 13:30:00+00:00,7,valid_not_selected,,bls_employment_2025-08-01
GRXEUR,2025-06-06 13:30:00+00:00,8,rejected,BLS CPI/employment date,bls_employment_2025-08-01
GRXEUR,2025-05-30 13:30:00+00:00,9,valid_not_selected,,bls_employment_2025-08-01
GRXEUR,2025-05-23 13:30:00+00:00,10,valid_not_selected,,bls_employment_2025-08-01
GRXEUR,2025-05-16 13:30:00+00:00,11,valid_not_selected,,bls_employment_2025-08-01
GRXEUR,2025-05-09 13:30:00+00:00,12,valid_not_selected,,bls_employment_2025-08-01
UKXGBP,2025-07-25 13:30:00+00:00,1,selected,,bls_employment_2025-08-01
UKXGBP,2025-07-18 13:30:00+00:00,2,selected,,bls_employment_2025-08-01
UKXGBP,2025-07-11 13:30:00+00:00,3,selected,,bls_employment_2025-08-01
UKXGBP,2025-07-04 13:30:00+00:00,4,selected,,bls_employment_2025-08-01
UKXGBP,2025-06-27 13:30:00+00:00,5,valid_not_selected,,bls_employment_2025-08-01
UKXGBP,2025-06-20 13:30:00+00:00,6,valid_not_selected,,bls_employment_2025-08-01
UKXGBP,2025-06-13 13:30:00+00:00,7,valid_not_selected,,bls_employment_2025-08-01
UKXGBP,2025-06-06 13:30:00+00:00,8,rejected,BLS CPI/employment date,bls_employment_2025-08-01
UKXGBP,2025-05-30 13:30:00+00:00,9,valid_not_selected,,bls_employment_2025-08-01
UKXGBP,2025-05-23 13:30:00+00:00,10,valid_not_selected,,bls_employment_2025-08-01
UKXGBP,2025-05-16 13:30:00+00:00,11,valid_not_selected,,bls_employment_2025-08-01
UKXGBP,2025-05-09 13:30:00+00:00,12,valid_not_selected,,bls_employment_2025-08-01
BCOUSD,2025-07-25 13:30:00+00:00,1,selected,,bls_employment_2025-08-01
BCOUSD,2025-07-18 13:30:00+00:00,2,selected,,bls_employment_2025-08-01
BCOUSD,2025-07-11 13:30:00+00:00,3,selected,,bls_employment_2025-08-01
BCOUSD,2025-07-04 13:30:00+00:00,4,selected,,bls_employment_2025-08-01
BCOUSD,2025-06-27 13:30:00+00:00,5,valid_not_selected,,bls_employment_2025-08-01
BCOUSD,2025-06-20 13:30:00+00:00,6,valid_not_selected,,bls_employment_2025-08-01
BCOUSD,2025-06-13 13:30:00+00:00,7,valid_not_selected,,bls_employment_2025-08-01
BCOUSD,2025-06-06 13:30:00+00:00,8,rejected,BLS CPI/employment date,bls_employment_2025-08-01
BCOUSD,2025-05-30 13:30:00+00:00,9,valid_not_selected,,bls_employment_2025-08-01
BCOUSD,2025-05-23 13:30:00+00:00,10,valid_not_selected,,bls_employment_2025-08-01
BCOUSD,2025-05-16 13:30:00+00:00,11,valid_not_selected,,bls_employment_2025-08-01
BCOUSD,2025-05-09 13:30:00+00:00,12,valid_not_selected,,bls_employment_2025-08-01
EURUSD,2025-08-05 13:30:00+00:00,1,selected,,bls_cpi_2025-08-12
EURUSD,2025-07-29 13:30:00+00:00,2,selected,,bls_cpi_2025-08-12
EURUSD,2025-07-22 13:30:00+00:00,3,selected,,bls_cpi_2025-08-12
EURUSD,2025-07-15 13:30:00+00:00,4,rejected,BLS CPI/employment date,bls_cpi_2025-08-12
EURUSD,2025-07-08 13:30:00+00:00,5,selected,,bls_cpi_2025-08-12
EURUSD,2025-07-01 13:30:00+00:00,6,valid_not_selected,,bls_cpi_2025-08-12
EURUSD,2025-06-24 13:30:00+00:00,7,valid_not_selected,,bls_cpi_2025-08-12
EURUSD,2025-06-17 13:30:00+00:00,8,valid_not_selected,,bls_cpi_2025-08-12
EURUSD,2025-06-10 13:30:00+00:00,9,valid_not_selected,,bls_cpi_2025-08-12
EURUSD,2025-06-03 13:30:00+00:00,10,valid_not_selected,,bls_cpi_2025-08-12
EURUSD,2025-05-27 13:30:00+00:00,11,valid_not_selected,,bls_cpi_2025-08-12
EURUSD,2025-05-20 13:30:00+00:00,12,valid_not_selected,,bls_cpi_2025-08-12
GBPUSD,2025-08-05 13:30:00+00:00,1,selected,,bls_cpi_2025-08-12
GBPUSD,2025-07-29 13:30:00+00:00,2,selected,,bls_cpi_2025-08-12
GBPUSD,2025-07-22 13:30:00+00:00,3,selected,,bls_cpi_2025-08-12
GBPUSD,2025-07-15 13:30:00+00:00,4,rejected,BLS CPI/employment date,bls_cpi_2025-08-12
GBPUSD,2025-07-08 13:30:00+00:00,5,selected,,bls_cpi_2025-08-12
GBPUSD,2025-07-01 13:30:00+00:00,6,valid_not_selected,,bls_cpi_2025-08-12
GBPUSD,2025-06-24 13:30:00+00:00,7,valid_not_selected,,bls_cpi_2025-08-12
GBPUSD,2025-06-17 13:30:00+00:00,8,valid_not_selected,,bls_cpi_2025-08-12
GBPUSD,2025-06-10 13:30:00+00:00,9,valid_not_selected,,bls_cpi_2025-08-12
GBPUSD,2025-06-03 13:30:00+00:00,10,valid_not_selected,,bls_cpi_2025-08-12
GBPUSD,2025-05-27 13:30:00+00:00,11,valid_not_selected,,bls_cpi_2025-08-12
GBPUSD,2025-05-20 13:30:00+00:00,12,valid_not_selected,,bls_cpi_2025-08-12
AUDUSD,2025-08-05 13:30:00+00:00,1,selected,,bls_cpi_2025-08-12
AUDUSD,2025-07-29 13:30:00+00:00,2,selected,,bls_cpi_2025-08-12
AUDUSD,2025-07-22 13:30:00+00:00,3,selected,,bls_cpi_2025-08-12
AUDUSD,2025-07-15 13:30:00+00:00,4,rejected,BLS CPI/employment date,bls_cpi_2025-08-12
AUDUSD,2025-07-08 13:30:00+00:00,5,selected,,bls_cpi_2025-08-12
AUDUSD,2025-07-01 13:30:00+00:00,6,valid_not_selected,,bls_cpi_2025-08-12
AUDUSD,2025-06-24 13:30:00+00:00,7,valid_not_selected,,bls_cpi_2025-08-12
AUDUSD,2025-06-17 13:30:00+00:00,8,valid_not_selected,,bls_cpi_2025-08-12
AUDUSD,2025-06-10 13:30:00+00:00,9,valid_not_selected,,bls_cpi_2025-08-12
AUDUSD,2025-06-03 13:30:00+00:00,10,valid_not_selected,,bls_cpi_2025-08-12
AUDUSD,2025-05-27 13:30:00+00:00,11,valid_not_selected,,bls_cpi_2025-08-12
AUDUSD,2025-05-20 13:30:00+00:00,12,valid_not_selected,,bls_cpi_2025-08-12
NZDUSD,2025-08-05 13:30:00+00:00,1,selected,,bls_cpi_2025-08-12
NZDUSD,2025-07-29 13:30:00+00:00,2,selected,,bls_cpi_2025-08-12
NZDUSD,2025-07-22 13:30:00+00:00,3,selected,,bls_cpi_2025-08-12
NZDUSD,2025-07-15 13:30:00+00:00,4,rejected,BLS CPI/employment date,bls_cpi_2025-08-12
NZDUSD,2025-07-08 13:30:00+00:00,5,selected,,bls_cpi_2025-08-12
NZDUSD,2025-07-01 13:30:00+00:00,6,valid_not_selected,,bls_cpi_2025-08-12
NZDUSD,2025-06-24 13:30:00+00:00,7,valid_not_selected,,bls_cpi_2025-08-12
NZDUSD,2025-06-17 13:30:00+00:00,8,valid_not_selected,,bls_cpi_2025-08-12
NZDUSD,2025-06-10 13:30:00+00:00,9,valid_not_selected,,bls_cpi_2025-08-12
NZDUSD,2025-06-03 13:30:00+00:00,10,valid_not_selected,,bls_cpi_2025-08-12
NZDUSD,2025-05-27 13:30:00+00:00,11,valid_not_selected,,bls_cpi_2025-08-12
NZDUSD,2025-05-20 13:30:00+00:00,12,valid_not_selected,,bls_cpi_2025-08-12
USDJPY,2025-08-05 13:30:00+00:00,1,selected,,bls_cpi_2025-08-12
USDJPY,2025-07-29 13:30:00+00:00,2,selected,,bls_cpi_2025-08-12
USDJPY,2025-07-22 13:30:00+00:00,3,selected,,bls_cpi_2025-08-12
USDJPY,2025-07-15 13:30:00+00:00,4,rejected,BLS CPI/employment date,bls_cpi_2025-08-12
USDJPY,2025-07-08 13:30:00+00:00,5,selected,,bls_cpi_2025-08-12
USDJPY,2025-07-01 13:30:00+00:00,6,valid_not_selected,,bls_cpi_2025-08-12
USDJPY,2025-06-24 13:30:00+00:00,7,valid_not_selected,,bls_cpi_2025-08-12
USDJPY,2025-06-17 13:30:00+00:00,8,valid_not_selected,,bls_cpi_2025-08-12
USDJPY,2025-06-10 13:30:00+00:00,9,valid_not_selected,,bls_cpi_2025-08-12
USDJPY,2025-06-03 13:30:00+00:00,10,valid_not_selected,,bls_cpi_2025-08-12
USDJPY,2025-05-27 13:30:00+00:00,11,valid_not_selected,,bls_cpi_2025-08-12
USDJPY,2025-05-20 13:30:00+00:00,12,valid_not_selected,,bls_cpi_2025-08-12
USDCHF,2025-08-05 13:30:00+00:00,1,selected,,bls_cpi_2025-08-12
USDCHF,2025-07-29 13:30:00+00:00,2,selected,,bls_cpi_2025-08-12
USDCHF,2025-07-22 13:30:00+00:00,3,selected,,bls_cpi_2025-08-12
USDCHF,2025-07-15 13:30:00+00:00,4,rejected,BLS CPI/employment date,bls_cpi_2025-08-12
USDCHF,2025-07-08 13:30:00+00:00,5,selected,,bls_cpi_2025-08-12
USDCHF,2025-07-01 13:30:00+00:00,6,valid_not_selected,,bls_cpi_2025-08-12
USDCHF,2025-06-24 13:30:00+00:00,7,valid_not_selected,,bls_cpi_2025-08-12
USDCHF,2025-06-17 13:30:00+00:00,8,valid_not_selected,,bls_cpi_2025-08-12
USDCHF,2025-06-10 13:30:00+00:00,9,valid_not_selected,,bls_cpi_2025-08-12
USDCHF,2025-06-03 13:30:00+00:00,10,valid_not_selected,,bls_cpi_2025-08-12
USDCHF,2025-05-27 13:30:00+00:00,11,valid_not_selected,,bls_cpi_2025-08-12
USDCHF,2025-05-20 13:30:00+00:00,12,valid_not_selected,,bls_cpi_2025-08-12
USDCAD,2025-08-05 13:30:00+00:00,1,selected,,bls_cpi_2025-08-12
USDCAD,2025-07-29 13:30:00+00:00,2,selected,,bls_cpi_2025-08-12
USDCAD,2025-07-22 13:30:00+00:00,3,selected,,bls_cpi_2025-08-12
USDCAD,2025-07-15 13:30:00+00:00,4,rejected,BLS CPI/employment date,bls_cpi_2025-08-12
USDCAD,2025-07-08 13:30:00+00:00,5,selected,,bls_cpi_2025-08-12
USDCAD,2025-07-01 13:30:00+00:00,6,valid_not_selected,,bls_cpi_2025-08-12
USDCAD,2025-06-24 13:30:00+00:00,7,valid_not_selected,,bls_cpi_2025-08-12
USDCAD,2025-06-17 13:30:00+00:00,8,valid_not_selected,,bls_cpi_2025-08-12
USDCAD,2025-06-10 13:30:00+00:00,9,valid_not_selected,,bls_cpi_2025-08-12
USDCAD,2025-06-03 13:30:00+00:00,10,valid_not_selected,,bls_cpi_2025-08-12
USDCAD,2025-05-27 13:30:00+00:00,11,valid_not_selected,,bls_cpi_2025-08-12
USDCAD,2025-05-20 13:30:00+00:00,12,valid_not_selected,,bls_cpi_2025-08-12
EURJPY,2025-08-05 13:30:00+00:00,1,selected,,bls_cpi_2025-08-12
EURJPY,2025-07-29 13:30:00+00:00,2,selected,,bls_cpi_2025-08-12
EURJPY,2025-07-22 13:30:00+00:00,3,selected,,bls_cpi_2025-08-12
EURJPY,2025-07-15 13:30:00+00:00,4,rejected,BLS CPI/employment date,bls_cpi_2025-08-12
EURJPY,2025-07-08 13:30:00+00:00,5,selected,,bls_cpi_2025-08-12
EURJPY,2025-07-01 13:30:00+00:00,6,valid_not_selected,,bls_cpi_2025-08-12
EURJPY,2025-06-24 13:30:00+00:00,7,valid_not_selected,,bls_cpi_2025-08-12
EURJPY,2025-06-17 13:30:00+00:00,8,valid_not_selected,,bls_cpi_2025-08-12
EURJPY,2025-06-10 13:30:00+00:00,9,valid_not_selected,,bls_cpi_2025-08-12
EURJPY,2025-06-03 13:30:00+00:00,10,valid_not_selected,,bls_cpi_2025-08-12
EURJPY,2025-05-27 13:30:00+00:00,11,valid_not_selected,,bls_cpi_2025-08-12
EURJPY,2025-05-20 13:30:00+00:00,12,valid_not_selected,,bls_cpi_2025-08-12
XAUUSD,2025-08-05 13:30:00+00:00,1,selected,,bls_cpi_2025-08-12
XAUUSD,2025-07-29 13:30:00+00:00,2,selected,,bls_cpi_2025-08-12
XAUUSD,2025-07-22 13:30:00+00:00,3,selected,,bls_cpi_2025-08-12
XAUUSD,2025-07-15 13:30:00+00:00,4,rejected,BLS CPI/employment date,bls_cpi_2025-08-12
XAUUSD,2025-07-08 13:30:00+00:00,5,selected,,bls_cpi_2025-08-12
XAUUSD,2025-07-01 13:30:00+00:00,6,valid_not_selected,,bls_cpi_2025-08-12
XAUUSD,2025-06-24 13:30:00+00:00,7,valid_not_selected,,bls_cpi_2025-08-12
XAUUSD,2025-06-17 13:30:00+00:00,8,valid_not_selected,,bls_cpi_2025-08-12
XAUUSD,2025-06-10 13:30:00+00:00,9,valid_not_selected,,bls_cpi_2025-08-12
XAUUSD,2025-06-03 13:30:00+00:00,10,valid_not_selected,,bls_cpi_2025-08-12
XAUUSD,2025-05-27 13:30:00+00:00,11,valid_not_selected,,bls_cpi_2025-08-12
XAUUSD,2025-05-20 13:30:00+00:00,12,valid_not_selected,,bls_cpi_2025-08-12
XAGUSD,2025-08-05 13:30:00+00:00,1,selected,,bls_cpi_2025-08-12
XAGUSD,2025-07-29 13:30:00+00:00,2,selected,,bls_cpi_2025-08-12
XAGUSD,2025-07-22 13:30:00+00:00,3,selected,,bls_cpi_2025-08-12
XAGUSD,2025-07-15 13:30:00+00:00,4,rejected,BLS CPI/employment date,bls_cpi_2025-08-12
XAGUSD,2025-07-08 13:30:00+00:00,5,selected,,bls_cpi_2025-08-12
XAGUSD,2025-07-01 13:30:00+00:00,6,valid_not_selected,,bls_cpi_2025-08-12
XAGUSD,2025-06-24 13:30:00+00:00,7,valid_not_selected,,bls_cpi_2025-08-12
XAGUSD,2025-06-17 13:30:00+00:00,8,valid_not_selected,,bls_cpi_2025-08-12
XAGUSD,2025-06-10 13:30:00+00:00,9,valid_not_selected,,bls_cpi_2025-08-12
XAGUSD,2025-06-03 13:30:00+00:00,10,valid_not_selected,,bls_cpi_2025-08-12
XAGUSD,2025-05-27 13:30:00+00:00,11,valid_not_selected,,bls_cpi_2025-08-12
XAGUSD,2025-05-20 13:30:00+00:00,12,valid_not_selected,,bls_cpi_2025-08-12
SPXUSD,2025-08-05 13:30:00+00:00,1,selected,,bls_cpi_2025-08-12
SPXUSD,2025-07-29 13:30:00+00:00,2,selected,,bls_cpi_2025-08-12
SPXUSD,2025-07-22 13:30:00+00:00,3,selected,,bls_cpi_2025-08-12
SPXUSD,2025-07-15 13:30:00+00:00,4,rejected,BLS CPI/employment date,bls_cpi_2025-08-12
SPXUSD,2025-07-08 13:30:00+00:00,5,selected,,bls_cpi_2025-08-12
SPXUSD,2025-07-01 13:30:00+00:00,6,valid_not_selected,,bls_cpi_2025-08-12
SPXUSD,2025-06-24 13:30:00+00:00,7,valid_not_selected,,bls_cpi_2025-08-12
SPXUSD,2025-06-17 13:30:00+00:00,8,valid_not_selected,,bls_cpi_2025-08-12
SPXUSD,2025-06-10 13:30:00+00:00,9,valid_not_selected,,bls_cpi_2025-08-12
SPXUSD,2025-06-03 13:30:00+00:00,10,valid_not_selected,,bls_cpi_2025-08-12
SPXUSD,2025-05-27 13:30:00+00:00,11,valid_not_selected,,bls_cpi_2025-08-12
SPXUSD,2025-05-20 13:30:00+00:00,12,valid_not_selected,,bls_cpi_2025-08-12
NSXUSD,2025-08-05 13:30:00+00:00,1,selected,,bls_cpi_2025-08-12
NSXUSD,2025-07-29 13:30:00+00:00,2,selected,,bls_cpi_2025-08-12
NSXUSD,2025-07-22 13:30:00+00:00,3,selected,,bls_cpi_2025-08-12
NSXUSD,2025-07-15 13:30:00+00:00,4,rejected,BLS CPI/employment date,bls_cpi_2025-08-12
NSXUSD,2025-07-08 13:30:00+00:00,5,selected,,bls_cpi_2025-08-12
NSXUSD,2025-07-01 13:30:00+00:00,6,valid_not_selected,,bls_cpi_2025-08-12
NSXUSD,2025-06-24 13:30:00+00:00,7,valid_not_selected,,bls_cpi_2025-08-12
NSXUSD,2025-06-17 13:30:00+00:00,8,valid_not_selected,,bls_cpi_2025-08-12
NSXUSD,2025-06-10 13:30:00+00:00,9,valid_not_selected,,bls_cpi_2025-08-12
NSXUSD,2025-06-03 13:30:00+00:00,10,valid_not_selected,,bls_cpi_2025-08-12
NSXUSD,2025-05-27 13:30:00+00:00,11,valid_not_selected,,bls_cpi_2025-08-12
NSXUSD,2025-05-20 13:30:00+00:00,12,valid_not_selected,,bls_cpi_2025-08-12
GRXEUR,2025-08-05 13:30:00+00:00,1,selected,,bls_cpi_2025-08-12
GRXEUR,2025-07-29 13:30:00+00:00,2,selected,,bls_cpi_2025-08-12
GRXEUR,2025-07-22 13:30:00+00:00,3,selected,,bls_cpi_2025-08-12
GRXEUR,2025-07-15 13:30:00+00:00,4,rejected,BLS CPI/employment date,bls_cpi_2025-08-12
GRXEUR,2025-07-08 13:30:00+00:00,5,selected,,bls_cpi_2025-08-12
GRXEUR,2025-07-01 13:30:00+00:00,6,valid_not_selected,,bls_cpi_2025-08-12
GRXEUR,2025-06-24 13:30:00+00:00,7,valid_not_selected,,bls_cpi_2025-08-12
GRXEUR,2025-06-17 13:30:00+00:00,8,valid_not_selected,,bls_cpi_2025-08-12
GRXEUR,2025-06-10 13:30:00+00:00,9,valid_not_selected,,bls_cpi_2025-08-12
GRXEUR,2025-06-03 13:30:00+00:00,10,valid_not_selected,,bls_cpi_2025-08-12
GRXEUR,2025-05-27 13:30:00+00:00,11,valid_not_selected,,bls_cpi_2025-08-12
GRXEUR,2025-05-20 13:30:00+00:00,12,valid_not_selected,,bls_cpi_2025-08-12
UKXGBP,2025-08-05 13:30:00+00:00,1,selected,,bls_cpi_2025-08-12
UKXGBP,2025-07-29 13:30:00+00:00,2,selected,,bls_cpi_2025-08-12
UKXGBP,2025-07-22 13:30:00+00:00,3,selected,,bls_cpi_2025-08-12
UKXGBP,2025-07-15 13:30:00+00:00,4,rejected,BLS CPI/employment date,bls_cpi_2025-08-12
UKXGBP,2025-07-08 13:30:00+00:00,5,selected,,bls_cpi_2025-08-12
UKXGBP,2025-07-01 13:30:00+00:00,6,valid_not_selected,,bls_cpi_2025-08-12
UKXGBP,2025-06-24 13:30:00+00:00,7,valid_not_selected,,bls_cpi_2025-08-12
UKXGBP,2025-06-17 13:30:00+00:00,8,valid_not_selected,,bls_cpi_2025-08-12
UKXGBP,2025-06-10 13:30:00+00:00,9,valid_not_selected,,bls_cpi_2025-08-12
UKXGBP,2025-06-03 13:30:00+00:00,10,valid_not_selected,,bls_cpi_2025-08-12
UKXGBP,2025-05-27 13:30:00+00:00,11,valid_not_selected,,bls_cpi_2025-08-12
UKXGBP,2025-05-20 13:30:00+00:00,12,valid_not_selected,,bls_cpi_2025-08-12
BCOUSD,2025-08-05 13:30:00+00:00,1,selected,,bls_cpi_2025-08-12
BCOUSD,2025-07-29 13:30:00+00:00,2,selected,,bls_cpi_2025-08-12
BCOUSD,2025-07-22 13:30:00+00:00,3,selected,,bls_cpi_2025-08-12
BCOUSD,2025-07-15 13:30:00+00:00,4,rejected,BLS CPI/employment date,bls_cpi_2025-08-12
BCOUSD,2025-07-08 13:30:00+00:00,5,selected,,bls_cpi_2025-08-12
BCOUSD,2025-07-01 13:30:00+00:00,6,valid_not_selected,,bls_cpi_2025-08-12
BCOUSD,2025-06-24 13:30:00+00:00,7,valid_not_selected,,bls_cpi_2025-08-12
BCOUSD,2025-06-17 13:30:00+00:00,8,valid_not_selected,,bls_cpi_2025-08-12
BCOUSD,2025-06-10 13:30:00+00:00,9,valid_not_selected,,bls_cpi_2025-08-12
BCOUSD,2025-06-03 13:30:00+00:00,10,valid_not_selected,,bls_cpi_2025-08-12
BCOUSD,2025-05-27 13:30:00+00:00,11,valid_not_selected,,bls_cpi_2025-08-12
BCOUSD,2025-05-20 13:30:00+00:00,12,valid_not_selected,,bls_cpi_2025-08-12
EURUSD,2025-08-29 13:30:00+00:00,1,selected,,bls_employment_2025-09-05
EURUSD,2025-08-22 13:30:00+00:00,2,selected,,bls_employment_2025-09-05
EURUSD,2025-08-15 13:30:00+00:00,3,selected,,bls_employment_2025-09-05
EURUSD,2025-08-08 13:30:00+00:00,4,selected,,bls_employment_2025-09-05
EURUSD,2025-08-01 13:30:00+00:00,5,rejected,BLS CPI/employment date,bls_employment_2025-09-05
EURUSD,2025-07-25 13:30:00+00:00,6,valid_not_selected,,bls_employment_2025-09-05
EURUSD,2025-07-18 13:30:00+00:00,7,valid_not_selected,,bls_employment_2025-09-05
EURUSD,2025-07-11 13:30:00+00:00,8,valid_not_selected,,bls_employment_2025-09-05
EURUSD,2025-07-04 13:30:00+00:00,9,valid_not_selected,,bls_employment_2025-09-05
EURUSD,2025-06-27 13:30:00+00:00,10,valid_not_selected,,bls_employment_2025-09-05
EURUSD,2025-06-20 13:30:00+00:00,11,valid_not_selected,,bls_employment_2025-09-05
EURUSD,2025-06-13 13:30:00+00:00,12,valid_not_selected,,bls_employment_2025-09-05
GBPUSD,2025-08-29 13:30:00+00:00,1,selected,,bls_employment_2025-09-05
GBPUSD,2025-08-22 13:30:00+00:00,2,selected,,bls_employment_2025-09-05
GBPUSD,2025-08-15 13:30:00+00:00,3,selected,,bls_employment_2025-09-05
GBPUSD,2025-08-08 13:30:00+00:00,4,selected,,bls_employment_2025-09-05
GBPUSD,2025-08-01 13:30:00+00:00,5,rejected,BLS CPI/employment date,bls_employment_2025-09-05
GBPUSD,2025-07-25 13:30:00+00:00,6,valid_not_selected,,bls_employment_2025-09-05
GBPUSD,2025-07-18 13:30:00+00:00,7,valid_not_selected,,bls_employment_2025-09-05
GBPUSD,2025-07-11 13:30:00+00:00,8,valid_not_selected,,bls_employment_2025-09-05
GBPUSD,2025-07-04 13:30:00+00:00,9,valid_not_selected,,bls_employment_2025-09-05
GBPUSD,2025-06-27 13:30:00+00:00,10,valid_not_selected,,bls_employment_2025-09-05
GBPUSD,2025-06-20 13:30:00+00:00,11,valid_not_selected,,bls_employment_2025-09-05
GBPUSD,2025-06-13 13:30:00+00:00,12,valid_not_selected,,bls_employment_2025-09-05
AUDUSD,2025-08-29 13:30:00+00:00,1,selected,,bls_employment_2025-09-05
AUDUSD,2025-08-22 13:30:00+00:00,2,selected,,bls_employment_2025-09-05
AUDUSD,2025-08-15 13:30:00+00:00,3,selected,,bls_employment_2025-09-05
AUDUSD,2025-08-08 13:30:00+00:00,4,selected,,bls_employment_2025-09-05
AUDUSD,2025-08-01 13:30:00+00:00,5,rejected,BLS CPI/employment date,bls_employment_2025-09-05
AUDUSD,2025-07-25 13:30:00+00:00,6,valid_not_selected,,bls_employment_2025-09-05
AUDUSD,2025-07-18 13:30:00+00:00,7,valid_not_selected,,bls_employment_2025-09-05
AUDUSD,2025-07-11 13:30:00+00:00,8,valid_not_selected,,bls_employment_2025-09-05
AUDUSD,2025-07-04 13:30:00+00:00,9,valid_not_selected,,bls_employment_2025-09-05
AUDUSD,2025-06-27 13:30:00+00:00,10,valid_not_selected,,bls_employment_2025-09-05
AUDUSD,2025-06-20 13:30:00+00:00,11,valid_not_selected,,bls_employment_2025-09-05
AUDUSD,2025-06-13 13:30:00+00:00,12,valid_not_selected,,bls_employment_2025-09-05
NZDUSD,2025-08-29 13:30:00+00:00,1,selected,,bls_employment_2025-09-05
NZDUSD,2025-08-22 13:30:00+00:00,2,selected,,bls_employment_2025-09-05
NZDUSD,2025-08-15 13:30:00+00:00,3,selected,,bls_employment_2025-09-05
NZDUSD,2025-08-08 13:30:00+00:00,4,selected,,bls_employment_2025-09-05
NZDUSD,2025-08-01 13:30:00+00:00,5,rejected,BLS CPI/employment date,bls_employment_2025-09-05
NZDUSD,2025-07-25 13:30:00+00:00,6,valid_not_selected,,bls_employment_2025-09-05
NZDUSD,2025-07-18 13:30:00+00:00,7,valid_not_selected,,bls_employment_2025-09-05
NZDUSD,2025-07-11 13:30:00+00:00,8,valid_not_selected,,bls_employment_2025-09-05
NZDUSD,2025-07-04 13:30:00+00:00,9,valid_not_selected,,bls_employment_2025-09-05
NZDUSD,2025-06-27 13:30:00+00:00,10,valid_not_selected,,bls_employment_2025-09-05
NZDUSD,2025-06-20 13:30:00+00:00,11,valid_not_selected,,bls_employment_2025-09-05
NZDUSD,2025-06-13 13:30:00+00:00,12,valid_not_selected,,bls_employment_2025-09-05
USDJPY,2025-08-29 13:30:00+00:00,1,selected,,bls_employment_2025-09-05
USDJPY,2025-08-22 13:30:00+00:00,2,selected,,bls_employment_2025-09-05
USDJPY,2025-08-15 13:30:00+00:00,3,selected,,bls_employment_2025-09-05
USDJPY,2025-08-08 13:30:00+00:00,4,selected,,bls_employment_2025-09-05
USDJPY,2025-08-01 13:30:00+00:00,5,rejected,BLS CPI/employment date,bls_employment_2025-09-05
USDJPY,2025-07-25 13:30:00+00:00,6,valid_not_selected,,bls_employment_2025-09-05
USDJPY,2025-07-18 13:30:00+00:00,7,valid_not_selected,,bls_employment_2025-09-05
USDJPY,2025-07-11 13:30:00+00:00,8,valid_not_selected,,bls_employment_2025-09-05
USDJPY,2025-07-04 13:30:00+00:00,9,valid_not_selected,,bls_employment_2025-09-05
USDJPY,2025-06-27 13:30:00+00:00,10,valid_not_selected,,bls_employment_2025-09-05
USDJPY,2025-06-20 13:30:00+00:00,11,valid_not_selected,,bls_employment_2025-09-05
USDJPY,2025-06-13 13:30:00+00:00,12,valid_not_selected,,bls_employment_2025-09-05
USDCHF,2025-08-29 13:30:00+00:00,1,selected,,bls_employment_2025-09-05
USDCHF,2025-08-22 13:30:00+00:00,2,selected,,bls_employment_2025-09-05
USDCHF,2025-08-15 13:30:00+00:00,3,selected,,bls_employment_2025-09-05
USDCHF,2025-08-08 13:30:00+00:00,4,selected,,bls_employment_2025-09-05
USDCHF,2025-08-01 13:30:00+00:00,5,rejected,BLS CPI/employment date,bls_employment_2025-09-05
USDCHF,2025-07-25 13:30:00+00:00,6,valid_not_selected,,bls_employment_2025-09-05
USDCHF,2025-07-18 13:30:00+00:00,7,valid_not_selected,,bls_employment_2025-09-05
USDCHF,2025-07-11 13:30:00+00:00,8,valid_not_selected,,bls_employment_2025-09-05
USDCHF,2025-07-04 13:30:00+00:00,9,valid_not_selected,,bls_employment_2025-09-05
USDCHF,2025-06-27 13:30:00+00:00,10,valid_not_selected,,bls_employment_2025-09-05
USDCHF,2025-06-20 13:30:00+00:00,11,valid_not_selected,,bls_employment_2025-09-05
USDCHF,2025-06-13 13:30:00+00:00,12,valid_not_selected,,bls_employment_2025-09-05
USDCAD,2025-08-29 13:30:00+00:00,1,selected,,bls_employment_2025-09-05
USDCAD,2025-08-22 13:30:00+00:00,2,selected,,bls_employment_2025-09-05
USDCAD,2025-08-15 13:30:00+00:00,3,selected,,bls_employment_2025-09-05
USDCAD,2025-08-08 13:30:00+00:00,4,selected,,bls_employment_2025-09-05
USDCAD,2025-08-01 13:30:00+00:00,5,rejected,BLS CPI/employment date,bls_employment_2025-09-05
USDCAD,2025-07-25 13:30:00+00:00,6,valid_not_selected,,bls_employment_2025-09-05
USDCAD,2025-07-18 13:30:00+00:00,7,valid_not_selected,,bls_employment_2025-09-05
USDCAD,2025-07-11 13:30:00+00:00,8,valid_not_selected,,bls_employment_2025-09-05
USDCAD,2025-07-04 13:30:00+00:00,9,valid_not_selected,,bls_employment_2025-09-05
USDCAD,2025-06-27 13:30:00+00:00,10,valid_not_selected,,bls_employment_2025-09-05
USDCAD,2025-06-20 13:30:00+00:00,11,valid_not_selected,,bls_employment_2025-09-05
USDCAD,2025-06-13 13:30:00+00:00,12,valid_not_selected,,bls_employment_2025-09-05
EURJPY,2025-08-29 13:30:00+00:00,1,selected,,bls_employment_2025-09-05
EURJPY,2025-08-22 13:30:00+00:00,2,selected,,bls_employment_2025-09-05
EURJPY,2025-08-15 13:30:00+00:00,3,selected,,bls_employment_2025-09-05
EURJPY,2025-08-08 13:30:00+00:00,4,selected,,bls_employment_2025-09-05
EURJPY,2025-08-01 13:30:00+00:00,5,rejected,BLS CPI/employment date,bls_employment_2025-09-05
EURJPY,2025-07-25 13:30:00+00:00,6,valid_not_selected,,bls_employment_2025-09-05
EURJPY,2025-07-18 13:30:00+00:00,7,valid_not_selected,,bls_employment_2025-09-05
EURJPY,2025-07-11 13:30:00+00:00,8,valid_not_selected,,bls_employment_2025-09-05
EURJPY,2025-07-04 13:30:00+00:00,9,valid_not_selected,,bls_employment_2025-09-05
EURJPY,2025-06-27 13:30:00+00:00,10,valid_not_selected,,bls_employment_2025-09-05
EURJPY,2025-06-20 13:30:00+00:00,11,valid_not_selected,,bls_employment_2025-09-05
EURJPY,2025-06-13 13:30:00+00:00,12,valid_not_selected,,bls_employment_2025-09-05
XAUUSD,2025-08-29 13:30:00+00:00,1,selected,,bls_employment_2025-09-05
XAUUSD,2025-08-22 13:30:00+00:00,2,selected,,bls_employment_2025-09-05
XAUUSD,2025-08-15 13:30:00+00:00,3,selected,,bls_employment_2025-09-05
XAUUSD,2025-08-08 13:30:00+00:00,4,selected,,bls_employment_2025-09-05
XAUUSD,2025-08-01 13:30:00+00:00,5,rejected,BLS CPI/employment date,bls_employment_2025-09-05
XAUUSD,2025-07-25 13:30:00+00:00,6,valid_not_selected,,bls_employment_2025-09-05
XAUUSD,2025-07-18 13:30:00+00:00,7,valid_not_selected,,bls_employment_2025-09-05
XAUUSD,2025-07-11 13:30:00+00:00,8,valid_not_selected,,bls_employment_2025-09-05
XAUUSD,2025-07-04 13:30:00+00:00,9,valid_not_selected,,bls_employment_2025-09-05
XAUUSD,2025-06-27 13:30:00+00:00,10,valid_not_selected,,bls_employment_2025-09-05
XAUUSD,2025-06-20 13:30:00+00:00,11,valid_not_selected,,bls_employment_2025-09-05
XAUUSD,2025-06-13 13:30:00+00:00,12,valid_not_selected,,bls_employment_2025-09-05
XAGUSD,2025-08-29 13:30:00+00:00,1,selected,,bls_employment_2025-09-05
XAGUSD,2025-08-22 13:30:00+00:00,2,selected,,bls_employment_2025-09-05
XAGUSD,2025-08-15 13:30:00+00:00,3,selected,,bls_employment_2025-09-05
XAGUSD,2025-08-08 13:30:00+00:00,4,selected,,bls_employment_2025-09-05
XAGUSD,2025-08-01 13:30:00+00:00,5,rejected,BLS CPI/employment date,bls_employment_2025-09-05
XAGUSD,2025-07-25 13:30:00+00:00,6,valid_not_selected,,bls_employment_2025-09-05
XAGUSD,2025-07-18 13:30:00+00:00,7,valid_not_selected,,bls_employment_2025-09-05
XAGUSD,2025-07-11 13:30:00+00:00,8,valid_not_selected,,bls_employment_2025-09-05
XAGUSD,2025-07-04 13:30:00+00:00,9,valid_not_selected,,bls_employment_2025-09-05
XAGUSD,2025-06-27 13:30:00+00:00,10,valid_not_selected,,bls_employment_2025-09-05
XAGUSD,2025-06-20 13:30:00+00:00,11,valid_not_selected,,bls_employment_2025-09-05
XAGUSD,2025-06-13 13:30:00+00:00,12,valid_not_selected,,bls_employment_2025-09-05
SPXUSD,2025-08-29 13:30:00+00:00,1,selected,,bls_employment_2025-09-05
SPXUSD,2025-08-22 13:30:00+00:00,2,selected,,bls_employment_2025-09-05
SPXUSD,2025-08-15 13:30:00+00:00,3,selected,,bls_employment_2025-09-05
SPXUSD,2025-08-08 13:30:00+00:00,4,selected,,bls_employment_2025-09-05
SPXUSD,2025-08-01 13:30:00+00:00,5,rejected,BLS CPI/employment date,bls_employment_2025-09-05
SPXUSD,2025-07-25 13:30:00+00:00,6,valid_not_selected,,bls_employment_2025-09-05
SPXUSD,2025-07-18 13:30:00+00:00,7,valid_not_selected,,bls_employment_2025-09-05
SPXUSD,2025-07-11 13:30:00+00:00,8,valid_not_selected,,bls_employment_2025-09-05
SPXUSD,2025-07-04 13:30:00+00:00,9,valid_not_selected,,bls_employment_2025-09-05
SPXUSD,2025-06-27 13:30:00+00:00,10,valid_not_selected,,bls_employment_2025-09-05
SPXUSD,2025-06-20 13:30:00+00:00,11,valid_not_selected,,bls_employment_2025-09-05
SPXUSD,2025-06-13 13:30:00+00:00,12,valid_not_selected,,bls_employment_2025-09-05
NSXUSD,2025-08-29 13:30:00+00:00,1,selected,,bls_employment_2025-09-05
NSXUSD,2025-08-22 13:30:00+00:00,2,selected,,bls_employment_2025-09-05
NSXUSD,2025-08-15 13:30:00+00:00,3,selected,,bls_employment_2025-09-05
NSXUSD,2025-08-08 13:30:00+00:00,4,selected,,bls_employment_2025-09-05
NSXUSD,2025-08-01 13:30:00+00:00,5,rejected,BLS CPI/employment date,bls_employment_2025-09-05
NSXUSD,2025-07-25 13:30:00+00:00,6,valid_not_selected,,bls_employment_2025-09-05
NSXUSD,2025-07-18 13:30:00+00:00,7,valid_not_selected,,bls_employment_2025-09-05
NSXUSD,2025-07-11 13:30:00+00:00,8,valid_not_selected,,bls_employment_2025-09-05
NSXUSD,2025-07-04 13:30:00+00:00,9,valid_not_selected,,bls_employment_2025-09-05
NSXUSD,2025-06-27 13:30:00+00:00,10,valid_not_selected,,bls_employment_2025-09-05
NSXUSD,2025-06-20 13:30:00+00:00,11,valid_not_selected,,bls_employment_2025-09-05
NSXUSD,2025-06-13 13:30:00+00:00,12,valid_not_selected,,bls_employment_2025-09-05
GRXEUR,2025-08-29 13:30:00+00:00,1,selected,,bls_employment_2025-09-05
GRXEUR,2025-08-22 13:30:00+00:00,2,selected,,bls_employment_2025-09-05
GRXEUR,2025-08-15 13:30:00+00:00,3,selected,,bls_employment_2025-09-05
GRXEUR,2025-08-08 13:30:00+00:00,4,selected,,bls_employment_2025-09-05
GRXEUR,2025-08-01 13:30:00+00:00,5,rejected,BLS CPI/employment date,bls_employment_2025-09-05
GRXEUR,2025-07-25 13:30:00+00:00,6,valid_not_selected,,bls_employment_2025-09-05
GRXEUR,2025-07-18 13:30:00+00:00,7,valid_not_selected,,bls_employment_2025-09-05
GRXEUR,2025-07-11 13:30:00+00:00,8,valid_not_selected,,bls_employment_2025-09-05
GRXEUR,2025-07-04 13:30:00+00:00,9,valid_not_selected,,bls_employment_2025-09-05
GRXEUR,2025-06-27 13:30:00+00:00,10,valid_not_selected,,bls_employment_2025-09-05
GRXEUR,2025-06-20 13:30:00+00:00,11,valid_not_selected,,bls_employment_2025-09-05
GRXEUR,2025-06-13 13:30:00+00:00,12,valid_not_selected,,bls_employment_2025-09-05
UKXGBP,2025-08-29 13:30:00+00:00,1,selected,,bls_employment_2025-09-05
UKXGBP,2025-08-22 13:30:00+00:00,2,selected,,bls_employment_2025-09-05
UKXGBP,2025-08-15 13:30:00+00:00,3,selected,,bls_employment_2025-09-05
UKXGBP,2025-08-08 13:30:00+00:00,4,selected,,bls_employment_2025-09-05
UKXGBP,2025-08-01 13:30:00+00:00,5,rejected,BLS CPI/employment date,bls_employment_2025-09-05
UKXGBP,2025-07-25 13:30:00+00:00,6,valid_not_selected,,bls_employment_2025-09-05
UKXGBP,2025-07-18 13:30:00+00:00,7,valid_not_selected,,bls_employment_2025-09-05
UKXGBP,2025-07-11 13:30:00+00:00,8,valid_not_selected,,bls_employment_2025-09-05
UKXGBP,2025-07-04 13:30:00+00:00,9,valid_not_selected,,bls_employment_2025-09-05
UKXGBP,2025-06-27 13:30:00+00:00,10,valid_not_selected,,bls_employment_2025-09-05
UKXGBP,2025-06-20 13:30:00+00:00,11,valid_not_selected,,bls_employment_2025-09-05
UKXGBP,2025-06-13 13:30:00+00:00,12,valid_not_selected,,bls_employment_2025-09-05
BCOUSD,2025-08-29 13:30:00+00:00,1,selected,,bls_employment_2025-09-05
BCOUSD,2025-08-22 13:30:00+00:00,2,selected,,bls_employment_2025-09-05
BCOUSD,2025-08-15 13:30:00+00:00,3,selected,,bls_employment_2025-09-05
BCOUSD,2025-08-08 13:30:00+00:00,4,selected,,bls_employment_2025-09-05
BCOUSD,2025-08-01 13:30:00+00:00,5,rejected,BLS CPI/employment date,bls_employment_2025-09-05
BCOUSD,2025-07-25 13:30:00+00:00,6,valid_not_selected,,bls_employment_2025-09-05
BCOUSD,2025-07-18 13:30:00+00:00,7,valid_not_selected,,bls_employment_2025-09-05
BCOUSD,2025-07-11 13:30:00+00:00,8,valid_not_selected,,bls_employment_2025-09-05
BCOUSD,2025-07-04 13:30:00+00:00,9,valid_not_selected,,bls_employment_2025-09-05
BCOUSD,2025-06-27 13:30:00+00:00,10,valid_not_selected,,bls_employment_2025-09-05
BCOUSD,2025-06-20 13:30:00+00:00,11,valid_not_selected,,bls_employment_2025-09-05
BCOUSD,2025-06-13 13:30:00+00:00,12,valid_not_selected,,bls_employment_2025-09-05
EURUSD,2025-09-04 13:30:00+00:00,1,selected,,bls_cpi_2025-09-11
EURUSD,2025-08-28 13:30:00+00:00,2,selected,,bls_cpi_2025-09-11
EURUSD,2025-08-21 13:30:00+00:00,3,selected,,bls_cpi_2025-09-11
EURUSD,2025-08-14 13:30:00+00:00,4,selected,,bls_cpi_2025-09-11
EURUSD,2025-08-07 13:30:00+00:00,5,valid_not_selected,,bls_cpi_2025-09-11
EURUSD,2025-07-31 13:30:00+00:00,6,valid_not_selected,,bls_cpi_2025-09-11
EURUSD,2025-07-24 13:30:00+00:00,7,valid_not_selected,,bls_cpi_2025-09-11
EURUSD,2025-07-17 13:30:00+00:00,8,valid_not_selected,,bls_cpi_2025-09-11
EURUSD,2025-07-10 13:30:00+00:00,9,valid_not_selected,,bls_cpi_2025-09-11
EURUSD,2025-07-03 13:30:00+00:00,10,rejected,BLS CPI/employment date,bls_cpi_2025-09-11
EURUSD,2025-06-26 13:30:00+00:00,11,valid_not_selected,,bls_cpi_2025-09-11
EURUSD,2025-06-19 13:30:00+00:00,12,valid_not_selected,,bls_cpi_2025-09-11
GBPUSD,2025-09-04 13:30:00+00:00,1,selected,,bls_cpi_2025-09-11
GBPUSD,2025-08-28 13:30:00+00:00,2,selected,,bls_cpi_2025-09-11
GBPUSD,2025-08-21 13:30:00+00:00,3,selected,,bls_cpi_2025-09-11
GBPUSD,2025-08-14 13:30:00+00:00,4,selected,,bls_cpi_2025-09-11
GBPUSD,2025-08-07 13:30:00+00:00,5,valid_not_selected,,bls_cpi_2025-09-11
GBPUSD,2025-07-31 13:30:00+00:00,6,valid_not_selected,,bls_cpi_2025-09-11
GBPUSD,2025-07-24 13:30:00+00:00,7,valid_not_selected,,bls_cpi_2025-09-11
GBPUSD,2025-07-17 13:30:00+00:00,8,valid_not_selected,,bls_cpi_2025-09-11
GBPUSD,2025-07-10 13:30:00+00:00,9,valid_not_selected,,bls_cpi_2025-09-11
GBPUSD,2025-07-03 13:30:00+00:00,10,rejected,BLS CPI/employment date,bls_cpi_2025-09-11
GBPUSD,2025-06-26 13:30:00+00:00,11,valid_not_selected,,bls_cpi_2025-09-11
GBPUSD,2025-06-19 13:30:00+00:00,12,valid_not_selected,,bls_cpi_2025-09-11
AUDUSD,2025-09-04 13:30:00+00:00,1,selected,,bls_cpi_2025-09-11
AUDUSD,2025-08-28 13:30:00+00:00,2,selected,,bls_cpi_2025-09-11
AUDUSD,2025-08-21 13:30:00+00:00,3,selected,,bls_cpi_2025-09-11
AUDUSD,2025-08-14 13:30:00+00:00,4,selected,,bls_cpi_2025-09-11
AUDUSD,2025-08-07 13:30:00+00:00,5,valid_not_selected,,bls_cpi_2025-09-11
AUDUSD,2025-07-31 13:30:00+00:00,6,valid_not_selected,,bls_cpi_2025-09-11
AUDUSD,2025-07-24 13:30:00+00:00,7,valid_not_selected,,bls_cpi_2025-09-11
AUDUSD,2025-07-17 13:30:00+00:00,8,valid_not_selected,,bls_cpi_2025-09-11
AUDUSD,2025-07-10 13:30:00+00:00,9,valid_not_selected,,bls_cpi_2025-09-11
AUDUSD,2025-07-03 13:30:00+00:00,10,rejected,BLS CPI/employment date,bls_cpi_2025-09-11
AUDUSD,2025-06-26 13:30:00+00:00,11,valid_not_selected,,bls_cpi_2025-09-11
AUDUSD,2025-06-19 13:30:00+00:00,12,valid_not_selected,,bls_cpi_2025-09-11
NZDUSD,2025-09-04 13:30:00+00:00,1,selected,,bls_cpi_2025-09-11
NZDUSD,2025-08-28 13:30:00+00:00,2,selected,,bls_cpi_2025-09-11
NZDUSD,2025-08-21 13:30:00+00:00,3,selected,,bls_cpi_2025-09-11
NZDUSD,2025-08-14 13:30:00+00:00,4,selected,,bls_cpi_2025-09-11
NZDUSD,2025-08-07 13:30:00+00:00,5,valid_not_selected,,bls_cpi_2025-09-11
NZDUSD,2025-07-31 13:30:00+00:00,6,valid_not_selected,,bls_cpi_2025-09-11
NZDUSD,2025-07-24 13:30:00+00:00,7,valid_not_selected,,bls_cpi_2025-09-11
NZDUSD,2025-07-17 13:30:00+00:00,8,valid_not_selected,,bls_cpi_2025-09-11
NZDUSD,2025-07-10 13:30:00+00:00,9,valid_not_selected,,bls_cpi_2025-09-11
NZDUSD,2025-07-03 13:30:00+00:00,10,rejected,BLS CPI/employment date,bls_cpi_2025-09-11
NZDUSD,2025-06-26 13:30:00+00:00,11,valid_not_selected,,bls_cpi_2025-09-11
NZDUSD,2025-06-19 13:30:00+00:00,12,valid_not_selected,,bls_cpi_2025-09-11
USDJPY,2025-09-04 13:30:00+00:00,1,selected,,bls_cpi_2025-09-11
USDJPY,2025-08-28 13:30:00+00:00,2,selected,,bls_cpi_2025-09-11
USDJPY,2025-08-21 13:30:00+00:00,3,selected,,bls_cpi_2025-09-11
USDJPY,2025-08-14 13:30:00+00:00,4,selected,,bls_cpi_2025-09-11
USDJPY,2025-08-07 13:30:00+00:00,5,valid_not_selected,,bls_cpi_2025-09-11
USDJPY,2025-07-31 13:30:00+00:00,6,valid_not_selected,,bls_cpi_2025-09-11
USDJPY,2025-07-24 13:30:00+00:00,7,valid_not_selected,,bls_cpi_2025-09-11
USDJPY,2025-07-17 13:30:00+00:00,8,valid_not_selected,,bls_cpi_2025-09-11
USDJPY,2025-07-10 13:30:00+00:00,9,valid_not_selected,,bls_cpi_2025-09-11
USDJPY,2025-07-03 13:30:00+00:00,10,rejected,BLS CPI/employment date,bls_cpi_2025-09-11
USDJPY,2025-06-26 13:30:00+00:00,11,valid_not_selected,,bls_cpi_2025-09-11
USDJPY,2025-06-19 13:30:00+00:00,12,valid_not_selected,,bls_cpi_2025-09-11
USDCHF,2025-09-04 13:30:00+00:00,1,selected,,bls_cpi_2025-09-11
USDCHF,2025-08-28 13:30:00+00:00,2,selected,,bls_cpi_2025-09-11
USDCHF,2025-08-21 13:30:00+00:00,3,selected,,bls_cpi_2025-09-11
USDCHF,2025-08-14 13:30:00+00:00,4,selected,,bls_cpi_2025-09-11
USDCHF,2025-08-07 13:30:00+00:00,5,valid_not_selected,,bls_cpi_2025-09-11
USDCHF,2025-07-31 13:30:00+00:00,6,valid_not_selected,,bls_cpi_2025-09-11
USDCHF,2025-07-24 13:30:00+00:00,7,valid_not_selected,,bls_cpi_2025-09-11
USDCHF,2025-07-17 13:30:00+00:00,8,valid_not_selected,,bls_cpi_2025-09-11
USDCHF,2025-07-10 13:30:00+00:00,9,valid_not_selected,,bls_cpi_2025-09-11
USDCHF,2025-07-03 13:30:00+00:00,10,rejected,BLS CPI/employment date,bls_cpi_2025-09-11
USDCHF,2025-06-26 13:30:00+00:00,11,valid_not_selected,,bls_cpi_2025-09-11
USDCHF,2025-06-19 13:30:00+00:00,12,valid_not_selected,,bls_cpi_2025-09-11
USDCAD,2025-09-04 13:30:00+00:00,1,selected,,bls_cpi_2025-09-11
USDCAD,2025-08-28 13:30:00+00:00,2,selected,,bls_cpi_2025-09-11
USDCAD,2025-08-21 13:30:00+00:00,3,selected,,bls_cpi_2025-09-11
USDCAD,2025-08-14 13:30:00+00:00,4,selected,,bls_cpi_2025-09-11
USDCAD,2025-08-07 13:30:00+00:00,5,valid_not_selected,,bls_cpi_2025-09-11
USDCAD,2025-07-31 13:30:00+00:00,6,valid_not_selected,,bls_cpi_2025-09-11
USDCAD,2025-07-24 13:30:00+00:00,7,valid_not_selected,,bls_cpi_2025-09-11
USDCAD,2025-07-17 13:30:00+00:00,8,valid_not_selected,,bls_cpi_2025-09-11
USDCAD,2025-07-10 13:30:00+00:00,9,valid_not_selected,,bls_cpi_2025-09-11
USDCAD,2025-07-03 13:30:00+00:00,10,rejected,BLS CPI/employment date,bls_cpi_2025-09-11
USDCAD,2025-06-26 13:30:00+00:00,11,valid_not_selected,,bls_cpi_2025-09-11
USDCAD,2025-06-19 13:30:00+00:00,12,valid_not_selected,,bls_cpi_2025-09-11
EURJPY,2025-09-04 13:30:00+00:00,1,selected,,bls_cpi_2025-09-11
EURJPY,2025-08-28 13:30:00+00:00,2,selected,,bls_cpi_2025-09-11
EURJPY,2025-08-21 13:30:00+00:00,3,selected,,bls_cpi_2025-09-11
EURJPY,2025-08-14 13:30:00+00:00,4,selected,,bls_cpi_2025-09-11
EURJPY,2025-08-07 13:30:00+00:00,5,valid_not_selected,,bls_cpi_2025-09-11
EURJPY,2025-07-31 13:30:00+00:00,6,valid_not_selected,,bls_cpi_2025-09-11
EURJPY,2025-07-24 13:30:00+00:00,7,valid_not_selected,,bls_cpi_2025-09-11
EURJPY,2025-07-17 13:30:00+00:00,8,valid_not_selected,,bls_cpi_2025-09-11
EURJPY,2025-07-10 13:30:00+00:00,9,valid_not_selected,,bls_cpi_2025-09-11
EURJPY,2025-07-03 13:30:00+00:00,10,rejected,BLS CPI/employment date,bls_cpi_2025-09-11
EURJPY,2025-06-26 13:30:00+00:00,11,valid_not_selected,,bls_cpi_2025-09-11
EURJPY,2025-06-19 13:30:00+00:00,12,valid_not_selected,,bls_cpi_2025-09-11
XAUUSD,2025-09-04 13:30:00+00:00,1,selected,,bls_cpi_2025-09-11
XAUUSD,2025-08-28 13:30:00+00:00,2,selected,,bls_cpi_2025-09-11
XAUUSD,2025-08-21 13:30:00+00:00,3,selected,,bls_cpi_2025-09-11
XAUUSD,2025-08-14 13:30:00+00:00,4,selected,,bls_cpi_2025-09-11
XAUUSD,2025-08-07 13:30:00+00:00,5,valid_not_selected,,bls_cpi_2025-09-11
XAUUSD,2025-07-31 13:30:00+00:00,6,valid_not_selected,,bls_cpi_2025-09-11
XAUUSD,2025-07-24 13:30:00+00:00,7,valid_not_selected,,bls_cpi_2025-09-11
XAUUSD,2025-07-17 13:30:00+00:00,8,valid_not_selected,,bls_cpi_2025-09-11
XAUUSD,2025-07-10 13:30:00+00:00,9,valid_not_selected,,bls_cpi_2025-09-11
XAUUSD,2025-07-03 13:30:00+00:00,10,rejected,BLS CPI/employment date,bls_cpi_2025-09-11
XAUUSD,2025-06-26 13:30:00+00:00,11,valid_not_selected,,bls_cpi_2025-09-11
XAUUSD,2025-06-19 13:30:00+00:00,12,valid_not_selected,,bls_cpi_2025-09-11
XAGUSD,2025-09-04 13:30:00+00:00,1,selected,,bls_cpi_2025-09-11
XAGUSD,2025-08-28 13:30:00+00:00,2,selected,,bls_cpi_2025-09-11
XAGUSD,2025-08-21 13:30:00+00:00,3,selected,,bls_cpi_2025-09-11
XAGUSD,2025-08-14 13:30:00+00:00,4,selected,,bls_cpi_2025-09-11
XAGUSD,2025-08-07 13:30:00+00:00,5,valid_not_selected,,bls_cpi_2025-09-11
XAGUSD,2025-07-31 13:30:00+00:00,6,valid_not_selected,,bls_cpi_2025-09-11
XAGUSD,2025-07-24 13:30:00+00:00,7,valid_not_selected,,bls_cpi_2025-09-11
XAGUSD,2025-07-17 13:30:00+00:00,8,valid_not_selected,,bls_cpi_2025-09-11
XAGUSD,2025-07-10 13:30:00+00:00,9,valid_not_selected,,bls_cpi_2025-09-11
XAGUSD,2025-07-03 13:30:00+00:00,10,rejected,BLS CPI/employment date,bls_cpi_2025-09-11
XAGUSD,2025-06-26 13:30:00+00:00,11,valid_not_selected,,bls_cpi_2025-09-11
XAGUSD,2025-06-19 13:30:00+00:00,12,valid_not_selected,,bls_cpi_2025-09-11
SPXUSD,2025-09-04 13:30:00+00:00,1,selected,,bls_cpi_2025-09-11
SPXUSD,2025-08-28 13:30:00+00:00,2,selected,,bls_cpi_2025-09-11
SPXUSD,2025-08-21 13:30:00+00:00,3,selected,,bls_cpi_2025-09-11
SPXUSD,2025-08-14 13:30:00+00:00,4,selected,,bls_cpi_2025-09-11
SPXUSD,2025-08-07 13:30:00+00:00,5,valid_not_selected,,bls_cpi_2025-09-11
SPXUSD,2025-07-31 13:30:00+00:00,6,valid_not_selected,,bls_cpi_2025-09-11
SPXUSD,2025-07-24 13:30:00+00:00,7,valid_not_selected,,bls_cpi_2025-09-11
SPXUSD,2025-07-17 13:30:00+00:00,8,valid_not_selected,,bls_cpi_2025-09-11
SPXUSD,2025-07-10 13:30:00+00:00,9,valid_not_selected,,bls_cpi_2025-09-11
SPXUSD,2025-07-03 13:30:00+00:00,10,rejected,BLS CPI/employment date,bls_cpi_2025-09-11
SPXUSD,2025-06-26 13:30:00+00:00,11,valid_not_selected,,bls_cpi_2025-09-11
SPXUSD,2025-06-19 13:30:00+00:00,12,valid_not_selected,,bls_cpi_2025-09-11
NSXUSD,2025-09-04 13:30:00+00:00,1,selected,,bls_cpi_2025-09-11
NSXUSD,2025-08-28 13:30:00+00:00,2,selected,,bls_cpi_2025-09-11
NSXUSD,2025-08-21 13:30:00+00:00,3,selected,,bls_cpi_2025-09-11
NSXUSD,2025-08-14 13:30:00+00:00,4,selected,,bls_cpi_2025-09-11
NSXUSD,2025-08-07 13:30:00+00:00,5,valid_not_selected,,bls_cpi_2025-09-11
NSXUSD,2025-07-31 13:30:00+00:00,6,valid_not_selected,,bls_cpi_2025-09-11
NSXUSD,2025-07-24 13:30:00+00:00,7,valid_not_selected,,bls_cpi_2025-09-11
NSXUSD,2025-07-17 13:30:00+00:00,8,valid_not_selected,,bls_cpi_2025-09-11
NSXUSD,2025-07-10 13:30:00+00:00,9,valid_not_selected,,bls_cpi_2025-09-11
NSXUSD,2025-07-03 13:30:00+00:00,10,rejected,BLS CPI/employment date,bls_cpi_2025-09-11
NSXUSD,2025-06-26 13:30:00+00:00,11,valid_not_selected,,bls_cpi_2025-09-11
NSXUSD,2025-06-19 13:30:00+00:00,12,valid_not_selected,,bls_cpi_2025-09-11
GRXEUR,2025-09-04 13:30:00+00:00,1,selected,,bls_cpi_2025-09-11
GRXEUR,2025-08-28 13:30:00+00:00,2,selected,,bls_cpi_2025-09-11
GRXEUR,2025-08-21 13:30:00+00:00,3,selected,,bls_cpi_2025-09-11
GRXEUR,2025-08-14 13:30:00+00:00,4,selected,,bls_cpi_2025-09-11
GRXEUR,2025-08-07 13:30:00+00:00,5,valid_not_selected,,bls_cpi_2025-09-11
GRXEUR,2025-07-31 13:30:00+00:00,6,valid_not_selected,,bls_cpi_2025-09-11
GRXEUR,2025-07-24 13:30:00+00:00,7,valid_not_selected,,bls_cpi_2025-09-11
GRXEUR,2025-07-17 13:30:00+00:00,8,valid_not_selected,,bls_cpi_2025-09-11
GRXEUR,2025-07-10 13:30:00+00:00,9,valid_not_selected,,bls_cpi_2025-09-11
GRXEUR,2025-07-03 13:30:00+00:00,10,rejected,BLS CPI/employment date,bls_cpi_2025-09-11
GRXEUR,2025-06-26 13:30:00+00:00,11,valid_not_selected,,bls_cpi_2025-09-11
GRXEUR,2025-06-19 13:30:00+00:00,12,valid_not_selected,,bls_cpi_2025-09-11
UKXGBP,2025-09-04 13:30:00+00:00,1,selected,,bls_cpi_2025-09-11
UKXGBP,2025-08-28 13:30:00+00:00,2,selected,,bls_cpi_2025-09-11
UKXGBP,2025-08-21 13:30:00+00:00,3,selected,,bls_cpi_2025-09-11
UKXGBP,2025-08-14 13:30:00+00:00,4,selected,,bls_cpi_2025-09-11
UKXGBP,2025-08-07 13:30:00+00:00,5,valid_not_selected,,bls_cpi_2025-09-11
UKXGBP,2025-07-31 13:30:00+00:00,6,valid_not_selected,,bls_cpi_2025-09-11
UKXGBP,2025-07-24 13:30:00+00:00,7,valid_not_selected,,bls_cpi_2025-09-11
UKXGBP,2025-07-17 13:30:00+00:00,8,valid_not_selected,,bls_cpi_2025-09-11
UKXGBP,2025-07-10 13:30:00+00:00,9,valid_not_selected,,bls_cpi_2025-09-11
UKXGBP,2025-07-03 13:30:00+00:00,10,rejected,BLS CPI/employment date,bls_cpi_2025-09-11
UKXGBP,2025-06-26 13:30:00+00:00,11,valid_not_selected,,bls_cpi_2025-09-11
UKXGBP,2025-06-19 13:30:00+00:00,12,valid_not_selected,,bls_cpi_2025-09-11
BCOUSD,2025-09-04 13:30:00+00:00,1,selected,,bls_cpi_2025-09-11
BCOUSD,2025-08-28 13:30:00+00:00,2,selected,,bls_cpi_2025-09-11
BCOUSD,2025-08-21 13:30:00+00:00,3,selected,,bls_cpi_2025-09-11
BCOUSD,2025-08-14 13:30:00+00:00,4,selected,,bls_cpi_2025-09-11
BCOUSD,2025-08-07 13:30:00+00:00,5,valid_not_selected,,bls_cpi_2025-09-11
BCOUSD,2025-07-31 13:30:00+00:00,6,valid_not_selected,,bls_cpi_2025-09-11
BCOUSD,2025-07-24 13:30:00+00:00,7,valid_not_selected,,bls_cpi_2025-09-11
BCOUSD,2025-07-17 13:30:00+00:00,8,valid_not_selected,,bls_cpi_2025-09-11
BCOUSD,2025-07-10 13:30:00+00:00,9,valid_not_selected,,bls_cpi_2025-09-11
BCOUSD,2025-07-03 13:30:00+00:00,10,rejected,BLS CPI/employment date,bls_cpi_2025-09-11
BCOUSD,2025-06-26 13:30:00+00:00,11,valid_not_selected,,bls_cpi_2025-09-11
BCOUSD,2025-06-19 13:30:00+00:00,12,valid_not_selected,,bls_cpi_2025-09-11
EURUSD,2025-10-17 13:30:00+00:00,1,selected,,bls_cpi_2025-10-24
EURUSD,2025-10-10 13:30:00+00:00,2,selected,,bls_cpi_2025-10-24
EURUSD,2025-10-03 13:30:00+00:00,3,selected,,bls_cpi_2025-10-24
EURUSD,2025-09-26 13:30:00+00:00,4,selected,,bls_cpi_2025-10-24
EURUSD,2025-09-19 13:30:00+00:00,5,valid_not_selected,,bls_cpi_2025-10-24
EURUSD,2025-09-12 13:30:00+00:00,6,valid_not_selected,,bls_cpi_2025-10-24
EURUSD,2025-09-05 13:30:00+00:00,7,rejected,BLS CPI/employment date,bls_cpi_2025-10-24
EURUSD,2025-08-29 13:30:00+00:00,8,valid_not_selected,,bls_cpi_2025-10-24
EURUSD,2025-08-22 13:30:00+00:00,9,valid_not_selected,,bls_cpi_2025-10-24
EURUSD,2025-08-15 13:30:00+00:00,10,valid_not_selected,,bls_cpi_2025-10-24
EURUSD,2025-08-08 13:30:00+00:00,11,valid_not_selected,,bls_cpi_2025-10-24
EURUSD,2025-08-01 13:30:00+00:00,12,rejected,BLS CPI/employment date,bls_cpi_2025-10-24
GBPUSD,2025-10-17 13:30:00+00:00,1,selected,,bls_cpi_2025-10-24
GBPUSD,2025-10-10 13:30:00+00:00,2,selected,,bls_cpi_2025-10-24
GBPUSD,2025-10-03 13:30:00+00:00,3,selected,,bls_cpi_2025-10-24
GBPUSD,2025-09-26 13:30:00+00:00,4,selected,,bls_cpi_2025-10-24
GBPUSD,2025-09-19 13:30:00+00:00,5,valid_not_selected,,bls_cpi_2025-10-24
GBPUSD,2025-09-12 13:30:00+00:00,6,valid_not_selected,,bls_cpi_2025-10-24
GBPUSD,2025-09-05 13:30:00+00:00,7,rejected,BLS CPI/employment date,bls_cpi_2025-10-24
GBPUSD,2025-08-29 13:30:00+00:00,8,valid_not_selected,,bls_cpi_2025-10-24
GBPUSD,2025-08-22 13:30:00+00:00,9,valid_not_selected,,bls_cpi_2025-10-24
GBPUSD,2025-08-15 13:30:00+00:00,10,valid_not_selected,,bls_cpi_2025-10-24
GBPUSD,2025-08-08 13:30:00+00:00,11,valid_not_selected,,bls_cpi_2025-10-24
GBPUSD,2025-08-01 13:30:00+00:00,12,rejected,BLS CPI/employment date,bls_cpi_2025-10-24
AUDUSD,2025-10-17 13:30:00+00:00,1,selected,,bls_cpi_2025-10-24
AUDUSD,2025-10-10 13:30:00+00:00,2,selected,,bls_cpi_2025-10-24
AUDUSD,2025-10-03 13:30:00+00:00,3,selected,,bls_cpi_2025-10-24
AUDUSD,2025-09-26 13:30:00+00:00,4,selected,,bls_cpi_2025-10-24
AUDUSD,2025-09-19 13:30:00+00:00,5,valid_not_selected,,bls_cpi_2025-10-24
AUDUSD,2025-09-12 13:30:00+00:00,6,valid_not_selected,,bls_cpi_2025-10-24
AUDUSD,2025-09-05 13:30:00+00:00,7,rejected,BLS CPI/employment date,bls_cpi_2025-10-24
AUDUSD,2025-08-29 13:30:00+00:00,8,valid_not_selected,,bls_cpi_2025-10-24
AUDUSD,2025-08-22 13:30:00+00:00,9,valid_not_selected,,bls_cpi_2025-10-24
AUDUSD,2025-08-15 13:30:00+00:00,10,valid_not_selected,,bls_cpi_2025-10-24
AUDUSD,2025-08-08 13:30:00+00:00,11,valid_not_selected,,bls_cpi_2025-10-24
AUDUSD,2025-08-01 13:30:00+00:00,12,rejected,BLS CPI/employment date,bls_cpi_2025-10-24
NZDUSD,2025-10-17 13:30:00+00:00,1,selected,,bls_cpi_2025-10-24
NZDUSD,2025-10-10 13:30:00+00:00,2,selected,,bls_cpi_2025-10-24
NZDUSD,2025-10-03 13:30:00+00:00,3,selected,,bls_cpi_2025-10-24
NZDUSD,2025-09-26 13:30:00+00:00,4,selected,,bls_cpi_2025-10-24
NZDUSD,2025-09-19 13:30:00+00:00,5,valid_not_selected,,bls_cpi_2025-10-24
NZDUSD,2025-09-12 13:30:00+00:00,6,valid_not_selected,,bls_cpi_2025-10-24
NZDUSD,2025-09-05 13:30:00+00:00,7,rejected,BLS CPI/employment date,bls_cpi_2025-10-24
NZDUSD,2025-08-29 13:30:00+00:00,8,valid_not_selected,,bls_cpi_2025-10-24
NZDUSD,2025-08-22 13:30:00+00:00,9,valid_not_selected,,bls_cpi_2025-10-24
NZDUSD,2025-08-15 13:30:00+00:00,10,valid_not_selected,,bls_cpi_2025-10-24
NZDUSD,2025-08-08 13:30:00+00:00,11,valid_not_selected,,bls_cpi_2025-10-24
NZDUSD,2025-08-01 13:30:00+00:00,12,rejected,BLS CPI/employment date,bls_cpi_2025-10-24
USDJPY,2025-10-17 13:30:00+00:00,1,selected,,bls_cpi_2025-10-24
USDJPY,2025-10-10 13:30:00+00:00,2,selected,,bls_cpi_2025-10-24
USDJPY,2025-10-03 13:30:00+00:00,3,selected,,bls_cpi_2025-10-24
USDJPY,2025-09-26 13:30:00+00:00,4,selected,,bls_cpi_2025-10-24
USDJPY,2025-09-19 13:30:00+00:00,5,valid_not_selected,,bls_cpi_2025-10-24
USDJPY,2025-09-12 13:30:00+00:00,6,valid_not_selected,,bls_cpi_2025-10-24
USDJPY,2025-09-05 13:30:00+00:00,7,rejected,BLS CPI/employment date,bls_cpi_2025-10-24
USDJPY,2025-08-29 13:30:00+00:00,8,valid_not_selected,,bls_cpi_2025-10-24
USDJPY,2025-08-22 13:30:00+00:00,9,valid_not_selected,,bls_cpi_2025-10-24
USDJPY,2025-08-15 13:30:00+00:00,10,valid_not_selected,,bls_cpi_2025-10-24
USDJPY,2025-08-08 13:30:00+00:00,11,valid_not_selected,,bls_cpi_2025-10-24
USDJPY,2025-08-01 13:30:00+00:00,12,rejected,BLS CPI/employment date,bls_cpi_2025-10-24
USDCHF,2025-10-17 13:30:00+00:00,1,selected,,bls_cpi_2025-10-24
USDCHF,2025-10-10 13:30:00+00:00,2,selected,,bls_cpi_2025-10-24
USDCHF,2025-10-03 13:30:00+00:00,3,selected,,bls_cpi_2025-10-24
USDCHF,2025-09-26 13:30:00+00:00,4,selected,,bls_cpi_2025-10-24
USDCHF,2025-09-19 13:30:00+00:00,5,valid_not_selected,,bls_cpi_2025-10-24
USDCHF,2025-09-12 13:30:00+00:00,6,valid_not_selected,,bls_cpi_2025-10-24
USDCHF,2025-09-05 13:30:00+00:00,7,rejected,BLS CPI/employment date,bls_cpi_2025-10-24
USDCHF,2025-08-29 13:30:00+00:00,8,valid_not_selected,,bls_cpi_2025-10-24
USDCHF,2025-08-22 13:30:00+00:00,9,valid_not_selected,,bls_cpi_2025-10-24
USDCHF,2025-08-15 13:30:00+00:00,10,valid_not_selected,,bls_cpi_2025-10-24
USDCHF,2025-08-08 13:30:00+00:00,11,valid_not_selected,,bls_cpi_2025-10-24
USDCHF,2025-08-01 13:30:00+00:00,12,rejected,BLS CPI/employment date,bls_cpi_2025-10-24
USDCAD,2025-10-17 13:30:00+00:00,1,selected,,bls_cpi_2025-10-24
USDCAD,2025-10-10 13:30:00+00:00,2,selected,,bls_cpi_2025-10-24
USDCAD,2025-10-03 13:30:00+00:00,3,selected,,bls_cpi_2025-10-24
USDCAD,2025-09-26 13:30:00+00:00,4,selected,,bls_cpi_2025-10-24
USDCAD,2025-09-19 13:30:00+00:00,5,valid_not_selected,,bls_cpi_2025-10-24
USDCAD,2025-09-12 13:30:00+00:00,6,valid_not_selected,,bls_cpi_2025-10-24
USDCAD,2025-09-05 13:30:00+00:00,7,rejected,BLS CPI/employment date,bls_cpi_2025-10-24
USDCAD,2025-08-29 13:30:00+00:00,8,valid_not_selected,,bls_cpi_2025-10-24
USDCAD,2025-08-22 13:30:00+00:00,9,valid_not_selected,,bls_cpi_2025-10-24
USDCAD,2025-08-15 13:30:00+00:00,10,valid_not_selected,,bls_cpi_2025-10-24
USDCAD,2025-08-08 13:30:00+00:00,11,valid_not_selected,,bls_cpi_2025-10-24
USDCAD,2025-08-01 13:30:00+00:00,12,rejected,BLS CPI/employment date,bls_cpi_2025-10-24
EURJPY,2025-10-17 13:30:00+00:00,1,selected,,bls_cpi_2025-10-24
EURJPY,2025-10-10 13:30:00+00:00,2,selected,,bls_cpi_2025-10-24
EURJPY,2025-10-03 13:30:00+00:00,3,selected,,bls_cpi_2025-10-24
EURJPY,2025-09-26 13:30:00+00:00,4,selected,,bls_cpi_2025-10-24
EURJPY,2025-09-19 13:30:00+00:00,5,valid_not_selected,,bls_cpi_2025-10-24
EURJPY,2025-09-12 13:30:00+00:00,6,valid_not_selected,,bls_cpi_2025-10-24
EURJPY,2025-09-05 13:30:00+00:00,7,rejected,BLS CPI/employment date,bls_cpi_2025-10-24
EURJPY,2025-08-29 13:30:00+00:00,8,valid_not_selected,,bls_cpi_2025-10-24
EURJPY,2025-08-22 13:30:00+00:00,9,valid_not_selected,,bls_cpi_2025-10-24
EURJPY,2025-08-15 13:30:00+00:00,10,valid_not_selected,,bls_cpi_2025-10-24
EURJPY,2025-08-08 13:30:00+00:00,11,valid_not_selected,,bls_cpi_2025-10-24
EURJPY,2025-08-01 13:30:00+00:00,12,rejected,BLS CPI/employment date,bls_cpi_2025-10-24
XAUUSD,2025-10-17 13:30:00+00:00,1,selected,,bls_cpi_2025-10-24
XAUUSD,2025-10-10 13:30:00+00:00,2,selected,,bls_cpi_2025-10-24
XAUUSD,2025-10-03 13:30:00+00:00,3,selected,,bls_cpi_2025-10-24
XAUUSD,2025-09-26 13:30:00+00:00,4,selected,,bls_cpi_2025-10-24
XAUUSD,2025-09-19 13:30:00+00:00,5,valid_not_selected,,bls_cpi_2025-10-24
XAUUSD,2025-09-12 13:30:00+00:00,6,valid_not_selected,,bls_cpi_2025-10-24
XAUUSD,2025-09-05 13:30:00+00:00,7,rejected,BLS CPI/employment date,bls_cpi_2025-10-24
XAUUSD,2025-08-29 13:30:00+00:00,8,valid_not_selected,,bls_cpi_2025-10-24
XAUUSD,2025-08-22 13:30:00+00:00,9,valid_not_selected,,bls_cpi_2025-10-24
XAUUSD,2025-08-15 13:30:00+00:00,10,valid_not_selected,,bls_cpi_2025-10-24
XAUUSD,2025-08-08 13:30:00+00:00,11,valid_not_selected,,bls_cpi_2025-10-24
XAUUSD,2025-08-01 13:30:00+00:00,12,rejected,BLS CPI/employment date,bls_cpi_2025-10-24
XAGUSD,2025-10-17 13:30:00+00:00,1,selected,,bls_cpi_2025-10-24
XAGUSD,2025-10-10 13:30:00+00:00,2,selected,,bls_cpi_2025-10-24
XAGUSD,2025-10-03 13:30:00+00:00,3,selected,,bls_cpi_2025-10-24
XAGUSD,2025-09-26 13:30:00+00:00,4,selected,,bls_cpi_2025-10-24
XAGUSD,2025-09-19 13:30:00+00:00,5,valid_not_selected,,bls_cpi_2025-10-24
XAGUSD,2025-09-12 13:30:00+00:00,6,valid_not_selected,,bls_cpi_2025-10-24
XAGUSD,2025-09-05 13:30:00+00:00,7,rejected,BLS CPI/employment date,bls_cpi_2025-10-24
XAGUSD,2025-08-29 13:30:00+00:00,8,valid_not_selected,,bls_cpi_2025-10-24
XAGUSD,2025-08-22 13:30:00+00:00,9,valid_not_selected,,bls_cpi_2025-10-24
XAGUSD,2025-08-15 13:30:00+00:00,10,valid_not_selected,,bls_cpi_2025-10-24
XAGUSD,2025-08-08 13:30:00+00:00,11,valid_not_selected,,bls_cpi_2025-10-24
XAGUSD,2025-08-01 13:30:00+00:00,12,rejected,BLS CPI/employment date,bls_cpi_2025-10-24
SPXUSD,2025-10-17 13:30:00+00:00,1,selected,,bls_cpi_2025-10-24
SPXUSD,2025-10-10 13:30:00+00:00,2,selected,,bls_cpi_2025-10-24
SPXUSD,2025-10-03 13:30:00+00:00,3,selected,,bls_cpi_2025-10-24
SPXUSD,2025-09-26 13:30:00+00:00,4,selected,,bls_cpi_2025-10-24
SPXUSD,2025-09-19 13:30:00+00:00,5,valid_not_selected,,bls_cpi_2025-10-24
SPXUSD,2025-09-12 13:30:00+00:00,6,valid_not_selected,,bls_cpi_2025-10-24
SPXUSD,2025-09-05 13:30:00+00:00,7,rejected,BLS CPI/employment date,bls_cpi_2025-10-24
SPXUSD,2025-08-29 13:30:00+00:00,8,valid_not_selected,,bls_cpi_2025-10-24
SPXUSD,2025-08-22 13:30:00+00:00,9,valid_not_selected,,bls_cpi_2025-10-24
SPXUSD,2025-08-15 13:30:00+00:00,10,valid_not_selected,,bls_cpi_2025-10-24
SPXUSD,2025-08-08 13:30:00+00:00,11,valid_not_selected,,bls_cpi_2025-10-24
SPXUSD,2025-08-01 13:30:00+00:00,12,rejected,BLS CPI/employment date,bls_cpi_2025-10-24
NSXUSD,2025-10-17 13:30:00+00:00,1,selected,,bls_cpi_2025-10-24
NSXUSD,2025-10-10 13:30:00+00:00,2,selected,,bls_cpi_2025-10-24
NSXUSD,2025-10-03 13:30:00+00:00,3,selected,,bls_cpi_2025-10-24
NSXUSD,2025-09-26 13:30:00+00:00,4,selected,,bls_cpi_2025-10-24
NSXUSD,2025-09-19 13:30:00+00:00,5,valid_not_selected,,bls_cpi_2025-10-24
NSXUSD,2025-09-12 13:30:00+00:00,6,valid_not_selected,,bls_cpi_2025-10-24
NSXUSD,2025-09-05 13:30:00+00:00,7,rejected,BLS CPI/employment date,bls_cpi_2025-10-24
NSXUSD,2025-08-29 13:30:00+00:00,8,valid_not_selected,,bls_cpi_2025-10-24
NSXUSD,2025-08-22 13:30:00+00:00,9,valid_not_selected,,bls_cpi_2025-10-24
NSXUSD,2025-08-15 13:30:00+00:00,10,valid_not_selected,,bls_cpi_2025-10-24
NSXUSD,2025-08-08 13:30:00+00:00,11,valid_not_selected,,bls_cpi_2025-10-24
NSXUSD,2025-08-01 13:30:00+00:00,12,rejected,BLS CPI/employment date,bls_cpi_2025-10-24
GRXEUR,2025-10-17 13:30:00+00:00,1,selected,,bls_cpi_2025-10-24
GRXEUR,2025-10-10 13:30:00+00:00,2,selected,,bls_cpi_2025-10-24
GRXEUR,2025-10-03 13:30:00+00:00,3,selected,,bls_cpi_2025-10-24
GRXEUR,2025-09-26 13:30:00+00:00,4,selected,,bls_cpi_2025-10-24
GRXEUR,2025-09-19 13:30:00+00:00,5,valid_not_selected,,bls_cpi_2025-10-24
GRXEUR,2025-09-12 13:30:00+00:00,6,valid_not_selected,,bls_cpi_2025-10-24
GRXEUR,2025-09-05 13:30:00+00:00,7,rejected,BLS CPI/employment date,bls_cpi_2025-10-24
GRXEUR,2025-08-29 13:30:00+00:00,8,valid_not_selected,,bls_cpi_2025-10-24
GRXEUR,2025-08-22 13:30:00+00:00,9,valid_not_selected,,bls_cpi_2025-10-24
GRXEUR,2025-08-15 13:30:00+00:00,10,valid_not_selected,,bls_cpi_2025-10-24
GRXEUR,2025-08-08 13:30:00+00:00,11,valid_not_selected,,bls_cpi_2025-10-24
GRXEUR,2025-08-01 13:30:00+00:00,12,rejected,BLS CPI/employment date,bls_cpi_2025-10-24
UKXGBP,2025-10-17 13:30:00+00:00,1,selected,,bls_cpi_2025-10-24
UKXGBP,2025-10-10 13:30:00+00:00,2,selected,,bls_cpi_2025-10-24
UKXGBP,2025-10-03 13:30:00+00:00,3,selected,,bls_cpi_2025-10-24
UKXGBP,2025-09-26 13:30:00+00:00,4,selected,,bls_cpi_2025-10-24
UKXGBP,2025-09-19 13:30:00+00:00,5,valid_not_selected,,bls_cpi_2025-10-24
UKXGBP,2025-09-12 13:30:00+00:00,6,valid_not_selected,,bls_cpi_2025-10-24
UKXGBP,2025-09-05 13:30:00+00:00,7,rejected,BLS CPI/employment date,bls_cpi_2025-10-24
UKXGBP,2025-08-29 13:30:00+00:00,8,valid_not_selected,,bls_cpi_2025-10-24
UKXGBP,2025-08-22 13:30:00+00:00,9,valid_not_selected,,bls_cpi_2025-10-24
UKXGBP,2025-08-15 13:30:00+00:00,10,valid_not_selected,,bls_cpi_2025-10-24
UKXGBP,2025-08-08 13:30:00+00:00,11,valid_not_selected,,bls_cpi_2025-10-24
UKXGBP,2025-08-01 13:30:00+00:00,12,rejected,BLS CPI/employment date,bls_cpi_2025-10-24
BCOUSD,2025-10-17 13:30:00+00:00,1,selected,,bls_cpi_2025-10-24
BCOUSD,2025-10-10 13:30:00+00:00,2,selected,,bls_cpi_2025-10-24
BCOUSD,2025-10-03 13:30:00+00:00,3,selected,,bls_cpi_2025-10-24
BCOUSD,2025-09-26 13:30:00+00:00,4,selected,,bls_cpi_2025-10-24
BCOUSD,2025-09-19 13:30:00+00:00,5,valid_not_selected,,bls_cpi_2025-10-24
BCOUSD,2025-09-12 13:30:00+00:00,6,valid_not_selected,,bls_cpi_2025-10-24
BCOUSD,2025-09-05 13:30:00+00:00,7,rejected,BLS CPI/employment date,bls_cpi_2025-10-24
BCOUSD,2025-08-29 13:30:00+00:00,8,valid_not_selected,,bls_cpi_2025-10-24
BCOUSD,2025-08-22 13:30:00+00:00,9,valid_not_selected,,bls_cpi_2025-10-24
BCOUSD,2025-08-15 13:30:00+00:00,10,valid_not_selected,,bls_cpi_2025-10-24
BCOUSD,2025-08-08 13:30:00+00:00,11,valid_not_selected,,bls_cpi_2025-10-24
BCOUSD,2025-08-01 13:30:00+00:00,12,rejected,BLS CPI/employment date,bls_cpi_2025-10-24
EURUSD,2025-11-13 13:30:00+00:00,1,selected,,bls_employment_2025-11-20
EURUSD,2025-11-06 13:30:00+00:00,2,selected,,bls_employment_2025-11-20
EURUSD,2025-10-30 13:30:00+00:00,3,selected,,bls_employment_2025-11-20
EURUSD,2025-10-23 13:30:00+00:00,4,selected,,bls_employment_2025-11-20
EURUSD,2025-10-16 13:30:00+00:00,5,valid_not_selected,,bls_employment_2025-11-20
EURUSD,2025-10-09 13:30:00+00:00,6,valid_not_selected,,bls_employment_2025-11-20
EURUSD,2025-10-02 13:30:00+00:00,7,valid_not_selected,,bls_employment_2025-11-20
EURUSD,2025-09-25 13:30:00+00:00,8,valid_not_selected,,bls_employment_2025-11-20
EURUSD,2025-09-18 13:30:00+00:00,9,valid_not_selected,,bls_employment_2025-11-20
EURUSD,2025-09-11 13:30:00+00:00,10,rejected,BLS CPI/employment date,bls_employment_2025-11-20
EURUSD,2025-09-04 13:30:00+00:00,11,valid_not_selected,,bls_employment_2025-11-20
EURUSD,2025-08-28 13:30:00+00:00,12,valid_not_selected,,bls_employment_2025-11-20
GBPUSD,2025-11-13 13:30:00+00:00,1,selected,,bls_employment_2025-11-20
GBPUSD,2025-11-06 13:30:00+00:00,2,selected,,bls_employment_2025-11-20
GBPUSD,2025-10-30 13:30:00+00:00,3,selected,,bls_employment_2025-11-20
GBPUSD,2025-10-23 13:30:00+00:00,4,selected,,bls_employment_2025-11-20
GBPUSD,2025-10-16 13:30:00+00:00,5,valid_not_selected,,bls_employment_2025-11-20
GBPUSD,2025-10-09 13:30:00+00:00,6,valid_not_selected,,bls_employment_2025-11-20
GBPUSD,2025-10-02 13:30:00+00:00,7,valid_not_selected,,bls_employment_2025-11-20
GBPUSD,2025-09-25 13:30:00+00:00,8,valid_not_selected,,bls_employment_2025-11-20
GBPUSD,2025-09-18 13:30:00+00:00,9,valid_not_selected,,bls_employment_2025-11-20
GBPUSD,2025-09-11 13:30:00+00:00,10,rejected,BLS CPI/employment date,bls_employment_2025-11-20
GBPUSD,2025-09-04 13:30:00+00:00,11,valid_not_selected,,bls_employment_2025-11-20
GBPUSD,2025-08-28 13:30:00+00:00,12,valid_not_selected,,bls_employment_2025-11-20
AUDUSD,2025-11-13 13:30:00+00:00,1,selected,,bls_employment_2025-11-20
AUDUSD,2025-11-06 13:30:00+00:00,2,selected,,bls_employment_2025-11-20
AUDUSD,2025-10-30 13:30:00+00:00,3,selected,,bls_employment_2025-11-20
AUDUSD,2025-10-23 13:30:00+00:00,4,selected,,bls_employment_2025-11-20
AUDUSD,2025-10-16 13:30:00+00:00,5,valid_not_selected,,bls_employment_2025-11-20
AUDUSD,2025-10-09 13:30:00+00:00,6,valid_not_selected,,bls_employment_2025-11-20
AUDUSD,2025-10-02 13:30:00+00:00,7,valid_not_selected,,bls_employment_2025-11-20
AUDUSD,2025-09-25 13:30:00+00:00,8,valid_not_selected,,bls_employment_2025-11-20
AUDUSD,2025-09-18 13:30:00+00:00,9,valid_not_selected,,bls_employment_2025-11-20
AUDUSD,2025-09-11 13:30:00+00:00,10,rejected,BLS CPI/employment date,bls_employment_2025-11-20
AUDUSD,2025-09-04 13:30:00+00:00,11,valid_not_selected,,bls_employment_2025-11-20
AUDUSD,2025-08-28 13:30:00+00:00,12,valid_not_selected,,bls_employment_2025-11-20
NZDUSD,2025-11-13 13:30:00+00:00,1,selected,,bls_employment_2025-11-20
NZDUSD,2025-11-06 13:30:00+00:00,2,selected,,bls_employment_2025-11-20
NZDUSD,2025-10-30 13:30:00+00:00,3,selected,,bls_employment_2025-11-20
NZDUSD,2025-10-23 13:30:00+00:00,4,selected,,bls_employment_2025-11-20
NZDUSD,2025-10-16 13:30:00+00:00,5,valid_not_selected,,bls_employment_2025-11-20
NZDUSD,2025-10-09 13:30:00+00:00,6,valid_not_selected,,bls_employment_2025-11-20
NZDUSD,2025-10-02 13:30:00+00:00,7,valid_not_selected,,bls_employment_2025-11-20
NZDUSD,2025-09-25 13:30:00+00:00,8,valid_not_selected,,bls_employment_2025-11-20
NZDUSD,2025-09-18 13:30:00+00:00,9,valid_not_selected,,bls_employment_2025-11-20
NZDUSD,2025-09-11 13:30:00+00:00,10,rejected,BLS CPI/employment date,bls_employment_2025-11-20
NZDUSD,2025-09-04 13:30:00+00:00,11,valid_not_selected,,bls_employment_2025-11-20
NZDUSD,2025-08-28 13:30:00+00:00,12,valid_not_selected,,bls_employment_2025-11-20
USDJPY,2025-11-13 13:30:00+00:00,1,selected,,bls_employment_2025-11-20
USDJPY,2025-11-06 13:30:00+00:00,2,selected,,bls_employment_2025-11-20
USDJPY,2025-10-30 13:30:00+00:00,3,selected,,bls_employment_2025-11-20
USDJPY,2025-10-23 13:30:00+00:00,4,selected,,bls_employment_2025-11-20
USDJPY,2025-10-16 13:30:00+00:00,5,valid_not_selected,,bls_employment_2025-11-20
USDJPY,2025-10-09 13:30:00+00:00,6,valid_not_selected,,bls_employment_2025-11-20
USDJPY,2025-10-02 13:30:00+00:00,7,valid_not_selected,,bls_employment_2025-11-20
USDJPY,2025-09-25 13:30:00+00:00,8,valid_not_selected,,bls_employment_2025-11-20
USDJPY,2025-09-18 13:30:00+00:00,9,valid_not_selected,,bls_employment_2025-11-20
USDJPY,2025-09-11 13:30:00+00:00,10,rejected,BLS CPI/employment date,bls_employment_2025-11-20
USDJPY,2025-09-04 13:30:00+00:00,11,valid_not_selected,,bls_employment_2025-11-20
USDJPY,2025-08-28 13:30:00+00:00,12,valid_not_selected,,bls_employment_2025-11-20
USDCHF,2025-11-13 13:30:00+00:00,1,selected,,bls_employment_2025-11-20
USDCHF,2025-11-06 13:30:00+00:00,2,selected,,bls_employment_2025-11-20
USDCHF,2025-10-30 13:30:00+00:00,3,selected,,bls_employment_2025-11-20
USDCHF,2025-10-23 13:30:00+00:00,4,selected,,bls_employment_2025-11-20
USDCHF,2025-10-16 13:30:00+00:00,5,valid_not_selected,,bls_employment_2025-11-20
USDCHF,2025-10-09 13:30:00+00:00,6,valid_not_selected,,bls_employment_2025-11-20
USDCHF,2025-10-02 13:30:00+00:00,7,valid_not_selected,,bls_employment_2025-11-20
USDCHF,2025-09-25 13:30:00+00:00,8,valid_not_selected,,bls_employment_2025-11-20
USDCHF,2025-09-18 13:30:00+00:00,9,valid_not_selected,,bls_employment_2025-11-20
USDCHF,2025-09-11 13:30:00+00:00,10,rejected,BLS CPI/employment date,bls_employment_2025-11-20
USDCHF,2025-09-04 13:30:00+00:00,11,valid_not_selected,,bls_employment_2025-11-20
USDCHF,2025-08-28 13:30:00+00:00,12,valid_not_selected,,bls_employment_2025-11-20
USDCAD,2025-11-13 13:30:00+00:00,1,selected,,bls_employment_2025-11-20
USDCAD,2025-11-06 13:30:00+00:00,2,selected,,bls_employment_2025-11-20
USDCAD,2025-10-30 13:30:00+00:00,3,selected,,bls_employment_2025-11-20
USDCAD,2025-10-23 13:30:00+00:00,4,selected,,bls_employment_2025-11-20
USDCAD,2025-10-16 13:30:00+00:00,5,valid_not_selected,,bls_employment_2025-11-20
USDCAD,2025-10-09 13:30:00+00:00,6,valid_not_selected,,bls_employment_2025-11-20
USDCAD,2025-10-02 13:30:00+00:00,7,valid_not_selected,,bls_employment_2025-11-20
USDCAD,2025-09-25 13:30:00+00:00,8,valid_not_selected,,bls_employment_2025-11-20
USDCAD,2025-09-18 13:30:00+00:00,9,valid_not_selected,,bls_employment_2025-11-20
USDCAD,2025-09-11 13:30:00+00:00,10,rejected,BLS CPI/employment date,bls_employment_2025-11-20
USDCAD,2025-09-04 13:30:00+00:00,11,valid_not_selected,,bls_employment_2025-11-20
USDCAD,2025-08-28 13:30:00+00:00,12,valid_not_selected,,bls_employment_2025-11-20
EURJPY,2025-11-13 13:30:00+00:00,1,selected,,bls_employment_2025-11-20
EURJPY,2025-11-06 13:30:00+00:00,2,selected,,bls_employment_2025-11-20
EURJPY,2025-10-30 13:30:00+00:00,3,selected,,bls_employment_2025-11-20
EURJPY,2025-10-23 13:30:00+00:00,4,selected,,bls_employment_2025-11-20
EURJPY,2025-10-16 13:30:00+00:00,5,valid_not_selected,,bls_employment_2025-11-20
EURJPY,2025-10-09 13:30:00+00:00,6,valid_not_selected,,bls_employment_2025-11-20
EURJPY,2025-10-02 13:30:00+00:00,7,valid_not_selected,,bls_employment_2025-11-20
EURJPY,2025-09-25 13:30:00+00:00,8,valid_not_selected,,bls_employment_2025-11-20
EURJPY,2025-09-18 13:30:00+00:00,9,valid_not_selected,,bls_employment_2025-11-20
EURJPY,2025-09-11 13:30:00+00:00,10,rejected,BLS CPI/employment date,bls_employment_2025-11-20
EURJPY,2025-09-04 13:30:00+00:00,11,valid_not_selected,,bls_employment_2025-11-20
EURJPY,2025-08-28 13:30:00+00:00,12,valid_not_selected,,bls_employment_2025-11-20
XAUUSD,2025-11-13 13:30:00+00:00,1,selected,,bls_employment_2025-11-20
XAUUSD,2025-11-06 13:30:00+00:00,2,selected,,bls_employment_2025-11-20
XAUUSD,2025-10-30 13:30:00+00:00,3,selected,,bls_employment_2025-11-20
XAUUSD,2025-10-23 13:30:00+00:00,4,selected,,bls_employment_2025-11-20
XAUUSD,2025-10-16 13:30:00+00:00,5,valid_not_selected,,bls_employment_2025-11-20
XAUUSD,2025-10-09 13:30:00+00:00,6,valid_not_selected,,bls_employment_2025-11-20
XAUUSD,2025-10-02 13:30:00+00:00,7,valid_not_selected,,bls_employment_2025-11-20
XAUUSD,2025-09-25 13:30:00+00:00,8,valid_not_selected,,bls_employment_2025-11-20
XAUUSD,2025-09-18 13:30:00+00:00,9,valid_not_selected,,bls_employment_2025-11-20
XAUUSD,2025-09-11 13:30:00+00:00,10,rejected,BLS CPI/employment date,bls_employment_2025-11-20
XAUUSD,2025-09-04 13:30:00+00:00,11,valid_not_selected,,bls_employment_2025-11-20
XAUUSD,2025-08-28 13:30:00+00:00,12,valid_not_selected,,bls_employment_2025-11-20
XAGUSD,2025-11-13 13:30:00+00:00,1,selected,,bls_employment_2025-11-20
XAGUSD,2025-11-06 13:30:00+00:00,2,selected,,bls_employment_2025-11-20
XAGUSD,2025-10-30 13:30:00+00:00,3,selected,,bls_employment_2025-11-20
XAGUSD,2025-10-23 13:30:00+00:00,4,selected,,bls_employment_2025-11-20
XAGUSD,2025-10-16 13:30:00+00:00,5,valid_not_selected,,bls_employment_2025-11-20
XAGUSD,2025-10-09 13:30:00+00:00,6,valid_not_selected,,bls_employment_2025-11-20
XAGUSD,2025-10-02 13:30:00+00:00,7,valid_not_selected,,bls_employment_2025-11-20
XAGUSD,2025-09-25 13:30:00+00:00,8,valid_not_selected,,bls_employment_2025-11-20
XAGUSD,2025-09-18 13:30:00+00:00,9,valid_not_selected,,bls_employment_2025-11-20
XAGUSD,2025-09-11 13:30:00+00:00,10,rejected,BLS CPI/employment date,bls_employment_2025-11-20
XAGUSD,2025-09-04 13:30:00+00:00,11,valid_not_selected,,bls_employment_2025-11-20
XAGUSD,2025-08-28 13:30:00+00:00,12,valid_not_selected,,bls_employment_2025-11-20
SPXUSD,2025-11-13 13:30:00+00:00,1,selected,,bls_employment_2025-11-20
SPXUSD,2025-11-06 13:30:00+00:00,2,selected,,bls_employment_2025-11-20
SPXUSD,2025-10-30 13:30:00+00:00,3,selected,,bls_employment_2025-11-20
SPXUSD,2025-10-23 13:30:00+00:00,4,selected,,bls_employment_2025-11-20
SPXUSD,2025-10-16 13:30:00+00:00,5,valid_not_selected,,bls_employment_2025-11-20
SPXUSD,2025-10-09 13:30:00+00:00,6,valid_not_selected,,bls_employment_2025-11-20
SPXUSD,2025-10-02 13:30:00+00:00,7,valid_not_selected,,bls_employment_2025-11-20
SPXUSD,2025-09-25 13:30:00+00:00,8,valid_not_selected,,bls_employment_2025-11-20
SPXUSD,2025-09-18 13:30:00+00:00,9,valid_not_selected,,bls_employment_2025-11-20
SPXUSD,2025-09-11 13:30:00+00:00,10,rejected,BLS CPI/employment date,bls_employment_2025-11-20
SPXUSD,2025-09-04 13:30:00+00:00,11,valid_not_selected,,bls_employment_2025-11-20
SPXUSD,2025-08-28 13:30:00+00:00,12,valid_not_selected,,bls_employment_2025-11-20
NSXUSD,2025-11-13 13:30:00+00:00,1,selected,,bls_employment_2025-11-20
NSXUSD,2025-11-06 13:30:00+00:00,2,selected,,bls_employment_2025-11-20
NSXUSD,2025-10-30 13:30:00+00:00,3,selected,,bls_employment_2025-11-20
NSXUSD,2025-10-23 13:30:00+00:00,4,selected,,bls_employment_2025-11-20
NSXUSD,2025-10-16 13:30:00+00:00,5,valid_not_selected,,bls_employment_2025-11-20
NSXUSD,2025-10-09 13:30:00+00:00,6,valid_not_selected,,bls_employment_2025-11-20
NSXUSD,2025-10-02 13:30:00+00:00,7,valid_not_selected,,bls_employment_2025-11-20
NSXUSD,2025-09-25 13:30:00+00:00,8,valid_not_selected,,bls_employment_2025-11-20
NSXUSD,2025-09-18 13:30:00+00:00,9,valid_not_selected,,bls_employment_2025-11-20
NSXUSD,2025-09-11 13:30:00+00:00,10,rejected,BLS CPI/employment date,bls_employment_2025-11-20
NSXUSD,2025-09-04 13:30:00+00:00,11,valid_not_selected,,bls_employment_2025-11-20
NSXUSD,2025-08-28 13:30:00+00:00,12,valid_not_selected,,bls_employment_2025-11-20
GRXEUR,2025-11-13 13:30:00+00:00,1,selected,,bls_employment_2025-11-20
GRXEUR,2025-11-06 13:30:00+00:00,2,selected,,bls_employment_2025-11-20
GRXEUR,2025-10-30 13:30:00+00:00,3,selected,,bls_employment_2025-11-20
GRXEUR,2025-10-23 13:30:00+00:00,4,selected,,bls_employment_2025-11-20
GRXEUR,2025-10-16 13:30:00+00:00,5,valid_not_selected,,bls_employment_2025-11-20
GRXEUR,2025-10-09 13:30:00+00:00,6,valid_not_selected,,bls_employment_2025-11-20
GRXEUR,2025-10-02 13:30:00+00:00,7,valid_not_selected,,bls_employment_2025-11-20
GRXEUR,2025-09-25 13:30:00+00:00,8,valid_not_selected,,bls_employment_2025-11-20
GRXEUR,2025-09-18 13:30:00+00:00,9,valid_not_selected,,bls_employment_2025-11-20
GRXEUR,2025-09-11 13:30:00+00:00,10,rejected,BLS CPI/employment date,bls_employment_2025-11-20
GRXEUR,2025-09-04 13:30:00+00:00,11,valid_not_selected,,bls_employment_2025-11-20
GRXEUR,2025-08-28 13:30:00+00:00,12,valid_not_selected,,bls_employment_2025-11-20
UKXGBP,2025-11-13 13:30:00+00:00,1,selected,,bls_employment_2025-11-20
UKXGBP,2025-11-06 13:30:00+00:00,2,selected,,bls_employment_2025-11-20
UKXGBP,2025-10-30 13:30:00+00:00,3,selected,,bls_employment_2025-11-20
UKXGBP,2025-10-23 13:30:00+00:00,4,selected,,bls_employment_2025-11-20
UKXGBP,2025-10-16 13:30:00+00:00,5,valid_not_selected,,bls_employment_2025-11-20
UKXGBP,2025-10-09 13:30:00+00:00,6,valid_not_selected,,bls_employment_2025-11-20
UKXGBP,2025-10-02 13:30:00+00:00,7,valid_not_selected,,bls_employment_2025-11-20
UKXGBP,2025-09-25 13:30:00+00:00,8,valid_not_selected,,bls_employment_2025-11-20
UKXGBP,2025-09-18 13:30:00+00:00,9,valid_not_selected,,bls_employment_2025-11-20
UKXGBP,2025-09-11 13:30:00+00:00,10,rejected,BLS CPI/employment date,bls_employment_2025-11-20
UKXGBP,2025-09-04 13:30:00+00:00,11,valid_not_selected,,bls_employment_2025-11-20
UKXGBP,2025-08-28 13:30:00+00:00,12,valid_not_selected,,bls_employment_2025-11-20
BCOUSD,2025-11-13 13:30:00+00:00,1,selected,,bls_employment_2025-11-20
BCOUSD,2025-11-06 13:30:00+00:00,2,selected,,bls_employment_2025-11-20
BCOUSD,2025-10-30 13:30:00+00:00,3,selected,,bls_employment_2025-11-20
BCOUSD,2025-10-23 13:30:00+00:00,4,selected,,bls_employment_2025-11-20
BCOUSD,2025-10-16 13:30:00+00:00,5,valid_not_selected,,bls_employment_2025-11-20
BCOUSD,2025-10-09 13:30:00+00:00,6,valid_not_selected,,bls_employment_2025-11-20
BCOUSD,2025-10-02 13:30:00+00:00,7,valid_not_selected,,bls_employment_2025-11-20
BCOUSD,2025-09-25 13:30:00+00:00,8,valid_not_selected,,bls_employment_2025-11-20
BCOUSD,2025-09-18 13:30:00+00:00,9,valid_not_selected,,bls_employment_2025-11-20
BCOUSD,2025-09-11 13:30:00+00:00,10,rejected,BLS CPI/employment date,bls_employment_2025-11-20
BCOUSD,2025-09-04 13:30:00+00:00,11,valid_not_selected,,bls_employment_2025-11-20
BCOUSD,2025-08-28 13:30:00+00:00,12,valid_not_selected,,bls_employment_2025-11-20
EURUSD,2025-12-09 13:30:00+00:00,1,selected,,bls_employment_2025-12-16
EURUSD,2025-12-02 13:30:00+00:00,2,selected,,bls_employment_2025-12-16
EURUSD,2025-11-25 13:30:00+00:00,3,selected,,bls_employment_2025-12-16
EURUSD,2025-11-18 13:30:00+00:00,4,selected,,bls_employment_2025-12-16
EURUSD,2025-11-11 13:30:00+00:00,5,valid_not_selected,,bls_employment_2025-12-16
EURUSD,2025-11-04 13:30:00+00:00,6,valid_not_selected,,bls_employment_2025-12-16
EURUSD,2025-10-28 13:30:00+00:00,7,valid_not_selected,,bls_employment_2025-12-16
EURUSD,2025-10-21 13:30:00+00:00,8,valid_not_selected,,bls_employment_2025-12-16
EURUSD,2025-10-14 13:30:00+00:00,9,valid_not_selected,,bls_employment_2025-12-16
EURUSD,2025-10-07 13:30:00+00:00,10,valid_not_selected,,bls_employment_2025-12-16
EURUSD,2025-09-30 13:30:00+00:00,11,valid_not_selected,,bls_employment_2025-12-16
EURUSD,2025-09-23 13:30:00+00:00,12,valid_not_selected,,bls_employment_2025-12-16
GBPUSD,2025-12-09 13:30:00+00:00,1,selected,,bls_employment_2025-12-16
GBPUSD,2025-12-02 13:30:00+00:00,2,selected,,bls_employment_2025-12-16
GBPUSD,2025-11-25 13:30:00+00:00,3,selected,,bls_employment_2025-12-16
GBPUSD,2025-11-18 13:30:00+00:00,4,selected,,bls_employment_2025-12-16
GBPUSD,2025-11-11 13:30:00+00:00,5,valid_not_selected,,bls_employment_2025-12-16
GBPUSD,2025-11-04 13:30:00+00:00,6,valid_not_selected,,bls_employment_2025-12-16
GBPUSD,2025-10-28 13:30:00+00:00,7,valid_not_selected,,bls_employment_2025-12-16
GBPUSD,2025-10-21 13:30:00+00:00,8,valid_not_selected,,bls_employment_2025-12-16
GBPUSD,2025-10-14 13:30:00+00:00,9,valid_not_selected,,bls_employment_2025-12-16
GBPUSD,2025-10-07 13:30:00+00:00,10,valid_not_selected,,bls_employment_2025-12-16
GBPUSD,2025-09-30 13:30:00+00:00,11,valid_not_selected,,bls_employment_2025-12-16
GBPUSD,2025-09-23 13:30:00+00:00,12,valid_not_selected,,bls_employment_2025-12-16
AUDUSD,2025-12-09 13:30:00+00:00,1,selected,,bls_employment_2025-12-16
AUDUSD,2025-12-02 13:30:00+00:00,2,selected,,bls_employment_2025-12-16
AUDUSD,2025-11-25 13:30:00+00:00,3,selected,,bls_employment_2025-12-16
AUDUSD,2025-11-18 13:30:00+00:00,4,selected,,bls_employment_2025-12-16
AUDUSD,2025-11-11 13:30:00+00:00,5,valid_not_selected,,bls_employment_2025-12-16
AUDUSD,2025-11-04 13:30:00+00:00,6,valid_not_selected,,bls_employment_2025-12-16
AUDUSD,2025-10-28 13:30:00+00:00,7,valid_not_selected,,bls_employment_2025-12-16
AUDUSD,2025-10-21 13:30:00+00:00,8,valid_not_selected,,bls_employment_2025-12-16
AUDUSD,2025-10-14 13:30:00+00:00,9,valid_not_selected,,bls_employment_2025-12-16
AUDUSD,2025-10-07 13:30:00+00:00,10,valid_not_selected,,bls_employment_2025-12-16
AUDUSD,2025-09-30 13:30:00+00:00,11,valid_not_selected,,bls_employment_2025-12-16
AUDUSD,2025-09-23 13:30:00+00:00,12,valid_not_selected,,bls_employment_2025-12-16
NZDUSD,2025-12-09 13:30:00+00:00,1,selected,,bls_employment_2025-12-16
NZDUSD,2025-12-02 13:30:00+00:00,2,selected,,bls_employment_2025-12-16
NZDUSD,2025-11-25 13:30:00+00:00,3,selected,,bls_employment_2025-12-16
NZDUSD,2025-11-18 13:30:00+00:00,4,selected,,bls_employment_2025-12-16
NZDUSD,2025-11-11 13:30:00+00:00,5,valid_not_selected,,bls_employment_2025-12-16
NZDUSD,2025-11-04 13:30:00+00:00,6,valid_not_selected,,bls_employment_2025-12-16
NZDUSD,2025-10-28 13:30:00+00:00,7,valid_not_selected,,bls_employment_2025-12-16
NZDUSD,2025-10-21 13:30:00+00:00,8,valid_not_selected,,bls_employment_2025-12-16
NZDUSD,2025-10-14 13:30:00+00:00,9,valid_not_selected,,bls_employment_2025-12-16
NZDUSD,2025-10-07 13:30:00+00:00,10,valid_not_selected,,bls_employment_2025-12-16
NZDUSD,2025-09-30 13:30:00+00:00,11,valid_not_selected,,bls_employment_2025-12-16
NZDUSD,2025-09-23 13:30:00+00:00,12,valid_not_selected,,bls_employment_2025-12-16
USDJPY,2025-12-09 13:30:00+00:00,1,selected,,bls_employment_2025-12-16
USDJPY,2025-12-02 13:30:00+00:00,2,selected,,bls_employment_2025-12-16
USDJPY,2025-11-25 13:30:00+00:00,3,selected,,bls_employment_2025-12-16
USDJPY,2025-11-18 13:30:00+00:00,4,selected,,bls_employment_2025-12-16
USDJPY,2025-11-11 13:30:00+00:00,5,valid_not_selected,,bls_employment_2025-12-16
USDJPY,2025-11-04 13:30:00+00:00,6,valid_not_selected,,bls_employment_2025-12-16
USDJPY,2025-10-28 13:30:00+00:00,7,valid_not_selected,,bls_employment_2025-12-16
USDJPY,2025-10-21 13:30:00+00:00,8,valid_not_selected,,bls_employment_2025-12-16
USDJPY,2025-10-14 13:30:00+00:00,9,valid_not_selected,,bls_employment_2025-12-16
USDJPY,2025-10-07 13:30:00+00:00,10,valid_not_selected,,bls_employment_2025-12-16
USDJPY,2025-09-30 13:30:00+00:00,11,valid_not_selected,,bls_employment_2025-12-16
USDJPY,2025-09-23 13:30:00+00:00,12,valid_not_selected,,bls_employment_2025-12-16
USDCHF,2025-12-09 13:30:00+00:00,1,selected,,bls_employment_2025-12-16
USDCHF,2025-12-02 13:30:00+00:00,2,selected,,bls_employment_2025-12-16
USDCHF,2025-11-25 13:30:00+00:00,3,selected,,bls_employment_2025-12-16
USDCHF,2025-11-18 13:30:00+00:00,4,selected,,bls_employment_2025-12-16
USDCHF,2025-11-11 13:30:00+00:00,5,valid_not_selected,,bls_employment_2025-12-16
USDCHF,2025-11-04 13:30:00+00:00,6,valid_not_selected,,bls_employment_2025-12-16
USDCHF,2025-10-28 13:30:00+00:00,7,valid_not_selected,,bls_employment_2025-12-16
USDCHF,2025-10-21 13:30:00+00:00,8,valid_not_selected,,bls_employment_2025-12-16
USDCHF,2025-10-14 13:30:00+00:00,9,valid_not_selected,,bls_employment_2025-12-16
USDCHF,2025-10-07 13:30:00+00:00,10,valid_not_selected,,bls_employment_2025-12-16
USDCHF,2025-09-30 13:30:00+00:00,11,valid_not_selected,,bls_employment_2025-12-16
USDCHF,2025-09-23 13:30:00+00:00,12,valid_not_selected,,bls_employment_2025-12-16
USDCAD,2025-12-09 13:30:00+00:00,1,selected,,bls_employment_2025-12-16
USDCAD,2025-12-02 13:30:00+00:00,2,selected,,bls_employment_2025-12-16
USDCAD,2025-11-25 13:30:00+00:00,3,selected,,bls_employment_2025-12-16
USDCAD,2025-11-18 13:30:00+00:00,4,selected,,bls_employment_2025-12-16
USDCAD,2025-11-11 13:30:00+00:00,5,valid_not_selected,,bls_employment_2025-12-16
USDCAD,2025-11-04 13:30:00+00:00,6,valid_not_selected,,bls_employment_2025-12-16
USDCAD,2025-10-28 13:30:00+00:00,7,valid_not_selected,,bls_employment_2025-12-16
USDCAD,2025-10-21 13:30:00+00:00,8,valid_not_selected,,bls_employment_2025-12-16
USDCAD,2025-10-14 13:30:00+00:00,9,valid_not_selected,,bls_employment_2025-12-16
USDCAD,2025-10-07 13:30:00+00:00,10,valid_not_selected,,bls_employment_2025-12-16
USDCAD,2025-09-30 13:30:00+00:00,11,valid_not_selected,,bls_employment_2025-12-16
USDCAD,2025-09-23 13:30:00+00:00,12,valid_not_selected,,bls_employment_2025-12-16
EURJPY,2025-12-09 13:30:00+00:00,1,selected,,bls_employment_2025-12-16
EURJPY,2025-12-02 13:30:00+00:00,2,selected,,bls_employment_2025-12-16
EURJPY,2025-11-25 13:30:00+00:00,3,selected,,bls_employment_2025-12-16
EURJPY,2025-11-18 13:30:00+00:00,4,selected,,bls_employment_2025-12-16
EURJPY,2025-11-11 13:30:00+00:00,5,valid_not_selected,,bls_employment_2025-12-16
EURJPY,2025-11-04 13:30:00+00:00,6,valid_not_selected,,bls_employment_2025-12-16
EURJPY,2025-10-28 13:30:00+00:00,7,valid_not_selected,,bls_employment_2025-12-16
EURJPY,2025-10-21 13:30:00+00:00,8,valid_not_selected,,bls_employment_2025-12-16
EURJPY,2025-10-14 13:30:00+00:00,9,valid_not_selected,,bls_employment_2025-12-16
EURJPY,2025-10-07 13:30:00+00:00,10,valid_not_selected,,bls_employment_2025-12-16
EURJPY,2025-09-30 13:30:00+00:00,11,valid_not_selected,,bls_employment_2025-12-16
EURJPY,2025-09-23 13:30:00+00:00,12,valid_not_selected,,bls_employment_2025-12-16
XAUUSD,2025-12-09 13:30:00+00:00,1,selected,,bls_employment_2025-12-16
XAUUSD,2025-12-02 13:30:00+00:00,2,selected,,bls_employment_2025-12-16
XAUUSD,2025-11-25 13:30:00+00:00,3,selected,,bls_employment_2025-12-16
XAUUSD,2025-11-18 13:30:00+00:00,4,selected,,bls_employment_2025-12-16
XAUUSD,2025-11-11 13:30:00+00:00,5,valid_not_selected,,bls_employment_2025-12-16
XAUUSD,2025-11-04 13:30:00+00:00,6,valid_not_selected,,bls_employment_2025-12-16
XAUUSD,2025-10-28 13:30:00+00:00,7,valid_not_selected,,bls_employment_2025-12-16
XAUUSD,2025-10-21 13:30:00+00:00,8,valid_not_selected,,bls_employment_2025-12-16
XAUUSD,2025-10-14 13:30:00+00:00,9,valid_not_selected,,bls_employment_2025-12-16
XAUUSD,2025-10-07 13:30:00+00:00,10,valid_not_selected,,bls_employment_2025-12-16
XAUUSD,2025-09-30 13:30:00+00:00,11,valid_not_selected,,bls_employment_2025-12-16
XAUUSD,2025-09-23 13:30:00+00:00,12,valid_not_selected,,bls_employment_2025-12-16
XAGUSD,2025-12-09 13:30:00+00:00,1,selected,,bls_employment_2025-12-16
XAGUSD,2025-12-02 13:30:00+00:00,2,selected,,bls_employment_2025-12-16
XAGUSD,2025-11-25 13:30:00+00:00,3,selected,,bls_employment_2025-12-16
XAGUSD,2025-11-18 13:30:00+00:00,4,selected,,bls_employment_2025-12-16
XAGUSD,2025-11-11 13:30:00+00:00,5,valid_not_selected,,bls_employment_2025-12-16
XAGUSD,2025-11-04 13:30:00+00:00,6,valid_not_selected,,bls_employment_2025-12-16
XAGUSD,2025-10-28 13:30:00+00:00,7,valid_not_selected,,bls_employment_2025-12-16
XAGUSD,2025-10-21 13:30:00+00:00,8,valid_not_selected,,bls_employment_2025-12-16
XAGUSD,2025-10-14 13:30:00+00:00,9,valid_not_selected,,bls_employment_2025-12-16
XAGUSD,2025-10-07 13:30:00+00:00,10,valid_not_selected,,bls_employment_2025-12-16
XAGUSD,2025-09-30 13:30:00+00:00,11,valid_not_selected,,bls_employment_2025-12-16
XAGUSD,2025-09-23 13:30:00+00:00,12,valid_not_selected,,bls_employment_2025-12-16
SPXUSD,2025-12-09 13:30:00+00:00,1,selected,,bls_employment_2025-12-16
SPXUSD,2025-12-02 13:30:00+00:00,2,selected,,bls_employment_2025-12-16
SPXUSD,2025-11-25 13:30:00+00:00,3,selected,,bls_employment_2025-12-16
SPXUSD,2025-11-18 13:30:00+00:00,4,selected,,bls_employment_2025-12-16
SPXUSD,2025-11-11 13:30:00+00:00,5,valid_not_selected,,bls_employment_2025-12-16
SPXUSD,2025-11-04 13:30:00+00:00,6,valid_not_selected,,bls_employment_2025-12-16
SPXUSD,2025-10-28 13:30:00+00:00,7,valid_not_selected,,bls_employment_2025-12-16
SPXUSD,2025-10-21 13:30:00+00:00,8,valid_not_selected,,bls_employment_2025-12-16
SPXUSD,2025-10-14 13:30:00+00:00,9,valid_not_selected,,bls_employment_2025-12-16
SPXUSD,2025-10-07 13:30:00+00:00,10,valid_not_selected,,bls_employment_2025-12-16
SPXUSD,2025-09-30 13:30:00+00:00,11,valid_not_selected,,bls_employment_2025-12-16
SPXUSD,2025-09-23 13:30:00+00:00,12,valid_not_selected,,bls_employment_2025-12-16
NSXUSD,2025-12-09 13:30:00+00:00,1,selected,,bls_employment_2025-12-16
NSXUSD,2025-12-02 13:30:00+00:00,2,selected,,bls_employment_2025-12-16
NSXUSD,2025-11-25 13:30:00+00:00,3,selected,,bls_employment_2025-12-16
NSXUSD,2025-11-18 13:30:00+00:00,4,selected,,bls_employment_2025-12-16
NSXUSD,2025-11-11 13:30:00+00:00,5,valid_not_selected,,bls_employment_2025-12-16
NSXUSD,2025-11-04 13:30:00+00:00,6,valid_not_selected,,bls_employment_2025-12-16
NSXUSD,2025-10-28 13:30:00+00:00,7,valid_not_selected,,bls_employment_2025-12-16
NSXUSD,2025-10-21 13:30:00+00:00,8,valid_not_selected,,bls_employment_2025-12-16
NSXUSD,2025-10-14 13:30:00+00:00,9,valid_not_selected,,bls_employment_2025-12-16
NSXUSD,2025-10-07 13:30:00+00:00,10,valid_not_selected,,bls_employment_2025-12-16
NSXUSD,2025-09-30 13:30:00+00:00,11,valid_not_selected,,bls_employment_2025-12-16
NSXUSD,2025-09-23 13:30:00+00:00,12,valid_not_selected,,bls_employment_2025-12-16
GRXEUR,2025-12-09 13:30:00+00:00,1,selected,,bls_employment_2025-12-16
GRXEUR,2025-12-02 13:30:00+00:00,2,selected,,bls_employment_2025-12-16
GRXEUR,2025-11-25 13:30:00+00:00,3,selected,,bls_employment_2025-12-16
GRXEUR,2025-11-18 13:30:00+00:00,4,selected,,bls_employment_2025-12-16
GRXEUR,2025-11-11 13:30:00+00:00,5,valid_not_selected,,bls_employment_2025-12-16
GRXEUR,2025-11-04 13:30:00+00:00,6,valid_not_selected,,bls_employment_2025-12-16
GRXEUR,2025-10-28 13:30:00+00:00,7,valid_not_selected,,bls_employment_2025-12-16
GRXEUR,2025-10-21 13:30:00+00:00,8,valid_not_selected,,bls_employment_2025-12-16
GRXEUR,2025-10-14 13:30:00+00:00,9,valid_not_selected,,bls_employment_2025-12-16
GRXEUR,2025-10-07 13:30:00+00:00,10,valid_not_selected,,bls_employment_2025-12-16
GRXEUR,2025-09-30 13:30:00+00:00,11,valid_not_selected,,bls_employment_2025-12-16
GRXEUR,2025-09-23 13:30:00+00:00,12,valid_not_selected,,bls_employment_2025-12-16
UKXGBP,2025-12-09 13:30:00+00:00,1,selected,,bls_employment_2025-12-16
UKXGBP,2025-12-02 13:30:00+00:00,2,selected,,bls_employment_2025-12-16
UKXGBP,2025-11-25 13:30:00+00:00,3,selected,,bls_employment_2025-12-16
UKXGBP,2025-11-18 13:30:00+00:00,4,selected,,bls_employment_2025-12-16
UKXGBP,2025-11-11 13:30:00+00:00,5,valid_not_selected,,bls_employment_2025-12-16
UKXGBP,2025-11-04 13:30:00+00:00,6,valid_not_selected,,bls_employment_2025-12-16
UKXGBP,2025-10-28 13:30:00+00:00,7,valid_not_selected,,bls_employment_2025-12-16
UKXGBP,2025-10-21 13:30:00+00:00,8,valid_not_selected,,bls_employment_2025-12-16
UKXGBP,2025-10-14 13:30:00+00:00,9,valid_not_selected,,bls_employment_2025-12-16
UKXGBP,2025-10-07 13:30:00+00:00,10,valid_not_selected,,bls_employment_2025-12-16
UKXGBP,2025-09-30 13:30:00+00:00,11,valid_not_selected,,bls_employment_2025-12-16
UKXGBP,2025-09-23 13:30:00+00:00,12,valid_not_selected,,bls_employment_2025-12-16
BCOUSD,2025-12-09 13:30:00+00:00,1,selected,,bls_employment_2025-12-16
BCOUSD,2025-12-02 13:30:00+00:00,2,selected,,bls_employment_2025-12-16
BCOUSD,2025-11-25 13:30:00+00:00,3,selected,,bls_employment_2025-12-16
BCOUSD,2025-11-18 13:30:00+00:00,4,selected,,bls_employment_2025-12-16
BCOUSD,2025-11-11 13:30:00+00:00,5,valid_not_selected,,bls_employment_2025-12-16
BCOUSD,2025-11-04 13:30:00+00:00,6,valid_not_selected,,bls_employment_2025-12-16
BCOUSD,2025-10-28 13:30:00+00:00,7,valid_not_selected,,bls_employment_2025-12-16
BCOUSD,2025-10-21 13:30:00+00:00,8,valid_not_selected,,bls_employment_2025-12-16
BCOUSD,2025-10-14 13:30:00+00:00,9,valid_not_selected,,bls_employment_2025-12-16
BCOUSD,2025-10-07 13:30:00+00:00,10,valid_not_selected,,bls_employment_2025-12-16
BCOUSD,2025-09-30 13:30:00+00:00,11,valid_not_selected,,bls_employment_2025-12-16
BCOUSD,2025-09-23 13:30:00+00:00,12,valid_not_selected,,bls_employment_2025-12-16
EURUSD,2025-12-11 13:30:00+00:00,1,selected,,bls_cpi_2025-12-18
EURUSD,2025-12-04 13:30:00+00:00,2,selected,,bls_cpi_2025-12-18
EURUSD,2025-11-27 13:30:00+00:00,3,selected,,bls_cpi_2025-12-18
EURUSD,2025-11-20 13:30:00+00:00,4,rejected,BLS CPI/employment date,bls_cpi_2025-12-18
EURUSD,2025-11-13 13:30:00+00:00,5,selected,,bls_cpi_2025-12-18
EURUSD,2025-11-06 13:30:00+00:00,6,valid_not_selected,,bls_cpi_2025-12-18
EURUSD,2025-10-30 13:30:00+00:00,7,valid_not_selected,,bls_cpi_2025-12-18
EURUSD,2025-10-23 13:30:00+00:00,8,valid_not_selected,,bls_cpi_2025-12-18
EURUSD,2025-10-16 13:30:00+00:00,9,valid_not_selected,,bls_cpi_2025-12-18
EURUSD,2025-10-09 13:30:00+00:00,10,valid_not_selected,,bls_cpi_2025-12-18
EURUSD,2025-10-02 13:30:00+00:00,11,valid_not_selected,,bls_cpi_2025-12-18
EURUSD,2025-09-25 13:30:00+00:00,12,valid_not_selected,,bls_cpi_2025-12-18
GBPUSD,2025-12-11 13:30:00+00:00,1,selected,,bls_cpi_2025-12-18
GBPUSD,2025-12-04 13:30:00+00:00,2,selected,,bls_cpi_2025-12-18
GBPUSD,2025-11-27 13:30:00+00:00,3,selected,,bls_cpi_2025-12-18
GBPUSD,2025-11-20 13:30:00+00:00,4,rejected,BLS CPI/employment date,bls_cpi_2025-12-18
GBPUSD,2025-11-13 13:30:00+00:00,5,selected,,bls_cpi_2025-12-18
GBPUSD,2025-11-06 13:30:00+00:00,6,valid_not_selected,,bls_cpi_2025-12-18
GBPUSD,2025-10-30 13:30:00+00:00,7,valid_not_selected,,bls_cpi_2025-12-18
GBPUSD,2025-10-23 13:30:00+00:00,8,valid_not_selected,,bls_cpi_2025-12-18
GBPUSD,2025-10-16 13:30:00+00:00,9,valid_not_selected,,bls_cpi_2025-12-18
GBPUSD,2025-10-09 13:30:00+00:00,10,valid_not_selected,,bls_cpi_2025-12-18
GBPUSD,2025-10-02 13:30:00+00:00,11,valid_not_selected,,bls_cpi_2025-12-18
GBPUSD,2025-09-25 13:30:00+00:00,12,valid_not_selected,,bls_cpi_2025-12-18
AUDUSD,2025-12-11 13:30:00+00:00,1,selected,,bls_cpi_2025-12-18
AUDUSD,2025-12-04 13:30:00+00:00,2,selected,,bls_cpi_2025-12-18
AUDUSD,2025-11-27 13:30:00+00:00,3,selected,,bls_cpi_2025-12-18
AUDUSD,2025-11-20 13:30:00+00:00,4,rejected,BLS CPI/employment date,bls_cpi_2025-12-18
AUDUSD,2025-11-13 13:30:00+00:00,5,selected,,bls_cpi_2025-12-18
AUDUSD,2025-11-06 13:30:00+00:00,6,valid_not_selected,,bls_cpi_2025-12-18
AUDUSD,2025-10-30 13:30:00+00:00,7,valid_not_selected,,bls_cpi_2025-12-18
AUDUSD,2025-10-23 13:30:00+00:00,8,valid_not_selected,,bls_cpi_2025-12-18
AUDUSD,2025-10-16 13:30:00+00:00,9,valid_not_selected,,bls_cpi_2025-12-18
AUDUSD,2025-10-09 13:30:00+00:00,10,valid_not_selected,,bls_cpi_2025-12-18
AUDUSD,2025-10-02 13:30:00+00:00,11,valid_not_selected,,bls_cpi_2025-12-18
AUDUSD,2025-09-25 13:30:00+00:00,12,valid_not_selected,,bls_cpi_2025-12-18
NZDUSD,2025-12-11 13:30:00+00:00,1,selected,,bls_cpi_2025-12-18
NZDUSD,2025-12-04 13:30:00+00:00,2,selected,,bls_cpi_2025-12-18
NZDUSD,2025-11-27 13:30:00+00:00,3,selected,,bls_cpi_2025-12-18
NZDUSD,2025-11-20 13:30:00+00:00,4,rejected,BLS CPI/employment date,bls_cpi_2025-12-18
NZDUSD,2025-11-13 13:30:00+00:00,5,selected,,bls_cpi_2025-12-18
NZDUSD,2025-11-06 13:30:00+00:00,6,valid_not_selected,,bls_cpi_2025-12-18
NZDUSD,2025-10-30 13:30:00+00:00,7,valid_not_selected,,bls_cpi_2025-12-18
NZDUSD,2025-10-23 13:30:00+00:00,8,valid_not_selected,,bls_cpi_2025-12-18
NZDUSD,2025-10-16 13:30:00+00:00,9,valid_not_selected,,bls_cpi_2025-12-18
NZDUSD,2025-10-09 13:30:00+00:00,10,valid_not_selected,,bls_cpi_2025-12-18
NZDUSD,2025-10-02 13:30:00+00:00,11,valid_not_selected,,bls_cpi_2025-12-18
NZDUSD,2025-09-25 13:30:00+00:00,12,valid_not_selected,,bls_cpi_2025-12-18
USDJPY,2025-12-11 13:30:00+00:00,1,selected,,bls_cpi_2025-12-18
USDJPY,2025-12-04 13:30:00+00:00,2,selected,,bls_cpi_2025-12-18
USDJPY,2025-11-27 13:30:00+00:00,3,selected,,bls_cpi_2025-12-18
USDJPY,2025-11-20 13:30:00+00:00,4,rejected,BLS CPI/employment date,bls_cpi_2025-12-18
USDJPY,2025-11-13 13:30:00+00:00,5,selected,,bls_cpi_2025-12-18
USDJPY,2025-11-06 13:30:00+00:00,6,valid_not_selected,,bls_cpi_2025-12-18
USDJPY,2025-10-30 13:30:00+00:00,7,valid_not_selected,,bls_cpi_2025-12-18
USDJPY,2025-10-23 13:30:00+00:00,8,valid_not_selected,,bls_cpi_2025-12-18
USDJPY,2025-10-16 13:30:00+00:00,9,valid_not_selected,,bls_cpi_2025-12-18
USDJPY,2025-10-09 13:30:00+00:00,10,valid_not_selected,,bls_cpi_2025-12-18
USDJPY,2025-10-02 13:30:00+00:00,11,valid_not_selected,,bls_cpi_2025-12-18
USDJPY,2025-09-25 13:30:00+00:00,12,valid_not_selected,,bls_cpi_2025-12-18
USDCHF,2025-12-11 13:30:00+00:00,1,selected,,bls_cpi_2025-12-18
USDCHF,2025-12-04 13:30:00+00:00,2,selected,,bls_cpi_2025-12-18
USDCHF,2025-11-27 13:30:00+00:00,3,selected,,bls_cpi_2025-12-18
USDCHF,2025-11-20 13:30:00+00:00,4,rejected,BLS CPI/employment date,bls_cpi_2025-12-18
USDCHF,2025-11-13 13:30:00+00:00,5,selected,,bls_cpi_2025-12-18
USDCHF,2025-11-06 13:30:00+00:00,6,valid_not_selected,,bls_cpi_2025-12-18
USDCHF,2025-10-30 13:30:00+00:00,7,valid_not_selected,,bls_cpi_2025-12-18
USDCHF,2025-10-23 13:30:00+00:00,8,valid_not_selected,,bls_cpi_2025-12-18
USDCHF,2025-10-16 13:30:00+00:00,9,valid_not_selected,,bls_cpi_2025-12-18
USDCHF,2025-10-09 13:30:00+00:00,10,valid_not_selected,,bls_cpi_2025-12-18
USDCHF,2025-10-02 13:30:00+00:00,11,valid_not_selected,,bls_cpi_2025-12-18
USDCHF,2025-09-25 13:30:00+00:00,12,valid_not_selected,,bls_cpi_2025-12-18
USDCAD,2025-12-11 13:30:00+00:00,1,selected,,bls_cpi_2025-12-18
USDCAD,2025-12-04 13:30:00+00:00,2,selected,,bls_cpi_2025-12-18
USDCAD,2025-11-27 13:30:00+00:00,3,selected,,bls_cpi_2025-12-18
USDCAD,2025-11-20 13:30:00+00:00,4,rejected,BLS CPI/employment date,bls_cpi_2025-12-18
USDCAD,2025-11-13 13:30:00+00:00,5,selected,,bls_cpi_2025-12-18
USDCAD,2025-11-06 13:30:00+00:00,6,valid_not_selected,,bls_cpi_2025-12-18
USDCAD,2025-10-30 13:30:00+00:00,7,valid_not_selected,,bls_cpi_2025-12-18
USDCAD,2025-10-23 13:30:00+00:00,8,valid_not_selected,,bls_cpi_2025-12-18
USDCAD,2025-10-16 13:30:00+00:00,9,valid_not_selected,,bls_cpi_2025-12-18
USDCAD,2025-10-09 13:30:00+00:00,10,valid_not_selected,,bls_cpi_2025-12-18
USDCAD,2025-10-02 13:30:00+00:00,11,valid_not_selected,,bls_cpi_2025-12-18
USDCAD,2025-09-25 13:30:00+00:00,12,valid_not_selected,,bls_cpi_2025-12-18
EURJPY,2025-12-11 13:30:00+00:00,1,selected,,bls_cpi_2025-12-18
EURJPY,2025-12-04 13:30:00+00:00,2,selected,,bls_cpi_2025-12-18
EURJPY,2025-11-27 13:30:00+00:00,3,selected,,bls_cpi_2025-12-18
EURJPY,2025-11-20 13:30:00+00:00,4,rejected,BLS CPI/employment date,bls_cpi_2025-12-18
EURJPY,2025-11-13 13:30:00+00:00,5,selected,,bls_cpi_2025-12-18
EURJPY,2025-11-06 13:30:00+00:00,6,valid_not_selected,,bls_cpi_2025-12-18
EURJPY,2025-10-30 13:30:00+00:00,7,valid_not_selected,,bls_cpi_2025-12-18
EURJPY,2025-10-23 13:30:00+00:00,8,valid_not_selected,,bls_cpi_2025-12-18
EURJPY,2025-10-16 13:30:00+00:00,9,valid_not_selected,,bls_cpi_2025-12-18
EURJPY,2025-10-09 13:30:00+00:00,10,valid_not_selected,,bls_cpi_2025-12-18
EURJPY,2025-10-02 13:30:00+00:00,11,valid_not_selected,,bls_cpi_2025-12-18
EURJPY,2025-09-25 13:30:00+00:00,12,valid_not_selected,,bls_cpi_2025-12-18
XAUUSD,2025-12-11 13:30:00+00:00,1,selected,,bls_cpi_2025-12-18
XAUUSD,2025-12-04 13:30:00+00:00,2,selected,,bls_cpi_2025-12-18
XAUUSD,2025-11-27 13:30:00+00:00,3,selected,,bls_cpi_2025-12-18
XAUUSD,2025-11-20 13:30:00+00:00,4,rejected,BLS CPI/employment date,bls_cpi_2025-12-18
XAUUSD,2025-11-13 13:30:00+00:00,5,selected,,bls_cpi_2025-12-18
XAUUSD,2025-11-06 13:30:00+00:00,6,valid_not_selected,,bls_cpi_2025-12-18
XAUUSD,2025-10-30 13:30:00+00:00,7,valid_not_selected,,bls_cpi_2025-12-18
XAUUSD,2025-10-23 13:30:00+00:00,8,valid_not_selected,,bls_cpi_2025-12-18
XAUUSD,2025-10-16 13:30:00+00:00,9,valid_not_selected,,bls_cpi_2025-12-18
XAUUSD,2025-10-09 13:30:00+00:00,10,valid_not_selected,,bls_cpi_2025-12-18
XAUUSD,2025-10-02 13:30:00+00:00,11,valid_not_selected,,bls_cpi_2025-12-18
XAUUSD,2025-09-25 13:30:00+00:00,12,valid_not_selected,,bls_cpi_2025-12-18
XAGUSD,2025-12-11 13:30:00+00:00,1,selected,,bls_cpi_2025-12-18
XAGUSD,2025-12-04 13:30:00+00:00,2,selected,,bls_cpi_2025-12-18
XAGUSD,2025-11-27 13:30:00+00:00,3,selected,,bls_cpi_2025-12-18
XAGUSD,2025-11-20 13:30:00+00:00,4,rejected,BLS CPI/employment date,bls_cpi_2025-12-18
XAGUSD,2025-11-13 13:30:00+00:00,5,selected,,bls_cpi_2025-12-18
XAGUSD,2025-11-06 13:30:00+00:00,6,valid_not_selected,,bls_cpi_2025-12-18
XAGUSD,2025-10-30 13:30:00+00:00,7,valid_not_selected,,bls_cpi_2025-12-18
XAGUSD,2025-10-23 13:30:00+00:00,8,valid_not_selected,,bls_cpi_2025-12-18
XAGUSD,2025-10-16 13:30:00+00:00,9,valid_not_selected,,bls_cpi_2025-12-18
XAGUSD,2025-10-09 13:30:00+00:00,10,valid_not_selected,,bls_cpi_2025-12-18
XAGUSD,2025-10-02 13:30:00+00:00,11,valid_not_selected,,bls_cpi_2025-12-18
XAGUSD,2025-09-25 13:30:00+00:00,12,valid_not_selected,,bls_cpi_2025-12-18
SPXUSD,2025-12-11 13:30:00+00:00,1,selected,,bls_cpi_2025-12-18
SPXUSD,2025-12-04 13:30:00+00:00,2,selected,,bls_cpi_2025-12-18
SPXUSD,2025-11-27 13:30:00+00:00,3,selected,,bls_cpi_2025-12-18
SPXUSD,2025-11-20 13:30:00+00:00,4,rejected,BLS CPI/employment date,bls_cpi_2025-12-18
SPXUSD,2025-11-13 13:30:00+00:00,5,selected,,bls_cpi_2025-12-18
SPXUSD,2025-11-06 13:30:00+00:00,6,valid_not_selected,,bls_cpi_2025-12-18
SPXUSD,2025-10-30 13:30:00+00:00,7,valid_not_selected,,bls_cpi_2025-12-18
SPXUSD,2025-10-23 13:30:00+00:00,8,valid_not_selected,,bls_cpi_2025-12-18
SPXUSD,2025-10-16 13:30:00+00:00,9,valid_not_selected,,bls_cpi_2025-12-18
SPXUSD,2025-10-09 13:30:00+00:00,10,valid_not_selected,,bls_cpi_2025-12-18
SPXUSD,2025-10-02 13:30:00+00:00,11,valid_not_selected,,bls_cpi_2025-12-18
SPXUSD,2025-09-25 13:30:00+00:00,12,valid_not_selected,,bls_cpi_2025-12-18
NSXUSD,2025-12-11 13:30:00+00:00,1,selected,,bls_cpi_2025-12-18
NSXUSD,2025-12-04 13:30:00+00:00,2,selected,,bls_cpi_2025-12-18
NSXUSD,2025-11-27 13:30:00+00:00,3,selected,,bls_cpi_2025-12-18
NSXUSD,2025-11-20 13:30:00+00:00,4,rejected,BLS CPI/employment date,bls_cpi_2025-12-18
NSXUSD,2025-11-13 13:30:00+00:00,5,selected,,bls_cpi_2025-12-18
NSXUSD,2025-11-06 13:30:00+00:00,6,valid_not_selected,,bls_cpi_2025-12-18
NSXUSD,2025-10-30 13:30:00+00:00,7,valid_not_selected,,bls_cpi_2025-12-18
NSXUSD,2025-10-23 13:30:00+00:00,8,valid_not_selected,,bls_cpi_2025-12-18
NSXUSD,2025-10-16 13:30:00+00:00,9,valid_not_selected,,bls_cpi_2025-12-18
NSXUSD,2025-10-09 13:30:00+00:00,10,valid_not_selected,,bls_cpi_2025-12-18
NSXUSD,2025-10-02 13:30:00+00:00,11,valid_not_selected,,bls_cpi_2025-12-18
NSXUSD,2025-09-25 13:30:00+00:00,12,valid_not_selected,,bls_cpi_2025-12-18
GRXEUR,2025-12-11 13:30:00+00:00,1,selected,,bls_cpi_2025-12-18
GRXEUR,2025-12-04 13:30:00+00:00,2,selected,,bls_cpi_2025-12-18
GRXEUR,2025-11-27 13:30:00+00:00,3,selected,,bls_cpi_2025-12-18
GRXEUR,2025-11-20 13:30:00+00:00,4,rejected,BLS CPI/employment date,bls_cpi_2025-12-18
GRXEUR,2025-11-13 13:30:00+00:00,5,selected,,bls_cpi_2025-12-18
GRXEUR,2025-11-06 13:30:00+00:00,6,valid_not_selected,,bls_cpi_2025-12-18
GRXEUR,2025-10-30 13:30:00+00:00,7,valid_not_selected,,bls_cpi_2025-12-18
GRXEUR,2025-10-23 13:30:00+00:00,8,valid_not_selected,,bls_cpi_2025-12-18
GRXEUR,2025-10-16 13:30:00+00:00,9,valid_not_selected,,bls_cpi_2025-12-18
GRXEUR,2025-10-09 13:30:00+00:00,10,valid_not_selected,,bls_cpi_2025-12-18
GRXEUR,2025-10-02 13:30:00+00:00,11,valid_not_selected,,bls_cpi_2025-12-18
GRXEUR,2025-09-25 13:30:00+00:00,12,valid_not_selected,,bls_cpi_2025-12-18
UKXGBP,2025-12-11 13:30:00+00:00,1,selected,,bls_cpi_2025-12-18
UKXGBP,2025-12-04 13:30:00+00:00,2,selected,,bls_cpi_2025-12-18
UKXGBP,2025-11-27 13:30:00+00:00,3,selected,,bls_cpi_2025-12-18
UKXGBP,2025-11-20 13:30:00+00:00,4,rejected,BLS CPI/employment date,bls_cpi_2025-12-18
UKXGBP,2025-11-13 13:30:00+00:00,5,selected,,bls_cpi_2025-12-18
UKXGBP,2025-11-06 13:30:00+00:00,6,valid_not_selected,,bls_cpi_2025-12-18
UKXGBP,2025-10-30 13:30:00+00:00,7,valid_not_selected,,bls_cpi_2025-12-18
UKXGBP,2025-10-23 13:30:00+00:00,8,valid_not_selected,,bls_cpi_2025-12-18
UKXGBP,2025-10-16 13:30:00+00:00,9,valid_not_selected,,bls_cpi_2025-12-18
UKXGBP,2025-10-09 13:30:00+00:00,10,valid_not_selected,,bls_cpi_2025-12-18
UKXGBP,2025-10-02 13:30:00+00:00,11,valid_not_selected,,bls_cpi_2025-12-18
UKXGBP,2025-09-25 13:30:00+00:00,12,valid_not_selected,,bls_cpi_2025-12-18
BCOUSD,2025-12-11 13:30:00+00:00,1,selected,,bls_cpi_2025-12-18
BCOUSD,2025-12-04 13:30:00+00:00,2,selected,,bls_cpi_2025-12-18
BCOUSD,2025-11-27 13:30:00+00:00,3,selected,,bls_cpi_2025-12-18
BCOUSD,2025-11-20 13:30:00+00:00,4,rejected,BLS CPI/employment date,bls_cpi_2025-12-18
BCOUSD,2025-11-13 13:30:00+00:00,5,selected,,bls_cpi_2025-12-18
BCOUSD,2025-11-06 13:30:00+00:00,6,valid_not_selected,,bls_cpi_2025-12-18
BCOUSD,2025-10-30 13:30:00+00:00,7,valid_not_selected,,bls_cpi_2025-12-18
BCOUSD,2025-10-23 13:30:00+00:00,8,valid_not_selected,,bls_cpi_2025-12-18
BCOUSD,2025-10-16 13:30:00+00:00,9,valid_not_selected,,bls_cpi_2025-12-18
BCOUSD,2025-10-09 13:30:00+00:00,10,valid_not_selected,,bls_cpi_2025-12-18
BCOUSD,2025-10-02 13:30:00+00:00,11,valid_not_selected,,bls_cpi_2025-12-18
BCOUSD,2025-09-25 13:30:00+00:00,12,valid_not_selected,,bls_cpi_2025-12-18
